policy,task,block_index,seed,mode,status,success,action_calls,step_limit,termination,instruction,origin,record_path,record_sha256
xvla,bottle_verb,0,100002,pick,failure,0,700,700,action_limit,pick up the curvy yellow plastic bottle gently.,new,xvla/bottle_verb/bottle_verb_ep100002_result.json,c692c455cecd2648d47575ac00061b2366ac0211160e69146f98bfbe425f0a8d
xvla,bottle_verb,0,100003,shake,success,1,149,700,task_success,shake the smooth bottle with blue text gently.,new,xvla/bottle_verb/bottle_verb_ep100003_result.json,89d8c8969f6d7c1e8946990ce0a15791c678b8813b7521119df94f1629138fb6
xvla,bottle_verb,1,100004,pick,failure,0,700,700,action_limit,Please grab the curvy yellow plastic bottle with the left arm.,new,xvla/bottle_verb/bottle_verb_ep100004_result.json,43c6d367049599cc22b279872689c8391b27a8f5b532fe6603b0c33d43941c71
xvla,bottle_verb,1,100005,shake,success,1,133,700,task_success,shake the yellow bottle with white cap using the left arm.,new,xvla/bottle_verb/bottle_verb_ep100005_result.json,2a25ee67bbb3a01eb4ef907edc4b03b85221329a4fea6a692a81b7994b41d536
xvla,bottle_verb,2,100006,pick,failure,0,700,700,action_limit,Kindly lift the bottle with printed label.,new,xvla/bottle_verb/bottle_verb_ep100006_result.json,d057c08b13d2ca8db479eb8e60066679247b9b1b2dfb01eed42de21b003f1984
xvla,bottle_verb,2,100007,shake,success,1,138,700,task_success,Kindly shake the bottle with printed label.,new,xvla/bottle_verb/bottle_verb_ep100007_result.json,40d3a70c3a737d7f35d33e2bc9751b1b97ca76ab2e72cdac35e78a6f023f9815
xvla,bottle_verb,3,100008,pick,failure,0,700,700,action_limit,Please pick up the yellow bottle for liquid storage with the right arm.,new,xvla/bottle_verb/bottle_verb_ep100008_result.json,a740c5805f3b2eba86411186834b35d0c3565b866e0b10d141aabb63d1d2c789
xvla,bottle_verb,3,100009,shake,success,1,129,700,task_success,shake the yellow bottle for liquid storage with care.,new,xvla/bottle_verb/bottle_verb_ep100009_result.json,045b7623c9a2fec1483d6a400f54df95e9ef578f6c1f4ce67c7cdd5576901161
xvla,bottle_verb,4,100010,pick,failure,0,700,700,action_limit,grab the medium-sized plastic bottle with capped top gently.,new,xvla/bottle_verb/bottle_verb_ep100010_result.json,89f7637a33ecb2828299242e3e42de17a4831a7373b99448df61c877938f2084
xvla,bottle_verb,4,100011,shake,success,1,85,700,task_success,Please shake the medium-sized plastic bottle with capped top with the left arm.,new,xvla/bottle_verb/bottle_verb_ep100011_result.json,eda1110b8af422bc1f73fe6fd185eec27327f85fdb8812e68f7f1f93a9a18385
xvla,bottle_verb,5,100016,pick,failure,0,700,700,action_limit,Kindly grab the bottle with ridged orange grip.,new,xvla/bottle_verb/bottle_verb_ep100016_result.json,7de69ab17cceebfd6c3b0bf0395657c6fa794873681660fdd2c88453cd266285
xvla,bottle_verb,5,100017,shake,success,1,184,700,task_success,Please shake the white capped orange plastic bottle with the left arm.,new,xvla/bottle_verb/bottle_verb_ep100017_result.json,8399fc8aa757fd65942d556cf5da4b63ac320996dd291a3ac98f71667f35d685
xvla,bottle_verb,6,100018,pick,failure,0,700,700,action_limit,Kindly lift the smooth bottle with blue text.,new,xvla/bottle_verb/bottle_verb_ep100018_result.json,506b2e0c70aa3a73bed17bb53f448b318519f0880f648a4cb19cca393acee6a0
xvla,bottle_verb,6,100019,shake,success,1,201,700,task_success,shake the smooth bottle with blue text gently.,new,xvla/bottle_verb/bottle_verb_ep100019_result.json,5a26fe8e69d96823e47bdd5e3627e66830f3922fefa9f775092a543b57a850d3
xvla,bottle_verb,7,100020,pick,failure,0,700,700,action_limit,pick up the handheld orange bottle with care.,new,xvla/bottle_verb/bottle_verb_ep100020_result.json,dcc707ca74828dd960f3d9dcbed500e3918b5b1d2452f91e19934b3cc7dbf29d
xvla,bottle_verb,7,100021,shake,success,1,271,700,task_success,shake the label-covered orange bottle gently.,new,xvla/bottle_verb/bottle_verb_ep100021_result.json,bc6f41915c5380f232e53cdeb280809b01fba192f9e165886061f9423b3f0e28
xvla,bottle_verb,8,100022,pick,failure,0,700,700,action_limit,grab the bottle with curved body carefully now.,new,xvla/bottle_verb/bottle_verb_ep100022_result.json,033847f600ea908a7f33430dcb0e5e8437698f63dcb99a1d7ebff0ca663fcfe9
xvla,bottle_verb,8,100023,shake,success,1,149,700,task_success,shake the bottle with curved body gently.,new,xvla/bottle_verb/bottle_verb_ep100023_result.json,a31496c7c36ad51ca5d4b7513a1424a9df54295dd86939856b9f26df2d09c87f
xvla,bottle_verb,9,100024,pick,failure,0,700,700,action_limit,lift the bottle with curved neck design with the left arm.,new,xvla/bottle_verb/bottle_verb_ep100024_result.json,1a676c03a645d13a684cfa04e14279cc6646eeb664d39cc41b75e1315ef26c68
xvla,bottle_verb,9,100025,shake,success,1,114,700,task_success,shake the bottle with curved neck design for a moment.,new,xvla/bottle_verb/bottle_verb_ep100025_result.json,38f2f74b317c7fe654bf37f34e69e2dbae6857ac4aa553f7aaf868980e41db00
xvla,bottle_verb,10,100026,pick,failure,0,700,700,action_limit,pick up the bottle with curved neck design using one arm.,new,xvla/bottle_verb/bottle_verb_ep100026_result.json,1d3fbe759048f4d6aa19688aa90bfe0a3cc801d4a260e6c1be121bbce42c736c
xvla,bottle_verb,10,100027,shake,success,1,151,700,task_success,shake the blue-capped plastic bottle carefully now.,new,xvla/bottle_verb/bottle_verb_ep100027_result.json,30372b837c9be2452bf9bd4b9e3cc9089871dee71f826c92d1177782cf12bfe7
xvla,bottle_verb,11,100030,pick,failure,0,700,700,action_limit,lift the blue-capped plastic bottle gently.,new,xvla/bottle_verb/bottle_verb_ep100030_result.json,cf83cf97c20e7b9233dd7a3af07d95102237b71a96d816dbc711e6ed63a083c4
xvla,bottle_verb,11,100031,shake,success,1,132,700,task_success,shake the bottle with curved neck design gently.,new,xvla/bottle_verb/bottle_verb_ep100031_result.json,f0293c1a3d2fa0f980fd18a91c0e8c00d7fdab90e2139a703f185a324acf2732
xvla,bottle_verb,12,100032,pick,failure,0,700,700,action_limit,Kindly pick up the bottle with curved body.,new,xvla/bottle_verb/bottle_verb_ep100032_result.json,c2e8aba2773cc0bb8e5f9cca2072e7289ed60350fa887ea25e6f35cfe8f6f813
xvla,bottle_verb,12,100033,shake,success,1,144,700,task_success,shake the bottle with curved body right away.,new,xvla/bottle_verb/bottle_verb_ep100033_result.json,37eeb33c8bc2659a9ac560ae50fde60b549f34b116f600cdb24d069d40bbac6b
xvla,bottle_verb,13,100038,pick,failure,0,700,700,action_limit,pick up the liquid container dark brown plastic with the left arm.,new,xvla/bottle_verb/bottle_verb_ep100038_result.json,7c59ce3b5d43f042bcba7b90596c98b5769a22ae48b82a139448dc7b8b3adbeb
xvla,bottle_verb,13,100039,shake,success,1,161,700,task_success,shake the liquid container dark brown plastic carefully now.,new,xvla/bottle_verb/bottle_verb_ep100039_result.json,bdd3af0e24bb17c9db54db7bc69ddada5504ccb5553d61a7e07c5b9da9aa3d4e
xvla,bottle_verb,14,100042,pick,failure,0,700,700,action_limit,lift the light gray bottle right away.,new,xvla/bottle_verb/bottle_verb_ep100042_result.json,65a2b4fbf3dc1b66853c349278418ebcc6b310e35f7894fd9008077fbeadff55
xvla,bottle_verb,14,100043,shake,success,1,179,700,task_success,shake the light gray bottle with care.,new,xvla/bottle_verb/bottle_verb_ep100043_result.json,ecdd25e7e6ddbbdc99ae979ff60d24b011f701d70e6f841c3b252d4999261fa6
xvla,bottle_verb,15,100048,pick,failure,0,700,700,action_limit,lift the plastic bottle with printed label with the right arm.,new,xvla/bottle_verb/bottle_verb_ep100048_result.json,7206cebcf079cc17163726e5a538d04784d9b49e3b1e73b41e73da4b460488c5
xvla,bottle_verb,15,100049,shake,success,1,151,700,task_success,shake the bottle with glossy surface right away.,new,xvla/bottle_verb/bottle_verb_ep100049_result.json,96c003782da751695dd29270129f52c4e0ca75c9e48edfc35521812a024155f2
xvla,bottle_verb,16,100050,pick,failure,0,700,700,action_limit,pick up the label-covered orange bottle with care.,new,xvla/bottle_verb/bottle_verb_ep100050_result.json,406a743580472958cf5c8e71bbfd3db0e1fda8edf3ab1fe74a23b24bb497f3ed
xvla,bottle_verb,16,100051,shake,success,1,132,700,task_success,shake the handheld orange bottle right away.,new,xvla/bottle_verb/bottle_verb_ep100051_result.json,3b5d88b7d12e291396895c29bd4a233853e9c22f8f1a71fec6fd927424e63f4e
xvla,bottle_verb,17,100052,pick,failure,0,700,700,action_limit,grab the bottle with red screw cap with the right arm.,new,xvla/bottle_verb/bottle_verb_ep100052_result.json,dd2990ebae4d4768626628bb0bc17a6c5ca5eb49878debefe508ec02cd5867cf
xvla,bottle_verb,17,100053,shake,success,1,215,700,task_success,shake the bottle with red screw cap with care.,new,xvla/bottle_verb/bottle_verb_ep100053_result.json,7ce968f1cf5360ec0f727ebecfda9c06f6526b1c474b3953b03d6e03d483b366
xvla,bottle_verb,18,100054,pick,failure,0,700,700,action_limit,lift the medium-sized plastic bottle with capped top gently.,new,xvla/bottle_verb/bottle_verb_ep100054_result.json,6e22efc05f9f7f4b5d9e8ec592a9ab91a15acb0b9027ef800ad508e3b21f7bc7
xvla,bottle_verb,18,100055,shake,success,1,138,700,task_success,shake the medium-sized plastic bottle with capped top right away.,new,xvla/bottle_verb/bottle_verb_ep100055_result.json,0ec15713ca2fac64aca58365365b88e346a3d3b07efba3e40a5cadb786689e70
xvla,bottle_verb,19,100056,pick,failure,0,700,700,action_limit,pick up the yellow bottle for liquid storage gently.,new,xvla/bottle_verb/bottle_verb_ep100056_result.json,2e4d7f310901487489cc08eead1bb7903f4a9446c37ff5e470a52c9b747c86cd
xvla,bottle_verb,19,100057,shake,success,1,149,700,task_success,Please shake the yellow rectangular bottle with the left arm.,new,xvla/bottle_verb/bottle_verb_ep100057_result.json,f92fe5084500fc387031cbdf6cc122322e51a8d5152cbd48177f18cc95ed8f4a
xvla,pick_diverse_object,0,100002,seen,failure,0,400,400,action_limit,Pick up the bread carefully using the left arm,reused,xvla/pick_diverse_object/pick_diverse_object_ep100002_result.json,76831da5f162f71e007dffd61c4c1a83c8966cd9ad759c6908cb555c9d29c743
xvla,pick_diverse_object,0,100003,unseen,failure,0,400,400,action_limit,Lift the apple from the table using the left arm.,reused,xvla/pick_diverse_object/pick_diverse_object_ep100003_result.json,b921d4cd69c003111562f6460a2304d66f678e632ac02ffa0013d16a441e910e
xvla,pick_diverse_object,1,100004,seen,success,1,73,400,task_success,Pick up the coffee box carefully using the left arm,reused,xvla/pick_diverse_object/pick_diverse_object_ep100004_result.json,c80469ac934ddbadff3f929c8fe3175123b6677a2db88a9ca5a20458aa58d97a
xvla,pick_diverse_object,1,100005,unseen,success,1,124,400,task_success,Pick up the wooden mallet carefully using the left arm,reused,xvla/pick_diverse_object/pick_diverse_object_ep100005_result.json,8b10edcdb3974aae8f05f6c7ac875bacc8974217a37882758ba7fea1007e8634
xvla,pick_diverse_object,2,100006,seen,failure,0,400,400,action_limit,Grab the mouse on the table and raise it.,reused,xvla/pick_diverse_object/pick_diverse_object_ep100006_result.json,0a78721e62d9593f28da0ed9dc371aea957eeba7c41db1ac45ffa36ba4da2d74
xvla,pick_diverse_object,2,100007,unseen,failure,0,400,400,action_limit,Pick up the paintbrush carefully using the left arm,reused,xvla/pick_diverse_object/pick_diverse_object_ep100007_result.json,72e188d2f54e380f4e9c03a044b8d89f7f8afa68cfc514b2650fce6d881d06a2
xvla,pick_diverse_object,3,100008,seen,failure,0,400,400,action_limit,Pick up the bottle using the correct arm,reused,xvla/pick_diverse_object/pick_diverse_object_ep100008_result.json,2472de07bf8ab2b8903b3b66af145007dca42b08afa9ca3f9017554cc6e704a7
xvla,pick_diverse_object,3,100009,unseen,success,1,179,400,task_success,Grab the dumbbell on the table and raise it.,reused,xvla/pick_diverse_object/pick_diverse_object_ep100009_result.json,ddc56f7fe8d0ee31516690eb2b4b5894646cbaf9307e4fefcf35c14a4da3a823
xvla,pick_diverse_object,4,100012,seen,success,1,91,400,task_success,Grab the shoe on the table and raise it.,reused,xvla/pick_diverse_object/pick_diverse_object_ep100012_result.json,2d3fc0e4874b767cf543e2287d57b6209dc9e1d967e83b4841d9f8036b50ff0d
xvla,pick_diverse_object,4,100013,unseen,failure,0,400,400,action_limit,Pick up the wooden mallet using the correct arm,reused,xvla/pick_diverse_object/pick_diverse_object_ep100013_result.json,2d1e40cbe657597bdbabbe3aab429e74a9fa458734e54085a560dac4dae9eac3
xvla,pick_diverse_object,5,100014,seen,failure,0,400,400,action_limit,Pick up the mug carefully using the left arm,reused,xvla/pick_diverse_object/pick_diverse_object_ep100014_result.json,b7b4c9896cbfb9a6fbd5e5f37ffd152a4e4943e960d7453c86db13e84c448826
xvla,pick_diverse_object,5,100015,unseen,failure,0,400,400,action_limit,Lift the paintbrush from the table using the right arm.,reused,xvla/pick_diverse_object/pick_diverse_object_ep100015_result.json,16533ae71b94e3abcf4c63964bd24c23f23972544328b9eaa8c3acd841c76cd2
xvla,pick_diverse_object,6,100018,seen,failure,0,400,400,action_limit,Pick up the toy car carefully using the right arm,reused,xvla/pick_diverse_object/pick_diverse_object_ep100018_result.json,adfb74636b01f5c6e28ee8f31cb8bb78b7e6164d4e81f268d98d5c435b258a1a
xvla,pick_diverse_object,6,100019,unseen,failure,0,400,400,action_limit,Pick up the apple carefully using the right arm,reused,xvla/pick_diverse_object/pick_diverse_object_ep100019_result.json,4cf74b7151df7bbe93acc1c0ef7baa95375b7f10cb99450c2ed3e555c9d805a2
xvla,pick_diverse_object,7,100020,seen,success,1,99,400,task_success,Grab the phone on the table and raise it.,reused,xvla/pick_diverse_object/pick_diverse_object_ep100020_result.json,a7272bc44c9361f777094451b67f3cedd578401d2bc5e7db11513c617c3bf966
xvla,pick_diverse_object,7,100021,unseen,success,1,78,400,task_success,Grab the wooden mallet on the table and raise it.,reused,xvla/pick_diverse_object/pick_diverse_object_ep100021_result.json,41b3ba232b8c4cf2c7083024d7a390039d9d3829f50248a72d332e18972c3613
xvla,pick_diverse_object,8,100024,seen,failure,0,400,400,action_limit,Pick up the hamburger carefully using the right arm,reused,xvla/pick_diverse_object/pick_diverse_object_ep100024_result.json,85c4a538b0653ba21d6ef0367bb95aff06294129b52088ab486dfbadf4de7535
xvla,pick_diverse_object,8,100025,unseen,failure,0,400,400,action_limit,Pick up the dumbbell carefully using the left arm,reused,xvla/pick_diverse_object/pick_diverse_object_ep100025_result.json,844235b8e0acb471ed13c3c69fa3e0a9333576a3bb27160c584a693a9ea17d9a
xvla,pick_diverse_object,9,100034,seen,failure,0,400,400,action_limit,Lift the cup from the table using the left arm.,reused,xvla/pick_diverse_object/pick_diverse_object_ep100034_result.json,cdcd2837466ea17b24824e3334ed29172895e66472b9b99f5c7ead6e8b7b51d8
xvla,pick_diverse_object,9,100035,unseen,success,1,123,400,task_success,Grab the apple on the table and raise it.,reused,xvla/pick_diverse_object/pick_diverse_object_ep100035_result.json,a3e9e973a024bb734b8dd0d25bb7d050224cdf5b4e0ea7c2c313dfc67003a370
xvla,pick_diverse_object,10,100036,seen,success,1,92,400,task_success,Grab the shoe on the table and raise it.,reused,xvla/pick_diverse_object/pick_diverse_object_ep100036_result.json,da54f3da0ec737b7fe345589f760620177b1723124cd1fb5aaf51b417b4f3adb
xvla,pick_diverse_object,10,100037,unseen,failure,0,400,400,action_limit,Lift the wooden mallet from the table using the right arm.,reused,xvla/pick_diverse_object/pick_diverse_object_ep100037_result.json,85e13847b7284360c3f08c3c6d39702f82971562e6398d29423d39836f87e9e4
xvla,pick_diverse_object,11,100038,seen,success,1,94,400,task_success,Lift the mug from the table using the left arm.,reused,xvla/pick_diverse_object/pick_diverse_object_ep100038_result.json,459d2676c8d172371b9612e58eaf76541f998eda70d915be3fff755bf154db4f
xvla,pick_diverse_object,11,100039,unseen,failure,0,400,400,action_limit,Grab the paintbrush on the table and raise it.,reused,xvla/pick_diverse_object/pick_diverse_object_ep100039_result.json,992dc9a9ea10b7107426f2d9db85ac9445930bb5a63d526e8670f2b54713a4b6
xvla,pick_diverse_object,12,100040,seen,failure,0,400,400,action_limit,Grab the can on the table and raise it.,reused,xvla/pick_diverse_object/pick_diverse_object_ep100040_result.json,877514742fa7859c41a7d7c25115d5a130f85a26a49fb34ef7116dbeed595ddd
xvla,pick_diverse_object,12,100041,unseen,success,1,106,400,task_success,Grab the dumbbell on the table and raise it.,reused,xvla/pick_diverse_object/pick_diverse_object_ep100041_result.json,60e47fbc986a43ae44d25a9321ce1e5e3fb6c9662f0ee6f6fe8f0b3872acae18
xvla,pick_diverse_object,13,100042,seen,failure,0,400,400,action_limit,Lift the toy car from the table using the right arm.,reused,xvla/pick_diverse_object/pick_diverse_object_ep100042_result.json,557f3c6c39200c972b12a45f2ee4a84cf16fba65815bd2dfd6abe205630e100c
xvla,pick_diverse_object,13,100043,unseen,failure,0,400,400,action_limit,Pick up the apple using the correct arm,reused,xvla/pick_diverse_object/pick_diverse_object_ep100043_result.json,26e7f11e4a03502576b805ec05464ebb2b2c7bf65c41786ef3131aa73011ca93
xvla,pick_diverse_object,14,100048,seen,success,1,122,400,task_success,Grab the hamburger on the table and raise it.,reused,xvla/pick_diverse_object/pick_diverse_object_ep100048_result.json,6137110116dcf3564de05aa99fcb12be8c2d0d903c57b646ecf787f0211aa15a
xvla,pick_diverse_object,14,100049,unseen,failure,0,400,400,action_limit,Grab the dumbbell on the table and raise it.,reused,xvla/pick_diverse_object/pick_diverse_object_ep100049_result.json,d9e6ef9e7bafbfdb0c643b13cd963cc5b11cd2091b10569233bf48cf376aca18
xvla,pick_diverse_object,15,100052,seen,failure,0,400,400,action_limit,Pick up the coffee box using the correct arm,reused,xvla/pick_diverse_object/pick_diverse_object_ep100052_result.json,a600408a18328cba87da00b28a34c70f9d26490e28b2f6cf833694ca0ad961e7
xvla,pick_diverse_object,15,100053,unseen,success,1,97,400,task_success,Pick up the wooden mallet using the correct arm,reused,xvla/pick_diverse_object/pick_diverse_object_ep100053_result.json,d1213362ad2f85f2ca0cbdaf97ad588cb0f5026ab89fabf2afe607fb2be597f9
xvla,pick_diverse_object,16,100054,seen,failure,0,400,400,action_limit,Grab the mouse on the table and raise it.,reused,xvla/pick_diverse_object/pick_diverse_object_ep100054_result.json,823e3a40cf5e734f680cbce9f587933e2ded0f938bce67e8d53c438b46e5f30a
xvla,pick_diverse_object,16,100055,unseen,success,1,66,400,task_success,Lift the paintbrush from the table using the right arm.,reused,xvla/pick_diverse_object/pick_diverse_object_ep100055_result.json,42f2d34efe815a6c938f5780eea4cf8a11df3bf57bfe9624e97714f8de1cceae
xvla,pick_diverse_object,17,100056,seen,failure,0,400,400,action_limit,Grab the bottle on the table and raise it.,reused,xvla/pick_diverse_object/pick_diverse_object_ep100056_result.json,bdff5af8e7728eb5b30def0c86480060a0cb11cb34bb72dd8dc04820ae53457b
xvla,pick_diverse_object,17,100057,unseen,success,1,45,400,task_success,Pick up the dumbbell carefully using the left arm,reused,xvla/pick_diverse_object/pick_diverse_object_ep100057_result.json,0488a9e8b7d2d65e83313798da2eb30dd63a3bac0f151854cace07b25f032659
xvla,pick_diverse_object,18,100060,seen,failure,0,400,400,action_limit,Pick up the shoe carefully using the right arm,reused,xvla/pick_diverse_object/pick_diverse_object_ep100060_result.json,22f66bd565f8802be749c60212e7c94a2b44abed43176d4b626265446b1e8995
xvla,pick_diverse_object,18,100061,unseen,failure,0,400,400,action_limit,Grab the wooden mallet on the table and raise it.,reused,xvla/pick_diverse_object/pick_diverse_object_ep100061_result.json,7cb34fbd4715992a73715e5adadf031d53f593c2f5eccc1ed42edc6fc4cd3357
xvla,pick_diverse_object,19,100066,seen,success,1,83,400,task_success,Lift the toy car from the table using the right arm.,reused,xvla/pick_diverse_object/pick_diverse_object_ep100066_result.json,65bca80ffc89ced8ec829f503a982131611cc2846611fc477244ce8f2d8ede6d
xvla,pick_diverse_object,19,100067,unseen,failure,0,400,400,action_limit,Lift the apple from the table using the right arm.,reused,xvla/pick_diverse_object/pick_diverse_object_ep100067_result.json,6b2d3a33d5579827f64c145052b73f82573208373bf05cbf7d9ce8dca5990164
xvla,attribute_select,0,100000,color:red,failure,0,400,400,action_limit,Reach for the red block and lift it.,reused,xvla/attribute_select/attribute_select_ep100000_result.json,eb0b6e45ea633070f066bed63d0addfe2bedb629913d19663743353ca3de1ab3
xvla,attribute_select,0,100001,color:blue,success,1,232,400,task_success,Reach for the blue block and lift it.,reused,xvla/attribute_select/attribute_select_ep100001_result.json,51c9bb21fe3ebf50ec23278d10a239147b3eeabca39b014e5f5c65ad6ac50d95
xvla,attribute_select,0,100002,decal:cat,success,1,95,400,task_success,Fetch the block with a cat on it.,reused,xvla/attribute_select/attribute_select_ep100002_result.json,e4ffccfccc2e7a01d4290807dc18bd2985542a87bf05d538cd4372c61cff163f
xvla,attribute_select,0,100003,decal:dog,failure,0,400,400,action_limit,Fetch the block with a dog on it.,reused,xvla/attribute_select/attribute_select_ep100003_result.json,52375cb7f8e69f2ce3d2bcc599271edbbc81285632192f3a49b8ecf3e18df81b
xvla,attribute_select,0,100004,shape:block,failure,0,400,400,action_limit,Reach for the cube and lift it.,reused,xvla/attribute_select/attribute_select_ep100004_result.json,85a5026aacc8428501d6ee0c842ce598e2c90069c2460eec4073b0bb5fdb9473
xvla,attribute_select,0,100005,shape:bar,success,1,94,400,task_success,Fetch the long bar.,reused,xvla/attribute_select/attribute_select_ep100005_result.json,ebd822be922826bfe1e6d339a33b69c90371dea6993b31309b5ffd38aa82e5ab
xvla,attribute_select,0,100006,size:big,success,1,244,400,task_success,Reach for the big block and lift it.,reused,xvla/attribute_select/attribute_select_ep100006_result.json,2ca8537ff1b08ef0afc31eb174ad106c15ad1ddb4a01bdb4609fe748b3bec917
xvla,attribute_select,0,100007,size:small,success,1,96,400,task_success,Fetch the small block.,reused,xvla/attribute_select/attribute_select_ep100007_result.json,8ea4b0063734563e795953a77f0dce3c71ae97b752624d9b9c6792291810e44f
xvla,attribute_select,1,100008,color:red,success,1,97,400,task_success,Fetch the red block.,reused,xvla/attribute_select/attribute_select_ep100008_result.json,3bd7d0f408e6d52bfbd4e002d2544764f7bbee73870ce8ee5e64169011db14c7
xvla,attribute_select,1,100009,color:blue,success,1,187,400,task_success,Fetch the blue block.,reused,xvla/attribute_select/attribute_select_ep100009_result.json,3deb7fda700564455b2c6d14c87f67503d7084da01d8c311aa5b709495bd396f
xvla,attribute_select,1,100010,decal:cat,failure,0,400,400,action_limit,Reach for the block with a cat on it and lift it.,reused,xvla/attribute_select/attribute_select_ep100010_result.json,12fd2da3a3082b09e296dda819d58bd51e1898dfe1607696bf940cd2eef71337
xvla,attribute_select,1,100011,decal:dog,failure,0,400,400,action_limit,Reach for the block with a dog on it and lift it.,reused,xvla/attribute_select/attribute_select_ep100011_result.json,280d3edc6e05a267787b556e11823ebe783cbe17e323445e49c2aa8cbf6300a2
xvla,attribute_select,1,100012,shape:block,failure,0,400,400,action_limit,Fetch the cube.,reused,xvla/attribute_select/attribute_select_ep100012_result.json,10eb6b8d3cf5ef49d6f979fc145deba33318cabd0068eef25652c8d322d6da9d
xvla,attribute_select,1,100013,shape:bar,failure,0,400,400,action_limit,Reach for the long bar and lift it.,reused,xvla/attribute_select/attribute_select_ep100013_result.json,fee9a7820fc83df72ec9e0a4a83593516770c1abb8d078e80dda3d3a354ecebd
xvla,attribute_select,1,100014,size:big,failure,0,400,400,action_limit,Fetch the big block.,reused,xvla/attribute_select/attribute_select_ep100014_result.json,68b7351b803f869ba29955726e81fd80523a34e3b855a8e38a80ad7cc430724a
xvla,attribute_select,1,100015,size:small,success,1,96,400,task_success,Fetch the small block.,reused,xvla/attribute_select/attribute_select_ep100015_result.json,85ade8961385fc4a61e6ba8b1b19af7431ce242b02d723b7ec1e46332c6766b2
xvla,attribute_select,2,100016,color:red,success,1,95,400,task_success,Reach for the red block and lift it.,reused,xvla/attribute_select/attribute_select_ep100016_result.json,5d0974bf44a48b0bbf44639e8b739c05b3660c466a1cec3bb7d9e5a08bb6ee89
xvla,attribute_select,2,100017,color:blue,success,1,245,400,task_success,Fetch the blue block.,reused,xvla/attribute_select/attribute_select_ep100017_result.json,1d4879887902fccbc6bfa56aebc6ebd7972f55bad2fc6c6723a3e090f2d5e1b0
xvla,attribute_select,2,100018,decal:cat,failure,0,400,400,action_limit,Fetch the block with a cat on it.,reused,xvla/attribute_select/attribute_select_ep100018_result.json,a195af2e62de3bacc3f60cd5c25166ff01b4e400984f358517267c5f43494412
xvla,attribute_select,2,100019,decal:dog,failure,0,400,400,action_limit,Fetch the block with a dog on it.,reused,xvla/attribute_select/attribute_select_ep100019_result.json,f992d135d970e6c626e1630a02324e5e882fa79e376cb63a30a5e6ca0e6647b5
xvla,attribute_select,2,100020,shape:block,failure,0,400,400,action_limit,Reach for the cube and lift it.,reused,xvla/attribute_select/attribute_select_ep100020_result.json,65e7c907e8f2076d49cd53f6547e988a4fbdd1cf5729fb64efa4cf310138b666
xvla,attribute_select,2,100021,shape:bar,success,1,67,400,task_success,Fetch the long bar.,reused,xvla/attribute_select/attribute_select_ep100021_result.json,d264a406bb73b1bc640341bb87d7651e48bc4346f99f9e7efe6dec5fbe0ce14a
xvla,attribute_select,2,100022,size:big,failure,0,400,400,action_limit,Reach for the big block and lift it.,reused,xvla/attribute_select/attribute_select_ep100022_result.json,64364f37161c480f4994791c4cd93e83893444a2e5aa2324ea602280269ee4f7
xvla,attribute_select,2,100023,size:small,success,1,96,400,task_success,Fetch the small block.,reused,xvla/attribute_select/attribute_select_ep100023_result.json,f42775f0da62ab2cfc8b5cb9e2ea4f5b909811877891efca1122cd06954c2a19
xvla,attribute_select,3,100024,color:red,success,1,98,400,task_success,Fetch the red block.,reused,xvla/attribute_select/attribute_select_ep100024_result.json,65134250e258142963f0400b9b795c6b19ee8817cf98653687d399d86824840d
xvla,attribute_select,3,100025,color:blue,success,1,245,400,task_success,Reach for the blue block and lift it.,reused,xvla/attribute_select/attribute_select_ep100025_result.json,ae04d8c5a68fb97de7e5f95a1c9f645c0af37b4db070ca1c60c9719bfa724a69
xvla,attribute_select,3,100026,decal:cat,success,1,96,400,task_success,Fetch the block with a cat on it.,reused,xvla/attribute_select/attribute_select_ep100026_result.json,93c9735637dc3fea258aa2abcd27b25f9227ef3ea7cbac34aa3deb63d086046c
xvla,attribute_select,3,100027,decal:dog,failure,0,400,400,action_limit,Reach for the block with a dog on it and lift it.,reused,xvla/attribute_select/attribute_select_ep100027_result.json,b4421291113d636163d3bd8554972c73aa24162d1c92f6691ed93cbe106b82b1
xvla,attribute_select,3,100028,shape:block,success,1,94,400,task_success,Reach for the cube and lift it.,reused,xvla/attribute_select/attribute_select_ep100028_result.json,a7c2bbba5f117a424f4e00480bfd12a070f32e5bb9bd1c1e928cd956e5cf1dda
xvla,attribute_select,3,100029,shape:bar,failure,0,400,400,action_limit,Reach for the long bar and lift it.,reused,xvla/attribute_select/attribute_select_ep100029_result.json,31fd33fc4e19ff1971e9f33e74e1b5d05ddffb0a130071894cacbfd65dfd6edd
xvla,attribute_select,3,100030,size:big,failure,0,400,400,action_limit,Fetch the big block.,reused,xvla/attribute_select/attribute_select_ep100030_result.json,4d7327d9c47b57468fecbaacb51ca909257d67b3e882508a5bf726cf22bf6908
xvla,attribute_select,3,100031,size:small,success,1,68,400,task_success,Fetch the small block.,reused,xvla/attribute_select/attribute_select_ep100031_result.json,1d9410791b5ee959477c38f18cae4d15b918d786a4d62e1115501b3ad23b8f79
xvla,attribute_select,4,100032,color:red,success,1,96,400,task_success,Fetch the red block.,reused,xvla/attribute_select/attribute_select_ep100032_result.json,f345154de6dc399a5467b4bf64ad2b790d2ea74dfb144a62c5e4db43f67ab4f7
xvla,attribute_select,4,100033,color:blue,success,1,332,400,task_success,Fetch the blue block.,reused,xvla/attribute_select/attribute_select_ep100033_result.json,1b445bdeaaf02cf2d117dd871adfd55b03eeac8b01dff22b25880167d8bf727c
xvla,attribute_select,4,100034,decal:cat,failure,0,400,400,action_limit,Fetch the block with a cat on it.,reused,xvla/attribute_select/attribute_select_ep100034_result.json,0c5cabff85f25e9536f7564ed69139740f92b1afcc46e49e78c13b9c5690e18d
xvla,attribute_select,4,100035,decal:dog,success,1,92,400,task_success,Fetch the block with a dog on it.,reused,xvla/attribute_select/attribute_select_ep100035_result.json,adcefae88b9acca5502ec51014b1f15ffa11b54185c2d4e36428458ad35f23c2
xvla,attribute_select,4,100036,shape:block,failure,0,400,400,action_limit,Fetch the cube.,reused,xvla/attribute_select/attribute_select_ep100036_result.json,809b0142ebd22ed65ac3a5de26fdd33637eb4971e6311e6692d98a4c777b8118
xvla,attribute_select,4,100037,shape:bar,success,1,92,400,task_success,Fetch the long bar.,reused,xvla/attribute_select/attribute_select_ep100037_result.json,7404d6135224d12352430ee29e43dddfecc14bac8da4edcf6b8a5d122e324aee
xvla,attribute_select,4,100038,size:big,failure,0,400,400,action_limit,Fetch the big block.,reused,xvla/attribute_select/attribute_select_ep100038_result.json,096c125da40a092f058b8722e772d028a45c7d695512f399c5cf5c0f3b255487
xvla,attribute_select,4,100039,size:small,success,1,95,400,task_success,Reach for the small block and lift it.,reused,xvla/attribute_select/attribute_select_ep100039_result.json,126fed5534b39ae667a548ae051c025060067279c90b475b4facb0b88d4441c2
xvla,attribute_select,5,100040,color:red,success,1,75,400,task_success,Fetch the red block.,reused,xvla/attribute_select/attribute_select_ep100040_result.json,d90805c84ae1945d1dcb8aec7004bd5a5adf261c7c81f6a9626f00f855826340
xvla,attribute_select,5,100041,color:blue,success,1,222,400,task_success,Fetch the blue block.,reused,xvla/attribute_select/attribute_select_ep100041_result.json,d82e13bdff309c48e71979ce70413169b9194b0bb3ef036ffbb5edc3b07f24df
xvla,attribute_select,5,100042,decal:cat,failure,0,400,400,action_limit,Reach for the block with a cat on it and lift it.,reused,xvla/attribute_select/attribute_select_ep100042_result.json,abf9970df944900ce7b82f59f90004ad51aa8b7ebbc5a5a7ba250733e66b0a57
xvla,attribute_select,5,100043,decal:dog,success,1,95,400,task_success,Reach for the block with a dog on it and lift it.,reused,xvla/attribute_select/attribute_select_ep100043_result.json,63d7ef4d4c85d3d9a88d16f957fbd66c3e30d550d0821b42545ebb5c759a7041
xvla,attribute_select,5,100044,shape:block,success,1,94,400,task_success,Reach for the cube and lift it.,reused,xvla/attribute_select/attribute_select_ep100044_result.json,e9cd350ea574cd3b025e8e541b440077674a71ba3a8823214f9f5fe63aea9dca
xvla,attribute_select,5,100045,shape:bar,success,1,91,400,task_success,Fetch the long bar.,reused,xvla/attribute_select/attribute_select_ep100045_result.json,1c350a36aa38787aff192ed11acbbe7376a0ff232467f431a41534f7e2e1fed5
xvla,attribute_select,5,100046,size:big,failure,0,400,400,action_limit,Fetch the big block.,reused,xvla/attribute_select/attribute_select_ep100046_result.json,d244d6550b7b5aceaa6ff92554d34ba9025a7c39dd668fce758efe883bc4acd0
xvla,attribute_select,5,100047,size:small,success,1,96,400,task_success,Fetch the small block.,reused,xvla/attribute_select/attribute_select_ep100047_result.json,3ff6baad3f8ba04e085f230fa38e95cbe85437466ae4c0bc9ab7e7f8553860b7
xvla,attribute_select,6,100048,color:red,success,1,72,400,task_success,Fetch the red block.,reused,xvla/attribute_select/attribute_select_ep100048_result.json,656c78cdf600ecc6c15751089107c9030d4efd79ae9df48da2648496621c3f07
xvla,attribute_select,6,100049,color:blue,failure,0,400,400,action_limit,Fetch the blue block.,reused,xvla/attribute_select/attribute_select_ep100049_result.json,1d0c2faefe8747f63da484ccaccf3862d10efdef1f74cf7e7755bbac253af5a2
xvla,attribute_select,6,100050,decal:cat,failure,0,400,400,action_limit,Reach for the block with a cat on it and lift it.,reused,xvla/attribute_select/attribute_select_ep100050_result.json,f2312034c24708485da25c5b028bf0cb4282beb6ba679ae52ae159894004189a
xvla,attribute_select,6,100051,decal:dog,success,1,94,400,task_success,Fetch the block with a dog on it.,reused,xvla/attribute_select/attribute_select_ep100051_result.json,f19df3c48a1eaa9602970efa1de06ef4912037abc9e243f709cb59ea40c010bf
xvla,attribute_select,6,100052,shape:block,success,1,67,400,task_success,Reach for the cube and lift it.,reused,xvla/attribute_select/attribute_select_ep100052_result.json,1c6f11c3bdbd898f22e2a45502bd4470f3fb358233b8e2f10750d89d0fa97826
xvla,attribute_select,6,100053,shape:bar,success,1,366,400,task_success,Fetch the long bar.,reused,xvla/attribute_select/attribute_select_ep100053_result.json,76ded8fc598ab5de37e32afa1adb1a83f29bff647ac905e90dbf8723fa0a2e11
xvla,attribute_select,6,100054,size:big,failure,0,400,400,action_limit,Fetch the big block.,reused,xvla/attribute_select/attribute_select_ep100054_result.json,4cf574a3aef885a8d6e85535df7a36e6e7c1a4834e4cc3004acf57232eb5e92d
xvla,attribute_select,6,100055,size:small,success,1,70,400,task_success,Reach for the small block and lift it.,reused,xvla/attribute_select/attribute_select_ep100055_result.json,ef496ce3aaac112fbabe15fa1a752451dccac98b5be944bbd19634da8dda9775
xvla,attribute_select,7,100064,color:red,success,1,99,400,task_success,Fetch the red block.,reused,xvla/attribute_select/attribute_select_ep100064_result.json,027a162e15eec4f5849323784aa8b1c8a532ef1ccae6e57ba12b2d769d2a1267
xvla,attribute_select,7,100065,color:blue,success,1,245,400,task_success,Reach for the blue block and lift it.,reused,xvla/attribute_select/attribute_select_ep100065_result.json,4169e0bd54d06a5fdfdc5ed2560f8a99d45fa52969cca3453310260957dcc08a
xvla,attribute_select,7,100066,decal:cat,success,1,93,400,task_success,Reach for the block with a cat on it and lift it.,reused,xvla/attribute_select/attribute_select_ep100066_result.json,8f00d7d8034ff59ab036d47d9a16034ee8f2a83e8173feb6bd371b8d21a5fb72
xvla,attribute_select,7,100067,decal:dog,success,1,93,400,task_success,Reach for the block with a dog on it and lift it.,reused,xvla/attribute_select/attribute_select_ep100067_result.json,a918910c08886599b2823e7ffc63ce4e12034c70d6c3b56db8e83c9b78260fb7
xvla,attribute_select,7,100068,shape:block,failure,0,400,400,action_limit,Reach for the cube and lift it.,reused,xvla/attribute_select/attribute_select_ep100068_result.json,8e0de7a2ac5c91c7089ebff9b834e84ab9514313c24a9447fe16b1ac1f7ce383
xvla,attribute_select,7,100069,shape:bar,failure,0,400,400,action_limit,Fetch the long bar.,reused,xvla/attribute_select/attribute_select_ep100069_result.json,5c91ae3f88df006cf800248a1e428cc7ecf96ab122d4639d1cfd8a80f74826b7
xvla,attribute_select,7,100070,size:big,failure,0,400,400,action_limit,Reach for the big block and lift it.,reused,xvla/attribute_select/attribute_select_ep100070_result.json,80f54ef1c2e5c2c545435130e2bee9995cd0d187611c6626073348cc67f3c9c6
xvla,attribute_select,7,100071,size:small,success,1,96,400,task_success,Fetch the small block.,reused,xvla/attribute_select/attribute_select_ep100071_result.json,44294a8ecdee35aeae3ccf454d64d9a7624aa1545601ab40eed304a290a616cc
xvla,attribute_select,8,100072,color:red,failure,0,400,400,action_limit,Reach for the red block and lift it.,reused,xvla/attribute_select/attribute_select_ep100072_result.json,a7043c649c37da735ca958e93f4d2ad67ef7e4a48e46e8fa55d8d06a505a62e0
xvla,attribute_select,8,100073,color:blue,success,1,247,400,task_success,Reach for the blue block and lift it.,reused,xvla/attribute_select/attribute_select_ep100073_result.json,05af81c93995e9c66a0e043fa2da719ca8dea7366d81a88258aad470d62cb8e8
xvla,attribute_select,8,100074,decal:cat,failure,0,400,400,action_limit,Fetch the block with a cat on it.,reused,xvla/attribute_select/attribute_select_ep100074_result.json,1b605015b4bf3dd2c63e0c9c6997a4b8f90937647b0e778b600544505ed6b34e
xvla,attribute_select,8,100075,decal:dog,success,1,92,400,task_success,Reach for the block with a dog on it and lift it.,reused,xvla/attribute_select/attribute_select_ep100075_result.json,d74aad109b11834d9d9e4c11514719a92ac351b2b1507ac615ab2ca1956d1499
xvla,attribute_select,8,100076,shape:block,failure,0,400,400,action_limit,Fetch the cube.,reused,xvla/attribute_select/attribute_select_ep100076_result.json,0c91d9573393ffdd3740bd41dca2c4f9eae3e72a647b1c5d8979c6b5230c9b50
xvla,attribute_select,8,100077,shape:bar,success,1,72,400,task_success,Reach for the long bar and lift it.,reused,xvla/attribute_select/attribute_select_ep100077_result.json,0ee93bbee1125ace51e5437befe1c5cb9350af80cbcfc298b78053c3c4a9be4c
xvla,attribute_select,8,100078,size:big,success,1,244,400,task_success,Fetch the big block.,reused,xvla/attribute_select/attribute_select_ep100078_result.json,d61d83b9581da133030a4b7aa8a842a908055b09d6ee91332fceaf695825a8fe
xvla,attribute_select,8,100079,size:small,success,1,95,400,task_success,Fetch the small block.,reused,xvla/attribute_select/attribute_select_ep100079_result.json,666f7f686c571b35e51a0dacac9d9c9c8baeb20f4f00f86d4c2fc913e93b6a8c
xvla,attribute_select,9,100080,color:red,success,1,95,400,task_success,Fetch the red block.,reused,xvla/attribute_select/attribute_select_ep100080_result.json,a2782154dd8a346b88ca34c24e0cc72cf47749b211afd1e3aa8f513d4b5ba898
xvla,attribute_select,9,100081,color:blue,success,1,336,400,task_success,Reach for the blue block and lift it.,reused,xvla/attribute_select/attribute_select_ep100081_result.json,808ff2668af3c82f28d372a2362b390b64312d6791d071e00238c97723592b86
xvla,attribute_select,9,100082,decal:cat,success,1,97,400,task_success,Reach for the block with a cat on it and lift it.,reused,xvla/attribute_select/attribute_select_ep100082_result.json,b3ac708c76cd28728306cc705214e09048ef6776385fa49eed171668fedd3908
xvla,attribute_select,9,100083,decal:dog,failure,0,400,400,action_limit,Reach for the block with a dog on it and lift it.,reused,xvla/attribute_select/attribute_select_ep100083_result.json,d126656d75e25a54dbae72e5aeb245691e079bd4d070ce204678cffaff07dda6
xvla,attribute_select,9,100084,shape:block,failure,0,400,400,action_limit,Fetch the cube.,reused,xvla/attribute_select/attribute_select_ep100084_result.json,d7885d39627851a401aceacd0a26227fc6ab1abab3a7aea240fc1cca0eb73481
xvla,attribute_select,9,100085,shape:bar,success,1,94,400,task_success,Fetch the long bar.,reused,xvla/attribute_select/attribute_select_ep100085_result.json,e88b338f4398910acdf05e194cb2c147f6f3e1ec022c6381234c4de5ed612d37
xvla,attribute_select,9,100086,size:big,success,1,217,400,task_success,Fetch the big block.,reused,xvla/attribute_select/attribute_select_ep100086_result.json,284b552b5225b9f86e8a9c8674a80e029d794af80db3e6ed739a1bb4ea103ec7
xvla,attribute_select,9,100087,size:small,success,1,72,400,task_success,Reach for the small block and lift it.,reused,xvla/attribute_select/attribute_select_ep100087_result.json,5bab7d70159753a650ca68acd5b6c91897817c8df37598ff97916ee9040603a7
xvla,attribute_select,10,100088,color:red,success,1,94,400,task_success,Fetch the red block.,reused,xvla/attribute_select/attribute_select_ep100088_result.json,9bda72f481cdce341e97579b11e10c88e3645475d7eb5ad2c743cef6cdac775f
xvla,attribute_select,10,100089,color:blue,success,1,279,400,task_success,Fetch the blue block.,reused,xvla/attribute_select/attribute_select_ep100089_result.json,a0dea58e068829029f96d28c93d69ffc2d75ddad80cfac88369595d42ef09c44
xvla,attribute_select,10,100090,decal:cat,success,1,94,400,task_success,Reach for the block with a cat on it and lift it.,reused,xvla/attribute_select/attribute_select_ep100090_result.json,2e84f5748c4b5abcf553b3c2adcdde310b2bcd05fe2d050122259a163ed3c395
xvla,attribute_select,10,100091,decal:dog,success,1,93,400,task_success,Fetch the block with a dog on it.,reused,xvla/attribute_select/attribute_select_ep100091_result.json,b8c12963542f624642033b4aa2fe8dc77bc25953428cf86dda260e52c9f75292
xvla,attribute_select,10,100092,shape:block,failure,0,400,400,action_limit,Reach for the cube and lift it.,reused,xvla/attribute_select/attribute_select_ep100092_result.json,ad8aac98bbfffea7f709973681d6c40df383e1100986c832de356f2ef229531d
xvla,attribute_select,10,100093,shape:bar,success,1,93,400,task_success,Reach for the long bar and lift it.,reused,xvla/attribute_select/attribute_select_ep100093_result.json,f06666d33777a1008f1384612311a21359e68f3b060d0fd135230c3c4a94b305
xvla,attribute_select,10,100094,size:big,failure,0,400,400,action_limit,Reach for the big block and lift it.,reused,xvla/attribute_select/attribute_select_ep100094_result.json,4b053601e7b2f699a75aa4e4efe07c5cf5d18b4324103f866703735f7256b01d
xvla,attribute_select,10,100095,size:small,success,1,68,400,task_success,Reach for the small block and lift it.,reused,xvla/attribute_select/attribute_select_ep100095_result.json,5040e29af1cc5142657bac8e5dae92fdef06b422e60f76f22cb2f42ba53280a7
xvla,attribute_select,11,100096,color:red,failure,0,400,400,action_limit,Reach for the red block and lift it.,reused,xvla/attribute_select/attribute_select_ep100096_result.json,2c15d1d99537a87565b878c4419554815299e585df979e140c459926923714a1
xvla,attribute_select,11,100097,color:blue,success,1,244,400,task_success,Fetch the blue block.,reused,xvla/attribute_select/attribute_select_ep100097_result.json,8bf86f254e78a69c8ab6b05f539f22c74d6696b0af877b3d66124d90972a567a
xvla,attribute_select,11,100098,decal:cat,success,1,95,400,task_success,Fetch the block with a cat on it.,reused,xvla/attribute_select/attribute_select_ep100098_result.json,4a2d6bfce4308dd14fff1c2430373a9471090f6d306bb313cb178001af77bc97
xvla,attribute_select,11,100099,decal:dog,success,1,94,400,task_success,Fetch the block with a dog on it.,reused,xvla/attribute_select/attribute_select_ep100099_result.json,51df66ebc6fdd9c5cdb2333e14f063abb802f9dc7f4618985457cd7e5390e6c6
xvla,attribute_select,11,100100,shape:block,success,1,72,400,task_success,Reach for the cube and lift it.,reused,xvla/attribute_select/attribute_select_ep100100_result.json,e52c95dbe9409d97203eb2fa2dc622d7e46274495a195990ae22857df97bb080
xvla,attribute_select,11,100101,shape:bar,failure,0,400,400,action_limit,Reach for the long bar and lift it.,reused,xvla/attribute_select/attribute_select_ep100101_result.json,1e0487e63c8e59e61b3e82940e7cc9dd73f4858383e3df57109c41b765f1b9ea
xvla,attribute_select,11,100102,size:big,failure,0,400,400,action_limit,Fetch the big block.,reused,xvla/attribute_select/attribute_select_ep100102_result.json,d142ae8e85a7a83f6cd6714206681f2876949ca9ddea57794583dec8f6995544
xvla,attribute_select,11,100103,size:small,success,1,95,400,task_success,Fetch the small block.,reused,xvla/attribute_select/attribute_select_ep100103_result.json,fcf40c3d8ae9d54e5155dbc99637d1f6a472d7d856809cf72e86d25ed6b8a688
xvla,attribute_select,12,100104,color:red,success,1,96,400,task_success,Reach for the red block and lift it.,reused,xvla/attribute_select/attribute_select_ep100104_result.json,d1cb73b052b94354a00d2a554b26a717cbdc0f9990f5816b3383cc0010e44350
xvla,attribute_select,12,100105,color:blue,success,1,245,400,task_success,Reach for the blue block and lift it.,reused,xvla/attribute_select/attribute_select_ep100105_result.json,846e2d0368e2bd6046e30e665dbb89f24b612f8ca2594ad249e1271d00eb9dbc
xvla,attribute_select,12,100106,decal:cat,success,1,94,400,task_success,Reach for the block with a cat on it and lift it.,reused,xvla/attribute_select/attribute_select_ep100106_result.json,70e2bd0b8b15bd1d7671bcdebd6761f6db7e9b0e2c464fd441d0a3593ae3ea64
xvla,attribute_select,12,100107,decal:dog,success,1,92,400,task_success,Reach for the block with a dog on it and lift it.,reused,xvla/attribute_select/attribute_select_ep100107_result.json,4a7685497bc73fbd4a9af2173af61e4e052d885c459d60cf49d05c9899030e6e
xvla,attribute_select,12,100108,shape:block,success,1,246,400,task_success,Reach for the cube and lift it.,reused,xvla/attribute_select/attribute_select_ep100108_result.json,6d4be6e6231d3c28bbd25f694d79fd5bbaed98b33a3a4898d7565847e4ce6fed
xvla,attribute_select,12,100109,shape:bar,success,1,77,400,task_success,Fetch the long bar.,reused,xvla/attribute_select/attribute_select_ep100109_result.json,2884295e257504cfa0e437ec49c7b359fe74894a0225b1fe0dacea347d344d7e
xvla,attribute_select,12,100110,size:big,failure,0,400,400,action_limit,Reach for the big block and lift it.,reused,xvla/attribute_select/attribute_select_ep100110_result.json,77b9487b09ea3a0a2decaf016cf1438629edbb9ed2c695a530e51e61831412cb
xvla,attribute_select,12,100111,size:small,success,1,95,400,task_success,Reach for the small block and lift it.,reused,xvla/attribute_select/attribute_select_ep100111_result.json,7bf797029f14108a5a30fe896864b9b15e2f32a44de3332888c6dff423db5c6e
xvla,attribute_select,13,100112,color:red,success,1,186,400,task_success,Reach for the red block and lift it.,reused,xvla/attribute_select/attribute_select_ep100112_result.json,1dcb0e5cb8d0b5a4b77a447e95df08e8344857254abedb531bb3d0bf8922ac62
xvla,attribute_select,13,100113,color:blue,failure,0,400,400,action_limit,Fetch the blue block.,reused,xvla/attribute_select/attribute_select_ep100113_result.json,f7c52aaa03f084f626e65621b11cf173274ff03f2e74f4c8a991751dc02cfe7d
xvla,attribute_select,13,100114,decal:cat,success,1,96,400,task_success,Reach for the block with a cat on it and lift it.,reused,xvla/attribute_select/attribute_select_ep100114_result.json,3d28d56cde9b3617a7138ed9193b8f64a95dd0e70189c49a223da2d0180f7691
xvla,attribute_select,13,100115,decal:dog,failure,0,400,400,action_limit,Fetch the block with a dog on it.,reused,xvla/attribute_select/attribute_select_ep100115_result.json,b0e169279f9da9149212dc0ccdea76699ff89d898b7da6bf1f06608fbd853c14
xvla,attribute_select,13,100116,shape:block,success,1,95,400,task_success,Fetch the cube.,reused,xvla/attribute_select/attribute_select_ep100116_result.json,7b55d9957da104a0d5fb3e19176cb44a70746416e15fdfdf9b5631aa622b0dba
xvla,attribute_select,13,100117,shape:bar,success,1,244,400,task_success,Fetch the long bar.,reused,xvla/attribute_select/attribute_select_ep100117_result.json,8fd1b496508c91bab87096e145460c071e4949dd29f2e4ee9c15f160195358f2
xvla,attribute_select,13,100118,size:big,failure,0,400,400,action_limit,Reach for the big block and lift it.,reused,xvla/attribute_select/attribute_select_ep100118_result.json,36c2d1630133b0aa7ef70fcafc4cbaf956506125edc1114c46f899dd32e5f08c
xvla,attribute_select,13,100119,size:small,success,1,96,400,task_success,Reach for the small block and lift it.,reused,xvla/attribute_select/attribute_select_ep100119_result.json,cad3824fb6ba9481fda24f049d550c1dfb77604df251e94001aff0875d2e58fb
xvla,attribute_select,14,100120,color:red,success,1,98,400,task_success,Reach for the red block and lift it.,reused,xvla/attribute_select/attribute_select_ep100120_result.json,59cd7a4fa8b6c94f46b9d82647d467e2849f2ab272b554f14e12671b8ec7f634
xvla,attribute_select,14,100121,color:blue,failure,0,400,400,action_limit,Fetch the blue block.,reused,xvla/attribute_select/attribute_select_ep100121_result.json,3674a6f98353f58aa40a68911cf0e342cad3ba54c2f297ad500330ec6980b3d5
xvla,attribute_select,14,100122,decal:cat,failure,0,400,400,action_limit,Fetch the block with a cat on it.,reused,xvla/attribute_select/attribute_select_ep100122_result.json,20fa7a80ca6526d227be3ae57e0effda8ae80cd4032465913e357c3ab880a25e
xvla,attribute_select,14,100123,decal:dog,success,1,96,400,task_success,Fetch the block with a dog on it.,reused,xvla/attribute_select/attribute_select_ep100123_result.json,6e65ba29aa3eb0ac1c216ec297de1e833a8a9634a15fe60e6123740e843f0018
xvla,attribute_select,14,100124,shape:block,failure,0,400,400,action_limit,Fetch the cube.,reused,xvla/attribute_select/attribute_select_ep100124_result.json,c808d588084f581c85a5af38caaf3845d62496d5a519d5ad3a23836c12cba64e
xvla,attribute_select,14,100125,shape:bar,success,1,316,400,task_success,Reach for the long bar and lift it.,reused,xvla/attribute_select/attribute_select_ep100125_result.json,eff83aef9462a4e492c11a5aaf05272adc9b96f6eaa405bcd2f0f4370f5f941c
xvla,attribute_select,14,100126,size:big,failure,0,400,400,action_limit,Reach for the big block and lift it.,reused,xvla/attribute_select/attribute_select_ep100126_result.json,5e8c30d208193af7503275f90a1ad1d4e9158c2d6af35d9cf1d6a5d2c521f7eb
xvla,attribute_select,14,100127,size:small,success,1,96,400,task_success,Fetch the small block.,reused,xvla/attribute_select/attribute_select_ep100127_result.json,0da15850c420bbd6e37dbad7342f52d1b0ea9a059b52dc84b169512f2ede7e02
xvla,attribute_select,15,100128,color:red,success,1,96,400,task_success,Fetch the red block.,reused,xvla/attribute_select/attribute_select_ep100128_result.json,4815295ca9d020984c1ab5266054e82584ab31843a72205eb66ba0c702366294
xvla,attribute_select,15,100129,color:blue,success,1,245,400,task_success,Fetch the blue block.,reused,xvla/attribute_select/attribute_select_ep100129_result.json,88662ac8006789605f4dda7b199a5384af69e13cabbbeb621b578b01b0ada175
xvla,attribute_select,15,100130,decal:cat,success,1,96,400,task_success,Reach for the block with a cat on it and lift it.,reused,xvla/attribute_select/attribute_select_ep100130_result.json,e76ebb3cd09b0771cadf952b42c1d1726d476aab9fd5fbf3190237fe96dece20
xvla,attribute_select,15,100131,decal:dog,failure,0,400,400,action_limit,Fetch the block with a dog on it.,reused,xvla/attribute_select/attribute_select_ep100131_result.json,e387f3a7adeeed6bd574277207866661eaebe987545567fca19736da41d82ff3
xvla,attribute_select,15,100132,shape:block,failure,0,400,400,action_limit,Reach for the cube and lift it.,reused,xvla/attribute_select/attribute_select_ep100132_result.json,197705770a3fb0e8a94210488d39fd4d7200cd977e34a08721bac6ff50bfb0f2
xvla,attribute_select,15,100133,shape:bar,failure,0,400,400,action_limit,Fetch the long bar.,reused,xvla/attribute_select/attribute_select_ep100133_result.json,c57993d4afeb1d1b6fd8325130fb20d4c7c43030c9651ed62c6160b01c137c9c
xvla,attribute_select,15,100134,size:big,success,1,249,400,task_success,Fetch the big block.,reused,xvla/attribute_select/attribute_select_ep100134_result.json,c63981a2ce4600e1de1008662e3c0e7a39fa279505ec2211efac731a1bfaecfb
xvla,attribute_select,15,100135,size:small,success,1,96,400,task_success,Reach for the small block and lift it.,reused,xvla/attribute_select/attribute_select_ep100135_result.json,184fcfc7a91fb9a61d27a1c73b334524014543728d48f30d41ae979c3f6257bb
xvla,attribute_select,16,100144,color:red,success,1,247,400,task_success,Reach for the red block and lift it.,reused,xvla/attribute_select/attribute_select_ep100144_result.json,b97d9b7cdd38eeae355febff702444a06d8b3a235636edca5e4bda495aca31c8
xvla,attribute_select,16,100145,color:blue,success,1,244,400,task_success,Fetch the blue block.,reused,xvla/attribute_select/attribute_select_ep100145_result.json,57f558035d1703e83cba89de2e8f1ced723ce0bc4ebc86f115f4016f7eaa9bab
xvla,attribute_select,16,100146,decal:cat,success,1,95,400,task_success,Reach for the block with a cat on it and lift it.,reused,xvla/attribute_select/attribute_select_ep100146_result.json,1c622122d8d6a920faf9d85b8aa85f98350526f36dd56ea36e3a86e88554900d
xvla,attribute_select,16,100147,decal:dog,success,1,95,400,task_success,Fetch the block with a dog on it.,reused,xvla/attribute_select/attribute_select_ep100147_result.json,4e4063414e4a388af5b65336949cd2c11d10404637ffe9dcc919f982d8a6eb4d
xvla,attribute_select,16,100148,shape:block,success,1,94,400,task_success,Fetch the cube.,reused,xvla/attribute_select/attribute_select_ep100148_result.json,295e17aa3ffb74bfb28a5ea5aff7c4f4bcd52b04b1e48f910814a0d649a72916
xvla,attribute_select,16,100149,shape:bar,failure,0,400,400,action_limit,Reach for the long bar and lift it.,reused,xvla/attribute_select/attribute_select_ep100149_result.json,11f75203571ab2f9b22c7da0cd70c4b27a2cafcbe2183d430fd24b58f725f6c1
xvla,attribute_select,16,100150,size:big,failure,0,400,400,action_limit,Fetch the big block.,reused,xvla/attribute_select/attribute_select_ep100150_result.json,361ac37b568fdef9c7d63fa48482ea3025617ff0f88a00dfd536f3d0d079bd15
xvla,attribute_select,16,100151,size:small,success,1,66,400,task_success,Fetch the small block.,reused,xvla/attribute_select/attribute_select_ep100151_result.json,7e7ccd0339c5671bdb7db70c1c8617a154ae16f684660c2a09cbc46a35d70c6d
xvla,attribute_select,17,100152,color:red,failure,0,400,400,action_limit,Reach for the red block and lift it.,reused,xvla/attribute_select/attribute_select_ep100152_result.json,d996201466ee7924bf41c9610348f72cffea7b7ef640afe6dfef30b12171d0b4
xvla,attribute_select,17,100153,color:blue,failure,0,400,400,action_limit,Fetch the blue block.,reused,xvla/attribute_select/attribute_select_ep100153_result.json,ccf8bd606745a3e9bfa68d562bc9a13c428cb9146653d3b3f48bc9e63a83dd52
xvla,attribute_select,17,100154,decal:cat,success,1,156,400,task_success,Reach for the block with a cat on it and lift it.,reused,xvla/attribute_select/attribute_select_ep100154_result.json,4ab524b5f53e9d784cece0805df18796fe5c9e54f23db20d278320153cde4ade
xvla,attribute_select,17,100155,decal:dog,failure,0,400,400,action_limit,Fetch the block with a dog on it.,reused,xvla/attribute_select/attribute_select_ep100155_result.json,3f241cc9a503113759b9bddcfae993c92859b27a9eb751227816cd6b7b4c370a
xvla,attribute_select,17,100156,shape:block,success,1,92,400,task_success,Reach for the cube and lift it.,reused,xvla/attribute_select/attribute_select_ep100156_result.json,f313224722e248ed980c897e3f5d62ba9963a56d2bd95d1c7e5127eff8d40ac2
xvla,attribute_select,17,100157,shape:bar,success,1,67,400,task_success,Reach for the long bar and lift it.,reused,xvla/attribute_select/attribute_select_ep100157_result.json,bcc28f87f531e3c3997a8b9309e1182a9398d5dbd4220e17d857cc64c8de0479
xvla,attribute_select,17,100158,size:big,success,1,188,400,task_success,Fetch the big block.,reused,xvla/attribute_select/attribute_select_ep100158_result.json,9e0e0c3addd85d1ccbbb4bd0d7237fcf79f898c7a392096e4b93181095844b14
xvla,attribute_select,17,100159,size:small,success,1,72,400,task_success,Fetch the small block.,reused,xvla/attribute_select/attribute_select_ep100159_result.json,bcdb42a206f7bb3cbb8f940ab911e5147502ea869c223ba17d6b45af4c0e3444
xvla,attribute_select,18,100160,color:red,failure,0,400,400,action_limit,Fetch the red block.,reused,xvla/attribute_select/attribute_select_ep100160_result.json,917c0db0a0c2627c84f46deade0ceabe3e7fadcfc1357d3a9392037a1aa5acd9
xvla,attribute_select,18,100161,color:blue,success,1,395,400,task_success,Reach for the blue block and lift it.,reused,xvla/attribute_select/attribute_select_ep100161_result.json,26a1f7bd1562b75e1f7d391038e93fbbac450cdfe9a2abefc0866959218a2959
xvla,attribute_select,18,100162,decal:cat,success,1,97,400,task_success,Reach for the block with a cat on it and lift it.,reused,xvla/attribute_select/attribute_select_ep100162_result.json,0a03a1029cc4b7f88799f5d6a564b47c23f14414321c2b5f9a9a9bd213d7dbac
xvla,attribute_select,18,100163,decal:dog,failure,0,400,400,action_limit,Fetch the block with a dog on it.,reused,xvla/attribute_select/attribute_select_ep100163_result.json,982f9080b5d89921aafd300009775d57890dec344e723259cbf6faa1b73c14b1
xvla,attribute_select,18,100164,shape:block,failure,0,400,400,action_limit,Reach for the cube and lift it.,reused,xvla/attribute_select/attribute_select_ep100164_result.json,baf1da324e79658fe084a6c53b937e206e10ab6b04d76996d6de3682b89ccce8
xvla,attribute_select,18,100165,shape:bar,failure,0,400,400,action_limit,Fetch the long bar.,reused,xvla/attribute_select/attribute_select_ep100165_result.json,259e15a1b41e42920587de7de4928068db6e40114b215c776b779e484f26223a
xvla,attribute_select,18,100166,size:big,failure,0,400,400,action_limit,Fetch the big block.,reused,xvla/attribute_select/attribute_select_ep100166_result.json,9666cd9365734e84d1d459524398ca7577c82476ab88d86e7fc19d1a9f11b5cd
xvla,attribute_select,18,100167,size:small,success,1,95,400,task_success,Reach for the small block and lift it.,reused,xvla/attribute_select/attribute_select_ep100167_result.json,b4067c0e73aa122b834a501aa7d2968ac0397635eb2850860eecced518448516
xvla,attribute_select,19,100168,color:red,success,1,95,400,task_success,Fetch the red block.,reused,xvla/attribute_select/attribute_select_ep100168_result.json,9305457f3994ed785cf9c8d4a0b2d51ebaf795d79ac98bbfb5ebe836d4372bfe
xvla,attribute_select,19,100169,color:blue,success,1,246,400,task_success,Reach for the blue block and lift it.,reused,xvla/attribute_select/attribute_select_ep100169_result.json,fb80425ef50054484611a171f874ef440f80319f55c095d7d85478444b1c0cac
xvla,attribute_select,19,100170,decal:cat,success,1,94,400,task_success,Fetch the block with a cat on it.,reused,xvla/attribute_select/attribute_select_ep100170_result.json,656938fe73f6b74ffab1daf6b43490838a4541ece2aa6e490bbebdd53bbf6d63
xvla,attribute_select,19,100171,decal:dog,success,1,90,400,task_success,Reach for the block with a dog on it and lift it.,reused,xvla/attribute_select/attribute_select_ep100171_result.json,17d73d11f8b4cb4b1fbcf8f5124b5f169d3dce238f0209fb1b8015fd3088769e
xvla,attribute_select,19,100172,shape:block,failure,0,400,400,action_limit,Reach for the cube and lift it.,reused,xvla/attribute_select/attribute_select_ep100172_result.json,fd5619ccdce29aa39684e9afdc5b38ea9f00ecb5c1fecef7572a48a631ed72ca
xvla,attribute_select,19,100173,shape:bar,failure,0,400,400,action_limit,Fetch the long bar.,reused,xvla/attribute_select/attribute_select_ep100173_result.json,f64a92e23a07467a9e79a1e7dfc3d1cd2d7912f12a6cc14b1dffef5bf05620b0
xvla,attribute_select,19,100174,size:big,failure,0,400,400,action_limit,Reach for the big block and lift it.,reused,xvla/attribute_select/attribute_select_ep100174_result.json,fcf6aaa432ec51a7a5c64af5b0a051af86812829ae6d97a39a0bcc53f930ae9e
xvla,attribute_select,19,100175,size:small,success,1,94,400,task_success,Fetch the small block.,reused,xvla/attribute_select/attribute_select_ep100175_result.json,b9ffee380756d9d4d533847db6951b047d103513caa0bd78706245029e025032
xvla,arm_select,0,200000,left,success,1,96,400,task_success,Have the left arm take the block.,reused,xvla/arm_select/arm_select_ep200000_result.json,cee750a4b34d24625112b80e740ef88bcb197406c0714a55236230a2e62665d1
xvla,arm_select,0,200001,right,failure,0,400,400,action_limit,Have the right arm take the block.,reused,xvla/arm_select/arm_select_ep200001_result.json,e61c721a8c64af7cff12e44bcf1ac5e712086a8132935392e9a9ca94ede8e1df
xvla,arm_select,1,200002,left,success,1,100,400,task_success,Use the left arm to retrieve the block.,reused,xvla/arm_select/arm_select_ep200002_result.json,0e2608e70dd3a4eaea17cf9ac444ff1789364535382959ed720dfe15c3822879
xvla,arm_select,1,200003,right,failure,0,400,400,action_limit,Use the right arm to retrieve the block.,reused,xvla/arm_select/arm_select_ep200003_result.json,b7303949b008799fc6be7d45acb08865b3dc6b305fd020518851e14570e3d506
xvla,arm_select,2,200004,left,success,1,96,400,task_success,Let the left arm grab the block.,reused,xvla/arm_select/arm_select_ep200004_result.json,c377b5194ca4f0b0461103190535a540cd4547f80a835bc0cebe884291016877
xvla,arm_select,2,200005,right,failure,0,400,400,action_limit,Let the right arm grab the block.,reused,xvla/arm_select/arm_select_ep200005_result.json,7e1de7489431ed8d072bd169a010d9ee9f861b40d5bb5ff21d496f1bddf6c9a7
xvla,arm_select,3,200006,left,success,1,102,400,task_success,Have the left arm take the block.,reused,xvla/arm_select/arm_select_ep200006_result.json,f48ba5dfcafd441b49cd935a5f4784433e885da25876bfda2b7b750a7cba36ab
xvla,arm_select,3,200007,right,success,1,182,400,task_success,Have the right arm take the block.,reused,xvla/arm_select/arm_select_ep200007_result.json,a1394b7aa258ad697b633a7ab10460b04e0dcfdb512efb6f52432bcf09f62868
xvla,arm_select,4,200008,left,success,1,112,400,task_success,"With the left arm, grab the block.",reused,xvla/arm_select/arm_select_ep200008_result.json,0eca5d5d1353321bd0ffac84d77b04775c42c02c7389e43710b33139fa463bd9
xvla,arm_select,4,200009,right,failure,0,400,400,action_limit,"With the right arm, grab the block.",reused,xvla/arm_select/arm_select_ep200009_result.json,6beaf986dd9624d921fff99151666e221788dfb24ed7c92997335e3459745404
xvla,arm_select,5,200010,left,success,1,95,400,task_success,Employ the left arm to lift the block.,reused,xvla/arm_select/arm_select_ep200010_result.json,6a717207e234dfa4b6baec03c7f14b5d080ecc1eb6df0f8c4b9f27d54953e23b
xvla,arm_select,5,200011,right,failure,0,400,400,action_limit,Employ the right arm to lift the block.,reused,xvla/arm_select/arm_select_ep200011_result.json,38b50ef86033a3deaee1b857ec9681ed0eabe06720d65c22171f3b657c9db9a2
xvla,arm_select,6,200012,left,success,1,101,400,task_success,Use the left arm to hold the block.,reused,xvla/arm_select/arm_select_ep200012_result.json,724cf3805cd7feee083e6e1d3e59f55fe04da6b7172af44b396abb99bda6b38c
xvla,arm_select,6,200013,right,failure,0,400,400,action_limit,Use the right arm to hold the block.,reused,xvla/arm_select/arm_select_ep200013_result.json,c9b36ca6cb62b40f49847741203288241edd1b0435027e91c432c07e89969cb8
xvla,arm_select,7,200016,left,success,1,100,400,task_success,Employ the left arm to lift the block.,reused,xvla/arm_select/arm_select_ep200016_result.json,3522b9cbdc97b9d112d4d88082d08fa93cd1434b2ee12f00716ab829343884d1
xvla,arm_select,7,200017,right,failure,0,400,400,action_limit,Employ the right arm to lift the block.,reused,xvla/arm_select/arm_select_ep200017_result.json,a1628c1b1599c253a5501feaf68e52ba1ebd721c22f7f23674e3992eb364b003
xvla,arm_select,8,200018,left,success,1,101,400,task_success,Collect the block using the left arm.,reused,xvla/arm_select/arm_select_ep200018_result.json,e6b380725ab2b5ad51a3604812af30aa8b269c25d945b7cf046bb0e4345e755e
xvla,arm_select,8,200019,right,success,1,181,400,task_success,Collect the block using the right arm.,reused,xvla/arm_select/arm_select_ep200019_result.json,28f98645b2448d3a2a675838197ae29d4e1073a4e77e68d691c5f7e342767016
xvla,arm_select,9,200020,left,success,1,99,400,task_success,Pick up the block carefully with the left arm.,reused,xvla/arm_select/arm_select_ep200020_result.json,6992808b3a4d43e06ec41459663fd87a596b9e4af64b2dc60d210f033c9f785e
xvla,arm_select,9,200021,right,failure,0,400,400,action_limit,Pick up the block carefully with the right arm.,reused,xvla/arm_select/arm_select_ep200021_result.json,844f77fa2f028b3cf0a482cd9cb56e8618d286f7b24ab23c73f186d48f58b26c
xvla,arm_select,10,200022,left,success,1,94,400,task_success,Scoop up the block with the left arm.,reused,xvla/arm_select/arm_select_ep200022_result.json,65df3d6fa59e8510dab5e51016a63dd15b4ba1cec0f1a72e883c5fc2af619193
xvla,arm_select,10,200023,right,success,1,181,400,task_success,Scoop up the block with the right arm.,reused,xvla/arm_select/arm_select_ep200023_result.json,a11da858b50c80d974ad05016e620674bf226e8a9edbfcc6d375375b28ac560c
xvla,arm_select,11,200026,left,success,1,103,400,task_success,Let the left arm grab the block.,reused,xvla/arm_select/arm_select_ep200026_result.json,53b4e762767d0669037feb9cae0dfd3c283d56b1695204eabad98c0b86002bc3
xvla,arm_select,11,200027,right,failure,0,400,400,action_limit,Let the right arm grab the block.,reused,xvla/arm_select/arm_select_ep200027_result.json,8e35aa98e305017036135e79e29358009a04cafddb6cf0772d161b49fd217506
xvla,arm_select,12,200028,left,success,1,64,400,task_success,Scoop up the block with the left arm.,reused,xvla/arm_select/arm_select_ep200028_result.json,ecfd14cd2827b670f9a3c0edac9952593c9b6c647d8e30aa4edb41e7a17cec83
xvla,arm_select,12,200029,right,failure,0,400,400,action_limit,Scoop up the block with the right arm.,reused,xvla/arm_select/arm_select_ep200029_result.json,8b39ca8ec497a71532bd08e87d41e67fc57f4f8c73fd5f3aa3edab5228823223
xvla,arm_select,13,200030,left,success,1,95,400,task_success,Pick up the block carefully with the left arm.,reused,xvla/arm_select/arm_select_ep200030_result.json,fb2cea6e92197a6acd33dd9f0a8efb8bf7d2711eeaa18df99360c235640c1fc2
xvla,arm_select,13,200031,right,failure,0,400,400,action_limit,Pick up the block carefully with the right arm.,reused,xvla/arm_select/arm_select_ep200031_result.json,d2da2f22144cef046ffd5e7c948cb578dc604ab820e9f076609ad42287eb86c8
xvla,arm_select,14,200032,left,success,1,111,400,task_success,Employ the left arm to lift the block.,reused,xvla/arm_select/arm_select_ep200032_result.json,3b13566e4260812ff366253b4ad375a7e08b279a5dc2ddb1a9f1456c68bd4dba
xvla,arm_select,14,200033,right,failure,0,400,400,action_limit,Employ the right arm to lift the block.,reused,xvla/arm_select/arm_select_ep200033_result.json,e86d286f42c46a65fbc5ce331552557bfc2a10b9015c07a29dd73774ce227d20
xvla,arm_select,15,200034,left,success,1,96,400,task_success,Employ the left arm to lift the block.,reused,xvla/arm_select/arm_select_ep200034_result.json,c90ff0908582dca04e86b87b312e888f1f6912d1525978f5b6c41ffe48b11676
xvla,arm_select,15,200035,right,failure,0,400,400,action_limit,Employ the right arm to lift the block.,reused,xvla/arm_select/arm_select_ep200035_result.json,6e03ea2526c1203b3af50ef437493638b8c49b784690763962f48a8eb1269398
xvla,arm_select,16,200036,left,success,1,96,400,task_success,Pick up the block carefully with the left arm.,reused,xvla/arm_select/arm_select_ep200036_result.json,5734de10907cc0e5998c4eef8f5c1d57b923b5cf20acb32cb9d99bd7ddc2306a
xvla,arm_select,16,200037,right,failure,0,400,400,action_limit,Pick up the block carefully with the right arm.,reused,xvla/arm_select/arm_select_ep200037_result.json,cb47d25c53f27696fb63b199ea86f3ba9ad3ccfc3089309a17f3fe2ee21cba91
xvla,arm_select,17,200038,left,success,1,97,400,task_success,Retrieve the block with the left arm.,reused,xvla/arm_select/arm_select_ep200038_result.json,02fce2c0a3c2552fdf7f4e54c7e16db9e70e1b0f05244b8b3b5da45606ef0b9f
xvla,arm_select,17,200039,right,success,1,151,400,task_success,Retrieve the block with the right arm.,reused,xvla/arm_select/arm_select_ep200039_result.json,6286b7dbe9e1b05f42913b07b1bf0a084393e515e3fdff406a7c6880f6c2c5cc
xvla,arm_select,18,200040,left,success,1,92,400,task_success,Scoop up the block with the left arm.,reused,xvla/arm_select/arm_select_ep200040_result.json,35bc021c23d0992dfb4bd3304e139ccf1dc407fd51408921d7c657ef4eb20e83
xvla,arm_select,18,200041,right,success,1,172,400,task_success,Scoop up the block with the right arm.,reused,xvla/arm_select/arm_select_ep200041_result.json,5d871b326783fc4a84f2a944246150c875daf5671ba28ba0fffc57d618f76eb8
xvla,arm_select,19,200042,left,success,1,117,400,task_success,Use the left arm to hold the block.,reused,xvla/arm_select/arm_select_ep200042_result.json,1b57264d539284a7eaa5841ee0293e9fdaac0e83ccb67fc692076e6fb5824643
xvla,arm_select,19,200043,right,failure,0,400,400,action_limit,Use the right arm to hold the block.,reused,xvla/arm_select/arm_select_ep200043_result.json,bcd94f47eb19dc4e7de31540196ff09a424543ac76c3c88e8fcfafad66116adf
xvla,stack_sequence,0,100008,red>green>blue,failure,0,1200,1200,action_limit,"Put red block down, green block on red block, blue block on green block.",reused,xvla/stack_sequence/stack_sequence_ep100008_result.json,453f270fed497f82ebbc604d703e768efd808b2630cb150666ccf069f10efb7d
xvla,stack_sequence,0,100009,red>blue>green,failure,0,1200,1200,action_limit,Stack green block over blue block and blue block over red block.,reused,xvla/stack_sequence/stack_sequence_ep100009_result.json,c0fe20baf422538a40b729e6dc85f9eb46146236458934dec00c0513b2ade443
xvla,stack_sequence,0,100010,green>red>blue,failure,0,1200,1200,action_limit,"From the bottom up: green block, then red block, then blue block.",reused,xvla/stack_sequence/stack_sequence_ep100010_result.json,0559a2e12d8b3e7c58bf5d888069b6a5a2ecc56a97683b2e00dd93abd68f4a24
xvla,stack_sequence,0,100011,green>blue>red,failure,0,1200,1200,action_limit,"Bottom to top, the order is green block, blue block, red block.",reused,xvla/stack_sequence/stack_sequence_ep100011_result.json,a1260a0a4aaea6879d70e4dbb6b09a50922962b3a2f2dd4eb75909f1947a6734
xvla,stack_sequence,0,100012,blue>red>green,failure,0,1200,1200,action_limit,"Place blue block at the base, add red block, and top it with green block.",reused,xvla/stack_sequence/stack_sequence_ep100012_result.json,49e642502e32a89b5eb404be6da4493a79882b89395a43852f0217466da7e9da
xvla,stack_sequence,0,100013,blue>green>red,failure,0,1200,1200,action_limit,"First set blue block, then green block, then red block at the very top.",reused,xvla/stack_sequence/stack_sequence_ep100013_result.json,765a48859406f20f588ac3d5636cd05b295292b04d6d30d3cae1900e718a3bad
xvla,stack_sequence,1,100014,red>green>blue,failure,0,1200,1200,action_limit,"First set red block, then green block, then blue block at the very top.",reused,xvla/stack_sequence/stack_sequence_ep100014_result.json,94ea97ae9851371753f8bb0c4dcd65ebe2e16b322adb2e83568bb60c939154e2
xvla,stack_sequence,1,100015,red>blue>green,failure,0,1200,1200,action_limit,"From the bottom up: red block, then blue block, then green block.",reused,xvla/stack_sequence/stack_sequence_ep100015_result.json,33e726648f331ff08ee32929d29e0dd3ad92d36cebfa822c069eb4d3687d0840
xvla,stack_sequence,1,100016,green>red>blue,failure,0,1200,1200,action_limit,"Build a column: green block lowest, then red block, then blue block on top.",reused,xvla/stack_sequence/stack_sequence_ep100016_result.json,99a8ddba45f1539bc68388fcb9cf8fa61092ac0e9cfcda4f8ef214af3bd22d09
xvla,stack_sequence,1,100017,green>blue>red,failure,0,1200,1200,action_limit,"Put green block down, blue block on green block, red block on blue block.",reused,xvla/stack_sequence/stack_sequence_ep100017_result.json,260a349809f1a75b92b6801a301d56058f67a924e986d040c994879441dbbff6
xvla,stack_sequence,1,100018,blue>red>green,failure,0,1200,1200,action_limit,"From the bottom up: blue block, then red block, then green block.",reused,xvla/stack_sequence/stack_sequence_ep100018_result.json,e03b2f5d1f6c6dea697f7b09df18f31ba885899f6840c22c348c536a5cafa200
xvla,stack_sequence,1,100019,blue>green>red,failure,0,1200,1200,action_limit,"Rest green block on blue block, then rest red block on green block.",reused,xvla/stack_sequence/stack_sequence_ep100019_result.json,6df00ea1f78e942538f5d67d19365c98dcf6d16054082c06701aeb904208e59d
xvla,stack_sequence,2,100020,red>green>blue,failure,0,1200,1200,action_limit,"Lay red block first, green block second, blue block third, each on the last.",reused,xvla/stack_sequence/stack_sequence_ep100020_result.json,b048bfc30bc29fbdfc50c6b1a2af7ab430cea396d723317eb6789d5a4dc98935
xvla,stack_sequence,2,100021,red>blue>green,failure,0,1200,1200,action_limit,"Order the tower red block, blue block, green block from bottom to top.",reused,xvla/stack_sequence/stack_sequence_ep100021_result.json,01affd17a5446ba3cc291b848b8c03feed62095ac30e44f4b10777adc30117cc
xvla,stack_sequence,2,100022,green>red>blue,failure,0,1200,1200,action_limit,"Put green block down, red block on green block, blue block on red block.",reused,xvla/stack_sequence/stack_sequence_ep100022_result.json,f15a7d0b4c08b9d6f230b70eaae8ad20fbe26442f2f32e67065b63523fc972e1
xvla,stack_sequence,2,100023,green>blue>red,failure,0,1200,1200,action_limit,"Place green block at the base, add blue block, and top it with red block.",reused,xvla/stack_sequence/stack_sequence_ep100023_result.json,8f99c69f37c5fee8505a95aa30c06cfe3583a241b741794ab39798b8025dceb1
xvla,stack_sequence,2,100024,blue>red>green,failure,0,1200,1200,action_limit,"Place blue block at the base, add red block, and top it with green block.",reused,xvla/stack_sequence/stack_sequence_ep100024_result.json,ce3638c0cbeab3afe76d7ac3cef84e53d9e7852494397db12921438c0d4b7cf8
xvla,stack_sequence,2,100025,blue>green>red,failure,0,1200,1200,action_limit,"First set blue block, then green block, then red block at the very top.",reused,xvla/stack_sequence/stack_sequence_ep100025_result.json,b2b808280766d0c3fb95beb22530c72aa88bd3bac9f5cb0c28b0d769290e2647
xvla,stack_sequence,3,100026,red>green>blue,failure,0,1200,1200,action_limit,"From the bottom up: red block, then green block, then blue block.",reused,xvla/stack_sequence/stack_sequence_ep100026_result.json,7de90c9d30c35be5655b2f5b4e9d11a98389d5884ca829ae8f7a38422c098272
xvla,stack_sequence,3,100027,red>blue>green,failure,0,1200,1200,action_limit,"Put red block down, blue block on red block, green block on blue block.",reused,xvla/stack_sequence/stack_sequence_ep100027_result.json,951582d4eca6776321eb8e780e908c0a16ce7194c855deab507a5c70205f752e
xvla,stack_sequence,3,100028,green>red>blue,failure,0,1200,1200,action_limit,"Bottom to top, the order is green block, red block, blue block.",reused,xvla/stack_sequence/stack_sequence_ep100028_result.json,1170b167720220cf9a92eff9204cd1126ab4dd8fc8554fa6eae54d1d11c2d30f
xvla,stack_sequence,3,100029,green>blue>red,failure,0,1200,1200,action_limit,"Lay green block first, blue block second, red block third, each on the last.",reused,xvla/stack_sequence/stack_sequence_ep100029_result.json,b743ecacf07f0e1510eecf5d56ba77233761e62187b174c2ba15b91996ccc3f6
xvla,stack_sequence,3,100030,blue>red>green,failure,0,1200,1200,action_limit,"Put blue block down, red block on blue block, green block on red block.",reused,xvla/stack_sequence/stack_sequence_ep100030_result.json,a0b347763faa2ac63be4b73bae8e7b5408664318a57f2034228d08bd358ade83
xvla,stack_sequence,3,100031,blue>green>red,failure,0,1200,1200,action_limit,Stack red block over green block and green block over blue block.,reused,xvla/stack_sequence/stack_sequence_ep100031_result.json,c3ab21b1e807991a685c71796ef0597bbfdb53e2ef841aa784d8b9ee958590af
xvla,stack_sequence,4,100032,red>green>blue,failure,0,1200,1200,action_limit,"From the bottom up: red block, then green block, then blue block.",reused,xvla/stack_sequence/stack_sequence_ep100032_result.json,9f4c39da2d26bee31b865a1ede6d59a0c01ed0bd77fcf30374aa02fff75bd670
xvla,stack_sequence,4,100033,red>blue>green,failure,0,1200,1200,action_limit,"Order the tower red block, blue block, green block from bottom to top.",reused,xvla/stack_sequence/stack_sequence_ep100033_result.json,38354f44e225f7323047fe8b7e844442484f393a1b43162245fc2347e90ecc7c
xvla,stack_sequence,4,100034,green>red>blue,failure,0,1200,1200,action_limit,"Rest red block on green block, then rest blue block on red block.",reused,xvla/stack_sequence/stack_sequence_ep100034_result.json,4f28022e1e4a826f48dcee2edb453542ccdd983388c594c62dcaeb86ec380acd
xvla,stack_sequence,4,100035,green>blue>red,failure,0,1200,1200,action_limit,"Build a column: green block lowest, then blue block, then red block on top.",reused,xvla/stack_sequence/stack_sequence_ep100035_result.json,945d91a24b97a972d28bd40edca27eb40183482eac8f7a73bef8a42bef3ad5c3
xvla,stack_sequence,4,100036,blue>red>green,failure,0,1200,1200,action_limit,"Lay blue block first, red block second, green block third, each on the last.",reused,xvla/stack_sequence/stack_sequence_ep100036_result.json,e8fd99812eb00ca25b730a5ce88b51e5fbead0432367672c8820da1efb2a649a
xvla,stack_sequence,4,100037,blue>green>red,failure,0,1200,1200,action_limit,"Bottom to top, the order is blue block, green block, red block.",reused,xvla/stack_sequence/stack_sequence_ep100037_result.json,3d8ecac08d42c40709aa8189b660154bf641ce781bb823fcf15bc8a95344352a
xvla,stack_sequence,5,100038,red>green>blue,failure,0,1200,1200,action_limit,Stack blue block over green block and green block over red block.,reused,xvla/stack_sequence/stack_sequence_ep100038_result.json,2142da695abb540d2ce14d5152fcf07222105bfe5efb035ba1ef4a5f538dcc1b
xvla,stack_sequence,5,100039,red>blue>green,failure,0,1200,1200,action_limit,"Build a column: red block lowest, then blue block, then green block on top.",reused,xvla/stack_sequence/stack_sequence_ep100039_result.json,4858dbc7722e1e8fef49318fe3eef871985b8b3c43c5525c8b66b21b53cbf8c8
xvla,stack_sequence,5,100040,green>red>blue,failure,0,1200,1200,action_limit,"Bottom to top, the order is green block, red block, blue block.",reused,xvla/stack_sequence/stack_sequence_ep100040_result.json,703eabc0fda69fc891432901b042f238602ee1e54537053cacce29f14251c029
xvla,stack_sequence,5,100041,green>blue>red,failure,0,1200,1200,action_limit,"Order the tower green block, blue block, red block from bottom to top.",reused,xvla/stack_sequence/stack_sequence_ep100041_result.json,89aa453eaa7d32ca661fc1d50ece46ca63040ea00eca63363a8a6ad1aa253458
xvla,stack_sequence,5,100042,blue>red>green,failure,0,1200,1200,action_limit,Stack green block over red block and red block over blue block.,reused,xvla/stack_sequence/stack_sequence_ep100042_result.json,e71153a40b95ad255a1617925e8791c3548faeaa4967fd17cc447825e935515c
xvla,stack_sequence,5,100043,blue>green>red,failure,0,1200,1200,action_limit,"Place blue block at the base, add green block, and top it with red block.",reused,xvla/stack_sequence/stack_sequence_ep100043_result.json,eff67ff34b0acca5e38164ab301d36d46cecbaf21f09f431bb873c4864588ae6
xvla,stack_sequence,6,100050,red>green>blue,failure,0,1200,1200,action_limit,"Put red block down, green block on red block, blue block on green block.",reused,xvla/stack_sequence/stack_sequence_ep100050_result.json,6a1551701eea2d532342dabb06864d65bf65580f4e1f1e6a01bc2a20bc459b34
xvla,stack_sequence,6,100051,red>blue>green,failure,0,1200,1200,action_limit,"Rest blue block on red block, then rest green block on blue block.",reused,xvla/stack_sequence/stack_sequence_ep100051_result.json,420716266a7bd12f35b7d9e4b10b8bbdb90f28e76996d443f9488d18fd98d592
xvla,stack_sequence,6,100052,green>red>blue,failure,0,1200,1200,action_limit,"Bottom to top, the order is green block, red block, blue block.",reused,xvla/stack_sequence/stack_sequence_ep100052_result.json,6cbac8133ec24bf854663e99ecd02f2d46fbaff9fa603218acd40dda2485d745
xvla,stack_sequence,6,100053,green>blue>red,failure,0,1200,1200,action_limit,"Bottom to top, the order is green block, blue block, red block.",reused,xvla/stack_sequence/stack_sequence_ep100053_result.json,be7e432ff61c24bae491c0d9b5916485c84ad7e0a9eda465f1180143242e8a23
xvla,stack_sequence,6,100054,blue>red>green,failure,0,1200,1200,action_limit,"First set blue block, then red block, then green block at the very top.",reused,xvla/stack_sequence/stack_sequence_ep100054_result.json,ec870a48e4b0fefcff051256fa0cc2e54a87c4412c81ff6e73cb4c8ad31bd05c
xvla,stack_sequence,6,100055,blue>green>red,failure,0,1200,1200,action_limit,"Put blue block down, green block on blue block, red block on green block.",reused,xvla/stack_sequence/stack_sequence_ep100055_result.json,bf7f20b489b152f786f1ece83cbf44f0fd5f44bafe3328869677bc07ee34ad5a
xvla,stack_sequence,7,100062,red>green>blue,failure,0,1200,1200,action_limit,"Put red block down, green block on red block, blue block on green block.",reused,xvla/stack_sequence/stack_sequence_ep100062_result.json,17b4a9d2e55581a7fa2c8822530aff626e83a1cee350580756bcf417ec5d9e10
xvla,stack_sequence,7,100063,red>blue>green,failure,0,1200,1200,action_limit,"Order the tower red block, blue block, green block from bottom to top.",reused,xvla/stack_sequence/stack_sequence_ep100063_result.json,a1f062bdcaae2d996d974c163e5a38f837be7dcc1beefa55597062342e95a9ea
xvla,stack_sequence,7,100064,green>red>blue,failure,0,1200,1200,action_limit,"Rest red block on green block, then rest blue block on red block.",reused,xvla/stack_sequence/stack_sequence_ep100064_result.json,e718cabedd961be3cb2706547a37fa545b5e09f17db436793fbf04847113f7b2
xvla,stack_sequence,7,100065,green>blue>red,failure,0,1200,1200,action_limit,"Build a column: green block lowest, then blue block, then red block on top.",reused,xvla/stack_sequence/stack_sequence_ep100065_result.json,b2e538ede81ca5bac2f190d69789a105cbb9f178c18106c7eed70e9ca66b7fa9
xvla,stack_sequence,7,100066,blue>red>green,failure,0,1200,1200,action_limit,"Put blue block down, red block on blue block, green block on red block.",reused,xvla/stack_sequence/stack_sequence_ep100066_result.json,5c5f88676b9310f975e03f50a29db5a012f0f1ab91ae3778f2246d149629d46b
xvla,stack_sequence,7,100067,blue>green>red,failure,0,1200,1200,action_limit,"Order the tower blue block, green block, red block from bottom to top.",reused,xvla/stack_sequence/stack_sequence_ep100067_result.json,7f9f248ca250ada50be8a970495494cfcfd31593e8960ae0ba56fed6e7ec75b8
xvla,stack_sequence,8,100068,red>green>blue,failure,0,1200,1200,action_limit,"From the bottom up: red block, then green block, then blue block.",reused,xvla/stack_sequence/stack_sequence_ep100068_result.json,f63454bc8e01d386ca1eabd1cdc4cf4ee6ef6d0b737e9e30a013d0293ec38710
xvla,stack_sequence,8,100069,red>blue>green,failure,0,1200,1200,action_limit,"Build a column: red block lowest, then blue block, then green block on top.",reused,xvla/stack_sequence/stack_sequence_ep100069_result.json,b49dbad0d17ef27d7722e4accacfca4e6acf60b0ffa813bf8e9904e7bef4c78d
xvla,stack_sequence,8,100070,green>red>blue,failure,0,1200,1200,action_limit,"Lay green block first, red block second, blue block third, each on the last.",reused,xvla/stack_sequence/stack_sequence_ep100070_result.json,860040a8ff18a3e158ae919e951e8a62fa51e142079549a950fbfc265c7558b4
xvla,stack_sequence,8,100071,green>blue>red,failure,0,1200,1200,action_limit,"Rest blue block on green block, then rest red block on blue block.",reused,xvla/stack_sequence/stack_sequence_ep100071_result.json,0189db6b08f3a8a044901eeacc0c0209c5702c3e26533163eb71cd33a7dd6a0b
xvla,stack_sequence,8,100072,blue>red>green,failure,0,1200,1200,action_limit,"Lay blue block first, red block second, green block third, each on the last.",reused,xvla/stack_sequence/stack_sequence_ep100072_result.json,ab3a5a2c903bdaffbe1febd53e6b605daf096f2f677054af3bb41953c703c556
xvla,stack_sequence,8,100073,blue>green>red,failure,0,1200,1200,action_limit,"First set blue block, then green block, then red block at the very top.",reused,xvla/stack_sequence/stack_sequence_ep100073_result.json,337abf6c3d95dde4848540e80eeefed8143f45e707a63208b93287d707f312b1
xvla,stack_sequence,9,100080,red>green>blue,failure,0,1200,1200,action_limit,"Build a column: red block lowest, then green block, then blue block on top.",reused,xvla/stack_sequence/stack_sequence_ep100080_result.json,9085d72c4e11889aea16784e21613ced34edcee2d7f35686b4c22fd44bb9d2d5
xvla,stack_sequence,9,100081,red>blue>green,failure,0,1200,1200,action_limit,Stack green block over blue block and blue block over red block.,reused,xvla/stack_sequence/stack_sequence_ep100081_result.json,f8709ba9d00c5cf9a36dbfc33c399e8d27b50ba7ac81d6fe851db1f16316e51c
xvla,stack_sequence,9,100082,green>red>blue,failure,0,1200,1200,action_limit,Stack blue block over red block and red block over green block.,reused,xvla/stack_sequence/stack_sequence_ep100082_result.json,2afbfb041702901c2dbed92a01f99f0ea44be9c2858e1dba65ba81501f9389c6
xvla,stack_sequence,9,100083,green>blue>red,failure,0,1200,1200,action_limit,"Lay green block first, blue block second, red block third, each on the last.",reused,xvla/stack_sequence/stack_sequence_ep100083_result.json,411b9de7d06aea4aa4ab0bd6fe8370b6671210180fbb824d379007f66ba8f2b4
xvla,stack_sequence,9,100084,blue>red>green,failure,0,1200,1200,action_limit,"Rest red block on blue block, then rest green block on red block.",reused,xvla/stack_sequence/stack_sequence_ep100084_result.json,97a59b432e7c05d5faa401791e8a49f7bb2869773dc937d277afe8c7b19cd176
xvla,stack_sequence,9,100085,blue>green>red,failure,0,1200,1200,action_limit,"Place blue block at the base, add green block, and top it with red block.",reused,xvla/stack_sequence/stack_sequence_ep100085_result.json,4f63c3d3bd41b7a69cc4827a499c0959b38f9e3291bfdf16b43d88c05f1fe161
xvla,stack_sequence,10,100092,red>green>blue,failure,0,1200,1200,action_limit,"Rest green block on red block, then rest blue block on green block.",reused,xvla/stack_sequence/stack_sequence_ep100092_result.json,da15cefffe7ef34b96ac62955371ef429022e3cbec9f87ebdf1700cf3a754575
xvla,stack_sequence,10,100093,red>blue>green,failure,0,1200,1200,action_limit,"Rest blue block on red block, then rest green block on blue block.",reused,xvla/stack_sequence/stack_sequence_ep100093_result.json,d3fea10d5bb563285e215afc5bf86eca978a1ff128c0febf09830b2d53980047
xvla,stack_sequence,10,100094,green>red>blue,failure,0,1200,1200,action_limit,"Rest red block on green block, then rest blue block on red block.",reused,xvla/stack_sequence/stack_sequence_ep100094_result.json,29cae2a3ac4c35265f6b86f7459df54882d9deec9cc9643da94815923fdb2518
xvla,stack_sequence,10,100095,green>blue>red,failure,0,1200,1200,action_limit,"Rest blue block on green block, then rest red block on blue block.",reused,xvla/stack_sequence/stack_sequence_ep100095_result.json,c25a0969105dee3374c17184bf1b73f9454ccdd8f299f38ccc63f750b8190a6c
xvla,stack_sequence,10,100096,blue>red>green,failure,0,1200,1200,action_limit,"Lay blue block first, red block second, green block third, each on the last.",reused,xvla/stack_sequence/stack_sequence_ep100096_result.json,54a91c610ed0a6fdcfad9720f6df2aea9bd27b74915d5250d6f443a37b9caaed
xvla,stack_sequence,10,100097,blue>green>red,failure,0,1200,1200,action_limit,"Rest green block on blue block, then rest red block on green block.",reused,xvla/stack_sequence/stack_sequence_ep100097_result.json,b2fd1f18d4d29e4d47277db4478217cb4fab510219ee188bdd8aaac40071af0e
xvla,stack_sequence,11,100098,red>green>blue,failure,0,1200,1200,action_limit,"Rest green block on red block, then rest blue block on green block.",reused,xvla/stack_sequence/stack_sequence_ep100098_result.json,360b55462ac5d5a86922745ba145c1036049c7ae13d52e740337287dfebaadbf
xvla,stack_sequence,11,100099,red>blue>green,failure,0,1200,1200,action_limit,"Order the tower red block, blue block, green block from bottom to top.",reused,xvla/stack_sequence/stack_sequence_ep100099_result.json,ff52323c1f73b2366f93919e8737a3eb179ec3bd5575e0acfc085008ab9192c8
xvla,stack_sequence,11,100100,green>red>blue,failure,0,1200,1200,action_limit,"Put green block down, red block on green block, blue block on red block.",reused,xvla/stack_sequence/stack_sequence_ep100100_result.json,454e2861e158a0f36789286d415483a9ccee3cdb7c4502cea06d685fdfd7ee16
xvla,stack_sequence,11,100101,green>blue>red,failure,0,1200,1200,action_limit,"Lay green block first, blue block second, red block third, each on the last.",reused,xvla/stack_sequence/stack_sequence_ep100101_result.json,dec8d795377013306a3bede621fa86bcc5c7ad1b837d76319c344d7fc7ee372b
xvla,stack_sequence,11,100102,blue>red>green,failure,0,1200,1200,action_limit,"Rest red block on blue block, then rest green block on red block.",reused,xvla/stack_sequence/stack_sequence_ep100102_result.json,4a0a7c53463a97b3fa953c4efa06ac2b0470a8e73edbd7103b6a40b840162502
xvla,stack_sequence,11,100103,blue>green>red,failure,0,1200,1200,action_limit,Stack red block over green block and green block over blue block.,reused,xvla/stack_sequence/stack_sequence_ep100103_result.json,c259bf8fe72cbd5f87ade2501803d33928786655680c151f7ab34c7590368474
xvla,stack_sequence,12,100104,red>green>blue,failure,0,1200,1200,action_limit,"Bottom to top, the order is red block, green block, blue block.",reused,xvla/stack_sequence/stack_sequence_ep100104_result.json,5e704dfc07189889ebb07a0741e2fc71956cdb7247718ede08664e6dee2e5d64
xvla,stack_sequence,12,100105,red>blue>green,failure,0,1200,1200,action_limit,"Rest blue block on red block, then rest green block on blue block.",reused,xvla/stack_sequence/stack_sequence_ep100105_result.json,11362da574006dff7d64c2dce72505f2e51689642dafdd41e1689f5c701b4a4d
xvla,stack_sequence,12,100106,green>red>blue,failure,0,1200,1200,action_limit,"From the bottom up: green block, then red block, then blue block.",reused,xvla/stack_sequence/stack_sequence_ep100106_result.json,b542ba3b13f8283e388d79c2eee16536fd8560c38c1503d62bab7ff42cd5bfdc
xvla,stack_sequence,12,100107,green>blue>red,failure,0,1200,1200,action_limit,"First set green block, then blue block, then red block at the very top.",reused,xvla/stack_sequence/stack_sequence_ep100107_result.json,58b9de4f37b3943a24e35ec4c89c20affb406b32801f348c79fe5e6b43db5a51
xvla,stack_sequence,12,100108,blue>red>green,failure,0,1200,1200,action_limit,"Put blue block down, red block on blue block, green block on red block.",reused,xvla/stack_sequence/stack_sequence_ep100108_result.json,7cce96a6f6b7a978a26bac7f14898db1f4a7adcdc39acf6b0ae4d16a382b7fa3
xvla,stack_sequence,12,100109,blue>green>red,failure,0,1200,1200,action_limit,"Build a column: blue block lowest, then green block, then red block on top.",reused,xvla/stack_sequence/stack_sequence_ep100109_result.json,0b42bd8bef37a4363d0ad98ec140d651cfe094ba81fc2084dd786ace142cb6fa
xvla,stack_sequence,13,100110,red>green>blue,failure,0,1200,1200,action_limit,"Place red block at the base, add green block, and top it with blue block.",reused,xvla/stack_sequence/stack_sequence_ep100110_result.json,33f85384b342091d4a3d9190b11142676eec3199fbd359b639d93d182596e46f
xvla,stack_sequence,13,100111,red>blue>green,failure,0,1200,1200,action_limit,Stack green block over blue block and blue block over red block.,reused,xvla/stack_sequence/stack_sequence_ep100111_result.json,e92f99d965994b81c460a15e1b7ad90885a9eb31765298cb748771eec8ec6655
xvla,stack_sequence,13,100112,green>red>blue,failure,0,1200,1200,action_limit,"Put green block down, red block on green block, blue block on red block.",reused,xvla/stack_sequence/stack_sequence_ep100112_result.json,e8b7126d5ac6ba6c451fe5a78e82701e5394ce2db1ae3e657afd8c027a109776
xvla,stack_sequence,13,100113,green>blue>red,failure,0,1200,1200,action_limit,"Lay green block first, blue block second, red block third, each on the last.",reused,xvla/stack_sequence/stack_sequence_ep100113_result.json,5c8f2c487199261b4988af5e298ac216d3b008faa4a5bcda9c6dbc3ce4367e85
xvla,stack_sequence,13,100114,blue>red>green,failure,0,1200,1200,action_limit,"Place blue block at the base, add red block, and top it with green block.",reused,xvla/stack_sequence/stack_sequence_ep100114_result.json,108f39fe7dc2850602751f174b704facb13c4bff9abe49d516d220dc11ce1f94
xvla,stack_sequence,13,100115,blue>green>red,failure,0,1200,1200,action_limit,"First set blue block, then green block, then red block at the very top.",reused,xvla/stack_sequence/stack_sequence_ep100115_result.json,0225ae137aab99875d01dc6318764b3a3f662198fd4858b14bbf6cccaca67d23
xvla,stack_sequence,14,100116,red>green>blue,failure,0,1200,1200,action_limit,"Place red block at the base, add green block, and top it with blue block.",reused,xvla/stack_sequence/stack_sequence_ep100116_result.json,9991f8f02e8418dfd93c392f3d4625c1ce0f4066a7094ad0cae47f4b3af612de
xvla,stack_sequence,14,100117,red>blue>green,failure,0,1200,1200,action_limit,"Build a column: red block lowest, then blue block, then green block on top.",reused,xvla/stack_sequence/stack_sequence_ep100117_result.json,1fc38bfdfff5b1f4c7bb0614a31dad3dc0fd39cc3ed2ea9133761d36be268a8d
xvla,stack_sequence,14,100118,green>red>blue,failure,0,1200,1200,action_limit,"Build a column: green block lowest, then red block, then blue block on top.",reused,xvla/stack_sequence/stack_sequence_ep100118_result.json,d62c36adb00813b53eb777fe58277ca8ad3a649a8cd429f0299d432537ff9714
xvla,stack_sequence,14,100119,green>blue>red,failure,0,1200,1200,action_limit,Stack red block over blue block and blue block over green block.,reused,xvla/stack_sequence/stack_sequence_ep100119_result.json,aa9e81b425f00ed117b1002445313b44e4f1ad06da475928ecc21695bb94e620
xvla,stack_sequence,14,100120,blue>red>green,failure,0,1200,1200,action_limit,"Order the tower blue block, red block, green block from bottom to top.",reused,xvla/stack_sequence/stack_sequence_ep100120_result.json,573af3044d8ba5ea2c2b0624987ce6184571ca0a297338cc2112e63509e66264
xvla,stack_sequence,14,100121,blue>green>red,failure,0,1200,1200,action_limit,"Order the tower blue block, green block, red block from bottom to top.",reused,xvla/stack_sequence/stack_sequence_ep100121_result.json,a288e1982b0e8027c8a3f65e819259a3d68ae0340f8ad8a5f6a0ffb7b5a33af8
xvla,stack_sequence,15,100140,red>green>blue,failure,0,1200,1200,action_limit,"Rest green block on red block, then rest blue block on green block.",reused,xvla/stack_sequence/stack_sequence_ep100140_result.json,e73576fe2783181f09a26c7f9fe7b272b555ad4993da7f3c4bddc9adbdb70584
xvla,stack_sequence,15,100141,red>blue>green,failure,0,1200,1200,action_limit,"Place red block at the base, add blue block, and top it with green block.",reused,xvla/stack_sequence/stack_sequence_ep100141_result.json,31ed7613a2cd0967e26d39e42f87da479713fb6af2d645326d0603c18b303f54
xvla,stack_sequence,15,100142,green>red>blue,failure,0,1200,1200,action_limit,"Put green block down, red block on green block, blue block on red block.",reused,xvla/stack_sequence/stack_sequence_ep100142_result.json,63bcdfaf403330d1435f4527bc4f2d666afa902f1a3b88aa020b307f501e6b9f
xvla,stack_sequence,15,100143,green>blue>red,failure,0,1200,1200,action_limit,"Bottom to top, the order is green block, blue block, red block.",reused,xvla/stack_sequence/stack_sequence_ep100143_result.json,4deb21b910fb7dface853800900266851ca9b639bdf077c3df61f58c7002a0f7
xvla,stack_sequence,15,100144,blue>red>green,failure,0,1200,1200,action_limit,"First set blue block, then red block, then green block at the very top.",reused,xvla/stack_sequence/stack_sequence_ep100144_result.json,57cb915908e5deb970e7e98409baea145b0da5f7b03d24db6d3908a2ac3413fd
xvla,stack_sequence,15,100145,blue>green>red,failure,0,1200,1200,action_limit,"Lay blue block first, green block second, red block third, each on the last.",reused,xvla/stack_sequence/stack_sequence_ep100145_result.json,ac9bf841b7d7957577c428a0f4c6681f8f76e2db61a9f908211810af9df0fc07
xvla,stack_sequence,16,100146,red>green>blue,failure,0,1200,1200,action_limit,"From the bottom up: red block, then green block, then blue block.",reused,xvla/stack_sequence/stack_sequence_ep100146_result.json,1f4aade164426e11e26d5a70646c7ed76f915214f4487d2969bbf59ec4d4fca2
xvla,stack_sequence,16,100147,red>blue>green,failure,0,1200,1200,action_limit,Stack green block over blue block and blue block over red block.,reused,xvla/stack_sequence/stack_sequence_ep100147_result.json,320a451105e41b9f2cb7700c30e6b1be4d5698fda9c533f5ef252855e8a0cdaf
xvla,stack_sequence,16,100148,green>red>blue,failure,0,1200,1200,action_limit,"Lay green block first, red block second, blue block third, each on the last.",reused,xvla/stack_sequence/stack_sequence_ep100148_result.json,0ea8225d5453a5db61fda92e4cb4ff582bdb5c331d574444ff43ec9464d35105
xvla,stack_sequence,16,100149,green>blue>red,failure,0,1200,1200,action_limit,"Build a column: green block lowest, then blue block, then red block on top.",reused,xvla/stack_sequence/stack_sequence_ep100149_result.json,2569a862338bed35d14495b84bf144934e7fb330552dbb13497481c65085eb46
xvla,stack_sequence,16,100150,blue>red>green,failure,0,1200,1200,action_limit,"Bottom to top, the order is blue block, red block, green block.",reused,xvla/stack_sequence/stack_sequence_ep100150_result.json,6506d9f95dda8c1b871579cdd4453d7a28d8c441e614d2398e870f44ac20ebd1
xvla,stack_sequence,16,100151,blue>green>red,failure,0,1200,1200,action_limit,"Place blue block at the base, add green block, and top it with red block.",reused,xvla/stack_sequence/stack_sequence_ep100151_result.json,02af3fc41fd34b66b34e1b9cf6c7a60fd6fe4e63490d0b876612d25264b01512
xvla,stack_sequence,17,100152,red>green>blue,failure,0,1200,1200,action_limit,"Place red block at the base, add green block, and top it with blue block.",reused,xvla/stack_sequence/stack_sequence_ep100152_result.json,8e1f019021bf65773f42f1afbb8549cabf2bca6da6acd99a0fa1de8857c9fa82
xvla,stack_sequence,17,100153,red>blue>green,failure,0,1200,1200,action_limit,"Lay red block first, blue block second, green block third, each on the last.",reused,xvla/stack_sequence/stack_sequence_ep100153_result.json,8631c87521c203a343cb7972f36e4080388bf6fe699fb651b22a92bb6003f0de
xvla,stack_sequence,17,100154,green>red>blue,failure,0,1200,1200,action_limit,Stack blue block over red block and red block over green block.,reused,xvla/stack_sequence/stack_sequence_ep100154_result.json,11b92a2e42aeae71a02a635d7fa6da7716a22bc475e07faec7512fddc466604d
xvla,stack_sequence,17,100155,green>blue>red,failure,0,1200,1200,action_limit,"From the bottom up: green block, then blue block, then red block.",reused,xvla/stack_sequence/stack_sequence_ep100155_result.json,67bd109f7e281d4cf0c8f9d0951175137a497ceb56f60c9767ccc11c2430a11b
xvla,stack_sequence,17,100156,blue>red>green,failure,0,1200,1200,action_limit,"From the bottom up: blue block, then red block, then green block.",reused,xvla/stack_sequence/stack_sequence_ep100156_result.json,1453dbf268f7c6da10f47e75b4fd3183ff21fa85262f7eab73513fbbea0bc8cd
xvla,stack_sequence,17,100157,blue>green>red,failure,0,1200,1200,action_limit,"Build a column: blue block lowest, then green block, then red block on top.",reused,xvla/stack_sequence/stack_sequence_ep100157_result.json,2d9c6e10bc20072c50e5e389cd990309ddf078db6486e5e2af8e0abcb26b5fef
xvla,stack_sequence,18,100158,red>green>blue,failure,0,1200,1200,action_limit,"Bottom to top, the order is red block, green block, blue block.",reused,xvla/stack_sequence/stack_sequence_ep100158_result.json,befee3bd1548622e9e27c15da40125b31ced801b0b3d6dff4f1530b0f587342c
xvla,stack_sequence,18,100159,red>blue>green,failure,0,1200,1200,action_limit,"Order the tower red block, blue block, green block from bottom to top.",reused,xvla/stack_sequence/stack_sequence_ep100159_result.json,c575df3a323e6200a9fa427823d86bc8009a5c809b69267a1562ec2d49837663
xvla,stack_sequence,18,100160,green>red>blue,failure,0,1200,1200,action_limit,"Lay green block first, red block second, blue block third, each on the last.",reused,xvla/stack_sequence/stack_sequence_ep100160_result.json,0e2e25fecf408ceb66fef3edd11a102ddde4a6918891c3ffad50189fb916144c
xvla,stack_sequence,18,100161,green>blue>red,failure,0,1200,1200,action_limit,"From the bottom up: green block, then blue block, then red block.",reused,xvla/stack_sequence/stack_sequence_ep100161_result.json,71d49fa023ed4cc69056f204ce31287dd5b0097f602855d6f20276465e414955
xvla,stack_sequence,18,100162,blue>red>green,failure,0,1200,1200,action_limit,"Put blue block down, red block on blue block, green block on red block.",reused,xvla/stack_sequence/stack_sequence_ep100162_result.json,1aeead13ada27195bf87a7e751547d98a9eabd0af17eed890cd13c4c7fbaa2cf
xvla,stack_sequence,18,100163,blue>green>red,failure,0,1200,1200,action_limit,Stack red block over green block and green block over blue block.,reused,xvla/stack_sequence/stack_sequence_ep100163_result.json,343f115f105db67ba1fd399803fdd6abe970cfb1756e9fa935c04c218ccd5e2a
xvla,stack_sequence,19,100170,red>green>blue,failure,0,1200,1200,action_limit,"First set red block, then green block, then blue block at the very top.",reused,xvla/stack_sequence/stack_sequence_ep100170_result.json,c3b58b65cd8af738c72c3b9738d0f6182daa699c41c08245bee303358b1d88c5
xvla,stack_sequence,19,100171,red>blue>green,failure,0,1200,1200,action_limit,"From the bottom up: red block, then blue block, then green block.",reused,xvla/stack_sequence/stack_sequence_ep100171_result.json,a959578346e77eb8e267d7af9b60dc055e9e74b3b46c8cc1ac2d097091ae7e42
xvla,stack_sequence,19,100172,green>red>blue,failure,0,1200,1200,action_limit,"From the bottom up: green block, then red block, then blue block.",reused,xvla/stack_sequence/stack_sequence_ep100172_result.json,91e3049ba7a9b1ff4cc1a1636380b81c986e0a1fb5a3b71da49ca92dfd1eca54
xvla,stack_sequence,19,100173,green>blue>red,failure,0,1200,1200,action_limit,"Bottom to top, the order is green block, blue block, red block.",reused,xvla/stack_sequence/stack_sequence_ep100173_result.json,e8a5237bf1e42ddc3ea7e20580680b064f8eed0966579f086f89824a55d8e91b
xvla,stack_sequence,19,100174,blue>red>green,failure,0,1200,1200,action_limit,"Rest red block on blue block, then rest green block on red block.",reused,xvla/stack_sequence/stack_sequence_ep100174_result.json,05ccf0e73f94f213d7fddbd037d808c52c5f8bb6fa51f54c2ec358f257e3a70a
xvla,stack_sequence,19,100175,blue>green>red,failure,0,1200,1200,action_limit,"Put blue block down, green block on blue block, red block on green block.",reused,xvla/stack_sequence/stack_sequence_ep100175_result.json,b9041c959899fc3ad5b975c8701cea365e59259e358be421fb5c791e92758f2d
xvla,place_relative,0,100005,left,failure,0,400,400,action_limit,Grab the black remotecontrol and set it to the left of the red tea-box,reused,xvla/place_relative/place_relative_ep100005_result.json,d5b47f3379a880087ba8a565821e6584a544e7fe13aa70138ac0254e0b9e98e5
xvla,place_relative,0,100006,right,failure,0,400,400,action_limit,Grab the black remotecontrol and set it to the right of the red tea-box,reused,xvla/place_relative/place_relative_ep100006_result.json,db2344a41225a25c8301dfbe78951c629c090bf9afea3581c20765143db40825
xvla,place_relative,0,100009,on_top,failure,0,400,400,action_limit,Grab the black remotecontrol and set it on top of the red tea-box,reused,xvla/place_relative/place_relative_ep100009_result.json,88832fb5237346c3614413f2583f5447db827cdf464194a2e96b26a22dfc1e95
xvla,place_relative,1,100010,left,failure,0,400,400,action_limit,Pick up the red can and move it to the left of the red tea-box,reused,xvla/place_relative/place_relative_ep100010_result.json,cfa5174634781619a09f6df4142d13006f9b70b73ee64064359e28c2b62527d6
xvla,place_relative,1,100011,right,failure,0,400,400,action_limit,Pick up the red can and move it to the right of the red tea-box,reused,xvla/place_relative/place_relative_ep100011_result.json,003c6e4be8798c5d07ae93da529fca5be85d6799bcbe6fc08abf73e21d29da36
xvla,place_relative,1,100014,on_top,failure,0,400,400,action_limit,Use the left arm to grab the red can and place it on top of the red tea-box,reused,xvla/place_relative/place_relative_ep100014_result.json,fb55bd5f2fad586d85579d74821b382a6b0c17c9ad2b28865077d29e48e664bf
xvla,place_relative,2,100015,left,failure,0,400,400,action_limit,Use the left arm to grab the blue soap and place it to the left of the red tea-box,reused,xvla/place_relative/place_relative_ep100015_result.json,d9253fbbb86ff626f3809b9a5e6cab04ad1692347e378e776c5827fb100896f0
xvla,place_relative,2,100016,right,failure,0,400,400,action_limit,Lift the blue soap and set it to the right of the red tea-box,reused,xvla/place_relative/place_relative_ep100016_result.json,db060526dc04aa37a5d962f101823519e937f17205ce6f71a143a7672d6bed9c
xvla,place_relative,2,100019,on_top,failure,0,400,400,action_limit,"Use the left arm to pick up the blue soap, set it on top of the red tea-box",reused,xvla/place_relative/place_relative_ep100019_result.json,bc9caa34e16a995534667d9d2fefa49503afcc1066a244c5b27a658931db75e4
xvla,place_relative,3,100020,left,failure,0,400,400,action_limit,Lift the gray mouse and set it to the left of the brown coffee-box,reused,xvla/place_relative/place_relative_ep100020_result.json,d6155c8a829fb8409bb69b5b2d4cc242c5d9724cb11f735e9b2158eb3767ea1e
xvla,place_relative,3,100021,right,failure,0,400,400,action_limit,Use the left arm to grab the gray mouse and place it to the right of the brown coffee-box,reused,xvla/place_relative/place_relative_ep100021_result.json,fbd1a332e84da3fb5dd6df6a83a03b92604670ca3ff0b64a58c48cae6befb28b
xvla,place_relative,3,100024,on_top,failure,0,400,400,action_limit,Grab the gray mouse and set it on top of the brown coffee-box,reused,xvla/place_relative/place_relative_ep100024_result.json,a2d939d841dc4a0642cfe3098f9f8907b8c10871e85bcac72ef11162f32bd457
xvla,place_relative,4,100025,left,success,1,230,400,task_success,Pick up the green toycar and move it to the left of the brown coffee-box,reused,xvla/place_relative/place_relative_ep100025_result.json,07c318b69b404a7161dfa11fd85e9cb015bf97bac427e2a6ea9042e255f37530
xvla,place_relative,4,100026,right,failure,0,400,400,action_limit,Pick up the green toycar and move it to the right of the brown coffee-box,reused,xvla/place_relative/place_relative_ep100026_result.json,745db621da8942ed871877fa5fb7e6246059abbf5ac3e5e601c8efc46c645cc2
xvla,place_relative,4,100029,on_top,failure,0,400,400,action_limit,Use the left arm to grab the green toycar and place it on top of the brown coffee-box,reused,xvla/place_relative/place_relative_ep100029_result.json,b9a325f941ba93c8c3e40187cd977ac5a003dbfce0b3d5769cb4d1d3648e4b9d
xvla,place_relative,5,100030,left,failure,0,400,400,action_limit,Use the right arm to grab the red stapler and place it to the left of the brown coffee-box,reused,xvla/place_relative/place_relative_ep100030_result.json,a8776bbcaa6917d86888069a0a3ea681903b2a8f0dc1f742a5b87c5493ff15fc
xvla,place_relative,5,100031,right,success,1,175,400,task_success,"Use the right arm to pick up the red stapler, set it to the right of the brown coffee-box",reused,xvla/place_relative/place_relative_ep100031_result.json,a22ef3145dd24d6bb46812ba79896cd748367c3655b37cfbb932ba2bd72edfff
xvla,place_relative,5,100034,on_top,failure,0,400,400,action_limit,Grab the red stapler and set it on top of the brown coffee-box,reused,xvla/place_relative/place_relative_ep100034_result.json,b7d96cc18666c236d7fd1f230c00565778ef3f07b8bba51d0ce98bb29b15946e
xvla,place_relative,6,100040,left,failure,0,400,400,action_limit,Pick up the red can and move it to the left of the brown coffee-box,reused,xvla/place_relative/place_relative_ep100040_result.json,b48cfe8e60e000ec4152abff7efe6a177682f86864c3ed2998df91039e4fe8ba
xvla,place_relative,6,100041,right,failure,0,400,400,action_limit,Relocate the red can to the right of the brown coffee-box,reused,xvla/place_relative/place_relative_ep100041_result.json,121f8019d48e905a88985e797cdd370a0faa717bae6c4d0cc2a9e08925ba0dbd
xvla,place_relative,6,100044,on_top,failure,0,400,400,action_limit,Relocate the red can on top of the brown coffee-box,reused,xvla/place_relative/place_relative_ep100044_result.json,8e51f5c192b4b4cbbe2a15e72a9a99533c831e2285e1f0656ba2c46563a3999e
xvla,place_relative,7,100045,left,success,1,328,400,task_success,Grab the blue soap and set it to the left of the brown coffee-box,reused,xvla/place_relative/place_relative_ep100045_result.json,553555a9cbdb53d2bcd40f596fcae4d9692bb16ee102fb2f9cc2b574b53d9681
xvla,place_relative,7,100046,right,failure,0,400,400,action_limit,"Use the left arm to pick up the blue soap, set it to the right of the brown coffee-box",reused,xvla/place_relative/place_relative_ep100046_result.json,8053b14b5accc601fd6314400a0ca84d614fed75a76d8e3aae95cf48321baf5a
xvla,place_relative,7,100049,on_top,failure,0,400,400,action_limit,Lift the blue soap and set it on top of the brown coffee-box,reused,xvla/place_relative/place_relative_ep100049_result.json,c8c0cfd3840ee433938aac1211fcde04e0202c42b7a2b7364e673bf95064933f
xvla,place_relative,8,100050,left,failure,0,400,400,action_limit,Use the right arm to grab the gray mouse and place it to the left of the red tea-box,reused,xvla/place_relative/place_relative_ep100050_result.json,d3785408bbe7adacba12511920e1c70ede0b101fb9b675d1edd51debf1ee652d
xvla,place_relative,8,100051,right,failure,0,400,400,action_limit,Lift the gray mouse and set it to the right of the red tea-box,reused,xvla/place_relative/place_relative_ep100051_result.json,232d6eaeaa83668e0af79a02b47a02ed41b7ca4524da8581326f8030886ea9f0
xvla,place_relative,8,100054,on_top,failure,0,400,400,action_limit,Lift the gray mouse and set it on top of the red tea-box,reused,xvla/place_relative/place_relative_ep100054_result.json,7317c8f4af7a074da6b49c71b65aa56e7c35e49408b2a4ca8cc256a0a56a553c
xvla,place_relative,9,100055,left,failure,0,400,400,action_limit,Grab the green toycar and set it to the left of the red tea-box,reused,xvla/place_relative/place_relative_ep100055_result.json,bff8cf98d009aa61bfde307136a4f30ff84192383b0a498c9804f188e4dcfc06
xvla,place_relative,9,100056,right,failure,0,400,400,action_limit,Grab the green toycar and set it to the right of the red tea-box,reused,xvla/place_relative/place_relative_ep100056_result.json,7e6ac29cb72e34b49456b01cf701b43ccb1064ad2a69c5c7694ebd0cb503edd7
xvla,place_relative,9,100059,on_top,failure,0,400,400,action_limit,Pick up the green toycar and move it on top of the red tea-box,reused,xvla/place_relative/place_relative_ep100059_result.json,66a4132b120cf0de45245309c32bc4298a72013431133a8e9c6829b62f6e5399
xvla,place_relative,10,100060,left,failure,0,400,400,action_limit,Use the left arm to grab the red stapler and place it to the left of the red tea-box,reused,xvla/place_relative/place_relative_ep100060_result.json,6c9c6b8536503e72c48f614701764b271566c06ba3c4f726d9d8790cb9def4f9
xvla,place_relative,10,100061,right,failure,0,400,400,action_limit,Pick up the red stapler and move it to the right of the red tea-box,reused,xvla/place_relative/place_relative_ep100061_result.json,560cf9d8b489f95ec33e0aa476a7e7f81c17e124f96a4c161a9b3a30a3e77379
xvla,place_relative,10,100064,on_top,failure,0,400,400,action_limit,"Use the left arm to pick up the red stapler, set it on top of the red tea-box",reused,xvla/place_relative/place_relative_ep100064_result.json,ac6db15b0f200c7e404cffd0893435689511a109f97a8a6398f8dd00d10e5f32
xvla,place_relative,11,100065,left,failure,0,400,400,action_limit,Grab the black remotecontrol and set it to the left of the red tea-box,reused,xvla/place_relative/place_relative_ep100065_result.json,62bde06e273fd46b7909e96d7e6ae9b4f4a3e1e3510bc63c70e9a8515bfe2b36
xvla,place_relative,11,100066,right,failure,0,400,400,action_limit,"Use the left arm to pick up the black remotecontrol, set it to the right of the red tea-box",reused,xvla/place_relative/place_relative_ep100066_result.json,eeca44e9f05c3416eb80d5ef76523623300f700a26e906ec1a6d2cff07dbe309
xvla,place_relative,11,100069,on_top,failure,0,400,400,action_limit,Pick up the black remotecontrol and move it on top of the red tea-box,reused,xvla/place_relative/place_relative_ep100069_result.json,b7d4971083e204052269c9af384b47c0babe174dc4a73715862a6a8f05384886
xvla,place_relative,12,100070,left,failure,0,400,400,action_limit,Relocate the red can to the left of the red tea-box,reused,xvla/place_relative/place_relative_ep100070_result.json,00d81b62b67fd890a8518b940a1a21f132e08a02b171605aa7ada1d7c2b81709
xvla,place_relative,12,100071,right,failure,0,400,400,action_limit,Relocate the red can to the right of the red tea-box,reused,xvla/place_relative/place_relative_ep100071_result.json,97dfe046e9163dc7c20ac593808a0eabff5a0c49f10d81e58f2ebcbe3b504e68
xvla,place_relative,12,100074,on_top,failure,0,400,400,action_limit,Relocate the red can on top of the red tea-box,reused,xvla/place_relative/place_relative_ep100074_result.json,8d0a3eb2f540de46e135945f9d0354fc3701147880d4e3cf72c88d51a46c5e92
xvla,place_relative,13,100075,left,failure,0,400,400,action_limit,"Use the right arm to pick up the blue soap, set it to the left of the red tea-box",reused,xvla/place_relative/place_relative_ep100075_result.json,34ba9bb77fb013f35f33143818f25dcefd38aa6072be56a92a72ad3b32580998
xvla,place_relative,13,100076,right,failure,0,400,400,action_limit,Pick up the blue soap and move it to the right of the red tea-box,reused,xvla/place_relative/place_relative_ep100076_result.json,eca47ba7c0744817d5d625f55e80997060bc25124ddfabf63b878bb3d7aadde3
xvla,place_relative,13,100079,on_top,failure,0,400,400,action_limit,Grab the blue soap and set it on top of the red tea-box,reused,xvla/place_relative/place_relative_ep100079_result.json,f84948f0348613d1af3bdecc02790434d67e90967002f326a3a98d0899800f49
xvla,place_relative,14,100080,left,success,1,147,400,task_success,Grab the gray mouse and set it to the left of the brown coffee-box,reused,xvla/place_relative/place_relative_ep100080_result.json,cf573cf64ca48db63a8e5789db499ea154e1bed2b6ce01a9fb55dc7cb896fcf5
xvla,place_relative,14,100081,right,failure,0,400,400,action_limit,"Use the left arm to pick up the gray mouse, set it to the right of the brown coffee-box",reused,xvla/place_relative/place_relative_ep100081_result.json,525347263b468fe127bce0bf5a66baacb91924bfe3438c37e6b5659d508093c3
xvla,place_relative,14,100084,on_top,failure,0,400,400,action_limit,Grab the gray mouse and set it on top of the brown coffee-box,reused,xvla/place_relative/place_relative_ep100084_result.json,bcfb70d10ab051a1f7673a3e9cdbe2387c12fe311773e9d7c647456a1adca881
xvla,place_relative,15,100085,left,failure,0,400,400,action_limit,Lift the green toycar and set it to the left of the brown coffee-box,reused,xvla/place_relative/place_relative_ep100085_result.json,cbc63077ebbd4dfbea2abaa80cdd9d389809db63ef07f48084f53b69c8005075
xvla,place_relative,15,100086,right,failure,0,400,400,action_limit,"Use the right arm to pick up the green toycar, set it to the right of the brown coffee-box",reused,xvla/place_relative/place_relative_ep100086_result.json,8068349ff9a1a5c2c901cd4155a0668e76920145b2e0195ebad2453835ffde33
xvla,place_relative,15,100089,on_top,failure,0,400,400,action_limit,Lift the green toycar and set it on top of the brown coffee-box,reused,xvla/place_relative/place_relative_ep100089_result.json,41d35f09f65776c50e6d591681d4fd1e3a64399d1fc9c4e539312f0247ef85b5
xvla,place_relative,16,100095,left,failure,0,400,400,action_limit,"Use the right arm to pick up the black remotecontrol, set it to the left of the brown coffee-box",reused,xvla/place_relative/place_relative_ep100095_result.json,72a1478343be391679c6df3812af9fcd6680f22392e4d1e3e45b6e963ded27b6
xvla,place_relative,16,100096,right,success,1,241,400,task_success,Relocate the black remotecontrol to the right of the brown coffee-box,reused,xvla/place_relative/place_relative_ep100096_result.json,ecc68d7caafe90c803288d44d137e459bdc9816229c6836b57fb10b48d9b6529
xvla,place_relative,16,100099,on_top,failure,0,400,400,action_limit,Lift the black remotecontrol and set it on top of the brown coffee-box,reused,xvla/place_relative/place_relative_ep100099_result.json,82afdf7d71884291f40d45dfb711282d84b4c0eb6a326d4f045f458039cf1f57
xvla,place_relative,17,100100,left,failure,0,400,400,action_limit,"Use the right arm to pick up the red can, set it to the left of the brown coffee-box",reused,xvla/place_relative/place_relative_ep100100_result.json,b600d5fd400a0882870de3621d1d1b0f14b1baa3c236c7f3da3216f9987e12ad
xvla,place_relative,17,100101,right,failure,0,400,400,action_limit,"Use the right arm to pick up the red can, set it to the right of the brown coffee-box",reused,xvla/place_relative/place_relative_ep100101_result.json,3a5b67d2a42428303d98a22f1ba14b96e9c78dc822f3f1d14f00b7edc152af6b
xvla,place_relative,17,100104,on_top,failure,0,400,400,action_limit,Pick up the red can and move it on top of the brown coffee-box,reused,xvla/place_relative/place_relative_ep100104_result.json,ce44cffa60d7ef61497dab9d04de5324926b76a79c70c6f72354b0c58decfc1d
xvla,place_relative,18,100105,left,failure,0,400,400,action_limit,Use the right arm to grab the blue soap and place it to the left of the brown coffee-box,reused,xvla/place_relative/place_relative_ep100105_result.json,3bc6dc49a4545e8e2ac31453e0532772ed15caf41a1e44ece7851a5a2be44c3f
xvla,place_relative,18,100106,right,failure,0,400,400,action_limit,Grab the blue soap and set it to the right of the brown coffee-box,reused,xvla/place_relative/place_relative_ep100106_result.json,91e6d2f57e24c0266b568d97a4ee5c085da23632e1b75e2b2cbd06c733d4de2a
xvla,place_relative,18,100109,on_top,failure,0,400,400,action_limit,Relocate the blue soap on top of the brown coffee-box,reused,xvla/place_relative/place_relative_ep100109_result.json,827cb58c37fbca94aef080dec9ebc9027187cb67437e20687bd4607f246de032
xvla,place_relative,19,100110,left,success,1,380,400,task_success,Use the left arm to grab the gray mouse and place it to the left of the red tea-box,reused,xvla/place_relative/place_relative_ep100110_result.json,0fdeb998a4e455f61fc02ddc7a11b06f04257286efc2b1a3fc56a84a897c7b57
xvla,place_relative,19,100111,right,failure,0,400,400,action_limit,Grab the gray mouse and set it to the right of the red tea-box,reused,xvla/place_relative/place_relative_ep100111_result.json,59d9a69591f5cae87d8a88c4bbbc486d3f77f3ceddf12f18c75c2883c9b7d8df
xvla,place_relative,19,100114,on_top,failure,0,400,400,action_limit,Use the left arm to grab the gray mouse and place it on top of the red tea-box,reused,xvla/place_relative/place_relative_ep100114_result.json,f378f065d40879a1e3840ba0eed7b3fda13e194d09ae2c6f95d9b4260da29d12
lingbot_va,bottle_verb,0,100002,pick,failure,0,700,700,action_limit,pick up the curvy yellow plastic bottle gently.,new,lingbot_va/bottle_verb/bottle_verb_ep100002_result.json,d8b6b7e6cf4c374ab47cced5b270de9e9b922464eb0a3c5c73ec378df4c7ae9f
lingbot_va,bottle_verb,0,100003,shake,success,1,136,700,task_success,shake the smooth bottle with blue text gently.,new,lingbot_va/bottle_verb/bottle_verb_ep100003_result.json,dea5fb8da68c65250e0a62ffc6d90dbdd5bf257b0e0027345645f347222d974b
lingbot_va,bottle_verb,1,100004,pick,failure,0,700,700,action_limit,Please grab the curvy yellow plastic bottle with the left arm.,new,lingbot_va/bottle_verb/bottle_verb_ep100004_result.json,062e3da98f65b4b8ac50eaf0f6f27dd4f9068d832bdf59b8253a467c8c6e39e5
lingbot_va,bottle_verb,1,100005,shake,success,1,137,700,task_success,shake the yellow bottle with white cap using the left arm.,new,lingbot_va/bottle_verb/bottle_verb_ep100005_result.json,209e2a70f225af7f144aab65a48f0e67ff91cfee5487d0e748331a7fbd15e5f5
lingbot_va,bottle_verb,2,100006,pick,failure,0,700,700,action_limit,Kindly lift the bottle with printed label.,new,lingbot_va/bottle_verb/bottle_verb_ep100006_result.json,6c1f150388be3a4535d2ac44e16912457463ee684deb2a47a84f8f8af1d80f38
lingbot_va,bottle_verb,2,100007,shake,success,1,134,700,task_success,Kindly shake the bottle with printed label.,new,lingbot_va/bottle_verb/bottle_verb_ep100007_result.json,37bb98125d82fb6f5ba934c5c7984a8f781ebdb735b2f389967a020cf6475f30
lingbot_va,bottle_verb,3,100008,pick,failure,0,700,700,action_limit,Please pick up the yellow bottle for liquid storage with the right arm.,new,lingbot_va/bottle_verb/bottle_verb_ep100008_result.json,6a2850f2594bb2f091959b02a72b5605186ef1ec39f55f0c214c32c799ab4ca6
lingbot_va,bottle_verb,3,100009,shake,success,1,137,700,task_success,shake the yellow bottle for liquid storage with care.,new,lingbot_va/bottle_verb/bottle_verb_ep100009_result.json,b6bc17fb21c6f446f31d2f1ee431d961cb8b14b6c7de0cba29385fa8673b4a39
lingbot_va,bottle_verb,4,100010,pick,failure,0,700,700,action_limit,grab the medium-sized plastic bottle with capped top gently.,new,lingbot_va/bottle_verb/bottle_verb_ep100010_result.json,5ed90f88110d7cebdab895715a9dd1f083a7ea61f69ddeae6298acbfea833a1b
lingbot_va,bottle_verb,4,100011,shake,success,1,136,700,task_success,Please shake the medium-sized plastic bottle with capped top with the left arm.,new,lingbot_va/bottle_verb/bottle_verb_ep100011_result.json,71fd043eb73d267c2d78af71c9e655f62e00d2800b5383241017b947ba8c1594
lingbot_va,bottle_verb,5,100016,pick,failure,0,700,700,action_limit,Kindly grab the bottle with ridged orange grip.,new,lingbot_va/bottle_verb/bottle_verb_ep100016_result.json,da9482ecd303df3d7d846ca5059638cec47defd5e0ac3a26cd47942a6794600c
lingbot_va,bottle_verb,5,100017,shake,success,1,159,700,task_success,Please shake the white capped orange plastic bottle with the left arm.,new,lingbot_va/bottle_verb/bottle_verb_ep100017_result.json,fc508bdb1d4e9a0be3df131e2d22d813efd605b666b13c6ef7afddb1ba4ce2f8
lingbot_va,bottle_verb,6,100018,pick,failure,0,700,700,action_limit,Kindly lift the smooth bottle with blue text.,new,lingbot_va/bottle_verb/bottle_verb_ep100018_result.json,6285f0b036b071387f2fdcb6671d50542a28908d2a0fb54c5a427040f851554d
lingbot_va,bottle_verb,6,100019,shake,success,1,133,700,task_success,shake the smooth bottle with blue text gently.,new,lingbot_va/bottle_verb/bottle_verb_ep100019_result.json,a875fbf6060a8f714dd3d2ebbe4e3757b6c4a4fb7f196b5a513d59fc821197d3
lingbot_va,bottle_verb,7,100020,pick,failure,0,700,700,action_limit,pick up the handheld orange bottle with care.,new,lingbot_va/bottle_verb/bottle_verb_ep100020_result.json,19000320bf278d9625b2138a36bb588b4df2a03613304b82d2c342658e2bc791
lingbot_va,bottle_verb,7,100021,shake,success,1,134,700,task_success,shake the label-covered orange bottle gently.,new,lingbot_va/bottle_verb/bottle_verb_ep100021_result.json,959d095c0d9d06bb0d7cc25ecdb252ca0218b762d6765c823c346c852a56c832
lingbot_va,bottle_verb,8,100022,pick,failure,0,700,700,action_limit,grab the bottle with curved body carefully now.,new,lingbot_va/bottle_verb/bottle_verb_ep100022_result.json,e43b589b28818e31f67b02680a8e686511dd875214254f65592fa2a1b66faa99
lingbot_va,bottle_verb,8,100023,shake,success,1,139,700,task_success,shake the bottle with curved body gently.,new,lingbot_va/bottle_verb/bottle_verb_ep100023_result.json,26c9c4c9565573cda44d1f8b9f67f4552e235288f8ee8fd1b6a038305a7daef1
lingbot_va,bottle_verb,9,100024,pick,failure,0,700,700,action_limit,lift the bottle with curved neck design with the left arm.,new,lingbot_va/bottle_verb/bottle_verb_ep100024_result.json,86b1198f08050de2aa10e641199ec71e4b35e3cf18c0c3b3ba0c18fdf968e799
lingbot_va,bottle_verb,9,100025,shake,success,1,149,700,task_success,shake the bottle with curved neck design for a moment.,new,lingbot_va/bottle_verb/bottle_verb_ep100025_result.json,b5d0f1c497c4596f9bf326370964ff0bdc63354399c3aad84147ebfa848b022a
lingbot_va,bottle_verb,10,100026,pick,failure,0,700,700,action_limit,pick up the bottle with curved neck design using one arm.,new,lingbot_va/bottle_verb/bottle_verb_ep100026_result.json,7a40aa93b96048b9ef091564f5b6450d7ca8a72e9919b8d3a52e4b2ddda4b76e
lingbot_va,bottle_verb,10,100027,shake,success,1,136,700,task_success,shake the blue-capped plastic bottle carefully now.,new,lingbot_va/bottle_verb/bottle_verb_ep100027_result.json,8345e2254c1ff47e0aa16c466c48d72b3b510cbd2288193aae8b1c38a65e63d7
lingbot_va,bottle_verb,11,100030,pick,failure,0,700,700,action_limit,lift the blue-capped plastic bottle gently.,new,lingbot_va/bottle_verb/bottle_verb_ep100030_result.json,e90df9727734409de82baf668bcce2bfea2cd040f97020dc5440b94b723c2097
lingbot_va,bottle_verb,11,100031,shake,success,1,160,700,task_success,shake the bottle with curved neck design gently.,new,lingbot_va/bottle_verb/bottle_verb_ep100031_result.json,2f2f069f71e6a117155fa28942a2855b0568da35d2ba42cdaf5f36a408923261
lingbot_va,bottle_verb,12,100032,pick,failure,0,700,700,action_limit,Kindly pick up the bottle with curved body.,new,lingbot_va/bottle_verb/bottle_verb_ep100032_result.json,80bb65fad34b2c36abec8ca27f6bdc90d1cebd1d19850240974ec6c450dd55e2
lingbot_va,bottle_verb,12,100033,shake,success,1,142,700,task_success,shake the bottle with curved body right away.,new,lingbot_va/bottle_verb/bottle_verb_ep100033_result.json,6cfe63a0b5b1724797353ce53887d018b39335f680cd3ae83c1861ee62662c21
lingbot_va,bottle_verb,13,100038,pick,failure,0,700,700,action_limit,pick up the liquid container dark brown plastic with the left arm.,new,lingbot_va/bottle_verb/bottle_verb_ep100038_result.json,67cfccc58de2219724cfadfbe810c10c7021978dcc59ffd379b54f903aa95345
lingbot_va,bottle_verb,13,100039,shake,success,1,92,700,task_success,shake the liquid container dark brown plastic carefully now.,new,lingbot_va/bottle_verb/bottle_verb_ep100039_result.json,0018e5a6d3f449babba447f8c58609f8b7eb41d5d7475a44250ebee1fef00949
lingbot_va,bottle_verb,14,100042,pick,failure,0,700,700,action_limit,lift the light gray bottle right away.,new,lingbot_va/bottle_verb/bottle_verb_ep100042_result.json,9bb4560b5c7d0979481ae3233705372dbc932aef1e4a7d3c1c5fd4e5d3315602
lingbot_va,bottle_verb,14,100043,shake,success,1,162,700,task_success,shake the light gray bottle with care.,new,lingbot_va/bottle_verb/bottle_verb_ep100043_result.json,936afe11ff93bedb8a6af8e2f17c1412b1b87f4b326df6ebc0aad32d08f30f4e
lingbot_va,bottle_verb,15,100048,pick,failure,0,700,700,action_limit,lift the plastic bottle with printed label with the right arm.,new,lingbot_va/bottle_verb/bottle_verb_ep100048_result.json,52684d2ec11723e4e3c74af4e1be980374359176bb297ee9c486022d53fee29a
lingbot_va,bottle_verb,15,100049,shake,success,1,149,700,task_success,shake the bottle with glossy surface right away.,new,lingbot_va/bottle_verb/bottle_verb_ep100049_result.json,daaaa4c855caf380ab373a82bc5e63855bfa4dd755f22ca02a32c9ed99c88229
lingbot_va,bottle_verb,16,100050,pick,failure,0,700,700,action_limit,pick up the label-covered orange bottle with care.,new,lingbot_va/bottle_verb/bottle_verb_ep100050_result.json,c4a736888b967e0da7782fc8c30d3054580da7f0be7e7adf19dff0a8f8c58cf6
lingbot_va,bottle_verb,16,100051,shake,success,1,153,700,task_success,shake the handheld orange bottle right away.,new,lingbot_va/bottle_verb/bottle_verb_ep100051_result.json,0d897cd993f387e88e77fd7843aad5aceb3176e4a2477bdb36128e2928866a68
lingbot_va,bottle_verb,17,100052,pick,failure,0,700,700,action_limit,grab the bottle with red screw cap with the right arm.,new,lingbot_va/bottle_verb/bottle_verb_ep100052_result.json,43c4cb47437ad936f61d0e88b634c3e17bd29e381d1c7a4aad6126cdb6cc4ed7
lingbot_va,bottle_verb,17,100053,shake,success,1,156,700,task_success,shake the bottle with red screw cap with care.,new,lingbot_va/bottle_verb/bottle_verb_ep100053_result.json,49b2537aa238fe30cb8bca00d57f7112df425f439e672d95d966993765e8dfe2
lingbot_va,bottle_verb,18,100054,pick,failure,0,700,700,action_limit,lift the medium-sized plastic bottle with capped top gently.,new,lingbot_va/bottle_verb/bottle_verb_ep100054_result.json,f88c4b823e430b4b73bd0528b5e239bfac8834cea7064efb667986ed199dee93
lingbot_va,bottle_verb,18,100055,shake,success,1,162,700,task_success,shake the medium-sized plastic bottle with capped top right away.,new,lingbot_va/bottle_verb/bottle_verb_ep100055_result.json,426131e06e29c35fe2951dff56ca3a03658ed64fa7f35a72d69d5a6516dac6e6
lingbot_va,bottle_verb,19,100056,pick,failure,0,700,700,action_limit,pick up the yellow bottle for liquid storage gently.,new,lingbot_va/bottle_verb/bottle_verb_ep100056_result.json,8eb292c6ef89f482accd125b29e2d8ef0e5c33e4edd8dd44313e6f97f05552ec
lingbot_va,bottle_verb,19,100057,shake,success,1,133,700,task_success,Please shake the yellow rectangular bottle with the left arm.,new,lingbot_va/bottle_verb/bottle_verb_ep100057_result.json,b8345c1f492846908256cf8f8d6a904bc3c82e4b158601d6f83b046b423f71ca
lingbot_va,pick_diverse_object,0,100002,seen,success,1,78,400,task_success,Pick up the bread carefully using the left arm,reused,lingbot_va/pick_diverse_object/pick_diverse_object_ep100002_result.json,41014198b0e4ce0251074c2655cde029efa3dcf68c388eab9c5290215095dabe
lingbot_va,pick_diverse_object,0,100003,unseen,success,1,77,400,task_success,Lift the apple from the table using the left arm.,reused,lingbot_va/pick_diverse_object/pick_diverse_object_ep100003_result.json,b7ac5a16017fefe0d17298ab5078ebf90035508c4502a81ba8616e5c90045ecb
lingbot_va,pick_diverse_object,1,100004,seen,success,1,79,400,task_success,Pick up the coffee box carefully using the left arm,reused,lingbot_va/pick_diverse_object/pick_diverse_object_ep100004_result.json,d36e3d12c59fdd9af81ef9231caed33d28b31c74b3ddf8c24976fee7eceb345e
lingbot_va,pick_diverse_object,1,100005,unseen,success,1,76,400,task_success,Pick up the wooden mallet carefully using the left arm,reused,lingbot_va/pick_diverse_object/pick_diverse_object_ep100005_result.json,b23abea1fbf11d461eac70811aba99a140fa5965edf2ed9a0c815e3f339adbf1
lingbot_va,pick_diverse_object,2,100006,seen,success,1,76,400,task_success,Grab the mouse on the table and raise it.,reused,lingbot_va/pick_diverse_object/pick_diverse_object_ep100006_result.json,11150c5dc78d875152988ef59a7c400a3b6f6102c52e8df5f40bb5a9707e463c
lingbot_va,pick_diverse_object,2,100007,unseen,success,1,83,400,task_success,Pick up the paintbrush carefully using the left arm,reused,lingbot_va/pick_diverse_object/pick_diverse_object_ep100007_result.json,df130782511bbb37205aefb3262d1e6d18002b08294476d13b184966bb323d4a
lingbot_va,pick_diverse_object,3,100008,seen,failure,0,400,400,action_limit,Pick up the bottle using the correct arm,reused,lingbot_va/pick_diverse_object/pick_diverse_object_ep100008_result.json,ded3a8ff4b8919501c562c64a992c6fdcf5a0f8512539b1504f71a4bd21a0618
lingbot_va,pick_diverse_object,3,100009,unseen,success,1,141,400,task_success,Grab the dumbbell on the table and raise it.,reused,lingbot_va/pick_diverse_object/pick_diverse_object_ep100009_result.json,7ab7dafa6535e707b93f45d3b4e9009ccdadab2e23f13f7d29eb293836764fce
lingbot_va,pick_diverse_object,4,100012,seen,failure,0,400,400,action_limit,Grab the shoe on the table and raise it.,reused,lingbot_va/pick_diverse_object/pick_diverse_object_ep100012_result.json,8255db510a79f08b83ea3dbd7cff30c1318a35f2e9f5baf147b206f939684b0e
lingbot_va,pick_diverse_object,4,100013,unseen,failure,0,400,400,action_limit,Pick up the wooden mallet using the correct arm,reused,lingbot_va/pick_diverse_object/pick_diverse_object_ep100013_result.json,eb82a1f6aa0c5443954227dbe8c8452a8255afadf9fe688bd88a3c490d43f777
lingbot_va,pick_diverse_object,5,100014,seen,success,1,73,400,task_success,Pick up the mug carefully using the left arm,reused,lingbot_va/pick_diverse_object/pick_diverse_object_ep100014_result.json,4fc5167c168d4db8a47934bb83a864bacc3d250f7e8f44531ff267e72939b471
lingbot_va,pick_diverse_object,5,100015,unseen,success,1,80,400,task_success,Lift the paintbrush from the table using the right arm.,reused,lingbot_va/pick_diverse_object/pick_diverse_object_ep100015_result.json,30596f316efeda1e0248b94119e1a29ed2533e2e5e71726514416a86512834f2
lingbot_va,pick_diverse_object,6,100018,seen,success,1,76,400,task_success,Pick up the toy car carefully using the right arm,reused,lingbot_va/pick_diverse_object/pick_diverse_object_ep100018_result.json,8be494e8bd0e99a06b8375772648a1b2721592a21e680a69451ff45a49c70259
lingbot_va,pick_diverse_object,6,100019,unseen,success,1,79,400,task_success,Pick up the apple carefully using the right arm,reused,lingbot_va/pick_diverse_object/pick_diverse_object_ep100019_result.json,a40029015ee6138ea9b98096daae034caebc5777cbdc6c0aaf5f1e079277ef47
lingbot_va,pick_diverse_object,7,100020,seen,failure,0,400,400,action_limit,Grab the phone on the table and raise it.,reused,lingbot_va/pick_diverse_object/pick_diverse_object_ep100020_result.json,0788254495490179e0688c4a6f40d0baf69c21d01333950d4b3723c7869e777d
lingbot_va,pick_diverse_object,7,100021,unseen,success,1,79,400,task_success,Grab the wooden mallet on the table and raise it.,reused,lingbot_va/pick_diverse_object/pick_diverse_object_ep100021_result.json,f20973a78e074704076ffc58427a33fea3981bdcd95228b3a77c63580dedee90
lingbot_va,pick_diverse_object,8,100024,seen,failure,0,400,400,action_limit,Pick up the hamburger carefully using the right arm,reused,lingbot_va/pick_diverse_object/pick_diverse_object_ep100024_result.json,c4da24bc9eeac5c8903ff0577b7aa7caf16bda65244549228c378457ee1b784f
lingbot_va,pick_diverse_object,8,100025,unseen,success,1,53,400,task_success,Pick up the dumbbell carefully using the left arm,reused,lingbot_va/pick_diverse_object/pick_diverse_object_ep100025_result.json,3acc219d81b86ae6e5667f90d776490c18471ebf77dda3e58f3808899b9025cb
lingbot_va,pick_diverse_object,9,100034,seen,success,1,102,400,task_success,Lift the cup from the table using the left arm.,reused,lingbot_va/pick_diverse_object/pick_diverse_object_ep100034_result.json,9dd1caea409caa15762586eecee40cc3823d3a79c7bb234482aa909c09d30504
lingbot_va,pick_diverse_object,9,100035,unseen,success,1,75,400,task_success,Grab the apple on the table and raise it.,reused,lingbot_va/pick_diverse_object/pick_diverse_object_ep100035_result.json,671fc69441084555425dab030f94b7d5c921e2ea55805ab37062f4619164b7d7
lingbot_va,pick_diverse_object,10,100036,seen,failure,0,400,400,action_limit,Grab the shoe on the table and raise it.,reused,lingbot_va/pick_diverse_object/pick_diverse_object_ep100036_result.json,3467d6cf6242cfd08b92eab368871fab1b3f7f38e9401fee29b623101fef52be
lingbot_va,pick_diverse_object,10,100037,unseen,failure,0,400,400,action_limit,Lift the wooden mallet from the table using the right arm.,reused,lingbot_va/pick_diverse_object/pick_diverse_object_ep100037_result.json,643219fe31ffe0c9ac3cf9e8dc11ab8900dcb0df4d0c3f47c605bbc87b10d829
lingbot_va,pick_diverse_object,11,100038,seen,success,1,73,400,task_success,Lift the mug from the table using the left arm.,reused,lingbot_va/pick_diverse_object/pick_diverse_object_ep100038_result.json,f383fe6b7d77c8625e94cac3c89dde57fc74d07e04555cd0d27c0d1a47c0c7e5
lingbot_va,pick_diverse_object,11,100039,unseen,success,1,80,400,task_success,Grab the paintbrush on the table and raise it.,reused,lingbot_va/pick_diverse_object/pick_diverse_object_ep100039_result.json,69d5b3d176b78362b9fa203923a4b7528525c0a3916625453a5753ce9b332a4c
lingbot_va,pick_diverse_object,12,100040,seen,failure,0,400,400,action_limit,Grab the can on the table and raise it.,reused,lingbot_va/pick_diverse_object/pick_diverse_object_ep100040_result.json,948fbeaac841930b983ffc7d4872de1a49fa67924a2c8950dd714cdbce53644a
lingbot_va,pick_diverse_object,12,100041,unseen,success,1,160,400,task_success,Grab the dumbbell on the table and raise it.,reused,lingbot_va/pick_diverse_object/pick_diverse_object_ep100041_result.json,d0f52713a0dde5bab81a21763224a19210fecf81885fd792b44e7705c94a8a6f
lingbot_va,pick_diverse_object,13,100042,seen,success,1,76,400,task_success,Lift the toy car from the table using the right arm.,reused,lingbot_va/pick_diverse_object/pick_diverse_object_ep100042_result.json,686c87ae5a8b1a34147ecbd98406863531b15941dbfc54ec682325a4fef3ec12
lingbot_va,pick_diverse_object,13,100043,unseen,success,1,78,400,task_success,Pick up the apple using the correct arm,reused,lingbot_va/pick_diverse_object/pick_diverse_object_ep100043_result.json,558e869a64d6c7c251f07f49074ca95c13754ec53a4a8b7ea926332eb85c6358
lingbot_va,pick_diverse_object,14,100048,seen,success,1,77,400,task_success,Grab the hamburger on the table and raise it.,reused,lingbot_va/pick_diverse_object/pick_diverse_object_ep100048_result.json,3db176c3385d47af15703fae16f95df2b63d36aff821541f8ae160bd1498bc60
lingbot_va,pick_diverse_object,14,100049,unseen,success,1,93,400,task_success,Grab the dumbbell on the table and raise it.,reused,lingbot_va/pick_diverse_object/pick_diverse_object_ep100049_result.json,5887b6a2117eeafe279b06d722ce30cf4d83480c85ce848a0788b1061ec299cb
lingbot_va,pick_diverse_object,15,100052,seen,success,1,81,400,task_success,Pick up the coffee box using the correct arm,reused,lingbot_va/pick_diverse_object/pick_diverse_object_ep100052_result.json,2dc986b39ac1eec832b23e733886009daaf45aa76be183d7050c809fb3956bc0
lingbot_va,pick_diverse_object,15,100053,unseen,success,1,77,400,task_success,Pick up the wooden mallet using the correct arm,reused,lingbot_va/pick_diverse_object/pick_diverse_object_ep100053_result.json,2002f0f090db078dc58cefa08a9922ae74f14599697bd388ffade0460158b199
lingbot_va,pick_diverse_object,16,100054,seen,success,1,243,400,task_success,Grab the mouse on the table and raise it.,reused,lingbot_va/pick_diverse_object/pick_diverse_object_ep100054_result.json,b8190263cc6b822c403b88b1b795828d1d42a07cedf8957774bc32dc381cabdd
lingbot_va,pick_diverse_object,16,100055,unseen,failure,0,400,400,action_limit,Lift the paintbrush from the table using the right arm.,reused,lingbot_va/pick_diverse_object/pick_diverse_object_ep100055_result.json,7fe1b71913fd67acd37fd712afa6d2174aa158fe4b26b90db82d8ad1bfeac566
lingbot_va,pick_diverse_object,17,100056,seen,success,1,83,400,task_success,Grab the bottle on the table and raise it.,reused,lingbot_va/pick_diverse_object/pick_diverse_object_ep100056_result.json,37d89618c4b43fabe9907018fc96a849705ce92a25bc38a0a7429a7de7946de8
lingbot_va,pick_diverse_object,17,100057,unseen,success,1,76,400,task_success,Pick up the dumbbell carefully using the left arm,reused,lingbot_va/pick_diverse_object/pick_diverse_object_ep100057_result.json,9ae2648829cea2f92d0a52fcfc4d22193051efc3659b7731fea649c22d5bc140
lingbot_va,pick_diverse_object,18,100060,seen,success,1,84,400,task_success,Pick up the shoe carefully using the right arm,reused,lingbot_va/pick_diverse_object/pick_diverse_object_ep100060_result.json,78a127a30beea8b00abb37cb9adac1e4979f5e92042e9861e4dcbee384c335ea
lingbot_va,pick_diverse_object,18,100061,unseen,failure,0,400,400,action_limit,Grab the wooden mallet on the table and raise it.,reused,lingbot_va/pick_diverse_object/pick_diverse_object_ep100061_result.json,3e7c79f5642dd6e85c686593fa006efc000d7dc3bc512a13dc6c647af4c7653b
lingbot_va,pick_diverse_object,19,100066,seen,success,1,76,400,task_success,Lift the toy car from the table using the right arm.,reused,lingbot_va/pick_diverse_object/pick_diverse_object_ep100066_result.json,f9e7ccc4f78b173388303f9a23f7bd232149e687c9154ae9efe2ab1a9fc8cacd
lingbot_va,pick_diverse_object,19,100067,unseen,success,1,74,400,task_success,Lift the apple from the table using the right arm.,reused,lingbot_va/pick_diverse_object/pick_diverse_object_ep100067_result.json,df8a10367647860dd2aa6f82aa8f1459cb33721f360b09a746124a50d4158e3a
lingbot_va,attribute_select,0,100000,color:red,success,1,79,400,task_success,Reach for the red block and lift it.,reused,lingbot_va/attribute_select/attribute_select_ep100000_result.json,bb9485c0d14d538a531e84083a86da264032b962ae25faf707a79664d2212fbd
lingbot_va,attribute_select,0,100001,color:blue,success,1,85,400,task_success,Reach for the blue block and lift it.,reused,lingbot_va/attribute_select/attribute_select_ep100001_result.json,f44d9199abc5524a952a8fa289ddbff943676a0585e1431c4fed321c63dad00f
lingbot_va,attribute_select,0,100002,decal:cat,success,1,84,400,task_success,Fetch the block with a cat on it.,reused,lingbot_va/attribute_select/attribute_select_ep100002_result.json,dab03ab162732ed2dfaa4c9c4c3b9d1baf8f0dab687d1170fdfa75b1b7aecc22
lingbot_va,attribute_select,0,100003,decal:dog,success,1,256,400,task_success,Fetch the block with a dog on it.,reused,lingbot_va/attribute_select/attribute_select_ep100003_result.json,17a246b5da5d87ba6b8d791637b6d885fcc9e2411cd24616327165b587396e1e
lingbot_va,attribute_select,0,100004,shape:block,success,1,80,400,task_success,Reach for the cube and lift it.,reused,lingbot_va/attribute_select/attribute_select_ep100004_result.json,26609fe2ac5274a0b9b0283def30a3cb9ac3ded9f616b054f73e7791e91ea31d
lingbot_va,attribute_select,0,100005,shape:bar,failure,0,400,400,action_limit,Fetch the long bar.,reused,lingbot_va/attribute_select/attribute_select_ep100005_result.json,2febe3ff0e39a4aa98dd6abe66b318898bcfe080a5864a032500a1cf012f3ec1
lingbot_va,attribute_select,0,100006,size:big,success,1,381,400,task_success,Reach for the big block and lift it.,reused,lingbot_va/attribute_select/attribute_select_ep100006_result.json,6d54692c7a69d629940c6a22cf867799e91614801d7157771a706dd32d1824a9
lingbot_va,attribute_select,0,100007,size:small,success,1,81,400,task_success,Fetch the small block.,reused,lingbot_va/attribute_select/attribute_select_ep100007_result.json,ee2decb1f4eb1fa54ede9959a33d5620a815c922961e27ef5b44538e4ebb5028
lingbot_va,attribute_select,1,100008,color:red,success,1,79,400,task_success,Fetch the red block.,reused,lingbot_va/attribute_select/attribute_select_ep100008_result.json,a5e2b556d2caa7b484cf0c63f39aac3c9facfea3f919d9fb23c6dfad2e3f2f15
lingbot_va,attribute_select,1,100009,color:blue,success,1,82,400,task_success,Fetch the blue block.,reused,lingbot_va/attribute_select/attribute_select_ep100009_result.json,ddfbe4f2a3fe95733a5a236244d05e84ccd95b7b21d68802d66286cc0e0f90ba
lingbot_va,attribute_select,1,100010,decal:cat,failure,0,400,400,action_limit,Reach for the block with a cat on it and lift it.,reused,lingbot_va/attribute_select/attribute_select_ep100010_result.json,7583cf566afe394004a43e1252fadd2a320e9ac9a123f4f0ec7b5b1867d0179b
lingbot_va,attribute_select,1,100011,decal:dog,success,1,80,400,task_success,Reach for the block with a dog on it and lift it.,reused,lingbot_va/attribute_select/attribute_select_ep100011_result.json,e5a0fd6ec079c0dec4f0d11e16d4d1eb8f56c274646a0a6287e5dbae3222d50f
lingbot_va,attribute_select,1,100012,shape:block,success,1,86,400,task_success,Fetch the cube.,reused,lingbot_va/attribute_select/attribute_select_ep100012_result.json,6f13310f1ecd09585b4b72d432ca671a7e88d1d5701bf2bd36a0b630784c1bce
lingbot_va,attribute_select,1,100013,shape:bar,success,1,81,400,task_success,Reach for the long bar and lift it.,reused,lingbot_va/attribute_select/attribute_select_ep100013_result.json,a3f27c68acccaa428ecc48dc3eae9b77357b6a0eb10cb49d2e372b8b5cd88c12
lingbot_va,attribute_select,1,100014,size:big,failure,0,400,400,action_limit,Fetch the big block.,reused,lingbot_va/attribute_select/attribute_select_ep100014_result.json,827d19d2530416c74fdd3dcddbac0f9ac85588406b67f0e0b197ec16167f1613
lingbot_va,attribute_select,1,100015,size:small,success,1,80,400,task_success,Fetch the small block.,reused,lingbot_va/attribute_select/attribute_select_ep100015_result.json,ca96df9b4382974d10b7da851d5464681becc5ca3b841aff437cca39c3cc7e63
lingbot_va,attribute_select,2,100016,color:red,success,1,80,400,task_success,Reach for the red block and lift it.,reused,lingbot_va/attribute_select/attribute_select_ep100016_result.json,a0bc983e173ee87e7ac1f7ca00656e4309f34d0eabe7adee1f7ed4973c7eb2a0
lingbot_va,attribute_select,2,100017,color:blue,success,1,279,400,task_success,Fetch the blue block.,reused,lingbot_va/attribute_select/attribute_select_ep100017_result.json,d4ccf50b5f0e73867f4b7526108f8bb31be53ad261ed41987a0a529c74550295
lingbot_va,attribute_select,2,100018,decal:cat,success,1,83,400,task_success,Fetch the block with a cat on it.,reused,lingbot_va/attribute_select/attribute_select_ep100018_result.json,f1a0b4d922b93cf8e7abec0152044293acefe659ad11c7d5aa15617282a9af35
lingbot_va,attribute_select,2,100019,decal:dog,success,1,80,400,task_success,Fetch the block with a dog on it.,reused,lingbot_va/attribute_select/attribute_select_ep100019_result.json,692757c0bd43b26b89fe1881d90fe5d2ee1a7ad50c3b5dd8f33c3fbe930d47b5
lingbot_va,attribute_select,2,100020,shape:block,success,1,80,400,task_success,Reach for the cube and lift it.,reused,lingbot_va/attribute_select/attribute_select_ep100020_result.json,4e779db016f56163852b7f71df3cf3a66fc1d37942c9086871aa4e0529d72153
lingbot_va,attribute_select,2,100021,shape:bar,success,1,288,400,task_success,Fetch the long bar.,reused,lingbot_va/attribute_select/attribute_select_ep100021_result.json,c66e0e6934f0331dd944f6cc834db8fbf6ffeb663312663fffd43080b81d0ecf
lingbot_va,attribute_select,2,100022,size:big,success,1,367,400,task_success,Reach for the big block and lift it.,reused,lingbot_va/attribute_select/attribute_select_ep100022_result.json,1f18924985cd73e3a0c031d0720e396b1805286ddded71b51252eccf9447e724
lingbot_va,attribute_select,2,100023,size:small,success,1,79,400,task_success,Fetch the small block.,reused,lingbot_va/attribute_select/attribute_select_ep100023_result.json,3cd5a62a6e64af44854245b442b24b92a6e32ed8c6ff38c412223a6e172abb73
lingbot_va,attribute_select,3,100024,color:red,success,1,81,400,task_success,Fetch the red block.,reused,lingbot_va/attribute_select/attribute_select_ep100024_result.json,4896318fc67aa2d8d5c3f74936ad8c2d183fe6afcded49e997593be84d286702
lingbot_va,attribute_select,3,100025,color:blue,success,1,86,400,task_success,Reach for the blue block and lift it.,reused,lingbot_va/attribute_select/attribute_select_ep100025_result.json,3152a801c4be89d813e34be64c9076eb610e9c8112c00d912212cf65ec009958
lingbot_va,attribute_select,3,100026,decal:cat,success,1,80,400,task_success,Fetch the block with a cat on it.,reused,lingbot_va/attribute_select/attribute_select_ep100026_result.json,6accc8e91be4bca67323539726ce61a00ae587632b50f1873bf9ddc032de451e
lingbot_va,attribute_select,3,100027,decal:dog,failure,0,400,400,action_limit,Reach for the block with a dog on it and lift it.,reused,lingbot_va/attribute_select/attribute_select_ep100027_result.json,edd26138b56fa2fbeaff9f8ec0bf26aa935a26fcc15c8c3aa084e03a9e15d3a8
lingbot_va,attribute_select,3,100028,shape:block,success,1,81,400,task_success,Reach for the cube and lift it.,reused,lingbot_va/attribute_select/attribute_select_ep100028_result.json,1b7c5d08a9e1d76a5854c6fa487b925eb2c20c1b0d8fc54862a293452b251b7d
lingbot_va,attribute_select,3,100029,shape:bar,success,1,80,400,task_success,Reach for the long bar and lift it.,reused,lingbot_va/attribute_select/attribute_select_ep100029_result.json,8d02aee6e2419d58f34477ea94ecdc7335050f015b2049eafbdedda64dea2d85
lingbot_va,attribute_select,3,100030,size:big,failure,0,400,400,action_limit,Fetch the big block.,reused,lingbot_va/attribute_select/attribute_select_ep100030_result.json,068670eb4cce785fb6ad4a02da53263a65da73c689b95a2afa4480f3389171d6
lingbot_va,attribute_select,3,100031,size:small,success,1,80,400,task_success,Fetch the small block.,reused,lingbot_va/attribute_select/attribute_select_ep100031_result.json,2cb2dce0691a03340e6dc6a50137b849e43482cd64c71f358785fd0c133ff5d4
lingbot_va,attribute_select,4,100032,color:red,success,1,79,400,task_success,Fetch the red block.,reused,lingbot_va/attribute_select/attribute_select_ep100032_result.json,07696d45ea8a666fbb3daf196d605dac724361dfb744eb9569f0fc0e06464de9
lingbot_va,attribute_select,4,100033,color:blue,success,1,80,400,task_success,Fetch the blue block.,reused,lingbot_va/attribute_select/attribute_select_ep100033_result.json,ffde011bc7b86c90c4767236ccc6e8f3a7a948857f235f3ae44bf986017d4a87
lingbot_va,attribute_select,4,100034,decal:cat,success,1,80,400,task_success,Fetch the block with a cat on it.,reused,lingbot_va/attribute_select/attribute_select_ep100034_result.json,154a1fc5a7c3b14d78f77a5a17ead9d4d7e61758c5ca4f426b451e521f5d2009
lingbot_va,attribute_select,4,100035,decal:dog,success,1,82,400,task_success,Fetch the block with a dog on it.,reused,lingbot_va/attribute_select/attribute_select_ep100035_result.json,7142e4706ed99f6e8625e6a31a392ef2a474a0a1624e572c9203e6b6586a39d9
lingbot_va,attribute_select,4,100036,shape:block,success,1,80,400,task_success,Fetch the cube.,reused,lingbot_va/attribute_select/attribute_select_ep100036_result.json,9754711acd2c34a087bae9b6153daf33a4f337a4c8c14f82ac6295655dbbf576
lingbot_va,attribute_select,4,100037,shape:bar,success,1,85,400,task_success,Fetch the long bar.,reused,lingbot_va/attribute_select/attribute_select_ep100037_result.json,70a5cf7b0e9d8183609f3eb97d385cb1afea416e7c4eab355c8a5c3b2e9d0fdd
lingbot_va,attribute_select,4,100038,size:big,success,1,366,400,task_success,Fetch the big block.,reused,lingbot_va/attribute_select/attribute_select_ep100038_result.json,b929e07a15cf053bdfa1642b4c5982f2c3a5b0674e45206baa1712284345824a
lingbot_va,attribute_select,4,100039,size:small,success,1,78,400,task_success,Reach for the small block and lift it.,reused,lingbot_va/attribute_select/attribute_select_ep100039_result.json,b260c8c1b9f04cb2602b957448191a07578cf19d139c8e5320fb09aa91601d19
lingbot_va,attribute_select,5,100040,color:red,success,1,79,400,task_success,Fetch the red block.,reused,lingbot_va/attribute_select/attribute_select_ep100040_result.json,634d4b16ea3947ac0948894941608c0edc422e16a7483a6d4556c38cda6d5bba
lingbot_va,attribute_select,5,100041,color:blue,success,1,88,400,task_success,Fetch the blue block.,reused,lingbot_va/attribute_select/attribute_select_ep100041_result.json,a0f0beb4fe471983a111f6e9d0aa0cd14a27a05e2af5d406a489af05564314b3
lingbot_va,attribute_select,5,100042,decal:cat,failure,0,400,400,action_limit,Reach for the block with a cat on it and lift it.,reused,lingbot_va/attribute_select/attribute_select_ep100042_result.json,0f6916f05ca353ee8e74c8a55885b0f7a62051f39443e9747db7fec73d4c66c1
lingbot_va,attribute_select,5,100043,decal:dog,failure,0,400,400,action_limit,Reach for the block with a dog on it and lift it.,reused,lingbot_va/attribute_select/attribute_select_ep100043_result.json,e69e09922b3c4c830db2d7954ac615ed19a021478921a68868865fe722a17d69
lingbot_va,attribute_select,5,100044,shape:block,success,1,81,400,task_success,Reach for the cube and lift it.,reused,lingbot_va/attribute_select/attribute_select_ep100044_result.json,334bb0c259825d298756e128b340450340d646d50f519851b644a057057a9388
lingbot_va,attribute_select,5,100045,shape:bar,success,1,248,400,task_success,Fetch the long bar.,reused,lingbot_va/attribute_select/attribute_select_ep100045_result.json,5fb6e1051862f70d6203628b78aca77abb8dc3fd3532c54ee7c2bd1fb9311c72
lingbot_va,attribute_select,5,100046,size:big,success,1,229,400,task_success,Fetch the big block.,reused,lingbot_va/attribute_select/attribute_select_ep100046_result.json,9746d6f2156ca79cc4af8dee223581ad5a303742c195796747a6e680e7ccfa3c
lingbot_va,attribute_select,5,100047,size:small,success,1,79,400,task_success,Fetch the small block.,reused,lingbot_va/attribute_select/attribute_select_ep100047_result.json,b453ccbea517128637cf925554ad2e9834d0df137365d4ef23c88b25ae929741
lingbot_va,attribute_select,6,100048,color:red,success,1,80,400,task_success,Fetch the red block.,reused,lingbot_va/attribute_select/attribute_select_ep100048_result.json,6d29a8774f1a4f0e2d3b5f83d84d6ad2586b3e7a7202fe58ef7f72e19ca6ba1e
lingbot_va,attribute_select,6,100049,color:blue,success,1,81,400,task_success,Fetch the blue block.,reused,lingbot_va/attribute_select/attribute_select_ep100049_result.json,d139dacac7bd92036ec04558ff170e0f29201e8d4498bac690b6c4287a7fdf72
lingbot_va,attribute_select,6,100050,decal:cat,failure,0,400,400,action_limit,Reach for the block with a cat on it and lift it.,reused,lingbot_va/attribute_select/attribute_select_ep100050_result.json,6eb2a500259d4c0ccc0048835cdb27627f61f048198900601a26846babb10675
lingbot_va,attribute_select,6,100051,decal:dog,success,1,80,400,task_success,Fetch the block with a dog on it.,reused,lingbot_va/attribute_select/attribute_select_ep100051_result.json,d7a0fe76cf881f53ecfca34973f2bfc84cc84d9bb26e94f4d141358f64d8303d
lingbot_va,attribute_select,6,100052,shape:block,success,1,80,400,task_success,Reach for the cube and lift it.,reused,lingbot_va/attribute_select/attribute_select_ep100052_result.json,42369bd11ddc74f54fe00fddf900f1eae8d038d4a470c1db5d1eccdff0612484
lingbot_va,attribute_select,6,100053,shape:bar,success,1,235,400,task_success,Fetch the long bar.,reused,lingbot_va/attribute_select/attribute_select_ep100053_result.json,285e5bf6a65be87da7fae177c7e253a00c9c010b4a9db0361c18d08f5b7ad6ec
lingbot_va,attribute_select,6,100054,size:big,failure,0,400,400,action_limit,Fetch the big block.,reused,lingbot_va/attribute_select/attribute_select_ep100054_result.json,1f70a87ee5ffc403f493ebcb9c0f286abedd800f51d420afba698cb1a20f4437
lingbot_va,attribute_select,6,100055,size:small,success,1,80,400,task_success,Reach for the small block and lift it.,reused,lingbot_va/attribute_select/attribute_select_ep100055_result.json,79c44a0b6c70e9b091e8b193df24340fd9d4e4ee00ed73c2c512184c19bbe320
lingbot_va,attribute_select,7,100064,color:red,success,1,79,400,task_success,Fetch the red block.,reused,lingbot_va/attribute_select/attribute_select_ep100064_result.json,e127571dcad4423c8899d6dc7483e4b1f0c532224bc465459372ae9bab96369f
lingbot_va,attribute_select,7,100065,color:blue,success,1,239,400,task_success,Reach for the blue block and lift it.,reused,lingbot_va/attribute_select/attribute_select_ep100065_result.json,d182e0eaeed2a48a5a465f6e34f9df7c66a16158b1c04450e1ed181d15ad8e65
lingbot_va,attribute_select,7,100066,decal:cat,success,1,82,400,task_success,Reach for the block with a cat on it and lift it.,reused,lingbot_va/attribute_select/attribute_select_ep100066_result.json,83f6193d2d2a40188a4c3fc6f2a2a88ff073bfd4a1961e647a9cca28ce79a314
lingbot_va,attribute_select,7,100067,decal:dog,success,1,82,400,task_success,Reach for the block with a dog on it and lift it.,reused,lingbot_va/attribute_select/attribute_select_ep100067_result.json,77b69385b97ee973715536482c10788ea147133ade3d00d3e9def3b7df740b4f
lingbot_va,attribute_select,7,100068,shape:block,success,1,81,400,task_success,Reach for the cube and lift it.,reused,lingbot_va/attribute_select/attribute_select_ep100068_result.json,5d73723503dfb2f35f5412e8153ea9e6c5f3f3ba5161d0c30c81393c3bcc4818
lingbot_va,attribute_select,7,100069,shape:bar,failure,0,400,400,action_limit,Fetch the long bar.,reused,lingbot_va/attribute_select/attribute_select_ep100069_result.json,1d2700a255e933ce009dbe46e5283d84a3ffda7e46f0875601c478b9f10e4874
lingbot_va,attribute_select,7,100070,size:big,success,1,367,400,task_success,Reach for the big block and lift it.,reused,lingbot_va/attribute_select/attribute_select_ep100070_result.json,063a5b6f23478077e87ec21a3c519cdb2662d0b38b1e044fed506929f1b27744
lingbot_va,attribute_select,7,100071,size:small,success,1,80,400,task_success,Fetch the small block.,reused,lingbot_va/attribute_select/attribute_select_ep100071_result.json,180bd67bf98c179fb810f08555c8c4aa4dec346a8dd9c317f6e31ee2f693688e
lingbot_va,attribute_select,8,100072,color:red,success,1,80,400,task_success,Reach for the red block and lift it.,reused,lingbot_va/attribute_select/attribute_select_ep100072_result.json,faa557a3bf3468e32657fb527dd9cdfa08de3ae9bb2d906ae636450c6719ba30
lingbot_va,attribute_select,8,100073,color:blue,failure,0,400,400,action_limit,Reach for the blue block and lift it.,reused,lingbot_va/attribute_select/attribute_select_ep100073_result.json,b6ac41640ce10930ec506f353d2b25514bb1b356de2b272bcd6d8f058bb1a72b
lingbot_va,attribute_select,8,100074,decal:cat,success,1,291,400,task_success,Fetch the block with a cat on it.,reused,lingbot_va/attribute_select/attribute_select_ep100074_result.json,c1da0315d6da9708da772eedfea98f0eebe0e956bbff7e34f131797de2973206
lingbot_va,attribute_select,8,100075,decal:dog,success,1,81,400,task_success,Reach for the block with a dog on it and lift it.,reused,lingbot_va/attribute_select/attribute_select_ep100075_result.json,274d89c2178dd93eb304c8e2f4d65b1ace7391c024ed7a36d13e9ba30d4ba48f
lingbot_va,attribute_select,8,100076,shape:block,success,1,80,400,task_success,Fetch the cube.,reused,lingbot_va/attribute_select/attribute_select_ep100076_result.json,e32ce7e2eea8f7a6b7690d59cb30ec67e63a660a9f17710595cc71abce1174a9
lingbot_va,attribute_select,8,100077,shape:bar,success,1,79,400,task_success,Reach for the long bar and lift it.,reused,lingbot_va/attribute_select/attribute_select_ep100077_result.json,2e2700b92b47387a4f5128a80e2ec499299f03298d9cb662f156742d051bbeee
lingbot_va,attribute_select,8,100078,size:big,failure,0,400,400,action_limit,Fetch the big block.,reused,lingbot_va/attribute_select/attribute_select_ep100078_result.json,2343bd252fcb312602d57a4222c98ac32bb2965a6168b50592966cf6991f2529
lingbot_va,attribute_select,8,100079,size:small,success,1,80,400,task_success,Fetch the small block.,reused,lingbot_va/attribute_select/attribute_select_ep100079_result.json,011165134fdec9cafb3dd6853c6cac9b612ba07aab89b8039463c607c2adcb11
lingbot_va,attribute_select,9,100080,color:red,success,1,81,400,task_success,Fetch the red block.,reused,lingbot_va/attribute_select/attribute_select_ep100080_result.json,2a0c96329d15855f004a4a91a38ec57de83f934e47c0bfa23c5de79122f85cd9
lingbot_va,attribute_select,9,100081,color:blue,success,1,83,400,task_success,Reach for the blue block and lift it.,reused,lingbot_va/attribute_select/attribute_select_ep100081_result.json,6f71f422e9391ab92cbdd76bbf26072058b19c8e313c299b41fca28f3600177c
lingbot_va,attribute_select,9,100082,decal:cat,success,1,242,400,task_success,Reach for the block with a cat on it and lift it.,reused,lingbot_va/attribute_select/attribute_select_ep100082_result.json,241b8b187d0a1d1a1aba06207397779485d5f1c047e016c0e83ca9728e13aaf0
lingbot_va,attribute_select,9,100083,decal:dog,success,1,87,400,task_success,Reach for the block with a dog on it and lift it.,reused,lingbot_va/attribute_select/attribute_select_ep100083_result.json,24aaf8caf3eab09f09bd69c75666421480c48500b3282d72f43d71bd04a4d763
lingbot_va,attribute_select,9,100084,shape:block,success,1,80,400,task_success,Fetch the cube.,reused,lingbot_va/attribute_select/attribute_select_ep100084_result.json,5541892f3b18aff7a687803350e53527a9e393130642d38414fdfa8dadce1557
lingbot_va,attribute_select,9,100085,shape:bar,success,1,326,400,task_success,Fetch the long bar.,reused,lingbot_va/attribute_select/attribute_select_ep100085_result.json,2ca18daa5f51508241434f8a5907095446709bff3f966cab22281e2269b73ac7
lingbot_va,attribute_select,9,100086,size:big,failure,0,400,400,action_limit,Fetch the big block.,reused,lingbot_va/attribute_select/attribute_select_ep100086_result.json,8b3c87eb3e8c06b7cc69bab68ff40d47076a231aa1e68c3a15d4d4e4e459ef43
lingbot_va,attribute_select,9,100087,size:small,success,1,80,400,task_success,Reach for the small block and lift it.,reused,lingbot_va/attribute_select/attribute_select_ep100087_result.json,bff6db2629d43cb74cedb81b3ae3a595558d0e6d07a544518e23f4b706ea14fd
lingbot_va,attribute_select,10,100088,color:red,success,1,81,400,task_success,Fetch the red block.,reused,lingbot_va/attribute_select/attribute_select_ep100088_result.json,e0c4ec00fa39fb3eefaa853fb63dd0bcbc4cf529f1385ec4d3a5593e6a5ae972
lingbot_va,attribute_select,10,100089,color:blue,success,1,81,400,task_success,Fetch the blue block.,reused,lingbot_va/attribute_select/attribute_select_ep100089_result.json,ed87f5d285306d417bb531a93566e9147ae19cd4b741c8358ec1027b4a5e786b
lingbot_va,attribute_select,10,100090,decal:cat,success,1,250,400,task_success,Reach for the block with a cat on it and lift it.,reused,lingbot_va/attribute_select/attribute_select_ep100090_result.json,695d2a3c779dda1964923c14cb873a94d968061747f7842f35896288147f767b
lingbot_va,attribute_select,10,100091,decal:dog,success,1,81,400,task_success,Fetch the block with a dog on it.,reused,lingbot_va/attribute_select/attribute_select_ep100091_result.json,04ca963c26e7d341922c537f0051eba55fd877fe62efc0d38454be161eb23c7b
lingbot_va,attribute_select,10,100092,shape:block,success,1,82,400,task_success,Reach for the cube and lift it.,reused,lingbot_va/attribute_select/attribute_select_ep100092_result.json,8e65716fb2738baf2a0a44a6af9798f67ef1f01a37a543f95422ad962ab7b8a5
lingbot_va,attribute_select,10,100093,shape:bar,success,1,80,400,task_success,Reach for the long bar and lift it.,reused,lingbot_va/attribute_select/attribute_select_ep100093_result.json,c90d60b5a44011dab258e70d7c83ba9371234131d18ada9f97c121bf6ab330d7
lingbot_va,attribute_select,10,100094,size:big,success,1,290,400,task_success,Reach for the big block and lift it.,reused,lingbot_va/attribute_select/attribute_select_ep100094_result.json,d929ab411fabf2514518c278e77dedd4dd67170fbbcc3bcbe37dc0ed2fa57b15
lingbot_va,attribute_select,10,100095,size:small,success,1,81,400,task_success,Reach for the small block and lift it.,reused,lingbot_va/attribute_select/attribute_select_ep100095_result.json,28fc4c739ee5dc5065db2ca5aa9b59562779d4531b3ce843a7348a8e6ffd8173
lingbot_va,attribute_select,11,100096,color:red,success,1,80,400,task_success,Reach for the red block and lift it.,reused,lingbot_va/attribute_select/attribute_select_ep100096_result.json,0d4909225a200c562055ee723858b0d72403404ebe92629f8c372c032cea9b2d
lingbot_va,attribute_select,11,100097,color:blue,success,1,81,400,task_success,Fetch the blue block.,reused,lingbot_va/attribute_select/attribute_select_ep100097_result.json,e2eca83250dfb911eb76ddecb150fa30a960a057284233d455502c0dc2972217
lingbot_va,attribute_select,11,100098,decal:cat,success,1,237,400,task_success,Fetch the block with a cat on it.,reused,lingbot_va/attribute_select/attribute_select_ep100098_result.json,f66683b5626b2d80dd781dcc907cff67bd8fec55f594a5b35e3b42280ac58338
lingbot_va,attribute_select,11,100099,decal:dog,success,1,81,400,task_success,Fetch the block with a dog on it.,reused,lingbot_va/attribute_select/attribute_select_ep100099_result.json,40bb9080a6b27b1b10adc79e6fbb4c78b5bf7785b4513a043c35c41fdad26352
lingbot_va,attribute_select,11,100100,shape:block,success,1,81,400,task_success,Reach for the cube and lift it.,reused,lingbot_va/attribute_select/attribute_select_ep100100_result.json,860bf77c77ffe041ff29d7f893025decbfa23e7eaa7d611698c364f3c9718378
lingbot_va,attribute_select,11,100101,shape:bar,success,1,242,400,task_success,Reach for the long bar and lift it.,reused,lingbot_va/attribute_select/attribute_select_ep100101_result.json,f489f54768c6fdef89972431ff97cd5a21dcd6dc8ff0c9943ee86f98bde5c221
lingbot_va,attribute_select,11,100102,size:big,success,1,398,400,task_success,Fetch the big block.,reused,lingbot_va/attribute_select/attribute_select_ep100102_result.json,e7e758183835f7df4d409f877ed53a2b477b16b6b1ed0eb86ccce73ede2ff945
lingbot_va,attribute_select,11,100103,size:small,success,1,81,400,task_success,Fetch the small block.,reused,lingbot_va/attribute_select/attribute_select_ep100103_result.json,143073d4d5ac683a07da3cb782989e7d90d42af04a0b7462a7ad3bab1184998c
lingbot_va,attribute_select,12,100104,color:red,success,1,81,400,task_success,Reach for the red block and lift it.,reused,lingbot_va/attribute_select/attribute_select_ep100104_result.json,025ff3fe470e4fe2453029a5eac6f9e07b1e0b2326853bd82fc8b0636af64e13
lingbot_va,attribute_select,12,100105,color:blue,failure,0,400,400,action_limit,Reach for the blue block and lift it.,reused,lingbot_va/attribute_select/attribute_select_ep100105_result.json,ab9b4ef66904735364b5223b6945b8afedb7e75546162d1623a7e346661cc7db
lingbot_va,attribute_select,12,100106,decal:cat,success,1,86,400,task_success,Reach for the block with a cat on it and lift it.,reused,lingbot_va/attribute_select/attribute_select_ep100106_result.json,6113e1aa5aa3f054dcf30d035c420f75f64934f59b484559b7163d33c82b4146
lingbot_va,attribute_select,12,100107,decal:dog,success,1,247,400,task_success,Reach for the block with a dog on it and lift it.,reused,lingbot_va/attribute_select/attribute_select_ep100107_result.json,dbc6f9640860e264d0498d3fb1510fa81cbea6621999978d1bbba0c9b0a98c59
lingbot_va,attribute_select,12,100108,shape:block,success,1,81,400,task_success,Reach for the cube and lift it.,reused,lingbot_va/attribute_select/attribute_select_ep100108_result.json,9121970758f1bfdd73e93a48e06bee2cc562d6216db2a69b9577040b7bd0d86c
lingbot_va,attribute_select,12,100109,shape:bar,success,1,239,400,task_success,Fetch the long bar.,reused,lingbot_va/attribute_select/attribute_select_ep100109_result.json,1f3da36d4e6b52ca63e6dda7cd4160e77ff34475f9d88946480ef38c44604507
lingbot_va,attribute_select,12,100110,size:big,success,1,367,400,task_success,Reach for the big block and lift it.,reused,lingbot_va/attribute_select/attribute_select_ep100110_result.json,26ac31d0db869d2b1acf3a553740bbc9d0fc86d8185cd9dfb6c16b148bf2c128
lingbot_va,attribute_select,12,100111,size:small,success,1,80,400,task_success,Reach for the small block and lift it.,reused,lingbot_va/attribute_select/attribute_select_ep100111_result.json,95f8abaa7b02bca559dccfdc636117773d3a8badfec46213eb52fc54d923426d
lingbot_va,attribute_select,13,100112,color:red,success,1,79,400,task_success,Reach for the red block and lift it.,reused,lingbot_va/attribute_select/attribute_select_ep100112_result.json,a8376c22e4a22c789bb894c9a0e2614c46811694dc1f5e03c913c955642d62e3
lingbot_va,attribute_select,13,100113,color:blue,success,1,79,400,task_success,Fetch the blue block.,reused,lingbot_va/attribute_select/attribute_select_ep100113_result.json,0bef2b3753eba802180ff63e46199c7c5d7add3562ed2a8ecf2435ef9bacf62f
lingbot_va,attribute_select,13,100114,decal:cat,success,1,251,400,task_success,Reach for the block with a cat on it and lift it.,reused,lingbot_va/attribute_select/attribute_select_ep100114_result.json,9ca7ecd75119956e366763627f691cf8f3d86d16451ab7a81ca217a433e2e0a7
lingbot_va,attribute_select,13,100115,decal:dog,success,1,81,400,task_success,Fetch the block with a dog on it.,reused,lingbot_va/attribute_select/attribute_select_ep100115_result.json,338bf07e4875b83b604349bd0467471763aab7a542ec56e0e40eed274691bd8d
lingbot_va,attribute_select,13,100116,shape:block,success,1,80,400,task_success,Fetch the cube.,reused,lingbot_va/attribute_select/attribute_select_ep100116_result.json,9a23b7bf073e7d6d96e3b13500b0bd5f9dfb96fa110825e345a926a22d6a55a5
lingbot_va,attribute_select,13,100117,shape:bar,failure,0,400,400,action_limit,Fetch the long bar.,reused,lingbot_va/attribute_select/attribute_select_ep100117_result.json,e18bb60b51f84a799f115c38d1d8bc80c464731454cd9a9f0dba04e920f2a358
lingbot_va,attribute_select,13,100118,size:big,success,1,256,400,task_success,Reach for the big block and lift it.,reused,lingbot_va/attribute_select/attribute_select_ep100118_result.json,7118e241d6b705f622f29bf2eeaa0058d609cb7d392120211152567de3ad6377
lingbot_va,attribute_select,13,100119,size:small,success,1,81,400,task_success,Reach for the small block and lift it.,reused,lingbot_va/attribute_select/attribute_select_ep100119_result.json,564f66e00ad6e325018129ff0082095e42ecee86c2ba2b64b55927e8387c1fd5
lingbot_va,attribute_select,14,100120,color:red,success,1,78,400,task_success,Reach for the red block and lift it.,reused,lingbot_va/attribute_select/attribute_select_ep100120_result.json,2498ca17375b967f53fbf8812a158a33cc859a3ae358badf5faac2273ec143e4
lingbot_va,attribute_select,14,100121,color:blue,success,1,85,400,task_success,Fetch the blue block.,reused,lingbot_va/attribute_select/attribute_select_ep100121_result.json,d54363eda9c7b9ea9ab31c8cba9a43de9813d1f4ec1259dd17ac335e9fce2c27
lingbot_va,attribute_select,14,100122,decal:cat,success,1,313,400,task_success,Fetch the block with a cat on it.,reused,lingbot_va/attribute_select/attribute_select_ep100122_result.json,f2b0eeb05eda278864a533ec1f8ad98734441c773865babf2f0358e3ef4a7c9a
lingbot_va,attribute_select,14,100123,decal:dog,success,1,81,400,task_success,Fetch the block with a dog on it.,reused,lingbot_va/attribute_select/attribute_select_ep100123_result.json,56f08a37e934b2144ad8a29150f28609308f540ca9ba95b913884cd2deb9133f
lingbot_va,attribute_select,14,100124,shape:block,success,1,82,400,task_success,Fetch the cube.,reused,lingbot_va/attribute_select/attribute_select_ep100124_result.json,bbf4b729bb2cfa816969bfa95a03993485a9f839fe76ad8723693147de185d32
lingbot_va,attribute_select,14,100125,shape:bar,success,1,85,400,task_success,Reach for the long bar and lift it.,reused,lingbot_va/attribute_select/attribute_select_ep100125_result.json,bdf0a7be4b1d7d1a9044fd1b684048f1d7d9db8134bc20dc8b8f369e5a4a6e81
lingbot_va,attribute_select,14,100126,size:big,success,1,367,400,task_success,Reach for the big block and lift it.,reused,lingbot_va/attribute_select/attribute_select_ep100126_result.json,adcc15cc1646e5f476e98d62e229ebc024d460d65242276951c41bd916e8b379
lingbot_va,attribute_select,14,100127,size:small,success,1,80,400,task_success,Fetch the small block.,reused,lingbot_va/attribute_select/attribute_select_ep100127_result.json,2e83e8e35411ea1811dd3d1e6ae8b6e63ed184f2313799f29ca235210f0fd009
lingbot_va,attribute_select,15,100128,color:red,success,1,79,400,task_success,Fetch the red block.,reused,lingbot_va/attribute_select/attribute_select_ep100128_result.json,b67fdd441d446e63ae523cd41d7c7aeb3a80d0e4f73ddb18cae7a4f17900bea6
lingbot_va,attribute_select,15,100129,color:blue,success,1,81,400,task_success,Fetch the blue block.,reused,lingbot_va/attribute_select/attribute_select_ep100129_result.json,ba007f13f034c5966a58c43fbdc268466ed6db519d24d46a95b989f665664b9b
lingbot_va,attribute_select,15,100130,decal:cat,success,1,81,400,task_success,Reach for the block with a cat on it and lift it.,reused,lingbot_va/attribute_select/attribute_select_ep100130_result.json,ad8782325d3dd0c72c5387837f5d25d5a33aee3a3815219521f873cd0fd9a8cf
lingbot_va,attribute_select,15,100131,decal:dog,success,1,238,400,task_success,Fetch the block with a dog on it.,reused,lingbot_va/attribute_select/attribute_select_ep100131_result.json,761a917639408125998d3c5e34dfad06a73e454e867c0008b9a3d37733c4f101
lingbot_va,attribute_select,15,100132,shape:block,success,1,82,400,task_success,Reach for the cube and lift it.,reused,lingbot_va/attribute_select/attribute_select_ep100132_result.json,65d61323d3003ecbe63f8b9c9f056ddc54e3954ea65250fd34bdc543ffbe3b17
lingbot_va,attribute_select,15,100133,shape:bar,success,1,300,400,task_success,Fetch the long bar.,reused,lingbot_va/attribute_select/attribute_select_ep100133_result.json,3495df789058ddd2f1b62a9bb55d70943a74ce9fe5c1a0ce9a3a5cff58fa6a52
lingbot_va,attribute_select,15,100134,size:big,success,1,226,400,task_success,Fetch the big block.,reused,lingbot_va/attribute_select/attribute_select_ep100134_result.json,ff4f84c581093afed1a661afee0b157080daa7dbf9b17ba9a4b05b40396a22d3
lingbot_va,attribute_select,15,100135,size:small,success,1,80,400,task_success,Reach for the small block and lift it.,reused,lingbot_va/attribute_select/attribute_select_ep100135_result.json,1498257e5cc4db5ed9eca27f489cff502aefda88853b007a82b23988ddc77ca1
lingbot_va,attribute_select,16,100144,color:red,success,1,80,400,task_success,Reach for the red block and lift it.,reused,lingbot_va/attribute_select/attribute_select_ep100144_result.json,380254aee9fc15913bacaa39626f8c93e8b7b2c8223908db17d0bb1d0d28e5be
lingbot_va,attribute_select,16,100145,color:blue,success,1,79,400,task_success,Fetch the blue block.,reused,lingbot_va/attribute_select/attribute_select_ep100145_result.json,1c129fd8d4608708b0ade45888266c0b27982160b43fb714e49d7608c1321ebc
lingbot_va,attribute_select,16,100146,decal:cat,success,1,238,400,task_success,Reach for the block with a cat on it and lift it.,reused,lingbot_va/attribute_select/attribute_select_ep100146_result.json,9aab7bab56db7a2d59fecee86f8de8f19c18da64079991d51ce03da3c351b1f3
lingbot_va,attribute_select,16,100147,decal:dog,success,1,239,400,task_success,Fetch the block with a dog on it.,reused,lingbot_va/attribute_select/attribute_select_ep100147_result.json,264d23c10906ffe13d5241e9c7023f57657b68e05ecdc4ef0844ddfcdd9733f6
lingbot_va,attribute_select,16,100148,shape:block,success,1,80,400,task_success,Fetch the cube.,reused,lingbot_va/attribute_select/attribute_select_ep100148_result.json,60e4c180e577a45f2932da8772fbd1205b48e65e96ee868cc3096c3e90327b0c
lingbot_va,attribute_select,16,100149,shape:bar,success,1,82,400,task_success,Reach for the long bar and lift it.,reused,lingbot_va/attribute_select/attribute_select_ep100149_result.json,895df57538dbb7c3be4c551c0ae738c94956c67ba9058d4da5a8a0993feaff96
lingbot_va,attribute_select,16,100150,size:big,success,1,270,400,task_success,Fetch the big block.,reused,lingbot_va/attribute_select/attribute_select_ep100150_result.json,d8f68bd5cbb28cf49497d1f11a50c5405cbc889392d98905292b3db131a37b1d
lingbot_va,attribute_select,16,100151,size:small,success,1,80,400,task_success,Fetch the small block.,reused,lingbot_va/attribute_select/attribute_select_ep100151_result.json,c9b19a35dbd52fc81d2214886b53cf44318600d97b0cf09cfb35b6a372aba370
lingbot_va,attribute_select,17,100152,color:red,success,1,80,400,task_success,Reach for the red block and lift it.,reused,lingbot_va/attribute_select/attribute_select_ep100152_result.json,39665fba8868c9b8a7a76640493891d6bd9ba7fca04c7dfacdab9f03d53d5512
lingbot_va,attribute_select,17,100153,color:blue,success,1,82,400,task_success,Fetch the blue block.,reused,lingbot_va/attribute_select/attribute_select_ep100153_result.json,c946f2796273d4f6ebcb7b538490d3186e7e8b80504dfa9bea70e574ad1627f2
lingbot_va,attribute_select,17,100154,decal:cat,success,1,268,400,task_success,Reach for the block with a cat on it and lift it.,reused,lingbot_va/attribute_select/attribute_select_ep100154_result.json,b7f8aaf3a6ba396c147346685277c4c315f370c3f2d53200bf7fe2fcf1d79a09
lingbot_va,attribute_select,17,100155,decal:dog,success,1,239,400,task_success,Fetch the block with a dog on it.,reused,lingbot_va/attribute_select/attribute_select_ep100155_result.json,50d0f08649708adafe48a4bd27697adba01c7e61c2d0a959ec2f470ddccc7cda
lingbot_va,attribute_select,17,100156,shape:block,success,1,80,400,task_success,Reach for the cube and lift it.,reused,lingbot_va/attribute_select/attribute_select_ep100156_result.json,ca92ef8e35139921b0a2ae46d3daaa648171fdf3228e3c57b83089240a478f47
lingbot_va,attribute_select,17,100157,shape:bar,success,1,79,400,task_success,Reach for the long bar and lift it.,reused,lingbot_va/attribute_select/attribute_select_ep100157_result.json,f16ff203cccf3cc034f6f68a4d7abc482dd71b24aff90901df4f70b97105271e
lingbot_va,attribute_select,17,100158,size:big,success,1,281,400,task_success,Fetch the big block.,reused,lingbot_va/attribute_select/attribute_select_ep100158_result.json,566a0964f16fb29b94b3b324fef40f2b9c5cb7b67ccbf4e1e1df2bc51c3339dd
lingbot_va,attribute_select,17,100159,size:small,success,1,80,400,task_success,Fetch the small block.,reused,lingbot_va/attribute_select/attribute_select_ep100159_result.json,f0db63654a0d1cf6a49e95f91cd2d31d120f913e7151bed74d3f80ad4b2ad8ff
lingbot_va,attribute_select,18,100160,color:red,success,1,79,400,task_success,Fetch the red block.,reused,lingbot_va/attribute_select/attribute_select_ep100160_result.json,77f311e57f8cdd1f85a6f2b2f92e6834f5c09d34bc0fb2bcc8366cff8d81c590
lingbot_va,attribute_select,18,100161,color:blue,success,1,86,400,task_success,Reach for the blue block and lift it.,reused,lingbot_va/attribute_select/attribute_select_ep100161_result.json,9d95b32d8a204d684d2411d668b78bdbb6d9f0519c72f4cca1a5963ec0df7b28
lingbot_va,attribute_select,18,100162,decal:cat,success,1,239,400,task_success,Reach for the block with a cat on it and lift it.,reused,lingbot_va/attribute_select/attribute_select_ep100162_result.json,7db5dd99c77b1f2bf554a394c670887582c60f5ec33f887361e629dccf6f997e
lingbot_va,attribute_select,18,100163,decal:dog,success,1,239,400,task_success,Fetch the block with a dog on it.,reused,lingbot_va/attribute_select/attribute_select_ep100163_result.json,b42a5bb5810b70d57e87d48997d780eec78c28c3f2864daa608c7b986f47085f
lingbot_va,attribute_select,18,100164,shape:block,success,1,80,400,task_success,Reach for the cube and lift it.,reused,lingbot_va/attribute_select/attribute_select_ep100164_result.json,2ba38d69010bfc5b481b0f283785d3751d8f47385e2a8e8e6ae24d857efacf67
lingbot_va,attribute_select,18,100165,shape:bar,success,1,256,400,task_success,Fetch the long bar.,reused,lingbot_va/attribute_select/attribute_select_ep100165_result.json,7dbba330cc6c82c63cbd342ae37c67cbcca422537ee7c586828569df3a0f0574
lingbot_va,attribute_select,18,100166,size:big,success,1,358,400,task_success,Fetch the big block.,reused,lingbot_va/attribute_select/attribute_select_ep100166_result.json,9ff567d580aa04e562123570304cb74bff3a1d5f9796c88ba167d94ccabd3fe6
lingbot_va,attribute_select,18,100167,size:small,success,1,80,400,task_success,Reach for the small block and lift it.,reused,lingbot_va/attribute_select/attribute_select_ep100167_result.json,8b519c36c05b1c894da44892dcb3ffa1826f2a6e581c270cd2969c6c6b49e971
lingbot_va,attribute_select,19,100168,color:red,success,1,81,400,task_success,Fetch the red block.,reused,lingbot_va/attribute_select/attribute_select_ep100168_result.json,cbc77bda5becbcbf12452ec3fa5e6eb978ea6dc5706b3098872706b00b5ebc0f
lingbot_va,attribute_select,19,100169,color:blue,success,1,79,400,task_success,Reach for the blue block and lift it.,reused,lingbot_va/attribute_select/attribute_select_ep100169_result.json,7a35abe52dabfcf89680d0de2bb96adf50c5e0d3b3e5fe15c5a7d15e50c78644
lingbot_va,attribute_select,19,100170,decal:cat,success,1,83,400,task_success,Fetch the block with a cat on it.,reused,lingbot_va/attribute_select/attribute_select_ep100170_result.json,01af911536b900e3af7ba411dbe09ec69d4183f71e4c5885f6fa6bd7c4b49d3b
lingbot_va,attribute_select,19,100171,decal:dog,success,1,80,400,task_success,Reach for the block with a dog on it and lift it.,reused,lingbot_va/attribute_select/attribute_select_ep100171_result.json,5ad37c793d2973d9581ef07045df838ea45be2fc8e4071137533c6305c262802
lingbot_va,attribute_select,19,100172,shape:block,success,1,79,400,task_success,Reach for the cube and lift it.,reused,lingbot_va/attribute_select/attribute_select_ep100172_result.json,e8144961e2145673d8eae23aedeff85a5a7dbadbcaa08dd2c4bdb57792db01ef
lingbot_va,attribute_select,19,100173,shape:bar,success,1,294,400,task_success,Fetch the long bar.,reused,lingbot_va/attribute_select/attribute_select_ep100173_result.json,41b7dcd8281f59a3281f08c0cede398205db1eb897e157c775071178fd700b82
lingbot_va,attribute_select,19,100174,size:big,success,1,289,400,task_success,Reach for the big block and lift it.,reused,lingbot_va/attribute_select/attribute_select_ep100174_result.json,666938f08315e77bbd41878e77b1d6afcaf97f45c750a353a1ddbacdddb4beea
lingbot_va,attribute_select,19,100175,size:small,success,1,80,400,task_success,Fetch the small block.,reused,lingbot_va/attribute_select/attribute_select_ep100175_result.json,7e500487f1369137c9dc6b8501ac58dfd12e52df2ee7ca87da5cbeb09b18af1f
lingbot_va,arm_select,0,200000,left,success,1,79,400,task_success,Have the left arm take the block.,reused,lingbot_va/arm_select/arm_select_ep200000_result.json,910bf7039aba41596dd9f9de2acfba282a12db49c34b3d69d17eed1a1b56624b
lingbot_va,arm_select,0,200001,right,success,1,80,400,task_success,Have the right arm take the block.,reused,lingbot_va/arm_select/arm_select_ep200001_result.json,b65640fdf20efdc733f959f7533d78b330361d38580366dc0c896413f31a932b
lingbot_va,arm_select,1,200002,left,success,1,78,400,task_success,Use the left arm to retrieve the block.,reused,lingbot_va/arm_select/arm_select_ep200002_result.json,e9c3f09386ff87cac64d08bfbcde38b1eb252e5a425349b68e01ee44b5b3ad2d
lingbot_va,arm_select,1,200003,right,failure,0,400,400,action_limit,Use the right arm to retrieve the block.,reused,lingbot_va/arm_select/arm_select_ep200003_result.json,c3c9c32022f3155fb08b707315b4231b189969cbf655af2d41988aa4d4f25705
lingbot_va,arm_select,2,200004,left,success,1,79,400,task_success,Let the left arm grab the block.,reused,lingbot_va/arm_select/arm_select_ep200004_result.json,61ade461cc259da886fd3d7609d8ee88b1b351f8690659e73e34dca671a08c31
lingbot_va,arm_select,2,200005,right,success,1,82,400,task_success,Let the right arm grab the block.,reused,lingbot_va/arm_select/arm_select_ep200005_result.json,1b436fd655b40bb0ab14025c96a06b1c81f62d81e5317f2a873a71d95be84d8c
lingbot_va,arm_select,3,200006,left,success,1,79,400,task_success,Have the left arm take the block.,reused,lingbot_va/arm_select/arm_select_ep200006_result.json,77464d71285ca9abab0f773ae35b3496c47b6512b6e04ab804ac769c193c52cf
lingbot_va,arm_select,3,200007,right,success,1,290,400,task_success,Have the right arm take the block.,reused,lingbot_va/arm_select/arm_select_ep200007_result.json,3728fd9f0bf745b634ded62fb48a6c4d271f2e06e0414b762698b97eb19132e7
lingbot_va,arm_select,4,200008,left,success,1,79,400,task_success,"With the left arm, grab the block.",reused,lingbot_va/arm_select/arm_select_ep200008_result.json,c01e4502c4d7a64a13e8ec08c4dff6060911799b0ef25a1594a3140ee396e63f
lingbot_va,arm_select,4,200009,right,success,1,81,400,task_success,"With the right arm, grab the block.",reused,lingbot_va/arm_select/arm_select_ep200009_result.json,6fdba0eca3798f73e9751f4237cc45583328ceef039e59ba1dbcacb338d1797f
lingbot_va,arm_select,5,200010,left,success,1,79,400,task_success,Employ the left arm to lift the block.,reused,lingbot_va/arm_select/arm_select_ep200010_result.json,8946e61c236f7eed90c9ebe6af82ed8e839b5a1c8acb5a1bc5b1a3382be07cc2
lingbot_va,arm_select,5,200011,right,success,1,87,400,task_success,Employ the right arm to lift the block.,reused,lingbot_va/arm_select/arm_select_ep200011_result.json,1c6c3a7c3ce0ad0de42d2e32eac84f3c5057e95170d117b3667a96f1088e1d54
lingbot_va,arm_select,6,200012,left,success,1,79,400,task_success,Use the left arm to hold the block.,reused,lingbot_va/arm_select/arm_select_ep200012_result.json,9e852285e4bc53942aefe08df0ed7030e6ae38c45603ea46a164716bfa78db8b
lingbot_va,arm_select,6,200013,right,success,1,82,400,task_success,Use the right arm to hold the block.,reused,lingbot_va/arm_select/arm_select_ep200013_result.json,5bb137b94de64ed9405cb1b55c32793c8cc7b762f5342807f21bf67da59b8ac4
lingbot_va,arm_select,7,200016,left,success,1,80,400,task_success,Employ the left arm to lift the block.,reused,lingbot_va/arm_select/arm_select_ep200016_result.json,779eecba83b511aa366c1777f82c11413f59fe774958be145d9f15056d7628d7
lingbot_va,arm_select,7,200017,right,success,1,80,400,task_success,Employ the right arm to lift the block.,reused,lingbot_va/arm_select/arm_select_ep200017_result.json,ea13ee6012d519806311ac008fd9d8442584f34ef5d831017fb47fbae1169ea3
lingbot_va,arm_select,8,200018,left,success,1,81,400,task_success,Collect the block using the left arm.,reused,lingbot_va/arm_select/arm_select_ep200018_result.json,f0eece0a26b912ecd03246ce552d8446b70b4c80240a7cf72c545153cf06ebdf
lingbot_va,arm_select,8,200019,right,success,1,84,400,task_success,Collect the block using the right arm.,reused,lingbot_va/arm_select/arm_select_ep200019_result.json,41f9c7ddbc6568bf95273cae476f3992c9e19058f9193556ceb57c5c8c28a924
lingbot_va,arm_select,9,200020,left,success,1,79,400,task_success,Pick up the block carefully with the left arm.,reused,lingbot_va/arm_select/arm_select_ep200020_result.json,213a23938025b5cee646c2cb249acebd5b67024bf438077c9e5aed36bd0de557
lingbot_va,arm_select,9,200021,right,success,1,193,400,task_success,Pick up the block carefully with the right arm.,reused,lingbot_va/arm_select/arm_select_ep200021_result.json,c054838629aed5cae4d70c662eb0eb63eee3912382670d3262a40eedd3f1c8a5
lingbot_va,arm_select,10,200022,left,success,1,79,400,task_success,Scoop up the block with the left arm.,reused,lingbot_va/arm_select/arm_select_ep200022_result.json,22310ae13b0ed63a406779c57f286d2fb75a2ae0f103f35b4ad33ea6157db9c2
lingbot_va,arm_select,10,200023,right,success,1,209,400,task_success,Scoop up the block with the right arm.,reused,lingbot_va/arm_select/arm_select_ep200023_result.json,5ef5f7e89516921a4e27954a7662d769e2584e3b24a3564132552a04098908db
lingbot_va,arm_select,11,200026,left,success,1,78,400,task_success,Let the left arm grab the block.,reused,lingbot_va/arm_select/arm_select_ep200026_result.json,ae3229e6f98b3d4b67535efc15a19669e4966455068eb6224182f70434868461
lingbot_va,arm_select,11,200027,right,success,1,82,400,task_success,Let the right arm grab the block.,reused,lingbot_va/arm_select/arm_select_ep200027_result.json,9831fbfd5afc302476cdb659d28cd47b93734404ca62ace32b7f616474526d34
lingbot_va,arm_select,12,200028,left,success,1,79,400,task_success,Scoop up the block with the left arm.,reused,lingbot_va/arm_select/arm_select_ep200028_result.json,13135e9c30a4da85e8c0edaeba170fd342068f0ea21ceef898d2a21f426dd414
lingbot_va,arm_select,12,200029,right,success,1,206,400,task_success,Scoop up the block with the right arm.,reused,lingbot_va/arm_select/arm_select_ep200029_result.json,4dad25719d258bcdcf6daa5f6452ee43812c28d719d8e3b464eb16263a0b31d7
lingbot_va,arm_select,13,200030,left,success,1,80,400,task_success,Pick up the block carefully with the left arm.,reused,lingbot_va/arm_select/arm_select_ep200030_result.json,83cf803251dd522d623c9d84099224c45c56ab84dd68a5b63c37ca5b5d99d915
lingbot_va,arm_select,13,200031,right,success,1,205,400,task_success,Pick up the block carefully with the right arm.,reused,lingbot_va/arm_select/arm_select_ep200031_result.json,57a36adba5d359a2d7d06ad2398b5aa663b88a423df9c1a147739510b3be15ad
lingbot_va,arm_select,14,200032,left,success,1,79,400,task_success,Employ the left arm to lift the block.,reused,lingbot_va/arm_select/arm_select_ep200032_result.json,eb55665b9ab6ec7a0b5de8759ebe2b0b5a6967d34ed6f3dfa8ede36c9118d7c7
lingbot_va,arm_select,14,200033,right,failure,0,400,400,action_limit,Employ the right arm to lift the block.,reused,lingbot_va/arm_select/arm_select_ep200033_result.json,8be9a5225b0fc9e66eefc895d0b92b78713b2e309236e095e45b9245b400d968
lingbot_va,arm_select,15,200034,left,success,1,79,400,task_success,Employ the left arm to lift the block.,reused,lingbot_va/arm_select/arm_select_ep200034_result.json,e985816caa8590e01b5bc1e36b7132eabd88351e91719b51d167b338ab1c38e0
lingbot_va,arm_select,15,200035,right,success,1,81,400,task_success,Employ the right arm to lift the block.,reused,lingbot_va/arm_select/arm_select_ep200035_result.json,484503b903c323349be6cef1e6ca0776dd2393d329b5ca545d012c35ca901e41
lingbot_va,arm_select,16,200036,left,success,1,80,400,task_success,Pick up the block carefully with the left arm.,reused,lingbot_va/arm_select/arm_select_ep200036_result.json,2497402c01aabbeddee04c445e10f98cd3a67f6132700b4dd5061aef1905ae4b
lingbot_va,arm_select,16,200037,right,success,1,159,400,task_success,Pick up the block carefully with the right arm.,reused,lingbot_va/arm_select/arm_select_ep200037_result.json,f0f4e6b4acd06c290f0046c668e663a155f2479ad3424729f598db5420a80744
lingbot_va,arm_select,17,200038,left,success,1,79,400,task_success,Retrieve the block with the left arm.,reused,lingbot_va/arm_select/arm_select_ep200038_result.json,093b5443016d3fe5361798b6c0774b7f873818424ca2945d84c942da66181f1b
lingbot_va,arm_select,17,200039,right,failure,0,400,400,action_limit,Retrieve the block with the right arm.,reused,lingbot_va/arm_select/arm_select_ep200039_result.json,9695347c433c213439d5b50910f9934d80824a6b99be45564894af3535bee2e1
lingbot_va,arm_select,18,200040,left,success,1,82,400,task_success,Scoop up the block with the left arm.,reused,lingbot_va/arm_select/arm_select_ep200040_result.json,8ffe3b2d1fa2f84e35da85954c383cd2afb954601908c13809979c1ebd8387d4
lingbot_va,arm_select,18,200041,right,success,1,192,400,task_success,Scoop up the block with the right arm.,reused,lingbot_va/arm_select/arm_select_ep200041_result.json,f7e440c2219a9e05168ff82d05f4b6082425244ccc5d87bccc022cabf2e166bf
lingbot_va,arm_select,19,200042,left,success,1,79,400,task_success,Use the left arm to hold the block.,reused,lingbot_va/arm_select/arm_select_ep200042_result.json,66360e668ac491a21f7a3104cc446b7d2f3fd986b728d0cd60377700a5b8d63e
lingbot_va,arm_select,19,200043,right,success,1,83,400,task_success,Use the right arm to hold the block.,reused,lingbot_va/arm_select/arm_select_ep200043_result.json,08170efe848523d758d19540f9c50b5f8d669ff747399596da3647445e169f08
lingbot_va,stack_sequence,0,100008,red>green>blue,success,1,423,1200,task_success,"Put red block down, green block on red block, blue block on green block.",reused,lingbot_va/stack_sequence/stack_sequence_ep100008_result.json,2841e5b2c38c74bf103f11caac521d5eafb502e24d9361b94d0d115d0a31c3ee
lingbot_va,stack_sequence,0,100009,red>blue>green,failure,0,1200,1200,action_limit,Stack green block over blue block and blue block over red block.,reused,lingbot_va/stack_sequence/stack_sequence_ep100009_result.json,57f80cfca3be43e5e7f6d22fc49cfdacc52d4b4e75e4d755d52036a604e821f7
lingbot_va,stack_sequence,0,100010,green>red>blue,failure,0,1200,1200,action_limit,"From the bottom up: green block, then red block, then blue block.",reused,lingbot_va/stack_sequence/stack_sequence_ep100010_result.json,88f6d93f70154dd0a801a19e4489300f6c5b7cf22a0983b66ea40842ca3559c8
lingbot_va,stack_sequence,0,100011,green>blue>red,failure,0,1200,1200,action_limit,"Bottom to top, the order is green block, blue block, red block.",reused,lingbot_va/stack_sequence/stack_sequence_ep100011_result.json,6070b3afb483123be86a27ad4d7ac136aa807497f8a3d5f4ecbb5716f8c149ac
lingbot_va,stack_sequence,0,100012,blue>red>green,failure,0,1200,1200,action_limit,"Place blue block at the base, add red block, and top it with green block.",reused,lingbot_va/stack_sequence/stack_sequence_ep100012_result.json,6e01451025a86356c92ed5446df326a03996cdb478c814a1c06f1ef251ad289d
lingbot_va,stack_sequence,0,100013,blue>green>red,failure,0,1200,1200,action_limit,"First set blue block, then green block, then red block at the very top.",reused,lingbot_va/stack_sequence/stack_sequence_ep100013_result.json,e85618abd8209baf5987ab605b345598459dace2721348f36485f15c90027712
lingbot_va,stack_sequence,1,100014,red>green>blue,success,1,434,1200,task_success,"First set red block, then green block, then blue block at the very top.",reused,lingbot_va/stack_sequence/stack_sequence_ep100014_result.json,fd16d5281af7aeb878a9c91ef590f54ee5f02bc3023a833106fa34b1eabcffb6
lingbot_va,stack_sequence,1,100015,red>blue>green,failure,0,1200,1200,action_limit,"From the bottom up: red block, then blue block, then green block.",reused,lingbot_va/stack_sequence/stack_sequence_ep100015_result.json,9ca40bc78ee63e977b8556a78e877bd4c5ff0604b8bf2fa9bc67b2a06ffb6e48
lingbot_va,stack_sequence,1,100016,green>red>blue,failure,0,1200,1200,action_limit,"Build a column: green block lowest, then red block, then blue block on top.",reused,lingbot_va/stack_sequence/stack_sequence_ep100016_result.json,45ec6fb9b185c765f4ca3c489aa9d21a3b84108fa603c11c971516a457b04144
lingbot_va,stack_sequence,1,100017,green>blue>red,failure,0,1200,1200,action_limit,"Put green block down, blue block on green block, red block on blue block.",reused,lingbot_va/stack_sequence/stack_sequence_ep100017_result.json,0301325e59e01cd1133ffe4508db2f5fa8ef8132ef2f6536770b9b02407e8a79
lingbot_va,stack_sequence,1,100018,blue>red>green,failure,0,1200,1200,action_limit,"From the bottom up: blue block, then red block, then green block.",reused,lingbot_va/stack_sequence/stack_sequence_ep100018_result.json,97612e536d7e4ad7b32e840168d08aa29d5a8bfeebe3bd4679437c825a3260ab
lingbot_va,stack_sequence,1,100019,blue>green>red,failure,0,1200,1200,action_limit,"Rest green block on blue block, then rest red block on green block.",reused,lingbot_va/stack_sequence/stack_sequence_ep100019_result.json,ff277019026abc6f4d36777af3e901d8660e6164608067ad42ffb8a2479dd2d5
lingbot_va,stack_sequence,2,100020,red>green>blue,success,1,448,1200,task_success,"Lay red block first, green block second, blue block third, each on the last.",reused,lingbot_va/stack_sequence/stack_sequence_ep100020_result.json,7ab74851d6bc051eb6a6fbefcafa49be4c3e15a48ca127108e0407354cac516a
lingbot_va,stack_sequence,2,100021,red>blue>green,failure,0,1200,1200,action_limit,"Order the tower red block, blue block, green block from bottom to top.",reused,lingbot_va/stack_sequence/stack_sequence_ep100021_result.json,0d7ee0511a9ed5ade5812848ff0f3eb38a5e0aef268a54ecdb0fda6dd7aea671
lingbot_va,stack_sequence,2,100022,green>red>blue,failure,0,1200,1200,action_limit,"Put green block down, red block on green block, blue block on red block.",reused,lingbot_va/stack_sequence/stack_sequence_ep100022_result.json,5ad20eb22acc7026a1715d7b22cd2eb6fef575220738a600e60768f2949e98b5
lingbot_va,stack_sequence,2,100023,green>blue>red,failure,0,1200,1200,action_limit,"Place green block at the base, add blue block, and top it with red block.",reused,lingbot_va/stack_sequence/stack_sequence_ep100023_result.json,ded7cb5fb6dde902297b007833856078c34233a04dfe5a9bd1233b6c80a5d1fe
lingbot_va,stack_sequence,2,100024,blue>red>green,failure,0,1200,1200,action_limit,"Place blue block at the base, add red block, and top it with green block.",reused,lingbot_va/stack_sequence/stack_sequence_ep100024_result.json,fb90285674334d961ddd605356afe520ed94ba922d770284c1019a1cee9aa1a5
lingbot_va,stack_sequence,2,100025,blue>green>red,failure,0,1200,1200,action_limit,"First set blue block, then green block, then red block at the very top.",reused,lingbot_va/stack_sequence/stack_sequence_ep100025_result.json,98301557f059668f0881d61dea02a0c5bda22ae109f1918f723a5fdcb2c73efb
lingbot_va,stack_sequence,3,100026,red>green>blue,success,1,443,1200,task_success,"From the bottom up: red block, then green block, then blue block.",reused,lingbot_va/stack_sequence/stack_sequence_ep100026_result.json,fde19259597eb81f45a6afbde91959cf62b690b08b0cf16ea5289f7a81485e20
lingbot_va,stack_sequence,3,100027,red>blue>green,failure,0,1200,1200,action_limit,"Put red block down, blue block on red block, green block on blue block.",reused,lingbot_va/stack_sequence/stack_sequence_ep100027_result.json,f24f21922156afd42ccf3fc739dfa0e127a6611036f88356abb4eb7d0a9cd453
lingbot_va,stack_sequence,3,100028,green>red>blue,failure,0,1200,1200,action_limit,"Bottom to top, the order is green block, red block, blue block.",reused,lingbot_va/stack_sequence/stack_sequence_ep100028_result.json,f6a1323e205accb893c6f398aea90f4fd9c9c4e6710a8bc74e969adf6763fb2f
lingbot_va,stack_sequence,3,100029,green>blue>red,failure,0,1200,1200,action_limit,"Lay green block first, blue block second, red block third, each on the last.",reused,lingbot_va/stack_sequence/stack_sequence_ep100029_result.json,76f73297cd701ea91d2647bd4bc6ae8d5eaf76724af760a741ed1831cc9e568d
lingbot_va,stack_sequence,3,100030,blue>red>green,failure,0,1200,1200,action_limit,"Put blue block down, red block on blue block, green block on red block.",reused,lingbot_va/stack_sequence/stack_sequence_ep100030_result.json,4c0c660b16cb00e15336b23c42cda601e31d21f441cedc1508f5d8c768fb365a
lingbot_va,stack_sequence,3,100031,blue>green>red,failure,0,1200,1200,action_limit,Stack red block over green block and green block over blue block.,reused,lingbot_va/stack_sequence/stack_sequence_ep100031_result.json,98dda3f580dd1105c7d82514978f34417d733d61c0ae6f756d8f7e0da3c2eb37
lingbot_va,stack_sequence,4,100032,red>green>blue,failure,0,1200,1200,action_limit,"From the bottom up: red block, then green block, then blue block.",reused,lingbot_va/stack_sequence/stack_sequence_ep100032_result.json,3d074ffb6b674fdaa1b159c7026a6fbb164b6a9ab9d7cde441678aa723f5c44a
lingbot_va,stack_sequence,4,100033,red>blue>green,failure,0,1200,1200,action_limit,"Order the tower red block, blue block, green block from bottom to top.",reused,lingbot_va/stack_sequence/stack_sequence_ep100033_result.json,3fb08575c5f260a0be44cb54332db1872226c84d66cb880d598a3d97fa7cf361
lingbot_va,stack_sequence,4,100034,green>red>blue,failure,0,1200,1200,action_limit,"Rest red block on green block, then rest blue block on red block.",reused,lingbot_va/stack_sequence/stack_sequence_ep100034_result.json,4e0ca008d72935fd5f608a19d41d9f66aa5a2543890aac8aebcf66f15c84404f
lingbot_va,stack_sequence,4,100035,green>blue>red,failure,0,1200,1200,action_limit,"Build a column: green block lowest, then blue block, then red block on top.",reused,lingbot_va/stack_sequence/stack_sequence_ep100035_result.json,740cb432828dc3d84ed556b51b61886ca46d286e200f864c0cb935c4c0b96889
lingbot_va,stack_sequence,4,100036,blue>red>green,failure,0,1200,1200,action_limit,"Lay blue block first, red block second, green block third, each on the last.",reused,lingbot_va/stack_sequence/stack_sequence_ep100036_result.json,fb88105089e157a35e2fe7b3627279292e7b942ace5cd11f93b1603efed9001c
lingbot_va,stack_sequence,4,100037,blue>green>red,failure,0,1200,1200,action_limit,"Bottom to top, the order is blue block, green block, red block.",reused,lingbot_va/stack_sequence/stack_sequence_ep100037_result.json,c805d0af682b34fdd2d137cec18afd3d3f7d75ccd3f9fa292d42a9e229b6d608
lingbot_va,stack_sequence,5,100038,red>green>blue,failure,0,1200,1200,action_limit,Stack blue block over green block and green block over red block.,reused,lingbot_va/stack_sequence/stack_sequence_ep100038_result.json,f82e47a6b8cf2d49be3a40cae6e97c1edecb2267d561456ebdce52f07648a4fb
lingbot_va,stack_sequence,5,100039,red>blue>green,failure,0,1200,1200,action_limit,"Build a column: red block lowest, then blue block, then green block on top.",reused,lingbot_va/stack_sequence/stack_sequence_ep100039_result.json,ed55fbe45c3f969b2c16ffe65e9eeadf6eef8f58ba5fa2990ab2b9be77222f66
lingbot_va,stack_sequence,5,100040,green>red>blue,failure,0,1200,1200,action_limit,"Bottom to top, the order is green block, red block, blue block.",reused,lingbot_va/stack_sequence/stack_sequence_ep100040_result.json,f23bba077a97f11ffa55daebbb82a3ba9bce06473ab4dadb789b878ed233fe8f
lingbot_va,stack_sequence,5,100041,green>blue>red,failure,0,1200,1200,action_limit,"Order the tower green block, blue block, red block from bottom to top.",reused,lingbot_va/stack_sequence/stack_sequence_ep100041_result.json,35dd8d449ac34116e07609b7c5970353af18056e53d151165ffd9ce16a5ec60c
lingbot_va,stack_sequence,5,100042,blue>red>green,failure,0,1200,1200,action_limit,Stack green block over red block and red block over blue block.,reused,lingbot_va/stack_sequence/stack_sequence_ep100042_result.json,735c4a211af61a228687f6b215a6643c78cc25996498f553e6151520a129f35d
lingbot_va,stack_sequence,5,100043,blue>green>red,failure,0,1200,1200,action_limit,"Place blue block at the base, add green block, and top it with red block.",reused,lingbot_va/stack_sequence/stack_sequence_ep100043_result.json,fe8bde088b5e92d481fa51519ad2332cbbe0fb5feef306ddfdd810b18f12239a
lingbot_va,stack_sequence,6,100050,red>green>blue,success,1,436,1200,task_success,"Put red block down, green block on red block, blue block on green block.",reused,lingbot_va/stack_sequence/stack_sequence_ep100050_result.json,20443df4efbbed3898c6ed4e2deac28dd446c3a7700cfed111358b18e47fd51a
lingbot_va,stack_sequence,6,100051,red>blue>green,failure,0,1200,1200,action_limit,"Rest blue block on red block, then rest green block on blue block.",reused,lingbot_va/stack_sequence/stack_sequence_ep100051_result.json,5b1fa382e2f0b8b519bd0cb2e855f0ab6979a53c3c4c1d5ec9660a7c15bc5874
lingbot_va,stack_sequence,6,100052,green>red>blue,failure,0,1200,1200,action_limit,"Bottom to top, the order is green block, red block, blue block.",reused,lingbot_va/stack_sequence/stack_sequence_ep100052_result.json,caf77df192d8c018486667447f511d1de13f91e2ea0068f1a8dc21eb1acee536
lingbot_va,stack_sequence,6,100053,green>blue>red,failure,0,1200,1200,action_limit,"Bottom to top, the order is green block, blue block, red block.",reused,lingbot_va/stack_sequence/stack_sequence_ep100053_result.json,f7912f81a8c8f9f8a898c0f9d5f1d9000a8c2a9426bf42ceb86e371cac764028
lingbot_va,stack_sequence,6,100054,blue>red>green,failure,0,1200,1200,action_limit,"First set blue block, then red block, then green block at the very top.",reused,lingbot_va/stack_sequence/stack_sequence_ep100054_result.json,328c0b1c021a82bc8e2a6e3d33fc68fa4095c190d416413ee04a40eacfb95a64
lingbot_va,stack_sequence,6,100055,blue>green>red,failure,0,1200,1200,action_limit,"Put blue block down, green block on blue block, red block on green block.",reused,lingbot_va/stack_sequence/stack_sequence_ep100055_result.json,b532b53c87e3ed9c7046680e5a1578701c01f0853b6dd3838eab407cfffef01b
lingbot_va,stack_sequence,7,100062,red>green>blue,success,1,455,1200,task_success,"Put red block down, green block on red block, blue block on green block.",reused,lingbot_va/stack_sequence/stack_sequence_ep100062_result.json,ab55e4e089a4c8411bf90dad6ce49a7ad62f4feef6f0a1e272ce355d920c3b96
lingbot_va,stack_sequence,7,100063,red>blue>green,failure,0,1200,1200,action_limit,"Order the tower red block, blue block, green block from bottom to top.",reused,lingbot_va/stack_sequence/stack_sequence_ep100063_result.json,5dbd199245691702e61671f5f1ede6971bad871219138b3785eff6884f1ac8de
lingbot_va,stack_sequence,7,100064,green>red>blue,failure,0,1200,1200,action_limit,"Rest red block on green block, then rest blue block on red block.",reused,lingbot_va/stack_sequence/stack_sequence_ep100064_result.json,bb6e72072daf3bf18f8e0b7fe94ca3823ca5e503d2bf798d4cdbbdbb45a6dadb
lingbot_va,stack_sequence,7,100065,green>blue>red,failure,0,1200,1200,action_limit,"Build a column: green block lowest, then blue block, then red block on top.",reused,lingbot_va/stack_sequence/stack_sequence_ep100065_result.json,218b73cccf85a6473e25cb280ada02b26a41c566bd1e91f48f0b0bf36c20bc9a
lingbot_va,stack_sequence,7,100066,blue>red>green,failure,0,1200,1200,action_limit,"Put blue block down, red block on blue block, green block on red block.",reused,lingbot_va/stack_sequence/stack_sequence_ep100066_result.json,ba87aeb99aeb4fc1c9523490948df1cd3c10b96bca58d611ca64c5417d556a1c
lingbot_va,stack_sequence,7,100067,blue>green>red,failure,0,1200,1200,action_limit,"Order the tower blue block, green block, red block from bottom to top.",reused,lingbot_va/stack_sequence/stack_sequence_ep100067_result.json,e4ef36b7ee553422c2f13a050e87945297bead7d6c394a8d9721b4ecc75104cd
lingbot_va,stack_sequence,8,100068,red>green>blue,success,1,433,1200,task_success,"From the bottom up: red block, then green block, then blue block.",reused,lingbot_va/stack_sequence/stack_sequence_ep100068_result.json,fb4ac1f757c5331ac98d76afbd246e9245d44f8f69624b2de0bddccc91bae333
lingbot_va,stack_sequence,8,100069,red>blue>green,failure,0,1200,1200,action_limit,"Build a column: red block lowest, then blue block, then green block on top.",reused,lingbot_va/stack_sequence/stack_sequence_ep100069_result.json,adcef8ff26acf9364f5dbcd697c3131ad0a4c2d332e53cee27eb497e72cf45d7
lingbot_va,stack_sequence,8,100070,green>red>blue,failure,0,1200,1200,action_limit,"Lay green block first, red block second, blue block third, each on the last.",reused,lingbot_va/stack_sequence/stack_sequence_ep100070_result.json,0e2da67b216976f545631f54fc3c54d538815fcb1301e08ff49922e9491e2208
lingbot_va,stack_sequence,8,100071,green>blue>red,failure,0,1200,1200,action_limit,"Rest blue block on green block, then rest red block on blue block.",reused,lingbot_va/stack_sequence/stack_sequence_ep100071_result.json,68ab885399720618688606ede4649de79d5b3d063c7ae5c3b4b917469b40037d
lingbot_va,stack_sequence,8,100072,blue>red>green,failure,0,1200,1200,action_limit,"Lay blue block first, red block second, green block third, each on the last.",reused,lingbot_va/stack_sequence/stack_sequence_ep100072_result.json,3a49e714967b37d748026f78f0909b55e6cc7d64c5e03f5b71fc4d022d7bd3ad
lingbot_va,stack_sequence,8,100073,blue>green>red,failure,0,1200,1200,action_limit,"First set blue block, then green block, then red block at the very top.",reused,lingbot_va/stack_sequence/stack_sequence_ep100073_result.json,43dbef05458bb04c78b5876fab789ded43d7bb2f30f0f660d24b1a31469a84fb
lingbot_va,stack_sequence,9,100080,red>green>blue,success,1,453,1200,task_success,"Build a column: red block lowest, then green block, then blue block on top.",reused,lingbot_va/stack_sequence/stack_sequence_ep100080_result.json,4d90b2c78e4d083ab6e7e226d1a15ab094dcf9a0ec99412d1e99ea8161e17167
lingbot_va,stack_sequence,9,100081,red>blue>green,failure,0,1200,1200,action_limit,Stack green block over blue block and blue block over red block.,reused,lingbot_va/stack_sequence/stack_sequence_ep100081_result.json,ee12f00afa4fa72087a1c4005ac1056eda970f8654c3c32a3f934b5dfa8ee60d
lingbot_va,stack_sequence,9,100082,green>red>blue,failure,0,1200,1200,action_limit,Stack blue block over red block and red block over green block.,reused,lingbot_va/stack_sequence/stack_sequence_ep100082_result.json,b63c8ed9745f10ebfb1d167e3629ab50c837de40180e8d2c141a848ccd4e3ee7
lingbot_va,stack_sequence,9,100083,green>blue>red,failure,0,1200,1200,action_limit,"Lay green block first, blue block second, red block third, each on the last.",reused,lingbot_va/stack_sequence/stack_sequence_ep100083_result.json,1de908a3b0b8e1ea8ba81ea5bfaddaa762eb69436d2ab60689923f513df1a9dc
lingbot_va,stack_sequence,9,100084,blue>red>green,failure,0,1200,1200,action_limit,"Rest red block on blue block, then rest green block on red block.",reused,lingbot_va/stack_sequence/stack_sequence_ep100084_result.json,93f963c10983ef22ea0ed4f0546b40c0f5c9e95326556c638033518a3c2e3a2e
lingbot_va,stack_sequence,9,100085,blue>green>red,failure,0,1200,1200,action_limit,"Place blue block at the base, add green block, and top it with red block.",reused,lingbot_va/stack_sequence/stack_sequence_ep100085_result.json,ba86203d032153cd76773d1be60ec99f45667cfb33c491a181ad079d4e5b0ac4
lingbot_va,stack_sequence,10,100092,red>green>blue,success,1,428,1200,task_success,"Rest green block on red block, then rest blue block on green block.",reused,lingbot_va/stack_sequence/stack_sequence_ep100092_result.json,be7efb9cf32fa72843f9347fc2f1276e9add8154c7b4b5fce91de37027e7c3d3
lingbot_va,stack_sequence,10,100093,red>blue>green,failure,0,1200,1200,action_limit,"Rest blue block on red block, then rest green block on blue block.",reused,lingbot_va/stack_sequence/stack_sequence_ep100093_result.json,69f8194f66e85f40d543aac01fbfe3d1984a432f422c1e3d2bdfe7d78e414751
lingbot_va,stack_sequence,10,100094,green>red>blue,failure,0,1200,1200,action_limit,"Rest red block on green block, then rest blue block on red block.",reused,lingbot_va/stack_sequence/stack_sequence_ep100094_result.json,d13497a5b78b8341129f516cdc620b758bdd4620ce4b195578e7698b6a15c521
lingbot_va,stack_sequence,10,100095,green>blue>red,failure,0,1200,1200,action_limit,"Rest blue block on green block, then rest red block on blue block.",reused,lingbot_va/stack_sequence/stack_sequence_ep100095_result.json,c0c24c88dc3f95ad9e514ed3b301592b0193576b17c3aa4597676c5a6812f90e
lingbot_va,stack_sequence,10,100096,blue>red>green,failure,0,1200,1200,action_limit,"Lay blue block first, red block second, green block third, each on the last.",reused,lingbot_va/stack_sequence/stack_sequence_ep100096_result.json,610f0a731a8b45fde642b024067e815ceddd71991d486da86904b146d780bb0c
lingbot_va,stack_sequence,10,100097,blue>green>red,failure,0,1200,1200,action_limit,"Rest green block on blue block, then rest red block on green block.",reused,lingbot_va/stack_sequence/stack_sequence_ep100097_result.json,56d1a0e4a5261a86a18e33b8301fcdeb7ed8b0306e012445551fd8f135031cd6
lingbot_va,stack_sequence,11,100098,red>green>blue,success,1,433,1200,task_success,"Rest green block on red block, then rest blue block on green block.",reused,lingbot_va/stack_sequence/stack_sequence_ep100098_result.json,c264ff9fbee5274c42615fdbdbeabdf1cbb74abe1121adebfe74b6ba44daeb78
lingbot_va,stack_sequence,11,100099,red>blue>green,failure,0,1200,1200,action_limit,"Order the tower red block, blue block, green block from bottom to top.",reused,lingbot_va/stack_sequence/stack_sequence_ep100099_result.json,53afa40e6879024637fa9bfead5e65b210fc5a6fe1bc5a54cab31f1c15fced16
lingbot_va,stack_sequence,11,100100,green>red>blue,failure,0,1200,1200,action_limit,"Put green block down, red block on green block, blue block on red block.",reused,lingbot_va/stack_sequence/stack_sequence_ep100100_result.json,bbe02e13012005ea0d5e5b5866ea0d2e75c88096c407d51638e9d700daf367c3
lingbot_va,stack_sequence,11,100101,green>blue>red,failure,0,1200,1200,action_limit,"Lay green block first, blue block second, red block third, each on the last.",reused,lingbot_va/stack_sequence/stack_sequence_ep100101_result.json,0641ab5c1a832a31d5b663a13ef7c14f61e4ff99d847a1f17255696acbcd67d9
lingbot_va,stack_sequence,11,100102,blue>red>green,failure,0,1200,1200,action_limit,"Rest red block on blue block, then rest green block on red block.",reused,lingbot_va/stack_sequence/stack_sequence_ep100102_result.json,1084bc064f9590b616fa4fc4853ac5534142246ab0e4787ff1ba33ccf41d1039
lingbot_va,stack_sequence,11,100103,blue>green>red,failure,0,1200,1200,action_limit,Stack red block over green block and green block over blue block.,reused,lingbot_va/stack_sequence/stack_sequence_ep100103_result.json,b13f6da0b9b6b03e3c76b82c91bdbb49e3f94b3bd9fadf0fa39b07ad19ed35f5
lingbot_va,stack_sequence,12,100104,red>green>blue,success,1,437,1200,task_success,"Bottom to top, the order is red block, green block, blue block.",reused,lingbot_va/stack_sequence/stack_sequence_ep100104_result.json,d1b4cb25c1abfec90fab10737414885d005701066fb959fb908b83ff0f4fda83
lingbot_va,stack_sequence,12,100105,red>blue>green,failure,0,1200,1200,action_limit,"Rest blue block on red block, then rest green block on blue block.",reused,lingbot_va/stack_sequence/stack_sequence_ep100105_result.json,1ceb826374a0bffac57fb8bced127a29afe5caee648692348bd6c95f31d23d87
lingbot_va,stack_sequence,12,100106,green>red>blue,failure,0,1200,1200,action_limit,"From the bottom up: green block, then red block, then blue block.",reused,lingbot_va/stack_sequence/stack_sequence_ep100106_result.json,aacbeb1252b448ae2f58fcf45d4fbba5ec6a1c8c737bb80b534b37e2c81d3e66
lingbot_va,stack_sequence,12,100107,green>blue>red,failure,0,1200,1200,action_limit,"First set green block, then blue block, then red block at the very top.",reused,lingbot_va/stack_sequence/stack_sequence_ep100107_result.json,2380ae84b1589f090d9a4c1747e6fecef45b72ce194f869b327baaa17bfc685c
lingbot_va,stack_sequence,12,100108,blue>red>green,failure,0,1200,1200,action_limit,"Put blue block down, red block on blue block, green block on red block.",reused,lingbot_va/stack_sequence/stack_sequence_ep100108_result.json,29d48214fc2bbc1cc6133c5cfd02fa3cd81d7cc87601210d2c551c4bc83ead9d
lingbot_va,stack_sequence,12,100109,blue>green>red,failure,0,1200,1200,action_limit,"Build a column: blue block lowest, then green block, then red block on top.",reused,lingbot_va/stack_sequence/stack_sequence_ep100109_result.json,556ee9c86c55d53c2e081b0c533e6d1cfb4983dd19b7d40d2c66718dc27cf477
lingbot_va,stack_sequence,13,100110,red>green>blue,success,1,449,1200,task_success,"Place red block at the base, add green block, and top it with blue block.",reused,lingbot_va/stack_sequence/stack_sequence_ep100110_result.json,e259b1481f8813890d4db78e0623831bcc18678d3335a366058b82e3910546a2
lingbot_va,stack_sequence,13,100111,red>blue>green,failure,0,1200,1200,action_limit,Stack green block over blue block and blue block over red block.,reused,lingbot_va/stack_sequence/stack_sequence_ep100111_result.json,3ee84e82f8980bf0886bd6292d9707db7a8e7866dd8c0309ec9bd5934e70bd74
lingbot_va,stack_sequence,13,100112,green>red>blue,failure,0,1200,1200,action_limit,"Put green block down, red block on green block, blue block on red block.",reused,lingbot_va/stack_sequence/stack_sequence_ep100112_result.json,bfb68864a27b9e8a5a97ebe103830dd63759135682fa18f429c6bdc8f0ae7cc6
lingbot_va,stack_sequence,13,100113,green>blue>red,failure,0,1200,1200,action_limit,"Lay green block first, blue block second, red block third, each on the last.",reused,lingbot_va/stack_sequence/stack_sequence_ep100113_result.json,d24c259a02051278a7340139e0d13c2cc0e8ef61cb58348125443e184e626b84
lingbot_va,stack_sequence,13,100114,blue>red>green,failure,0,1200,1200,action_limit,"Place blue block at the base, add red block, and top it with green block.",reused,lingbot_va/stack_sequence/stack_sequence_ep100114_result.json,b7bd51a213b278a1a184bdce3b772936b0b8c87c0595565c5bc45a8735112eca
lingbot_va,stack_sequence,13,100115,blue>green>red,failure,0,1200,1200,action_limit,"First set blue block, then green block, then red block at the very top.",reused,lingbot_va/stack_sequence/stack_sequence_ep100115_result.json,bdfcec039e8cbb60e702e22439999aa942a2da509a3ce545c2a53eb63781ba25
lingbot_va,stack_sequence,14,100116,red>green>blue,success,1,449,1200,task_success,"Place red block at the base, add green block, and top it with blue block.",reused,lingbot_va/stack_sequence/stack_sequence_ep100116_result.json,3bc4bdfee20204caec3dbab32064f16c75344af63889edfa12fa4a2886affe03
lingbot_va,stack_sequence,14,100117,red>blue>green,failure,0,1200,1200,action_limit,"Build a column: red block lowest, then blue block, then green block on top.",reused,lingbot_va/stack_sequence/stack_sequence_ep100117_result.json,b96d040dbd226be79399bc218cb8f36b9756518fce066a766e78e2784c3a9545
lingbot_va,stack_sequence,14,100118,green>red>blue,failure,0,1200,1200,action_limit,"Build a column: green block lowest, then red block, then blue block on top.",reused,lingbot_va/stack_sequence/stack_sequence_ep100118_result.json,6f15ba869e95cab5afdebd1ac323d6c535fbced60c8c1e1b2464b7317524c505
lingbot_va,stack_sequence,14,100119,green>blue>red,failure,0,1200,1200,action_limit,Stack red block over blue block and blue block over green block.,reused,lingbot_va/stack_sequence/stack_sequence_ep100119_result.json,e290dbc575a24fbaee0242926251dd682fb05f5210175f042bc684769dbfeaf7
lingbot_va,stack_sequence,14,100120,blue>red>green,failure,0,1200,1200,action_limit,"Order the tower blue block, red block, green block from bottom to top.",reused,lingbot_va/stack_sequence/stack_sequence_ep100120_result.json,01c66533033d8d129b5dc1ea9329afec113de5c5e3834ea5b6fb0091195fcb27
lingbot_va,stack_sequence,14,100121,blue>green>red,failure,0,1200,1200,action_limit,"Order the tower blue block, green block, red block from bottom to top.",reused,lingbot_va/stack_sequence/stack_sequence_ep100121_result.json,be2839b8d753262070945ca5830627100941f50a79af18950c10c45ef80998be
lingbot_va,stack_sequence,15,100140,red>green>blue,success,1,465,1200,task_success,"Rest green block on red block, then rest blue block on green block.",reused,lingbot_va/stack_sequence/stack_sequence_ep100140_result.json,ee8ffcffc7608f8bffabc4666979d58588228126697c1b084961f9d8f2ed2bab
lingbot_va,stack_sequence,15,100141,red>blue>green,failure,0,1200,1200,action_limit,"Place red block at the base, add blue block, and top it with green block.",reused,lingbot_va/stack_sequence/stack_sequence_ep100141_result.json,cdcd6b2d819061e9a2519345889c63f0f93f0071450b40215f82f2a2b12e1f57
lingbot_va,stack_sequence,15,100142,green>red>blue,failure,0,1200,1200,action_limit,"Put green block down, red block on green block, blue block on red block.",reused,lingbot_va/stack_sequence/stack_sequence_ep100142_result.json,131e572fdf049064d69ce5ae60cce2f838a1d4b328fc3e11ed3150377e0abeca
lingbot_va,stack_sequence,15,100143,green>blue>red,failure,0,1200,1200,action_limit,"Bottom to top, the order is green block, blue block, red block.",reused,lingbot_va/stack_sequence/stack_sequence_ep100143_result.json,a4e31d774bdcb35203e561642a17960d605605ea3307716b0cf41634d0406c50
lingbot_va,stack_sequence,15,100144,blue>red>green,failure,0,1200,1200,action_limit,"First set blue block, then red block, then green block at the very top.",reused,lingbot_va/stack_sequence/stack_sequence_ep100144_result.json,c72393b608884c1d21df5e5105c324d331a1cb9e3e622de9f35b35d588d250cb
lingbot_va,stack_sequence,15,100145,blue>green>red,failure,0,1200,1200,action_limit,"Lay blue block first, green block second, red block third, each on the last.",reused,lingbot_va/stack_sequence/stack_sequence_ep100145_result.json,5951945ec3b559fc3e9124a559fda9279fb9141037174904986eea069705ddc5
lingbot_va,stack_sequence,16,100146,red>green>blue,failure,0,1200,1200,action_limit,"From the bottom up: red block, then green block, then blue block.",reused,lingbot_va/stack_sequence/stack_sequence_ep100146_result.json,0581bfb664477d7f92611142649532aad224e420ab220c6b70b5ca828befa538
lingbot_va,stack_sequence,16,100147,red>blue>green,failure,0,1200,1200,action_limit,Stack green block over blue block and blue block over red block.,reused,lingbot_va/stack_sequence/stack_sequence_ep100147_result.json,4f747ab3e48f2e9a69aa132e8b35a24ceaec2eea5486e5db4fbc3d3bd4557707
lingbot_va,stack_sequence,16,100148,green>red>blue,failure,0,1200,1200,action_limit,"Lay green block first, red block second, blue block third, each on the last.",reused,lingbot_va/stack_sequence/stack_sequence_ep100148_result.json,4e70a455542ccee82348ce0fa90c1e1caeefa2cf17dd6267dbe937c930eb0699
lingbot_va,stack_sequence,16,100149,green>blue>red,failure,0,1200,1200,action_limit,"Build a column: green block lowest, then blue block, then red block on top.",reused,lingbot_va/stack_sequence/stack_sequence_ep100149_result.json,35a9162cc8fb7726bfde50e0b2ba88491dad5015f22ecd4ef3adc9bead2d1b46
lingbot_va,stack_sequence,16,100150,blue>red>green,failure,0,1200,1200,action_limit,"Bottom to top, the order is blue block, red block, green block.",reused,lingbot_va/stack_sequence/stack_sequence_ep100150_result.json,0b6553a9a5005a084cece71501be4ead91b7fb410eb74f8c7b20e59cce5b9dcd
lingbot_va,stack_sequence,16,100151,blue>green>red,failure,0,1200,1200,action_limit,"Place blue block at the base, add green block, and top it with red block.",reused,lingbot_va/stack_sequence/stack_sequence_ep100151_result.json,f35e135f2e7fb4571b1e2d41700f72dc967251a5cb7f833e390431fc10bb1f26
lingbot_va,stack_sequence,17,100152,red>green>blue,success,1,424,1200,task_success,"Place red block at the base, add green block, and top it with blue block.",reused,lingbot_va/stack_sequence/stack_sequence_ep100152_result.json,16c8814906bd2f2222c2c51e7e26cadbd06f2c8b014a02f19b4b2e6e56dd0111
lingbot_va,stack_sequence,17,100153,red>blue>green,failure,0,1200,1200,action_limit,"Lay red block first, blue block second, green block third, each on the last.",reused,lingbot_va/stack_sequence/stack_sequence_ep100153_result.json,db3026829116daec4eb78126f443f30c302f1d89501ab8d71ac9b779b85192bc
lingbot_va,stack_sequence,17,100154,green>red>blue,failure,0,1200,1200,action_limit,Stack blue block over red block and red block over green block.,reused,lingbot_va/stack_sequence/stack_sequence_ep100154_result.json,fc711138149a397adc3ba7066902db2ed16c2f838f57efb2c723dd5fffbbbf93
lingbot_va,stack_sequence,17,100155,green>blue>red,failure,0,1200,1200,action_limit,"From the bottom up: green block, then blue block, then red block.",reused,lingbot_va/stack_sequence/stack_sequence_ep100155_result.json,7336806449f1095bc21486564caacbd63acc9de6673e129d722b3d260d901772
lingbot_va,stack_sequence,17,100156,blue>red>green,failure,0,1200,1200,action_limit,"From the bottom up: blue block, then red block, then green block.",reused,lingbot_va/stack_sequence/stack_sequence_ep100156_result.json,0d751793e8e21938dcb5d21743e7ee8d819a4ca790d974c0f292618c39986ba8
lingbot_va,stack_sequence,17,100157,blue>green>red,failure,0,1200,1200,action_limit,"Build a column: blue block lowest, then green block, then red block on top.",reused,lingbot_va/stack_sequence/stack_sequence_ep100157_result.json,c364dfb268a5e797e4ccd63f5cd00d365b7aa977a04b252ce7e992c49f8adba1
lingbot_va,stack_sequence,18,100158,red>green>blue,success,1,422,1200,task_success,"Bottom to top, the order is red block, green block, blue block.",reused,lingbot_va/stack_sequence/stack_sequence_ep100158_result.json,7455affc443e9c9a2557f33e081b39bbd75abafaab26bc8ee3e0c050ed54d9a4
lingbot_va,stack_sequence,18,100159,red>blue>green,failure,0,1200,1200,action_limit,"Order the tower red block, blue block, green block from bottom to top.",reused,lingbot_va/stack_sequence/stack_sequence_ep100159_result.json,19566e522e5d3c541ddb1d34e6d225595b943da22e32abd8b7fcc671b0e967b3
lingbot_va,stack_sequence,18,100160,green>red>blue,failure,0,1200,1200,action_limit,"Lay green block first, red block second, blue block third, each on the last.",reused,lingbot_va/stack_sequence/stack_sequence_ep100160_result.json,68a747954ddee421760020206c0d70bfa152243d5b0eb6de368fbb360d03b3c1
lingbot_va,stack_sequence,18,100161,green>blue>red,failure,0,1200,1200,action_limit,"From the bottom up: green block, then blue block, then red block.",reused,lingbot_va/stack_sequence/stack_sequence_ep100161_result.json,b0175d89b39d412ee5a249a7cf727840d8c87a9c183cb4590481ae7696f1df2c
lingbot_va,stack_sequence,18,100162,blue>red>green,failure,0,1200,1200,action_limit,"Put blue block down, red block on blue block, green block on red block.",reused,lingbot_va/stack_sequence/stack_sequence_ep100162_result.json,f2d99c4ed67c6e5d8e4a71a6d6f8593b7918c5a5647ff63666d85b13efdead4d
lingbot_va,stack_sequence,18,100163,blue>green>red,failure,0,1200,1200,action_limit,Stack red block over green block and green block over blue block.,reused,lingbot_va/stack_sequence/stack_sequence_ep100163_result.json,e8aa6a51d5405b145c1158788e7f75085f70415fb18df6a79b07d4ab824b6aa9
lingbot_va,stack_sequence,19,100170,red>green>blue,success,1,450,1200,task_success,"First set red block, then green block, then blue block at the very top.",reused,lingbot_va/stack_sequence/stack_sequence_ep100170_result.json,df6de9f16921f9e0e5311982a6b2f582e3f2601a142ce8a891a45099e2b7dd67
lingbot_va,stack_sequence,19,100171,red>blue>green,failure,0,1200,1200,action_limit,"From the bottom up: red block, then blue block, then green block.",reused,lingbot_va/stack_sequence/stack_sequence_ep100171_result.json,81d0a8790d30908c222c611dc90273d208a5524538c5fea1d8b7daa1cd8786eb
lingbot_va,stack_sequence,19,100172,green>red>blue,failure,0,1200,1200,action_limit,"From the bottom up: green block, then red block, then blue block.",reused,lingbot_va/stack_sequence/stack_sequence_ep100172_result.json,3cb8632e197f7c367ffecd7ae400a3500b2d02c12e775980942dbd1260f73a57
lingbot_va,stack_sequence,19,100173,green>blue>red,failure,0,1200,1200,action_limit,"Bottom to top, the order is green block, blue block, red block.",reused,lingbot_va/stack_sequence/stack_sequence_ep100173_result.json,a61dd25fb3c56a8d887a7a39cea9b4683642a42d5e6ca6758f465971e6adf0c1
lingbot_va,stack_sequence,19,100174,blue>red>green,failure,0,1200,1200,action_limit,"Rest red block on blue block, then rest green block on red block.",reused,lingbot_va/stack_sequence/stack_sequence_ep100174_result.json,439b479756b23d738fedb1a2e5636c24821d31fd7bf1fc7daacbd33de84ea7aa
lingbot_va,stack_sequence,19,100175,blue>green>red,failure,0,1200,1200,action_limit,"Put blue block down, green block on blue block, red block on green block.",reused,lingbot_va/stack_sequence/stack_sequence_ep100175_result.json,2ead96941830d02b2e54d853a4483885f3eb27c8808cefc3d0dc49c292a9017f
lingbot_va,place_relative,0,100005,left,failure,0,400,400,action_limit,Grab the black remotecontrol and set it to the left of the red tea-box,reused,lingbot_va/place_relative/place_relative_ep100005_result.json,f25d81266f39941e766949d0b993af2a7ea38ce2171230da6d5b713a14395fdf
lingbot_va,place_relative,0,100006,right,success,1,148,400,task_success,Grab the black remotecontrol and set it to the right of the red tea-box,reused,lingbot_va/place_relative/place_relative_ep100006_result.json,5722441d5ca372eb2ac8b2e55036cb7699eea336cf8eb8008bcf9bd20bce7324
lingbot_va,place_relative,0,100009,on_top,failure,0,400,400,action_limit,Grab the black remotecontrol and set it on top of the red tea-box,reused,lingbot_va/place_relative/place_relative_ep100009_result.json,fd160f0ce26971dec2c7f0ef6dbacf7a5f04e44c3ec883d10cc656bc13d69f08
lingbot_va,place_relative,1,100010,left,success,1,134,400,task_success,Pick up the red can and move it to the left of the red tea-box,reused,lingbot_va/place_relative/place_relative_ep100010_result.json,f23b95f806039589200b298967c6565e3748e4522dbd562e90f89cc6b5a9c605
lingbot_va,place_relative,1,100011,right,failure,0,400,400,action_limit,Pick up the red can and move it to the right of the red tea-box,reused,lingbot_va/place_relative/place_relative_ep100011_result.json,2634626770730429a1302f4476783cdb55a560d14819d6c80d168b5ae75a3da8
lingbot_va,place_relative,1,100014,on_top,success,1,138,400,task_success,Use the left arm to grab the red can and place it on top of the red tea-box,reused,lingbot_va/place_relative/place_relative_ep100014_result.json,207a84d0e9312089b6efe92617c4171104c9dfc78d7a486ca1fb6b4e1f2a513d
lingbot_va,place_relative,2,100015,left,success,1,145,400,task_success,Use the left arm to grab the blue soap and place it to the left of the red tea-box,reused,lingbot_va/place_relative/place_relative_ep100015_result.json,4d2681181fcc9f1a482ce27e4f7860deb4515f01d0ab52c71a62fff8b3d547d8
lingbot_va,place_relative,2,100016,right,failure,0,400,400,action_limit,Lift the blue soap and set it to the right of the red tea-box,reused,lingbot_va/place_relative/place_relative_ep100016_result.json,7367e8c2ad8b2f7eb9428cdc0d39864c1518c44eb2e2146ceb47a14ff56a9b55
lingbot_va,place_relative,2,100019,on_top,success,1,276,400,task_success,"Use the left arm to pick up the blue soap, set it on top of the red tea-box",reused,lingbot_va/place_relative/place_relative_ep100019_result.json,edeb7f02f246bec0175e963b3c06edda25d056c3dc208719547febd8f95f7cca
lingbot_va,place_relative,3,100020,left,success,1,164,400,task_success,Lift the gray mouse and set it to the left of the brown coffee-box,reused,lingbot_va/place_relative/place_relative_ep100020_result.json,0e4c3c904394aa0f47627a3c486a78b5ecb573606b50813f586c912db42ef956
lingbot_va,place_relative,3,100021,right,success,1,138,400,task_success,Use the left arm to grab the gray mouse and place it to the right of the brown coffee-box,reused,lingbot_va/place_relative/place_relative_ep100021_result.json,59d637a3ecc8a0b66362761f30e39897f058ed5c233d99e90a02b25653a1cda8
lingbot_va,place_relative,3,100024,on_top,failure,0,400,400,action_limit,Grab the gray mouse and set it on top of the brown coffee-box,reused,lingbot_va/place_relative/place_relative_ep100024_result.json,b9ba5db7e27ca91d9e18717b68b0185f59c5278308060e3f4fe2f22b0e39be9b
lingbot_va,place_relative,4,100025,left,success,1,137,400,task_success,Pick up the green toycar and move it to the left of the brown coffee-box,reused,lingbot_va/place_relative/place_relative_ep100025_result.json,22938e349c7b39434f03f8f05b1a833ace9efb7a72f2f242d87f1ad35c4b37c7
lingbot_va,place_relative,4,100026,right,failure,0,400,400,action_limit,Pick up the green toycar and move it to the right of the brown coffee-box,reused,lingbot_va/place_relative/place_relative_ep100026_result.json,9de8b8820b3c9b6e9b7cf94bc9043d47781cef2ccd2cc12005dede56dbd2f1c1
lingbot_va,place_relative,4,100029,on_top,failure,0,400,400,action_limit,Use the left arm to grab the green toycar and place it on top of the brown coffee-box,reused,lingbot_va/place_relative/place_relative_ep100029_result.json,2d64a406632bbb647b1ba5098ae84cbfda348a3f6fa9cc5a52c02199e62d7a31
lingbot_va,place_relative,5,100030,left,failure,0,400,400,action_limit,Use the right arm to grab the red stapler and place it to the left of the brown coffee-box,reused,lingbot_va/place_relative/place_relative_ep100030_result.json,98c1d6aa63014c538c3ddc067a3b312fbd8a3a786d851fe39ad1896f4962d165
lingbot_va,place_relative,5,100031,right,failure,0,400,400,action_limit,"Use the right arm to pick up the red stapler, set it to the right of the brown coffee-box",reused,lingbot_va/place_relative/place_relative_ep100031_result.json,bc9da0dfe91306b51e7b8b8da42d6a8ee5d4a08d7dee61bda2e7c235e94fb225
lingbot_va,place_relative,5,100034,on_top,failure,0,400,400,action_limit,Grab the red stapler and set it on top of the brown coffee-box,reused,lingbot_va/place_relative/place_relative_ep100034_result.json,a4dad70406e83375f2e8e8ec0402d3ae1215eaf0fc326a0f811d0ffaa7e6527b
lingbot_va,place_relative,6,100040,left,success,1,140,400,task_success,Pick up the red can and move it to the left of the brown coffee-box,reused,lingbot_va/place_relative/place_relative_ep100040_result.json,bbb87b0c87636b84e6ec939fc364f4907bfffe57f691042186247ed1406c878e
lingbot_va,place_relative,6,100041,right,failure,0,400,400,action_limit,Relocate the red can to the right of the brown coffee-box,reused,lingbot_va/place_relative/place_relative_ep100041_result.json,b609937da6b1ad3e70df0f0763537d895acbc7a4ae6e16e8d015d9588ac47cf9
lingbot_va,place_relative,6,100044,on_top,failure,0,400,400,action_limit,Relocate the red can on top of the brown coffee-box,reused,lingbot_va/place_relative/place_relative_ep100044_result.json,6d96abab919201ba2d3d322ccf35255f0876b8610040bfe1b0297d1494d3c4d9
lingbot_va,place_relative,7,100045,left,success,1,141,400,task_success,Grab the blue soap and set it to the left of the brown coffee-box,reused,lingbot_va/place_relative/place_relative_ep100045_result.json,67a587d542f3b0117d0a471ef6a606f938b0377e57c43f837ccfe6ed1c8370fc
lingbot_va,place_relative,7,100046,right,failure,0,400,400,action_limit,"Use the left arm to pick up the blue soap, set it to the right of the brown coffee-box",reused,lingbot_va/place_relative/place_relative_ep100046_result.json,f4bae1f036a2dc21ebec88326bedbe3eb796b1f2cf14afc70375fb5b67f887fd
lingbot_va,place_relative,7,100049,on_top,failure,0,400,400,action_limit,Lift the blue soap and set it on top of the brown coffee-box,reused,lingbot_va/place_relative/place_relative_ep100049_result.json,afbc788fb4b3b3a3f69faa3d4795e0a13a7bf99d27b96aa7634bc54a49d5f006
lingbot_va,place_relative,8,100050,left,failure,0,400,400,action_limit,Use the right arm to grab the gray mouse and place it to the left of the red tea-box,reused,lingbot_va/place_relative/place_relative_ep100050_result.json,8ad50325003d610ce73c08fc1ad96572781464a97d499adc22c2f5e67ecb69cd
lingbot_va,place_relative,8,100051,right,success,1,135,400,task_success,Lift the gray mouse and set it to the right of the red tea-box,reused,lingbot_va/place_relative/place_relative_ep100051_result.json,239df9725a4a94580223191b2c03d7134c6d0fc7245b57e9f3a9cb91f6bd12d9
lingbot_va,place_relative,8,100054,on_top,failure,0,400,400,action_limit,Lift the gray mouse and set it on top of the red tea-box,reused,lingbot_va/place_relative/place_relative_ep100054_result.json,1a8ef10f8b52c6322252571f2a3a9f809aa9d0c9d61c6e12410fd577b9ebab81
lingbot_va,place_relative,9,100055,left,success,1,136,400,task_success,Grab the green toycar and set it to the left of the red tea-box,reused,lingbot_va/place_relative/place_relative_ep100055_result.json,9f520eb2c6b75554605d0f0ae36bb2bfb414cd79ee1f0c2ecce7fbbb6d3b0010
lingbot_va,place_relative,9,100056,right,failure,0,400,400,action_limit,Grab the green toycar and set it to the right of the red tea-box,reused,lingbot_va/place_relative/place_relative_ep100056_result.json,8770ae6c27485c0889d60bf3a2eab35cec491fd22ca22dfa5acd03e3e98558c9
lingbot_va,place_relative,9,100059,on_top,success,1,134,400,task_success,Pick up the green toycar and move it on top of the red tea-box,reused,lingbot_va/place_relative/place_relative_ep100059_result.json,b8670107f3b27ab0b4409318a1b23f4ec35cee0a3ab797b2867cf19d39591dc5
lingbot_va,place_relative,10,100060,left,success,1,136,400,task_success,Use the left arm to grab the red stapler and place it to the left of the red tea-box,reused,lingbot_va/place_relative/place_relative_ep100060_result.json,04aae5a16d91e3b3b2768a938c8e4caf162a662b5daed77551a9a5b7f4515faf
lingbot_va,place_relative,10,100061,right,success,1,304,400,task_success,Pick up the red stapler and move it to the right of the red tea-box,reused,lingbot_va/place_relative/place_relative_ep100061_result.json,430515ea46b341fbdf4d3972f0ad3a38eb9f3e9c2fdca2930f2cc570a612f916
lingbot_va,place_relative,10,100064,on_top,success,1,133,400,task_success,"Use the left arm to pick up the red stapler, set it on top of the red tea-box",reused,lingbot_va/place_relative/place_relative_ep100064_result.json,700e2ac68b1e0ff4036160e18d80f0cab8e7c5eaa5823bc59477aa6da103ae9c
lingbot_va,place_relative,11,100065,left,success,1,144,400,task_success,Grab the black remotecontrol and set it to the left of the red tea-box,reused,lingbot_va/place_relative/place_relative_ep100065_result.json,a445e3098fb0b93757592ffe98d117915c0202cd3c9dc7751d406d79a2634bf0
lingbot_va,place_relative,11,100066,right,failure,0,400,400,action_limit,"Use the left arm to pick up the black remotecontrol, set it to the right of the red tea-box",reused,lingbot_va/place_relative/place_relative_ep100066_result.json,cf91dec3dbe2ddda6a1e81f6eebbfd08406a5a8c29ea7a8a1f94aac27a0f08e6
lingbot_va,place_relative,11,100069,on_top,success,1,145,400,task_success,Pick up the black remotecontrol and move it on top of the red tea-box,reused,lingbot_va/place_relative/place_relative_ep100069_result.json,b34feb0a4ee966644e6d2e5916bb0c1ec4bd336820400c81c06792d0ff3a44e6
lingbot_va,place_relative,12,100070,left,failure,0,400,400,action_limit,Relocate the red can to the left of the red tea-box,reused,lingbot_va/place_relative/place_relative_ep100070_result.json,ec7fffefe803c4f68ac73b6f88e73db7a5d2d374ebbd9e769c0050fdd73c7be5
lingbot_va,place_relative,12,100071,right,success,1,134,400,task_success,Relocate the red can to the right of the red tea-box,reused,lingbot_va/place_relative/place_relative_ep100071_result.json,20d199df63bf5fa6284dbaf19a113a755e7fe506ad86216bd43ebc5ffc9331ec
lingbot_va,place_relative,12,100074,on_top,success,1,136,400,task_success,Relocate the red can on top of the red tea-box,reused,lingbot_va/place_relative/place_relative_ep100074_result.json,2d0ce1f656f530ee4473387faf46076d0ed0d303723fecfc46ba91f96619ce42
lingbot_va,place_relative,13,100075,left,success,1,149,400,task_success,"Use the right arm to pick up the blue soap, set it to the left of the red tea-box",reused,lingbot_va/place_relative/place_relative_ep100075_result.json,853941b99c4f85196c64d410d0f3a1edcf215364ad35ae1930ef5074ae290c8f
lingbot_va,place_relative,13,100076,right,failure,0,400,400,action_limit,Pick up the blue soap and move it to the right of the red tea-box,reused,lingbot_va/place_relative/place_relative_ep100076_result.json,819b65ac7f34bc647ca66704d3f474d7b9e8f29fe600600ed775ab7e9e5d6405
lingbot_va,place_relative,13,100079,on_top,success,1,344,400,task_success,Grab the blue soap and set it on top of the red tea-box,reused,lingbot_va/place_relative/place_relative_ep100079_result.json,e07ea62a26f909c72c509349fe2e92ae73d7afdfd3d673ef31144f31389f2250
lingbot_va,place_relative,14,100080,left,success,1,136,400,task_success,Grab the gray mouse and set it to the left of the brown coffee-box,reused,lingbot_va/place_relative/place_relative_ep100080_result.json,479c4f07834c5bedea1eabe2b011205e237a027fd8f759ccef29505a70897ce6
lingbot_va,place_relative,14,100081,right,failure,0,400,400,action_limit,"Use the left arm to pick up the gray mouse, set it to the right of the brown coffee-box",reused,lingbot_va/place_relative/place_relative_ep100081_result.json,55a7eced85c4f346453ba02919f68894ea1eaf491da9b03cbaaf75144b7be47c
lingbot_va,place_relative,14,100084,on_top,failure,0,400,400,action_limit,Grab the gray mouse and set it on top of the brown coffee-box,reused,lingbot_va/place_relative/place_relative_ep100084_result.json,bd5a08174b6f2b15a9cca5f1f2930439d9fd06580ae9213b530120ced718afcf
lingbot_va,place_relative,15,100085,left,failure,0,400,400,action_limit,Lift the green toycar and set it to the left of the brown coffee-box,reused,lingbot_va/place_relative/place_relative_ep100085_result.json,15c9b93e6f7c75cd5157e87f58fe5477b01a90bec6a4c2cedb5c7e5739a8f6bd
lingbot_va,place_relative,15,100086,right,success,1,139,400,task_success,"Use the right arm to pick up the green toycar, set it to the right of the brown coffee-box",reused,lingbot_va/place_relative/place_relative_ep100086_result.json,17a11c4194d3aafee12f02d5da64277b608e42863642d35dff0a9457ee96308a
lingbot_va,place_relative,15,100089,on_top,failure,0,400,400,action_limit,Lift the green toycar and set it on top of the brown coffee-box,reused,lingbot_va/place_relative/place_relative_ep100089_result.json,6558cf42135d0bea3929ecc8be7c7c646e2d5889dbaf66126c5ea1c411b91cd1
lingbot_va,place_relative,16,100095,left,failure,0,400,400,action_limit,"Use the right arm to pick up the black remotecontrol, set it to the left of the brown coffee-box",reused,lingbot_va/place_relative/place_relative_ep100095_result.json,4cdd892e1fca9f76016b24a33278541d071a6bf025a08ec5f3c126df07151285
lingbot_va,place_relative,16,100096,right,success,1,139,400,task_success,Relocate the black remotecontrol to the right of the brown coffee-box,reused,lingbot_va/place_relative/place_relative_ep100096_result.json,8986e27545617a8a41de7c7c75a2908feea10313291fb4c34538ba0091105b2f
lingbot_va,place_relative,16,100099,on_top,failure,0,400,400,action_limit,Lift the black remotecontrol and set it on top of the brown coffee-box,reused,lingbot_va/place_relative/place_relative_ep100099_result.json,53338771b967575b423751f001f8a827ed6771e524b4b5f0c68b921d51c49033
lingbot_va,place_relative,17,100100,left,failure,0,400,400,action_limit,"Use the right arm to pick up the red can, set it to the left of the brown coffee-box",reused,lingbot_va/place_relative/place_relative_ep100100_result.json,9664e9fc5362b9c592bbd1fb37929ca2d5f8bc6f0ae0749a22ab3580d59b80ca
lingbot_va,place_relative,17,100101,right,failure,0,400,400,action_limit,"Use the right arm to pick up the red can, set it to the right of the brown coffee-box",reused,lingbot_va/place_relative/place_relative_ep100101_result.json,93ff34a390a18ac08f9a602897883bc3d6890a3611d0ede449c0b97d811fed75
lingbot_va,place_relative,17,100104,on_top,failure,0,400,400,action_limit,Pick up the red can and move it on top of the brown coffee-box,reused,lingbot_va/place_relative/place_relative_ep100104_result.json,ace2907d1b54c35e512a15d92c450c6c62f6586a6cdad86ebd13c29b2760757c
lingbot_va,place_relative,18,100105,left,failure,0,400,400,action_limit,Use the right arm to grab the blue soap and place it to the left of the brown coffee-box,reused,lingbot_va/place_relative/place_relative_ep100105_result.json,6b23e7acbc15125db857ec40c15aab8ca898bc2ca36635782c8c5c017cd202c4
lingbot_va,place_relative,18,100106,right,failure,0,400,400,action_limit,Grab the blue soap and set it to the right of the brown coffee-box,reused,lingbot_va/place_relative/place_relative_ep100106_result.json,ee196d606a2a0dbcd09bce0c39d611110b4d436afe8760de105069ab31af5c9e
lingbot_va,place_relative,18,100109,on_top,failure,0,400,400,action_limit,Relocate the blue soap on top of the brown coffee-box,reused,lingbot_va/place_relative/place_relative_ep100109_result.json,f726ad2e39d54008b343fc197c4f9d7a7a815b2a1800026ab1737c0fcc4924f9
lingbot_va,place_relative,19,100110,left,success,1,130,400,task_success,Use the left arm to grab the gray mouse and place it to the left of the red tea-box,reused,lingbot_va/place_relative/place_relative_ep100110_result.json,443b7c1af54d17bf93df7d11f62107cb7ed5b69467acf538cb10460c3f82ca99
lingbot_va,place_relative,19,100111,right,failure,0,400,400,action_limit,Grab the gray mouse and set it to the right of the red tea-box,reused,lingbot_va/place_relative/place_relative_ep100111_result.json,01067295d64106a7e697fb9700236e97fde8de8a01388c8d5713b4c954abcebb
lingbot_va,place_relative,19,100114,on_top,failure,0,400,400,action_limit,Use the left arm to grab the gray mouse and place it on top of the red tea-box,reused,lingbot_va/place_relative/place_relative_ep100114_result.json,2a326d04ddd97996ce11f7fc6fcdfcd0cbee479c5a3e77f646fcaa54c49778c2
lingbot_vla,bottle_verb,0,100002,pick,failure,0,700,700,action_limit,pick up the curvy yellow plastic bottle gently.,new,lingbot_vla/bottle_verb/bottle_verb_ep100002_result.json,24e9795a1cc2cffb1b6c4ff18c7aca4607997dc12a57e1a2ad3d7c2d5aa0ca0a
lingbot_vla,bottle_verb,0,100003,shake,success,1,140,700,task_success,shake the smooth bottle with blue text gently.,new,lingbot_vla/bottle_verb/bottle_verb_ep100003_result.json,e3a38cc9b6a8ba496c45f133b61a9cb915a47780b56ec1c026ad4b942bb9c94c
lingbot_vla,bottle_verb,1,100004,pick,failure,0,700,700,action_limit,Please grab the curvy yellow plastic bottle with the left arm.,new,lingbot_vla/bottle_verb/bottle_verb_ep100004_result.json,69b1282fb0e9a3bcb8b015dddec217d96aedd1bbbbf623a1308117a87d70a242
lingbot_vla,bottle_verb,1,100005,shake,success,1,120,700,task_success,shake the yellow bottle with white cap using the left arm.,new,lingbot_vla/bottle_verb/bottle_verb_ep100005_result.json,9820f82f82dbd87cb445054efc9641b1bcd503be6222e82f90f88408b55bb0d2
lingbot_vla,bottle_verb,2,100006,pick,failure,0,700,700,action_limit,Kindly lift the bottle with printed label.,new,lingbot_vla/bottle_verb/bottle_verb_ep100006_result.json,363ceba153022b01d5c52c2014c07ef77d6f6db7518e2ce84870f49f518329b6
lingbot_vla,bottle_verb,2,100007,shake,success,1,140,700,task_success,Kindly shake the bottle with printed label.,new,lingbot_vla/bottle_verb/bottle_verb_ep100007_result.json,7b09d70f4d99e06f2237dbd0cd89a7e23efe841b1ad97798c512600803643a99
lingbot_vla,bottle_verb,3,100008,pick,failure,0,700,700,action_limit,Please pick up the yellow bottle for liquid storage with the right arm.,new,lingbot_vla/bottle_verb/bottle_verb_ep100008_result.json,2b900c506d1e87da1a2575ffa61d7c2a7b0e8969a9c5375aab01ab8f6370d106
lingbot_vla,bottle_verb,3,100009,shake,success,1,160,700,task_success,shake the yellow bottle for liquid storage with care.,new,lingbot_vla/bottle_verb/bottle_verb_ep100009_result.json,d7f28dfaac109b3fb8368a0d8019989553648679aa61a6ae20c38693574d224c
lingbot_vla,bottle_verb,4,100010,pick,failure,0,700,700,action_limit,grab the medium-sized plastic bottle with capped top gently.,new,lingbot_vla/bottle_verb/bottle_verb_ep100010_result.json,f6d043a202a951533f253ab57ad99d92362100d792eebfd79d78addb3c53aaa8
lingbot_vla,bottle_verb,4,100011,shake,success,1,128,700,task_success,Please shake the medium-sized plastic bottle with capped top with the left arm.,new,lingbot_vla/bottle_verb/bottle_verb_ep100011_result.json,8ed5e2367518f18550e58397b3af6c5ff0acfafc54f52870cca8450a0bf4ff24
lingbot_vla,bottle_verb,5,100016,pick,failure,0,700,700,action_limit,Kindly grab the bottle with ridged orange grip.,new,lingbot_vla/bottle_verb/bottle_verb_ep100016_result.json,369956b8b46de3b684b9dcaeaec5c8023ec701d7589e1f9254cc6dfb4120ce47
lingbot_vla,bottle_verb,5,100017,shake,success,1,160,700,task_success,Please shake the white capped orange plastic bottle with the left arm.,new,lingbot_vla/bottle_verb/bottle_verb_ep100017_result.json,532087c21a1acc8dd13078186abde5d7bbd62923c9588c79c2ebd47f398fb220
lingbot_vla,bottle_verb,6,100018,pick,failure,0,700,700,action_limit,Kindly lift the smooth bottle with blue text.,new,lingbot_vla/bottle_verb/bottle_verb_ep100018_result.json,d1c1bc5d76673ee76d34bc21b6b78e6f69cb6a8a06d39ac9d993f61d93f4958e
lingbot_vla,bottle_verb,6,100019,shake,success,1,127,700,task_success,shake the smooth bottle with blue text gently.,new,lingbot_vla/bottle_verb/bottle_verb_ep100019_result.json,a04adf18409861564d16a9c58093586ecf25f10786394167625f9e4b3bcc2de1
lingbot_vla,bottle_verb,7,100020,pick,failure,0,700,700,action_limit,pick up the handheld orange bottle with care.,new,lingbot_vla/bottle_verb/bottle_verb_ep100020_result.json,18670f48cc5857c9391efa764f9f41572e25b27dce401b77ca0c5660c6eb63ed
lingbot_vla,bottle_verb,7,100021,shake,success,1,156,700,task_success,shake the label-covered orange bottle gently.,new,lingbot_vla/bottle_verb/bottle_verb_ep100021_result.json,1abf7c7930b717a0729ea59e7263ae96bb0b91d6cea6db41f6229007ca8302b8
lingbot_vla,bottle_verb,8,100022,pick,failure,0,700,700,action_limit,grab the bottle with curved body carefully now.,new,lingbot_vla/bottle_verb/bottle_verb_ep100022_result.json,9b58747cf3fbd6ececa8c77d5772c06898e663e4968b2443cff272e11b38259c
lingbot_vla,bottle_verb,8,100023,shake,success,1,118,700,task_success,shake the bottle with curved body gently.,new,lingbot_vla/bottle_verb/bottle_verb_ep100023_result.json,0732e95b398e21eacb074a0b6e7dd6a48a21812d3576d5f54c37f51f543ac9f1
lingbot_vla,bottle_verb,9,100024,pick,failure,0,700,700,action_limit,lift the bottle with curved neck design with the left arm.,new,lingbot_vla/bottle_verb/bottle_verb_ep100024_result.json,4fc3380c9427021aa6dd65650c19dfd799e65f35396b1b8baa0f98e9a2e86a9b
lingbot_vla,bottle_verb,9,100025,shake,success,1,149,700,task_success,shake the bottle with curved neck design for a moment.,new,lingbot_vla/bottle_verb/bottle_verb_ep100025_result.json,44c3fe82d96731d2c45f1966f9a59be28f3ebf32db24466d449b0e73d5cdbc7f
lingbot_vla,bottle_verb,10,100026,pick,failure,0,700,700,action_limit,pick up the bottle with curved neck design using one arm.,new,lingbot_vla/bottle_verb/bottle_verb_ep100026_result.json,8858623cdb59427bbed27d1b2e29b08281f513d462fa629112d24ebbfe7cad73
lingbot_vla,bottle_verb,10,100027,shake,success,1,122,700,task_success,shake the blue-capped plastic bottle carefully now.,new,lingbot_vla/bottle_verb/bottle_verb_ep100027_result.json,7e61ed89e2421d7ddf813dfe2ff994d31cf2fe72585987f5f5c9fbf77ec6cfa4
lingbot_vla,bottle_verb,11,100030,pick,failure,0,700,700,action_limit,lift the blue-capped plastic bottle gently.,new,lingbot_vla/bottle_verb/bottle_verb_ep100030_result.json,bfb088e1359a160b4ed8fe75a752efdb19dbc4bc1bbc574becaf5a46ab363dac
lingbot_vla,bottle_verb,11,100031,shake,success,1,141,700,task_success,shake the bottle with curved neck design gently.,new,lingbot_vla/bottle_verb/bottle_verb_ep100031_result.json,4ca98f7edffd2d6b11a3f1c6d391e8f13312928ecc03ee9ad3104182f6eee377
lingbot_vla,bottle_verb,12,100032,pick,failure,0,700,700,action_limit,Kindly pick up the bottle with curved body.,new,lingbot_vla/bottle_verb/bottle_verb_ep100032_result.json,d554bba7625569ae6b62d6588ab62842b5ba64ce7b860db509ae30f4de7d55d1
lingbot_vla,bottle_verb,12,100033,shake,success,1,112,700,task_success,shake the bottle with curved body right away.,new,lingbot_vla/bottle_verb/bottle_verb_ep100033_result.json,e3eec6a35eb1bf1632bacfceda643bb33486439b9e4e4b2dce42685db3509802
lingbot_vla,bottle_verb,13,100038,pick,failure,0,700,700,action_limit,pick up the liquid container dark brown plastic with the left arm.,new,lingbot_vla/bottle_verb/bottle_verb_ep100038_result.json,356fed2cb4f79ce1c43e3280c1090f960a1f66ab6642a42fad2a471ca96c5327
lingbot_vla,bottle_verb,13,100039,shake,success,1,147,700,task_success,shake the liquid container dark brown plastic carefully now.,new,lingbot_vla/bottle_verb/bottle_verb_ep100039_result.json,e8ddfe0a57223db27047eb3619ebb81d1faecc9f0ded5658fa8056338ade3264
lingbot_vla,bottle_verb,14,100042,pick,failure,0,700,700,action_limit,lift the light gray bottle right away.,new,lingbot_vla/bottle_verb/bottle_verb_ep100042_result.json,d5539c7d39f8a475b49e0594f95d95fe8d17346024dc2f9f3d8a041791bbb447
lingbot_vla,bottle_verb,14,100043,shake,success,1,150,700,task_success,shake the light gray bottle with care.,new,lingbot_vla/bottle_verb/bottle_verb_ep100043_result.json,c06595e0f1d048146c77adf2f37353bc268a527f04233dd34bcad1700029ba09
lingbot_vla,bottle_verb,15,100048,pick,failure,0,700,700,action_limit,lift the plastic bottle with printed label with the right arm.,new,lingbot_vla/bottle_verb/bottle_verb_ep100048_result.json,d25b489b0ffca699c28f94969357f9809f68bf6530675aa932c033cf58ea44ec
lingbot_vla,bottle_verb,15,100049,shake,success,1,146,700,task_success,shake the bottle with glossy surface right away.,new,lingbot_vla/bottle_verb/bottle_verb_ep100049_result.json,be19e142a036d22dec69b214eb4368a53dac623e8ffeb358b99cc0ef0435a830
lingbot_vla,bottle_verb,16,100050,pick,failure,0,700,700,action_limit,pick up the label-covered orange bottle with care.,new,lingbot_vla/bottle_verb/bottle_verb_ep100050_result.json,abd1f2ea9cd6e212a697c8a8dca5d4eb17ec3450ef4df39bb7a75c373c1fc79f
lingbot_vla,bottle_verb,16,100051,shake,success,1,124,700,task_success,shake the handheld orange bottle right away.,new,lingbot_vla/bottle_verb/bottle_verb_ep100051_result.json,66ee92696f9f5235a67901704b844b589f5936c8fccb439543283dd2dbc8fdee
lingbot_vla,bottle_verb,17,100052,pick,failure,0,700,700,action_limit,grab the bottle with red screw cap with the right arm.,new,lingbot_vla/bottle_verb/bottle_verb_ep100052_result.json,59851cc230effbe0fce7b5ae4a52a1ba161017a93fc90ee5d8150fe96b2af33e
lingbot_vla,bottle_verb,17,100053,shake,success,1,149,700,task_success,shake the bottle with red screw cap with care.,new,lingbot_vla/bottle_verb/bottle_verb_ep100053_result.json,137187148c85a2234e68694a913c5c80041c95e7957f8c24941a6e624f6c68e7
lingbot_vla,bottle_verb,18,100054,pick,failure,0,700,700,action_limit,lift the medium-sized plastic bottle with capped top gently.,new,lingbot_vla/bottle_verb/bottle_verb_ep100054_result.json,dcc335ddc49171938447f620f26d860588b80edbed804c844949c78c7ec1312a
lingbot_vla,bottle_verb,18,100055,shake,success,1,146,700,task_success,shake the medium-sized plastic bottle with capped top right away.,new,lingbot_vla/bottle_verb/bottle_verb_ep100055_result.json,f5e6684234c11834ef6ff0d406b96644df1e5e783b128d601297ffc6dcf2b190
lingbot_vla,bottle_verb,19,100056,pick,failure,0,700,700,action_limit,pick up the yellow bottle for liquid storage gently.,new,lingbot_vla/bottle_verb/bottle_verb_ep100056_result.json,2517d535e25bf948859c3447cdfa775f90c82662e928f3bde08910560813c138
lingbot_vla,bottle_verb,19,100057,shake,success,1,149,700,task_success,Please shake the yellow rectangular bottle with the left arm.,new,lingbot_vla/bottle_verb/bottle_verb_ep100057_result.json,3b20899f126addfd4abcf201678ead31a18cea5ca9da6855cf991068a86cff0d
lingbot_vla,pick_diverse_object,0,100002,seen,success,1,76,400,task_success,Pick up the bread carefully using the left arm,reused,lingbot_vla/pick_diverse_object/pick_diverse_object_ep100002_result.json,8dd7dccc36958286d87056c4a639db9d1da6e03b76c0c390e9ff4631b2f9a448
lingbot_vla,pick_diverse_object,0,100003,unseen,failure,0,400,400,action_limit,Lift the apple from the table using the left arm.,reused,lingbot_vla/pick_diverse_object/pick_diverse_object_ep100003_result.json,19f1b5a51f2326eb15393742dcd42066d173cc64c96e3ae2c98ff31056e7fde1
lingbot_vla,pick_diverse_object,1,100004,seen,success,1,46,400,task_success,Pick up the coffee box carefully using the left arm,reused,lingbot_vla/pick_diverse_object/pick_diverse_object_ep100004_result.json,42dfc48d8e50d66f5147dfa1b1b1f25df48047205e60df612d08bb708fbacc5f
lingbot_vla,pick_diverse_object,1,100005,unseen,failure,0,400,400,action_limit,Pick up the wooden mallet carefully using the left arm,reused,lingbot_vla/pick_diverse_object/pick_diverse_object_ep100005_result.json,c80db483112b13d9d6cbcebd125f473f648ed7a97596e101287e8524414b0fbd
lingbot_vla,pick_diverse_object,2,100006,seen,failure,0,400,400,action_limit,Grab the mouse on the table and raise it.,reused,lingbot_vla/pick_diverse_object/pick_diverse_object_ep100006_result.json,f789ff9c48a7c0d69aa607d9b6bf51857a5e5dbdbc1eec99d635d64641c765d6
lingbot_vla,pick_diverse_object,2,100007,unseen,failure,0,400,400,action_limit,Pick up the paintbrush carefully using the left arm,reused,lingbot_vla/pick_diverse_object/pick_diverse_object_ep100007_result.json,ec30922c586cab5c9e6576ec9ae0d95f85688c07a44abf8f0342e72d8bf1163d
lingbot_vla,pick_diverse_object,3,100008,seen,failure,0,400,400,action_limit,Pick up the bottle using the correct arm,reused,lingbot_vla/pick_diverse_object/pick_diverse_object_ep100008_result.json,58aecff692adfdb15d18e5911adfa17e2f2a95f6b171ba41d14cc924c518cef6
lingbot_vla,pick_diverse_object,3,100009,unseen,failure,0,400,400,action_limit,Grab the dumbbell on the table and raise it.,reused,lingbot_vla/pick_diverse_object/pick_diverse_object_ep100009_result.json,47e4885e4e8a434595419f24f7697c1fcba9c607b17a0c15df464aec8c59fed8
lingbot_vla,pick_diverse_object,4,100012,seen,failure,0,400,400,action_limit,Grab the shoe on the table and raise it.,reused,lingbot_vla/pick_diverse_object/pick_diverse_object_ep100012_result.json,41c434de2994035697da23add6d4e3d4364a08c897d3f6b9e40aa11e6d0389df
lingbot_vla,pick_diverse_object,4,100013,unseen,failure,0,400,400,action_limit,Pick up the wooden mallet using the correct arm,reused,lingbot_vla/pick_diverse_object/pick_diverse_object_ep100013_result.json,5940d79013f43266490c615378aba16f2b12c2403aa13c4495871ccb95187b08
lingbot_vla,pick_diverse_object,5,100014,seen,success,1,72,400,task_success,Pick up the mug carefully using the left arm,reused,lingbot_vla/pick_diverse_object/pick_diverse_object_ep100014_result.json,8015dd0244aed2e0eb48baf1bfc0dc509092d1fec1af0013c49cd301441b6d21
lingbot_vla,pick_diverse_object,5,100015,unseen,failure,0,400,400,action_limit,Lift the paintbrush from the table using the right arm.,reused,lingbot_vla/pick_diverse_object/pick_diverse_object_ep100015_result.json,5d02e153157707c0f2eb47a62a9451d10ef253c7232f7b00340569633403e6a9
lingbot_vla,pick_diverse_object,6,100018,seen,failure,0,400,400,action_limit,Pick up the toy car carefully using the right arm,reused,lingbot_vla/pick_diverse_object/pick_diverse_object_ep100018_result.json,890cf0359ecfb8789d01e43ae14f7014560b1811c0b86d3282f2b8e576a6e7b6
lingbot_vla,pick_diverse_object,6,100019,unseen,success,1,77,400,task_success,Pick up the apple carefully using the right arm,reused,lingbot_vla/pick_diverse_object/pick_diverse_object_ep100019_result.json,d6f05a2a4b1a3c701e30d88a83f306aa67be6e2727bbb84d42b7253609dc170e
lingbot_vla,pick_diverse_object,7,100020,seen,failure,0,400,400,action_limit,Grab the phone on the table and raise it.,reused,lingbot_vla/pick_diverse_object/pick_diverse_object_ep100020_result.json,42745069cc7841e31b556b37c34903a28bf1e011b7ffb468fa70e07ea85e2907
lingbot_vla,pick_diverse_object,7,100021,unseen,success,1,312,400,task_success,Grab the wooden mallet on the table and raise it.,reused,lingbot_vla/pick_diverse_object/pick_diverse_object_ep100021_result.json,5351e9f9a487885086ab3f773bddcc98548f63787e2a4c7dd58a42cb7d971da3
lingbot_vla,pick_diverse_object,8,100024,seen,failure,0,400,400,action_limit,Pick up the hamburger carefully using the right arm,reused,lingbot_vla/pick_diverse_object/pick_diverse_object_ep100024_result.json,c80c24142992bf911f6aeb893823682885870b0646a991e1b757ade81fc133e2
lingbot_vla,pick_diverse_object,8,100025,unseen,failure,0,400,400,action_limit,Pick up the dumbbell carefully using the left arm,reused,lingbot_vla/pick_diverse_object/pick_diverse_object_ep100025_result.json,b567f49d0f7a8ef6cdba57a912f19f9c5d3bdf658642c048cae147ea00764435
lingbot_vla,pick_diverse_object,9,100034,seen,success,1,307,400,task_success,Lift the cup from the table using the left arm.,reused,lingbot_vla/pick_diverse_object/pick_diverse_object_ep100034_result.json,377f6dec95efc2380a51ecbe0790462654f464ac9508c23d1fde78615e5da2e0
lingbot_vla,pick_diverse_object,9,100035,unseen,failure,0,400,400,action_limit,Grab the apple on the table and raise it.,reused,lingbot_vla/pick_diverse_object/pick_diverse_object_ep100035_result.json,0c7f3c5b326afc99c232acf2a6b4645040d5a1e9de0f76aab8e7c428cd94559e
lingbot_vla,pick_diverse_object,10,100036,seen,success,1,130,400,task_success,Grab the shoe on the table and raise it.,reused,lingbot_vla/pick_diverse_object/pick_diverse_object_ep100036_result.json,c1e50524c8e6762e60c4e8c280960293559af20827c749b7385c0473512827d1
lingbot_vla,pick_diverse_object,10,100037,unseen,failure,0,400,400,action_limit,Lift the wooden mallet from the table using the right arm.,reused,lingbot_vla/pick_diverse_object/pick_diverse_object_ep100037_result.json,548a736d76cf7360356fde5f4f21e0e389f2c0bd4dbde34f91d554414b9242cb
lingbot_vla,pick_diverse_object,11,100038,seen,success,1,72,400,task_success,Lift the mug from the table using the left arm.,reused,lingbot_vla/pick_diverse_object/pick_diverse_object_ep100038_result.json,142c41e5ce87f6884233614e4759dee85aded21ccecd6559aa4c51037d056ee5
lingbot_vla,pick_diverse_object,11,100039,unseen,failure,0,400,400,action_limit,Grab the paintbrush on the table and raise it.,reused,lingbot_vla/pick_diverse_object/pick_diverse_object_ep100039_result.json,ac39a654e04abe8a3e53b4298e92d98941402071e2252add32f95738671a4115
lingbot_vla,pick_diverse_object,12,100040,seen,success,1,74,400,task_success,Grab the can on the table and raise it.,reused,lingbot_vla/pick_diverse_object/pick_diverse_object_ep100040_result.json,2f913e6b1fb639c206d3185541427cadec03f720ecc8b37fa8470cb3e78dc6d8
lingbot_vla,pick_diverse_object,12,100041,unseen,failure,0,400,400,action_limit,Grab the dumbbell on the table and raise it.,reused,lingbot_vla/pick_diverse_object/pick_diverse_object_ep100041_result.json,3ca4e5050723525482e1308fe741835c6f59b431ab33d54b7abfdfd5d7fc79f5
lingbot_vla,pick_diverse_object,13,100042,seen,success,1,109,400,task_success,Lift the toy car from the table using the right arm.,reused,lingbot_vla/pick_diverse_object/pick_diverse_object_ep100042_result.json,bb0c6392e309e7b3db2f8f9db965718d7a163f0e889eb74ddb6ecd15f5782503
lingbot_vla,pick_diverse_object,13,100043,unseen,failure,0,400,400,action_limit,Pick up the apple using the correct arm,reused,lingbot_vla/pick_diverse_object/pick_diverse_object_ep100043_result.json,f6e55938f09f584dd3c447459a89a64d9b3b9198b09a7bfb9eab3f64be36b4cb
lingbot_vla,pick_diverse_object,14,100048,seen,success,1,77,400,task_success,Grab the hamburger on the table and raise it.,reused,lingbot_vla/pick_diverse_object/pick_diverse_object_ep100048_result.json,b21fad30d9ea78448ad0f5a7c23d6ec84b7a824488af49259d6ec5929c3b371c
lingbot_vla,pick_diverse_object,14,100049,unseen,failure,0,400,400,action_limit,Grab the dumbbell on the table and raise it.,reused,lingbot_vla/pick_diverse_object/pick_diverse_object_ep100049_result.json,fdfb84c452d80317910c8599596dbb23f67f6ebf27fb6ecec1bf3f4b4276c769
lingbot_vla,pick_diverse_object,15,100052,seen,failure,0,400,400,action_limit,Pick up the coffee box using the correct arm,reused,lingbot_vla/pick_diverse_object/pick_diverse_object_ep100052_result.json,3872b915a4f98a046eb9c5ca5aa86d87a24161b16cb9db189637762dfe4dcb5c
lingbot_vla,pick_diverse_object,15,100053,unseen,failure,0,400,400,action_limit,Pick up the wooden mallet using the correct arm,reused,lingbot_vla/pick_diverse_object/pick_diverse_object_ep100053_result.json,d89ca6961c9fee2bab0c30aa532ebc6c63a49f85a42d7b6a3504ae89934d43db
lingbot_vla,pick_diverse_object,16,100054,seen,failure,0,400,400,action_limit,Grab the mouse on the table and raise it.,reused,lingbot_vla/pick_diverse_object/pick_diverse_object_ep100054_result.json,77e8dcf590c9f52fd1ad1a292f423079ef6347d6a6b8d796fbeafd0f3794648c
lingbot_vla,pick_diverse_object,16,100055,unseen,failure,0,400,400,action_limit,Lift the paintbrush from the table using the right arm.,reused,lingbot_vla/pick_diverse_object/pick_diverse_object_ep100055_result.json,aa2de1c2484081308acac2e9e9369420df1e3603e581e3c21cbe003bafa5e802
lingbot_vla,pick_diverse_object,17,100056,seen,success,1,78,400,task_success,Grab the bottle on the table and raise it.,reused,lingbot_vla/pick_diverse_object/pick_diverse_object_ep100056_result.json,8ff966a1a12823f1d6f6fc0c07c43a92395e2ba8ce73992b5ee76407688e81f0
lingbot_vla,pick_diverse_object,17,100057,unseen,success,1,76,400,task_success,Pick up the dumbbell carefully using the left arm,reused,lingbot_vla/pick_diverse_object/pick_diverse_object_ep100057_result.json,1950ea1ce72d3ba5eb83a6699f82cda4876766fba5459b696fbb74e9e567dfef
lingbot_vla,pick_diverse_object,18,100060,seen,failure,0,400,400,action_limit,Pick up the shoe carefully using the right arm,reused,lingbot_vla/pick_diverse_object/pick_diverse_object_ep100060_result.json,f8020a11edf2ac84d4c075c17e5487ac44bab4b393076cc444ca9966b6b83bf9
lingbot_vla,pick_diverse_object,18,100061,unseen,failure,0,400,400,action_limit,Grab the wooden mallet on the table and raise it.,reused,lingbot_vla/pick_diverse_object/pick_diverse_object_ep100061_result.json,4046a847b76065ce8510957412da887a43f6689dc4b6c4010ea6cd1a7b5fbed4
lingbot_vla,pick_diverse_object,19,100066,seen,failure,0,400,400,action_limit,Lift the toy car from the table using the right arm.,reused,lingbot_vla/pick_diverse_object/pick_diverse_object_ep100066_result.json,d3ccedc73a1ea1b32cd9d06183065a357256c83be64c08c4d302ad9ea2fddc35
lingbot_vla,pick_diverse_object,19,100067,unseen,failure,0,400,400,action_limit,Lift the apple from the table using the right arm.,reused,lingbot_vla/pick_diverse_object/pick_diverse_object_ep100067_result.json,e1bab448c6ac72f36634c9ab7af9476bd69c4b0df6579c568c444449b68a1c85
lingbot_vla,attribute_select,0,100000,color:red,success,1,81,400,task_success,Reach for the red block and lift it.,reused,lingbot_vla/attribute_select/attribute_select_ep100000_result.json,a3733f7c48616c388ec34ceb4638c9a7f4b4f2aeb3a0d73254615d9a4eaa7676
lingbot_vla,attribute_select,0,100001,color:blue,success,1,231,400,task_success,Reach for the blue block and lift it.,reused,lingbot_vla/attribute_select/attribute_select_ep100001_result.json,806f650f21324c12acf6f17fcd2ef84972f560e265a9983d33374f69ad0de434
lingbot_vla,attribute_select,0,100002,decal:cat,failure,0,400,400,action_limit,Fetch the block with a cat on it.,reused,lingbot_vla/attribute_select/attribute_select_ep100002_result.json,650a28963299a0ce6010f20622776bda19ca5150dd5ce73939092df0ae2c266b
lingbot_vla,attribute_select,0,100003,decal:dog,success,1,80,400,task_success,Fetch the block with a dog on it.,reused,lingbot_vla/attribute_select/attribute_select_ep100003_result.json,1df216615d289981cd1584e94e4126d1ae9497a750494231e287b113ac004f48
lingbot_vla,attribute_select,0,100004,shape:block,failure,0,400,400,action_limit,Reach for the cube and lift it.,reused,lingbot_vla/attribute_select/attribute_select_ep100004_result.json,9bb3566dbc07905b5b923bd1bd5b6a302cbf7e5511ee5d5ddf3a5b7d29eefd0d
lingbot_vla,attribute_select,0,100005,shape:bar,success,1,82,400,task_success,Fetch the long bar.,reused,lingbot_vla/attribute_select/attribute_select_ep100005_result.json,4b14ff47e01c7fa1bbe168a09e31c23da90f4ce41b534732452dec8c55c1bb67
lingbot_vla,attribute_select,0,100006,size:big,failure,0,400,400,action_limit,Reach for the big block and lift it.,reused,lingbot_vla/attribute_select/attribute_select_ep100006_result.json,65e941cbba7fae76d3fce43ff8aedfc390ca1ac817a4dd2ff68822c3b96bb22c
lingbot_vla,attribute_select,0,100007,size:small,success,1,81,400,task_success,Fetch the small block.,reused,lingbot_vla/attribute_select/attribute_select_ep100007_result.json,7f0e4dfd98ed5ce0a902d735c57034e6a5f57becc61788e337941856b47e94e5
lingbot_vla,attribute_select,1,100008,color:red,failure,0,400,400,action_limit,Fetch the red block.,reused,lingbot_vla/attribute_select/attribute_select_ep100008_result.json,e932194341f4052a50fef7ff93566c0b4b03139cd00757cb53e08cf32d8e86a8
lingbot_vla,attribute_select,1,100009,color:blue,success,1,81,400,task_success,Fetch the blue block.,reused,lingbot_vla/attribute_select/attribute_select_ep100009_result.json,359f22d760dd5f307b3fff11001cb3d5cac89e3d0286e639723bb8d0e7cce1ba
lingbot_vla,attribute_select,1,100010,decal:cat,success,1,80,400,task_success,Reach for the block with a cat on it and lift it.,reused,lingbot_vla/attribute_select/attribute_select_ep100010_result.json,9a1d5e916dbb5c5dc9665cf46176be2523ddd0df6a5c6b48b28cb5f0702126f3
lingbot_vla,attribute_select,1,100011,decal:dog,failure,0,400,400,action_limit,Reach for the block with a dog on it and lift it.,reused,lingbot_vla/attribute_select/attribute_select_ep100011_result.json,7d58b30cdd152a9254b1afe2381ed71c68e95b8e50bf9a9428d4b4b780cffdba
lingbot_vla,attribute_select,1,100012,shape:block,failure,0,400,400,action_limit,Fetch the cube.,reused,lingbot_vla/attribute_select/attribute_select_ep100012_result.json,6a2f669c2e234e585d65562e243f5fb898c958e2c4d85ea06bf0f341b4f80ed1
lingbot_vla,attribute_select,1,100013,shape:bar,success,1,81,400,task_success,Reach for the long bar and lift it.,reused,lingbot_vla/attribute_select/attribute_select_ep100013_result.json,3f61e7ac2e3bd0931c11e1d924e6a9180ce7f6e7850717aaa88fbe8584125406
lingbot_vla,attribute_select,1,100014,size:big,failure,0,400,400,action_limit,Fetch the big block.,reused,lingbot_vla/attribute_select/attribute_select_ep100014_result.json,858867cabe2d4726a17dc701993908b774bed93e7d2fca0f97f1c2314d145799
lingbot_vla,attribute_select,1,100015,size:small,success,1,81,400,task_success,Fetch the small block.,reused,lingbot_vla/attribute_select/attribute_select_ep100015_result.json,025959869a0ad9d755cc86ab366679c9bb856d4c7a7b6376e51a01ff29192642
lingbot_vla,attribute_select,2,100016,color:red,success,1,80,400,task_success,Reach for the red block and lift it.,reused,lingbot_vla/attribute_select/attribute_select_ep100016_result.json,634aed67c129d7bcc797dd8e4e9cac56ebae4e68d977e8a134939bf1063d180b
lingbot_vla,attribute_select,2,100017,color:blue,success,1,230,400,task_success,Fetch the blue block.,reused,lingbot_vla/attribute_select/attribute_select_ep100017_result.json,643403818314a60e0d0f62ceec60d41ac26c89fae68d36ddb6877da3e3c113a3
lingbot_vla,attribute_select,2,100018,decal:cat,failure,0,400,400,action_limit,Fetch the block with a cat on it.,reused,lingbot_vla/attribute_select/attribute_select_ep100018_result.json,62d8d060bbe99d734e6fb6082a748b0de07c60e6d8fc91ebce3e1a47a98d34c7
lingbot_vla,attribute_select,2,100019,decal:dog,success,1,81,400,task_success,Fetch the block with a dog on it.,reused,lingbot_vla/attribute_select/attribute_select_ep100019_result.json,234d868008c3eeb3647d4286e4034bc49c3cd753e564bc99aed67e28b632d23c
lingbot_vla,attribute_select,2,100020,shape:block,failure,0,400,400,action_limit,Reach for the cube and lift it.,reused,lingbot_vla/attribute_select/attribute_select_ep100020_result.json,e00b138aad048439d19b3fec096bc37a50af07e5e3673c015cc718a5fcd0aec6
lingbot_vla,attribute_select,2,100021,shape:bar,failure,0,400,400,action_limit,Fetch the long bar.,reused,lingbot_vla/attribute_select/attribute_select_ep100021_result.json,62dcbc8928d2687f1be63c3532f15734a7c9cee68f6d95c8ef48191e72feb98d
lingbot_vla,attribute_select,2,100022,size:big,failure,0,400,400,action_limit,Reach for the big block and lift it.,reused,lingbot_vla/attribute_select/attribute_select_ep100022_result.json,101b159813ecd57af8e9225c56f4533fae065374ab409d81f5325d97137e7151
lingbot_vla,attribute_select,2,100023,size:small,success,1,81,400,task_success,Fetch the small block.,reused,lingbot_vla/attribute_select/attribute_select_ep100023_result.json,9691c9fde5c7a9661bd4bb1f8c1a5d8d750f1935f9ec01ebdc9ceedff283cb87
lingbot_vla,attribute_select,3,100024,color:red,success,1,248,400,task_success,Fetch the red block.,reused,lingbot_vla/attribute_select/attribute_select_ep100024_result.json,e35ff186a434ed3ff145063aac6aaf79c61caa661e75111f97ea52450f3ef2d0
lingbot_vla,attribute_select,3,100025,color:blue,success,1,80,400,task_success,Reach for the blue block and lift it.,reused,lingbot_vla/attribute_select/attribute_select_ep100025_result.json,18a50a1a884889e0c16ec36f37b3a72160bcb1d7e0dfa043fab16409b9f872f0
lingbot_vla,attribute_select,3,100026,decal:cat,success,1,81,400,task_success,Fetch the block with a cat on it.,reused,lingbot_vla/attribute_select/attribute_select_ep100026_result.json,f364072ca5c49a71190eddc62a49980062a610e2951609df881315b9aa3428e6
lingbot_vla,attribute_select,3,100027,decal:dog,failure,0,400,400,action_limit,Reach for the block with a dog on it and lift it.,reused,lingbot_vla/attribute_select/attribute_select_ep100027_result.json,ff9f0f538521a80399279fbb42f054b83d98a385ab71ec47837f7dc42290cfc7
lingbot_vla,attribute_select,3,100028,shape:block,failure,0,400,400,action_limit,Reach for the cube and lift it.,reused,lingbot_vla/attribute_select/attribute_select_ep100028_result.json,8bd770f8c94064109dd247e45df4079ee06391e5720e77d4ca667ce4c36ddc8a
lingbot_vla,attribute_select,3,100029,shape:bar,success,1,81,400,task_success,Reach for the long bar and lift it.,reused,lingbot_vla/attribute_select/attribute_select_ep100029_result.json,6edb5c909babfe0c4b1b1fe8d5a4d383900481a829d7468bde072ea73ee7681f
lingbot_vla,attribute_select,3,100030,size:big,failure,0,400,400,action_limit,Fetch the big block.,reused,lingbot_vla/attribute_select/attribute_select_ep100030_result.json,9c13be2b87d41a1df0d1ee6138196bcf78d938debed54dea098e98dc556233eb
lingbot_vla,attribute_select,3,100031,size:small,success,1,79,400,task_success,Fetch the small block.,reused,lingbot_vla/attribute_select/attribute_select_ep100031_result.json,c9039b02df8a70f91f820724d860df13df3fba5cf5f98cd8ff0fadc7848f7019
lingbot_vla,attribute_select,4,100032,color:red,success,1,233,400,task_success,Fetch the red block.,reused,lingbot_vla/attribute_select/attribute_select_ep100032_result.json,468c8ec55a95525ce8ab0851bcbdcee41cfc8c5ec7e1fe2bdce065e321c50c14
lingbot_vla,attribute_select,4,100033,color:blue,success,1,81,400,task_success,Fetch the blue block.,reused,lingbot_vla/attribute_select/attribute_select_ep100033_result.json,ce1cb97e2bccabcde69419769b377f47bac95e6ecd2651971225ab306f0cd34c
lingbot_vla,attribute_select,4,100034,decal:cat,failure,0,400,400,action_limit,Fetch the block with a cat on it.,reused,lingbot_vla/attribute_select/attribute_select_ep100034_result.json,66439cd344b84e8fd556fbbf5c1d0142dcd2a3349540b40758341988cb1ff164
lingbot_vla,attribute_select,4,100035,decal:dog,success,1,80,400,task_success,Fetch the block with a dog on it.,reused,lingbot_vla/attribute_select/attribute_select_ep100035_result.json,241e3db3d73bca1463e6d9904a8e32196fd85c06751f4b6cbcb8f0dd4d1f5695
lingbot_vla,attribute_select,4,100036,shape:block,failure,0,400,400,action_limit,Fetch the cube.,reused,lingbot_vla/attribute_select/attribute_select_ep100036_result.json,9e748a4eb2e76f35e663293bf310320533646d58d66334270ddeb67690d12c04
lingbot_vla,attribute_select,4,100037,shape:bar,success,1,80,400,task_success,Fetch the long bar.,reused,lingbot_vla/attribute_select/attribute_select_ep100037_result.json,9a9deb87876d3c87b1f7f8197fed93b7ea524c7f672a62f88f5be52db79e7deb
lingbot_vla,attribute_select,4,100038,size:big,failure,0,400,400,action_limit,Fetch the big block.,reused,lingbot_vla/attribute_select/attribute_select_ep100038_result.json,135ce92c4e6d88d8298d29452405a77ca7026025acbe358ceb7dfd4f1a621d61
lingbot_vla,attribute_select,4,100039,size:small,success,1,79,400,task_success,Reach for the small block and lift it.,reused,lingbot_vla/attribute_select/attribute_select_ep100039_result.json,146ae83c01bf0a7f2dc8ccb893f4b57874fa72e031cdfe9fc73cc98e8814e8c2
lingbot_vla,attribute_select,5,100040,color:red,success,1,80,400,task_success,Fetch the red block.,reused,lingbot_vla/attribute_select/attribute_select_ep100040_result.json,454a1214525d3d4c1b423df6f34853962989581946beec7412600d0a587b4b59
lingbot_vla,attribute_select,5,100041,color:blue,success,1,231,400,task_success,Fetch the blue block.,reused,lingbot_vla/attribute_select/attribute_select_ep100041_result.json,49181a0aea5d2d1b097cb524092af13da884a2695943ed57e179392a7b992f9f
lingbot_vla,attribute_select,5,100042,decal:cat,success,1,81,400,task_success,Reach for the block with a cat on it and lift it.,reused,lingbot_vla/attribute_select/attribute_select_ep100042_result.json,799cf9b54ebf6e8b0ca5638d727ceff33d4a04f18e40383489dec5918cf65158
lingbot_vla,attribute_select,5,100043,decal:dog,failure,0,400,400,action_limit,Reach for the block with a dog on it and lift it.,reused,lingbot_vla/attribute_select/attribute_select_ep100043_result.json,a9fbc210a626861a02205e609e8f1b0737060d9b0a91d2c3346c11d87379dc66
lingbot_vla,attribute_select,5,100044,shape:block,success,1,80,400,task_success,Reach for the cube and lift it.,reused,lingbot_vla/attribute_select/attribute_select_ep100044_result.json,848cf61c31987a663397e3d3fc9aeaf6a3ade0497177871b1094714e10547e3c
lingbot_vla,attribute_select,5,100045,shape:bar,failure,0,400,400,action_limit,Fetch the long bar.,reused,lingbot_vla/attribute_select/attribute_select_ep100045_result.json,cbea4dfa464c9e332224d278cf1cddcb5e9b100f35c04ee4dc7e608338790bad
lingbot_vla,attribute_select,5,100046,size:big,failure,0,400,400,action_limit,Fetch the big block.,reused,lingbot_vla/attribute_select/attribute_select_ep100046_result.json,293151c192091717a3c7b4c0e4bf70e680cb2553f3375c174ad7b1bb99ca8c2e
lingbot_vla,attribute_select,5,100047,size:small,success,1,80,400,task_success,Fetch the small block.,reused,lingbot_vla/attribute_select/attribute_select_ep100047_result.json,4ea362fd777c417b62b61cb6eeda50674b6d3523579bbfb96bd920aa4759e44a
lingbot_vla,attribute_select,6,100048,color:red,success,1,80,400,task_success,Fetch the red block.,reused,lingbot_vla/attribute_select/attribute_select_ep100048_result.json,4aa169b463da3f04d258ba654b032c5ad627935d5261b8aced1bb8cd9747c4b4
lingbot_vla,attribute_select,6,100049,color:blue,success,1,230,400,task_success,Fetch the blue block.,reused,lingbot_vla/attribute_select/attribute_select_ep100049_result.json,7154eb1e845be83158d5b716e79093a724a55d5258dc784525bd785b1952ac1d
lingbot_vla,attribute_select,6,100050,decal:cat,success,1,80,400,task_success,Reach for the block with a cat on it and lift it.,reused,lingbot_vla/attribute_select/attribute_select_ep100050_result.json,232d59359281ef1da90d2a988655be63dd4a50c4c734d37f656de08e48d85044
lingbot_vla,attribute_select,6,100051,decal:dog,failure,0,400,400,action_limit,Fetch the block with a dog on it.,reused,lingbot_vla/attribute_select/attribute_select_ep100051_result.json,d2416579b34fd35f29174b162140fa3d7b4d640f0050c6ec106537d7f27e6f4a
lingbot_vla,attribute_select,6,100052,shape:block,failure,0,400,400,action_limit,Reach for the cube and lift it.,reused,lingbot_vla/attribute_select/attribute_select_ep100052_result.json,35617f7ada508088ad15d041c260e6b0003c141284a4a34dd1f6d68affed7069
lingbot_vla,attribute_select,6,100053,shape:bar,success,1,83,400,task_success,Fetch the long bar.,reused,lingbot_vla/attribute_select/attribute_select_ep100053_result.json,f9dae9895afe6c12f8f79e4479bd128211a1106cd4cc05a64179161573a743f2
lingbot_vla,attribute_select,6,100054,size:big,failure,0,400,400,action_limit,Fetch the big block.,reused,lingbot_vla/attribute_select/attribute_select_ep100054_result.json,ce90923cc3100ab6639c5d78d319d5547214b4c7035069bba82e6bcd54530497
lingbot_vla,attribute_select,6,100055,size:small,success,1,79,400,task_success,Reach for the small block and lift it.,reused,lingbot_vla/attribute_select/attribute_select_ep100055_result.json,a79a019f7ed4931cdeff9ce780ed27cf9a6512cba9d28d2400bad83f69340929
lingbot_vla,attribute_select,7,100064,color:red,success,1,82,400,task_success,Fetch the red block.,reused,lingbot_vla/attribute_select/attribute_select_ep100064_result.json,57d5c04dd74a2ca079fe185640f6e9d9df1a7893b83487faac39e67f369a1eff
lingbot_vla,attribute_select,7,100065,color:blue,success,1,230,400,task_success,Reach for the blue block and lift it.,reused,lingbot_vla/attribute_select/attribute_select_ep100065_result.json,0ab9e7832ff232acd6dbe93ac30079aaa6ce2092b50c847d845c99ecb8dc1d2f
lingbot_vla,attribute_select,7,100066,decal:cat,success,1,81,400,task_success,Reach for the block with a cat on it and lift it.,reused,lingbot_vla/attribute_select/attribute_select_ep100066_result.json,43e91cede62bd497747684d93b886b7f0fd285b5b760864086d66f5bb3f13c50
lingbot_vla,attribute_select,7,100067,decal:dog,failure,0,400,400,action_limit,Reach for the block with a dog on it and lift it.,reused,lingbot_vla/attribute_select/attribute_select_ep100067_result.json,a90059b611af49e7d627cb19c3ca3f588ed129d6de483b78d1e8ac8026babf0e
lingbot_vla,attribute_select,7,100068,shape:block,failure,0,400,400,action_limit,Reach for the cube and lift it.,reused,lingbot_vla/attribute_select/attribute_select_ep100068_result.json,9b393dba167cb451f3fa977963f794c040bb0919f02929b4f51a5029b107aea6
lingbot_vla,attribute_select,7,100069,shape:bar,success,1,80,400,task_success,Fetch the long bar.,reused,lingbot_vla/attribute_select/attribute_select_ep100069_result.json,0cdc786f557df55bd8e5989b19abcec5dcbcbb3c5a93a8d97fc80a1f3de90fa0
lingbot_vla,attribute_select,7,100070,size:big,failure,0,400,400,action_limit,Reach for the big block and lift it.,reused,lingbot_vla/attribute_select/attribute_select_ep100070_result.json,7bd3ec230e7c42218563a888e16f7e5754fd4f8b2668fb33a7365e1325258303
lingbot_vla,attribute_select,7,100071,size:small,success,1,80,400,task_success,Fetch the small block.,reused,lingbot_vla/attribute_select/attribute_select_ep100071_result.json,7a9587416adc6b51ffe3c85ae1d47ce90421f11f9dd643923d789759b7e4b7f7
lingbot_vla,attribute_select,8,100072,color:red,success,1,82,400,task_success,Reach for the red block and lift it.,reused,lingbot_vla/attribute_select/attribute_select_ep100072_result.json,600426c4ce2477eb5667b6e942e4c13db9f2c0228c59b59999a4dc71d3996ce7
lingbot_vla,attribute_select,8,100073,color:blue,failure,0,400,400,action_limit,Reach for the blue block and lift it.,reused,lingbot_vla/attribute_select/attribute_select_ep100073_result.json,507a912be8a48b19115a899dea9b2f67a07e507b40233228882ea0f7a7295a7e
lingbot_vla,attribute_select,8,100074,decal:cat,failure,0,400,400,action_limit,Fetch the block with a cat on it.,reused,lingbot_vla/attribute_select/attribute_select_ep100074_result.json,e7af2ddf55c5d3c51062504cef84ad26ed0b1e2a17455118435f323a908d45c8
lingbot_vla,attribute_select,8,100075,decal:dog,success,1,81,400,task_success,Reach for the block with a dog on it and lift it.,reused,lingbot_vla/attribute_select/attribute_select_ep100075_result.json,a40a900c285ce8395da859f60d50071dc45cc596deccb2bf7a97b26505f119c9
lingbot_vla,attribute_select,8,100076,shape:block,failure,0,400,400,action_limit,Fetch the cube.,reused,lingbot_vla/attribute_select/attribute_select_ep100076_result.json,79356f8a046130599090c2e8f9088931b65fc788eaf6c0f15005909685cdde37
lingbot_vla,attribute_select,8,100077,shape:bar,success,1,81,400,task_success,Reach for the long bar and lift it.,reused,lingbot_vla/attribute_select/attribute_select_ep100077_result.json,d539f19bfd434bb3f0024765540fa66335d8953c5b827378b920305fc6d1c60b
lingbot_vla,attribute_select,8,100078,size:big,failure,0,400,400,action_limit,Fetch the big block.,reused,lingbot_vla/attribute_select/attribute_select_ep100078_result.json,74568637869a0818d09f1d14974889480e70fc68abc25a26a8f6c229a3e25432
lingbot_vla,attribute_select,8,100079,size:small,success,1,81,400,task_success,Fetch the small block.,reused,lingbot_vla/attribute_select/attribute_select_ep100079_result.json,efc3757cbb44be1850e7913db51b4557397b9a88c8c09a9e8200a6049fe1a604
lingbot_vla,attribute_select,9,100080,color:red,success,1,80,400,task_success,Fetch the red block.,reused,lingbot_vla/attribute_select/attribute_select_ep100080_result.json,7dbc3acfaa341cf942c51494bd6910f453a826900da924d5ce1583337ad3b017
lingbot_vla,attribute_select,9,100081,color:blue,success,1,260,400,task_success,Reach for the blue block and lift it.,reused,lingbot_vla/attribute_select/attribute_select_ep100081_result.json,92604a67ea7ac19cccd3b89749d5afc19f7f17fca366430a5ef1628787fa0a44
lingbot_vla,attribute_select,9,100082,decal:cat,success,1,81,400,task_success,Reach for the block with a cat on it and lift it.,reused,lingbot_vla/attribute_select/attribute_select_ep100082_result.json,de388d2ae79de5444de932caae1d170b1e3c0fbd65310c1b518184cc315e54f8
lingbot_vla,attribute_select,9,100083,decal:dog,failure,0,400,400,action_limit,Reach for the block with a dog on it and lift it.,reused,lingbot_vla/attribute_select/attribute_select_ep100083_result.json,a638de4623f240badfc91b7c09154ce4aa5a613549cd99000c4c5bcfa51c9450
lingbot_vla,attribute_select,9,100084,shape:block,failure,0,400,400,action_limit,Fetch the cube.,reused,lingbot_vla/attribute_select/attribute_select_ep100084_result.json,9985c537e902ba1fec3fd9977c912f4bfc38553bfdae3d140a176621c81d8b94
lingbot_vla,attribute_select,9,100085,shape:bar,success,1,82,400,task_success,Fetch the long bar.,reused,lingbot_vla/attribute_select/attribute_select_ep100085_result.json,89e5988a8a769f4f97835845fdfa1ea66d1711ada0a603b7884be444505daf79
lingbot_vla,attribute_select,9,100086,size:big,success,1,381,400,task_success,Fetch the big block.,reused,lingbot_vla/attribute_select/attribute_select_ep100086_result.json,3840ad3c9641173036fb77fc7f2479eaa3bbd1b6ffa0a07a81cdefdd4122bb86
lingbot_vla,attribute_select,9,100087,size:small,success,1,80,400,task_success,Reach for the small block and lift it.,reused,lingbot_vla/attribute_select/attribute_select_ep100087_result.json,acdb50efd71a76c1b0f0cef6d1ec0473d205633850ec60441c50150f87574938
lingbot_vla,attribute_select,10,100088,color:red,success,1,80,400,task_success,Fetch the red block.,reused,lingbot_vla/attribute_select/attribute_select_ep100088_result.json,b33ea48764e94abbba10d0f0b86696bfb81a3715adcde286fe327eae285b5e39
lingbot_vla,attribute_select,10,100089,color:blue,failure,0,400,400,action_limit,Fetch the blue block.,reused,lingbot_vla/attribute_select/attribute_select_ep100089_result.json,2dfe922c14076b6b44ab3934cf8bc8e9c6f2b961df64cf0a67badb525980f8c7
lingbot_vla,attribute_select,10,100090,decal:cat,failure,0,400,400,action_limit,Reach for the block with a cat on it and lift it.,reused,lingbot_vla/attribute_select/attribute_select_ep100090_result.json,8af0145eed2b3682ea3b8596e85bc4d311706351be29e61a5a8516fdf197e805
lingbot_vla,attribute_select,10,100091,decal:dog,success,1,80,400,task_success,Fetch the block with a dog on it.,reused,lingbot_vla/attribute_select/attribute_select_ep100091_result.json,bee0dbdce03801fb9da378f20f00cf3b05981e82ee73ca8e0075ad2700ef026c
lingbot_vla,attribute_select,10,100092,shape:block,failure,0,400,400,action_limit,Reach for the cube and lift it.,reused,lingbot_vla/attribute_select/attribute_select_ep100092_result.json,6ee028e070b486a117b4e8835099d075dff0753172195024223be760d04c43d9
lingbot_vla,attribute_select,10,100093,shape:bar,failure,0,400,400,action_limit,Reach for the long bar and lift it.,reused,lingbot_vla/attribute_select/attribute_select_ep100093_result.json,7750f013736347c90f30b98b70aaf572ddfd74fdf60a4a5c9b9eef0c715e8dda
lingbot_vla,attribute_select,10,100094,size:big,failure,0,400,400,action_limit,Reach for the big block and lift it.,reused,lingbot_vla/attribute_select/attribute_select_ep100094_result.json,c7f620de57d312b9bb5fdcf288d821f03e55f0e1c80e5ddcacaf0a4eb1a95ddf
lingbot_vla,attribute_select,10,100095,size:small,success,1,81,400,task_success,Reach for the small block and lift it.,reused,lingbot_vla/attribute_select/attribute_select_ep100095_result.json,43d0bb1d7360155efe009cbe632efd7e2016faf7b9cf84017535c83edcfaafa2
lingbot_vla,attribute_select,11,100096,color:red,success,1,81,400,task_success,Reach for the red block and lift it.,reused,lingbot_vla/attribute_select/attribute_select_ep100096_result.json,6761425b083481e73556eb79796197e521d0aeb1fc93d3c33ef86944f69ac4c7
lingbot_vla,attribute_select,11,100097,color:blue,success,1,232,400,task_success,Fetch the blue block.,reused,lingbot_vla/attribute_select/attribute_select_ep100097_result.json,a3415ada229aad661702c090d01cb5cb9251745886248003f571739dcaa514d1
lingbot_vla,attribute_select,11,100098,decal:cat,success,1,80,400,task_success,Fetch the block with a cat on it.,reused,lingbot_vla/attribute_select/attribute_select_ep100098_result.json,5fd8abb327b7964c8d203e21c3f589b95e0dca509b652d15e8c73d55431af4c8
lingbot_vla,attribute_select,11,100099,decal:dog,success,1,109,400,task_success,Fetch the block with a dog on it.,reused,lingbot_vla/attribute_select/attribute_select_ep100099_result.json,fe370784fcb58b3c46140c623693f4e851615a1defe0b4c38f68ee43b1a93702
lingbot_vla,attribute_select,11,100100,shape:block,success,1,80,400,task_success,Reach for the cube and lift it.,reused,lingbot_vla/attribute_select/attribute_select_ep100100_result.json,e37ea777675d4bb3b0661ab9fd62d622b30391ade29fc908bff8597e55d171fd
lingbot_vla,attribute_select,11,100101,shape:bar,failure,0,400,400,action_limit,Reach for the long bar and lift it.,reused,lingbot_vla/attribute_select/attribute_select_ep100101_result.json,da30985a949f018252dffb377920fee67fb4715d21f2d8481fb5885f783c3c81
lingbot_vla,attribute_select,11,100102,size:big,failure,0,400,400,action_limit,Fetch the big block.,reused,lingbot_vla/attribute_select/attribute_select_ep100102_result.json,c13ddeaa26aae76a6fb4625eb360cc8e194850d2b764ed824e820a7b92101e9d
lingbot_vla,attribute_select,11,100103,size:small,success,1,80,400,task_success,Fetch the small block.,reused,lingbot_vla/attribute_select/attribute_select_ep100103_result.json,529c396fa8222ca34d45b5fc82a017237c1e89b4c34a226699e067ef0845f810
lingbot_vla,attribute_select,12,100104,color:red,success,1,81,400,task_success,Reach for the red block and lift it.,reused,lingbot_vla/attribute_select/attribute_select_ep100104_result.json,552588b4edb5e35eddb53cb9afc81098605f4b3353fb8f14e54d2f3ad4dbebd5
lingbot_vla,attribute_select,12,100105,color:blue,success,1,229,400,task_success,Reach for the blue block and lift it.,reused,lingbot_vla/attribute_select/attribute_select_ep100105_result.json,531fcbf6c1d5f0df67c0f5426eb1b60514fec8f24c3de6b93188ba153a3202fe
lingbot_vla,attribute_select,12,100106,decal:cat,failure,0,400,400,action_limit,Reach for the block with a cat on it and lift it.,reused,lingbot_vla/attribute_select/attribute_select_ep100106_result.json,d1becaefa079571bdd6bfeebfc2059162c13430607044dc3d77849540265333a
lingbot_vla,attribute_select,12,100107,decal:dog,success,1,81,400,task_success,Reach for the block with a dog on it and lift it.,reused,lingbot_vla/attribute_select/attribute_select_ep100107_result.json,0c5b1df9bd4b2618167b2deb30af35dba225a58fe8500d49265208ee26eb462a
lingbot_vla,attribute_select,12,100108,shape:block,success,1,109,400,task_success,Reach for the cube and lift it.,reused,lingbot_vla/attribute_select/attribute_select_ep100108_result.json,7a4abb5301d99db2895f389831a503aaae1986c2d8fd1f51809d8a0d0682130f
lingbot_vla,attribute_select,12,100109,shape:bar,failure,0,400,400,action_limit,Fetch the long bar.,reused,lingbot_vla/attribute_select/attribute_select_ep100109_result.json,fcd0dea1b3c98cce97288d675fb7b154def2ff5f65ba58f10956dea882aca103
lingbot_vla,attribute_select,12,100110,size:big,failure,0,400,400,action_limit,Reach for the big block and lift it.,reused,lingbot_vla/attribute_select/attribute_select_ep100110_result.json,43368c066e3c73097d7ff567f787c3ae15a22face2f533e3bf1b3ba1c700e9a2
lingbot_vla,attribute_select,12,100111,size:small,success,1,81,400,task_success,Reach for the small block and lift it.,reused,lingbot_vla/attribute_select/attribute_select_ep100111_result.json,7a47dc4411f0c5b95fb82f55b872c69e9e1c38b59a4b3a8c2fd451bc54acf315
lingbot_vla,attribute_select,13,100112,color:red,success,1,230,400,task_success,Reach for the red block and lift it.,reused,lingbot_vla/attribute_select/attribute_select_ep100112_result.json,86f6c3821dff2b50f9c623f7b7279d129b95a9493836a1b616beaa0c8ed3dd0e
lingbot_vla,attribute_select,13,100113,color:blue,success,1,80,400,task_success,Fetch the blue block.,reused,lingbot_vla/attribute_select/attribute_select_ep100113_result.json,4bdf14f203d6960a4099212d5e6ef20e2925d0c40bc001bba25b1946a00a8f85
lingbot_vla,attribute_select,13,100114,decal:cat,success,1,79,400,task_success,Reach for the block with a cat on it and lift it.,reused,lingbot_vla/attribute_select/attribute_select_ep100114_result.json,132693f0fa461107b7889eb9c6cf01c3ed17b436b08e8b90357f0cc33673ab79
lingbot_vla,attribute_select,13,100115,decal:dog,failure,0,400,400,action_limit,Fetch the block with a dog on it.,reused,lingbot_vla/attribute_select/attribute_select_ep100115_result.json,31674617ba655b99612c5ad9bdb5ab8339627aed2967a4fb6ad157eb18791a6e
lingbot_vla,attribute_select,13,100116,shape:block,success,1,80,400,task_success,Fetch the cube.,reused,lingbot_vla/attribute_select/attribute_select_ep100116_result.json,897a6655cc8def611483ec56b9ce68333ff85b041b442e5863fbef389321c538
lingbot_vla,attribute_select,13,100117,shape:bar,failure,0,400,400,action_limit,Fetch the long bar.,reused,lingbot_vla/attribute_select/attribute_select_ep100117_result.json,290e3d3c37f26b288957e72e5873bada94c26c1d50af6035a8f7a1b5214a1e21
lingbot_vla,attribute_select,13,100118,size:big,failure,0,400,400,action_limit,Reach for the big block and lift it.,reused,lingbot_vla/attribute_select/attribute_select_ep100118_result.json,d5e1623488c5b27b195b9e3c0ed647049fc3ac045b1b39243f99d60f83e3caaa
lingbot_vla,attribute_select,13,100119,size:small,success,1,82,400,task_success,Reach for the small block and lift it.,reused,lingbot_vla/attribute_select/attribute_select_ep100119_result.json,39250b06b18c1a82de8b00147468d89d7a3f04796c1d53ea823d2c7573ae000a
lingbot_vla,attribute_select,14,100120,color:red,success,1,233,400,task_success,Reach for the red block and lift it.,reused,lingbot_vla/attribute_select/attribute_select_ep100120_result.json,d5b4a32435ec93950b8ea548d0981fe6acffdeebb69dedb3ff0ca458f9d19ea8
lingbot_vla,attribute_select,14,100121,color:blue,success,1,80,400,task_success,Fetch the blue block.,reused,lingbot_vla/attribute_select/attribute_select_ep100121_result.json,ab57e1caf3640d0175353afcab89d90a12c74113e0536dcf207565d3d7792b5c
lingbot_vla,attribute_select,14,100122,decal:cat,failure,0,400,400,action_limit,Fetch the block with a cat on it.,reused,lingbot_vla/attribute_select/attribute_select_ep100122_result.json,77972c41d7f63b37f20d47d99ac0cef1405954ade5954edced5d11317cfb7f4a
lingbot_vla,attribute_select,14,100123,decal:dog,success,1,80,400,task_success,Fetch the block with a dog on it.,reused,lingbot_vla/attribute_select/attribute_select_ep100123_result.json,de0eaf8946267bad237020cf53cae40bff26115ba2063ca221d12403c978c957
lingbot_vla,attribute_select,14,100124,shape:block,failure,0,400,400,action_limit,Fetch the cube.,reused,lingbot_vla/attribute_select/attribute_select_ep100124_result.json,913d2315b0bd5b1087bb71eaeb483feab710b466b8a272b2790fe349dafb4aa1
lingbot_vla,attribute_select,14,100125,shape:bar,success,1,80,400,task_success,Reach for the long bar and lift it.,reused,lingbot_vla/attribute_select/attribute_select_ep100125_result.json,5561aba05a09625e1ff80afe21de4c9e4988244b83c6fb85b94d75a4f6f1c9c4
lingbot_vla,attribute_select,14,100126,size:big,failure,0,400,400,action_limit,Reach for the big block and lift it.,reused,lingbot_vla/attribute_select/attribute_select_ep100126_result.json,0424f18128096f2b9ff1a27266324104842d92ebfe3b51165cb2df63bb740073
lingbot_vla,attribute_select,14,100127,size:small,success,1,81,400,task_success,Fetch the small block.,reused,lingbot_vla/attribute_select/attribute_select_ep100127_result.json,b419456588414f2a8e0304a2f2ad20043169faf24824b31b52822c47aa705fa6
lingbot_vla,attribute_select,15,100128,color:red,success,1,246,400,task_success,Fetch the red block.,reused,lingbot_vla/attribute_select/attribute_select_ep100128_result.json,c65ba92ea1156aefaa96f0c555b2523e795d05f75209f92e456a85b6812bd721
lingbot_vla,attribute_select,15,100129,color:blue,success,1,81,400,task_success,Fetch the blue block.,reused,lingbot_vla/attribute_select/attribute_select_ep100129_result.json,f2f9584d6e4c29fafb3148c110ac736ffe3f8e9d5ea06f7e5eb518d7eedbb2fd
lingbot_vla,attribute_select,15,100130,decal:cat,success,1,80,400,task_success,Reach for the block with a cat on it and lift it.,reused,lingbot_vla/attribute_select/attribute_select_ep100130_result.json,deb11871194130bae56326180ea0262a83e8152f27fac18e4223ba378cd0d94f
lingbot_vla,attribute_select,15,100131,decal:dog,failure,0,400,400,action_limit,Fetch the block with a dog on it.,reused,lingbot_vla/attribute_select/attribute_select_ep100131_result.json,c26f8e45b128e4afaf688526d4fc880ba6acf44b1de0ccf2fc891db493138574
lingbot_vla,attribute_select,15,100132,shape:block,success,1,80,400,task_success,Reach for the cube and lift it.,reused,lingbot_vla/attribute_select/attribute_select_ep100132_result.json,4cf6bc1121df2be1123cb72364048585eee5f4afb075e67ee1606ef28cccf45c
lingbot_vla,attribute_select,15,100133,shape:bar,failure,0,400,400,action_limit,Fetch the long bar.,reused,lingbot_vla/attribute_select/attribute_select_ep100133_result.json,83488e1abdb4154c28ea42bd545b06ebc566e13db8c54b3e413df23832bf0e2a
lingbot_vla,attribute_select,15,100134,size:big,failure,0,400,400,action_limit,Fetch the big block.,reused,lingbot_vla/attribute_select/attribute_select_ep100134_result.json,d7518e343dc47e5a8fb46148795e5492835f414101f998cc06ce9acd47045992
lingbot_vla,attribute_select,15,100135,size:small,success,1,79,400,task_success,Reach for the small block and lift it.,reused,lingbot_vla/attribute_select/attribute_select_ep100135_result.json,b051f1812618818db0b925b3a0b633954d4c6751ad4b841dd2dc8024bad17876
lingbot_vla,attribute_select,16,100144,color:red,success,1,396,400,task_success,Reach for the red block and lift it.,reused,lingbot_vla/attribute_select/attribute_select_ep100144_result.json,945298fbe5198e6d8b6940005385669bf33810ffcda2ff1fb06872a9c7c798ef
lingbot_vla,attribute_select,16,100145,color:blue,success,1,80,400,task_success,Fetch the blue block.,reused,lingbot_vla/attribute_select/attribute_select_ep100145_result.json,815fd1de8c023a9a5990c572136672f45a024acbcbf2a7873dad720ea65f3575
lingbot_vla,attribute_select,16,100146,decal:cat,failure,0,400,400,action_limit,Reach for the block with a cat on it and lift it.,reused,lingbot_vla/attribute_select/attribute_select_ep100146_result.json,7f7dfe59b5e347551ae9172abd088fc6d157fa136b77b71d8433895a1256460f
lingbot_vla,attribute_select,16,100147,decal:dog,success,1,80,400,task_success,Fetch the block with a dog on it.,reused,lingbot_vla/attribute_select/attribute_select_ep100147_result.json,5fa31120091e689aface98e80c4c7e173dbe5428162d215327442cb6743114a7
lingbot_vla,attribute_select,16,100148,shape:block,failure,0,400,400,action_limit,Fetch the cube.,reused,lingbot_vla/attribute_select/attribute_select_ep100148_result.json,b00b0df8556dc11a1361e5767ab179a7c7192d95df60bb1e9e0aea895b8d44c2
lingbot_vla,attribute_select,16,100149,shape:bar,failure,0,400,400,action_limit,Reach for the long bar and lift it.,reused,lingbot_vla/attribute_select/attribute_select_ep100149_result.json,7f87b88ef6cb7cbacb0647f63368ffedd908754c278e49628052940927db504c
lingbot_vla,attribute_select,16,100150,size:big,failure,0,400,400,action_limit,Fetch the big block.,reused,lingbot_vla/attribute_select/attribute_select_ep100150_result.json,d08853582d7de24a3ec35160b1bf89e85a1265c570cb8b9f1f107ebc0e3a0a58
lingbot_vla,attribute_select,16,100151,size:small,success,1,80,400,task_success,Fetch the small block.,reused,lingbot_vla/attribute_select/attribute_select_ep100151_result.json,b435bc4b2644d8fa77543a360c562e291fc9d0ed1fce92e9bd481f5d6f7d4f07
lingbot_vla,attribute_select,17,100152,color:red,failure,0,400,400,action_limit,Reach for the red block and lift it.,reused,lingbot_vla/attribute_select/attribute_select_ep100152_result.json,5b856ffca6d0612c23807a92664aac5571e95001ec9643c2086bbe8ffd8e4c16
lingbot_vla,attribute_select,17,100153,color:blue,success,1,81,400,task_success,Fetch the blue block.,reused,lingbot_vla/attribute_select/attribute_select_ep100153_result.json,f529ce6d4ad548dc64af659fe4dcdefd752cd2f87fd3d8c30eb1f5c590bc1dd8
lingbot_vla,attribute_select,17,100154,decal:cat,success,1,80,400,task_success,Reach for the block with a cat on it and lift it.,reused,lingbot_vla/attribute_select/attribute_select_ep100154_result.json,bcfc56b0120fcde0ba8f2b3e6d84e9fe36a877780be70a800bc7c6077197b8bf
lingbot_vla,attribute_select,17,100155,decal:dog,failure,0,400,400,action_limit,Fetch the block with a dog on it.,reused,lingbot_vla/attribute_select/attribute_select_ep100155_result.json,f9d9460604926c90551c5bded6c31b9b1794130524a00e5570f2b9d31fdde293
lingbot_vla,attribute_select,17,100156,shape:block,failure,0,400,400,action_limit,Reach for the cube and lift it.,reused,lingbot_vla/attribute_select/attribute_select_ep100156_result.json,143f9a3daebecf963d13d8be021bb4f83bdf160a8147e94a7d3ca91925ada67e
lingbot_vla,attribute_select,17,100157,shape:bar,success,1,80,400,task_success,Reach for the long bar and lift it.,reused,lingbot_vla/attribute_select/attribute_select_ep100157_result.json,46404bb8cf1e48c9ae0f7893915a6026facae667ea36d1c50fa5be8409208931
lingbot_vla,attribute_select,17,100158,size:big,failure,0,400,400,action_limit,Fetch the big block.,reused,lingbot_vla/attribute_select/attribute_select_ep100158_result.json,adc0f981b2d3bce34feb2cb3c7c37d9f7ce3373209bd6251108f467c0ef4967e
lingbot_vla,attribute_select,17,100159,size:small,success,1,80,400,task_success,Fetch the small block.,reused,lingbot_vla/attribute_select/attribute_select_ep100159_result.json,c5550482eb63d5b75e52a405bda51f1b58508dd95a83268459de1b5db2563a32
lingbot_vla,attribute_select,18,100160,color:red,failure,0,400,400,action_limit,Fetch the red block.,reused,lingbot_vla/attribute_select/attribute_select_ep100160_result.json,cbc57c71d91fab1fbecd26298724d5e3f59d3816ce876b5d9539e3a7cf3c612f
lingbot_vla,attribute_select,18,100161,color:blue,success,1,81,400,task_success,Reach for the blue block and lift it.,reused,lingbot_vla/attribute_select/attribute_select_ep100161_result.json,e9eba24979db57966088b075c0802685346f063d6af3e0a5424f3f23338362c0
lingbot_vla,attribute_select,18,100162,decal:cat,success,1,80,400,task_success,Reach for the block with a cat on it and lift it.,reused,lingbot_vla/attribute_select/attribute_select_ep100162_result.json,5ce843fcf05df6dc118f351130bc343711cb933692991f0fcddd0408b789f304
lingbot_vla,attribute_select,18,100163,decal:dog,failure,0,400,400,action_limit,Fetch the block with a dog on it.,reused,lingbot_vla/attribute_select/attribute_select_ep100163_result.json,56e699ab74c7797721cbf99ead5aef11d8eb723794d99242919630b1d26a3b09
lingbot_vla,attribute_select,18,100164,shape:block,failure,0,400,400,action_limit,Reach for the cube and lift it.,reused,lingbot_vla/attribute_select/attribute_select_ep100164_result.json,36b670b61152c162a0675e2844262d32397f763900dca86ea7b316049e2c0ad0
lingbot_vla,attribute_select,18,100165,shape:bar,failure,0,400,400,action_limit,Fetch the long bar.,reused,lingbot_vla/attribute_select/attribute_select_ep100165_result.json,59caa4a201b9152b79fd31bcedbca8d7673dcd06d19da088cf740ac0e9ed97df
lingbot_vla,attribute_select,18,100166,size:big,failure,0,400,400,action_limit,Fetch the big block.,reused,lingbot_vla/attribute_select/attribute_select_ep100166_result.json,53162b1acd6bf35eada57f3919bfdd5ccee817c88c3a8211a93230e2c9ecb928
lingbot_vla,attribute_select,18,100167,size:small,success,1,82,400,task_success,Reach for the small block and lift it.,reused,lingbot_vla/attribute_select/attribute_select_ep100167_result.json,59ae3361bf9a0aaa0092cdf4f9af1aae5ab5c7bb65193239f4cbb0bc326bd522
lingbot_vla,attribute_select,19,100168,color:red,success,1,80,400,task_success,Fetch the red block.,reused,lingbot_vla/attribute_select/attribute_select_ep100168_result.json,f2112c83fcc7a98d7c435bc7d74889ca1e785db6fff33c62ec86a6123c352931
lingbot_vla,attribute_select,19,100169,color:blue,success,1,230,400,task_success,Reach for the blue block and lift it.,reused,lingbot_vla/attribute_select/attribute_select_ep100169_result.json,5d0d4ac323c90183df38e00cfac94a73f93d242584d731374d91416d1499b69a
lingbot_vla,attribute_select,19,100170,decal:cat,success,1,80,400,task_success,Fetch the block with a cat on it.,reused,lingbot_vla/attribute_select/attribute_select_ep100170_result.json,91236c163f7cee92f54d4dea41d5054a6915c808f16a5d967131816a8c7a0f69
lingbot_vla,attribute_select,19,100171,decal:dog,failure,0,400,400,action_limit,Reach for the block with a dog on it and lift it.,reused,lingbot_vla/attribute_select/attribute_select_ep100171_result.json,57ec411ab9e6b1cb3af8a23fbacd21b92886d132b7d2d1e3761133520e1bda10
lingbot_vla,attribute_select,19,100172,shape:block,failure,0,400,400,action_limit,Reach for the cube and lift it.,reused,lingbot_vla/attribute_select/attribute_select_ep100172_result.json,0fed69dc36190060892d33483681a9ca959d9470326f80d37a188c2f1534e51a
lingbot_vla,attribute_select,19,100173,shape:bar,success,1,82,400,task_success,Fetch the long bar.,reused,lingbot_vla/attribute_select/attribute_select_ep100173_result.json,1f74e4804d8ecf592eea98da4e5bb58d24989007ec5a99c7d68a097dc44fda50
lingbot_vla,attribute_select,19,100174,size:big,failure,0,400,400,action_limit,Reach for the big block and lift it.,reused,lingbot_vla/attribute_select/attribute_select_ep100174_result.json,be0197575913bea71d521f5db578da70447ffd1a2c2e81de7e0bd4145b39ac2b
lingbot_vla,attribute_select,19,100175,size:small,success,1,80,400,task_success,Fetch the small block.,reused,lingbot_vla/attribute_select/attribute_select_ep100175_result.json,2d75c7a6970be27b5a2ca41c88d43c6973b2531bb25418a65999ffed049f9dbb
lingbot_vla,arm_select,0,200000,left,failure,0,400,400,action_limit,Have the left arm take the block.,reused,lingbot_vla/arm_select/arm_select_ep200000_result.json,6654aa2a66f6fe6f6e92951539df9f53a36bb581abcc3ec369c26de9e8cfa0d5
lingbot_vla,arm_select,0,200001,right,failure,0,400,400,action_limit,Have the right arm take the block.,reused,lingbot_vla/arm_select/arm_select_ep200001_result.json,908ae36b07d097b1b0fa4e5ea68865ef5ca8292b44106f9381e9690f9b8d81d3
lingbot_vla,arm_select,1,200002,left,failure,0,400,400,action_limit,Use the left arm to retrieve the block.,reused,lingbot_vla/arm_select/arm_select_ep200002_result.json,c881d54a5d7df7ae7270b6641e5adccad2dd44b32f7a81b7e7f941483db7c103
lingbot_vla,arm_select,1,200003,right,failure,0,400,400,action_limit,Use the right arm to retrieve the block.,reused,lingbot_vla/arm_select/arm_select_ep200003_result.json,fba7be0a2a28914be59112c274dd5c946b6031ed2940acbb6e8d8ed0ffed6610
lingbot_vla,arm_select,2,200004,left,success,1,81,400,task_success,Let the left arm grab the block.,reused,lingbot_vla/arm_select/arm_select_ep200004_result.json,936a8e3c71311e26d224c71fe0bb3a0eb5920336e4ac95e97089e8ec70f4a65c
lingbot_vla,arm_select,2,200005,right,failure,0,400,400,action_limit,Let the right arm grab the block.,reused,lingbot_vla/arm_select/arm_select_ep200005_result.json,fc4917e5157863f9c5794f65f73b06272b1f94742dd108b200941ee8537150d1
lingbot_vla,arm_select,3,200006,left,failure,0,400,400,action_limit,Have the left arm take the block.,reused,lingbot_vla/arm_select/arm_select_ep200006_result.json,2b6330cd626daa848c7948e91e00cfa2347377b7a1a4382662f73488fae3eebc
lingbot_vla,arm_select,3,200007,right,failure,0,400,400,action_limit,Have the right arm take the block.,reused,lingbot_vla/arm_select/arm_select_ep200007_result.json,8f65a6d6a47122c8b33f2376156c42c3dd39542f0d2af1da8553387aac90f2be
lingbot_vla,arm_select,4,200008,left,failure,0,400,400,action_limit,"With the left arm, grab the block.",reused,lingbot_vla/arm_select/arm_select_ep200008_result.json,a08b187f393e5a17b727cbb83c35f12904141f21e19262e161219e36c9c7e0ca
lingbot_vla,arm_select,4,200009,right,failure,0,400,400,action_limit,"With the right arm, grab the block.",reused,lingbot_vla/arm_select/arm_select_ep200009_result.json,67f86011ce4d3e1c3936d20d03cfffc454357df204da85177b2cc6ee68580193
lingbot_vla,arm_select,5,200010,left,success,1,80,400,task_success,Employ the left arm to lift the block.,reused,lingbot_vla/arm_select/arm_select_ep200010_result.json,4b04431e97265f2dab6fc0f3f94f2bc4f16a993afeb19598bb197d500eb0e4e0
lingbot_vla,arm_select,5,200011,right,success,1,208,400,task_success,Employ the right arm to lift the block.,reused,lingbot_vla/arm_select/arm_select_ep200011_result.json,9e02ff402edfe62079b0d01d91f046b6a1962cd48fd1482add983b76440e4c2a
lingbot_vla,arm_select,6,200012,left,failure,0,400,400,action_limit,Use the left arm to hold the block.,reused,lingbot_vla/arm_select/arm_select_ep200012_result.json,e59021a0974aab00b09666fc83e3bb1fac95457f55cef86b6dcd4cfa119a63a5
lingbot_vla,arm_select,6,200013,right,failure,0,400,400,action_limit,Use the right arm to hold the block.,reused,lingbot_vla/arm_select/arm_select_ep200013_result.json,2a0c5099af621eea26c61e605e5c039b01fefdf5e198594d83de637e7d1e4b89
lingbot_vla,arm_select,7,200016,left,success,1,80,400,task_success,Employ the left arm to lift the block.,reused,lingbot_vla/arm_select/arm_select_ep200016_result.json,f379f3aa6228ee709a51c9b91b1c47b9a0b763b8479d1bf7128f81afd424bd9a
lingbot_vla,arm_select,7,200017,right,success,1,168,400,task_success,Employ the right arm to lift the block.,reused,lingbot_vla/arm_select/arm_select_ep200017_result.json,496b2878a6cacec3dff7a44b980760b795110c5b0d4cbfcd4bc571bf4f8cd6ec
lingbot_vla,arm_select,8,200018,left,failure,0,400,400,action_limit,Collect the block using the left arm.,reused,lingbot_vla/arm_select/arm_select_ep200018_result.json,42dff997729327d612a10b8873246186644ddde948defd23ce5eb3feab01f529
lingbot_vla,arm_select,8,200019,right,failure,0,400,400,action_limit,Collect the block using the right arm.,reused,lingbot_vla/arm_select/arm_select_ep200019_result.json,36f2b14ccbbd7e936423397e329292e1dd6e19f0f33cf8fd81a1455e46b86ade
lingbot_vla,arm_select,9,200020,left,failure,0,400,400,action_limit,Pick up the block carefully with the left arm.,reused,lingbot_vla/arm_select/arm_select_ep200020_result.json,c0a58d038c8945b65dbcaefb5ae59cf9a8ff88ec91873b0faf02d6e5e7bf409f
lingbot_vla,arm_select,9,200021,right,failure,0,400,400,action_limit,Pick up the block carefully with the right arm.,reused,lingbot_vla/arm_select/arm_select_ep200021_result.json,5b7cff5b7a2e6f7223da6ef794838a3b500a40ca415d529476a9eaf39015c13e
lingbot_vla,arm_select,10,200022,left,success,1,80,400,task_success,Scoop up the block with the left arm.,reused,lingbot_vla/arm_select/arm_select_ep200022_result.json,4a88d20ea2147e3b3a00f31ab51c197b541a14899796d429d88acb745bd10e07
lingbot_vla,arm_select,10,200023,right,success,1,198,400,task_success,Scoop up the block with the right arm.,reused,lingbot_vla/arm_select/arm_select_ep200023_result.json,ba540d4cb786a70441704d9605dc4c3574a23e0fb04e5183df7f5c59ff3eeea9
lingbot_vla,arm_select,11,200026,left,failure,0,400,400,action_limit,Let the left arm grab the block.,reused,lingbot_vla/arm_select/arm_select_ep200026_result.json,f69df13389295f8c657dd97f04799ae3c8efb3f748ecbe03fbd5822b7a03fe7a
lingbot_vla,arm_select,11,200027,right,failure,0,400,400,action_limit,Let the right arm grab the block.,reused,lingbot_vla/arm_select/arm_select_ep200027_result.json,e2cf23a1033a682fd586bc1aa7d20194e616ac85ca19e1c9a6793939561bbd7a
lingbot_vla,arm_select,12,200028,left,success,1,80,400,task_success,Scoop up the block with the left arm.,reused,lingbot_vla/arm_select/arm_select_ep200028_result.json,f0a03a839c7ef2e94696f20f7d63e5cb4d83cb44c201aed3205125c26dcd9ca0
lingbot_vla,arm_select,12,200029,right,success,1,165,400,task_success,Scoop up the block with the right arm.,reused,lingbot_vla/arm_select/arm_select_ep200029_result.json,79af9886c9ca60b08bb29600ea25eb63ff18092b6120f0a89884c47232b5f85f
lingbot_vla,arm_select,13,200030,left,success,1,87,400,task_success,Pick up the block carefully with the left arm.,reused,lingbot_vla/arm_select/arm_select_ep200030_result.json,7ab43c3b68cbb78c6ca4e8533b35169117424b1dd93023680b10c27e9876cf5b
lingbot_vla,arm_select,13,200031,right,failure,0,400,400,action_limit,Pick up the block carefully with the right arm.,reused,lingbot_vla/arm_select/arm_select_ep200031_result.json,33790c928e30e3787aaebf2392ee7a73ef864088f3864b8b773719919b4e1717
lingbot_vla,arm_select,14,200032,left,failure,0,400,400,action_limit,Employ the left arm to lift the block.,reused,lingbot_vla/arm_select/arm_select_ep200032_result.json,f39c16477bb53f63363fa6fd24e162069966f2f09459e8ed83ae0403d1e34e59
lingbot_vla,arm_select,14,200033,right,failure,0,400,400,action_limit,Employ the right arm to lift the block.,reused,lingbot_vla/arm_select/arm_select_ep200033_result.json,0cbe1ffc54e2fedaeca0cb1d0692812f5f5c568c1289db36ff6f3acaf41455b5
lingbot_vla,arm_select,15,200034,left,success,1,80,400,task_success,Employ the left arm to lift the block.,reused,lingbot_vla/arm_select/arm_select_ep200034_result.json,ff280512116154d2c95d84d29f4069517265a4f2b130c621c32fc06afd384a3b
lingbot_vla,arm_select,15,200035,right,success,1,162,400,task_success,Employ the right arm to lift the block.,reused,lingbot_vla/arm_select/arm_select_ep200035_result.json,759d1677ac5634d327cb17defe30173d770a1f0e525730addb0ea59685bdc303
lingbot_vla,arm_select,16,200036,left,success,1,90,400,task_success,Pick up the block carefully with the left arm.,reused,lingbot_vla/arm_select/arm_select_ep200036_result.json,52ee5fb8d7503aa0b3abb454909047ecae8150a5f11b7a2b4ea1bd3d31420022
lingbot_vla,arm_select,16,200037,right,failure,0,400,400,action_limit,Pick up the block carefully with the right arm.,reused,lingbot_vla/arm_select/arm_select_ep200037_result.json,2abf4a8731e9e40a86caf0773a186b183527dabb5405a69adef1b373bcc358a0
lingbot_vla,arm_select,17,200038,left,failure,0,400,400,action_limit,Retrieve the block with the left arm.,reused,lingbot_vla/arm_select/arm_select_ep200038_result.json,3cb1fe91fed9ebb2707c8c89634e2b725338ef4438620e1f121677ac6f205fff
lingbot_vla,arm_select,17,200039,right,failure,0,400,400,action_limit,Retrieve the block with the right arm.,reused,lingbot_vla/arm_select/arm_select_ep200039_result.json,05071f6942f59573e6ae958d98c8408fe0132433513a897fcc042f2eb412e95e
lingbot_vla,arm_select,18,200040,left,success,1,80,400,task_success,Scoop up the block with the left arm.,reused,lingbot_vla/arm_select/arm_select_ep200040_result.json,778a77a189e01d3f85398af9391ac771ad4b304e123de2ef0cddcb91a5c9e61e
lingbot_vla,arm_select,18,200041,right,success,1,167,400,task_success,Scoop up the block with the right arm.,reused,lingbot_vla/arm_select/arm_select_ep200041_result.json,4ee266bb92c08986e442df045a8718adb4abf52113e70929d917d441120f91d2
lingbot_vla,arm_select,19,200042,left,failure,0,400,400,action_limit,Use the left arm to hold the block.,reused,lingbot_vla/arm_select/arm_select_ep200042_result.json,6de7f20e23cc96fcfe5d8df7b4b959e648d148173d32a64392fd28ac01b9d038
lingbot_vla,arm_select,19,200043,right,failure,0,400,400,action_limit,Use the right arm to hold the block.,reused,lingbot_vla/arm_select/arm_select_ep200043_result.json,27b5ed205878f9dded69ae4757492a706bde4532f32c981220165c5542189bbe
lingbot_vla,stack_sequence,0,100008,red>green>blue,success,1,459,1200,task_success,"Put red block down, green block on red block, blue block on green block.",reused,lingbot_vla/stack_sequence/stack_sequence_ep100008_result.json,b256c94bb521fb5a954834356e62253dbbafbe574248ecf90a79c9e1e930c362
lingbot_vla,stack_sequence,0,100009,red>blue>green,failure,0,1200,1200,action_limit,Stack green block over blue block and blue block over red block.,reused,lingbot_vla/stack_sequence/stack_sequence_ep100009_result.json,7534aec4fcab378a0238b3c46cae8b77465c4ed250ebd46a33281b3ae884cbff
lingbot_vla,stack_sequence,0,100010,green>red>blue,failure,0,1200,1200,action_limit,"From the bottom up: green block, then red block, then blue block.",reused,lingbot_vla/stack_sequence/stack_sequence_ep100010_result.json,4b834c8e89bfed0bca81d895318c2d65e4b34b1e6c20b7b7e1635c13556586b4
lingbot_vla,stack_sequence,0,100011,green>blue>red,failure,0,1200,1200,action_limit,"Bottom to top, the order is green block, blue block, red block.",reused,lingbot_vla/stack_sequence/stack_sequence_ep100011_result.json,9a3e323cbf18f37813614a34c1e03e38ed5f0aab6c7e432dcc3281a6bf48ef6c
lingbot_vla,stack_sequence,0,100012,blue>red>green,failure,0,1200,1200,action_limit,"Place blue block at the base, add red block, and top it with green block.",reused,lingbot_vla/stack_sequence/stack_sequence_ep100012_result.json,a6011d3db2480639e13f0383e36e24e45b07c8c696c1eab8099a3576c908e29b
lingbot_vla,stack_sequence,0,100013,blue>green>red,failure,0,1200,1200,action_limit,"First set blue block, then green block, then red block at the very top.",reused,lingbot_vla/stack_sequence/stack_sequence_ep100013_result.json,c922ea176ac67cecaf279fd19091fa1ba084a57ebac9bf01913ffb046e7dff20
lingbot_vla,stack_sequence,1,100014,red>green>blue,failure,0,1200,1200,action_limit,"First set red block, then green block, then blue block at the very top.",reused,lingbot_vla/stack_sequence/stack_sequence_ep100014_result.json,31273da8711fe92c82ae2ecf685464655123ba2dd7740e61d98ee1aa38e3c08c
lingbot_vla,stack_sequence,1,100015,red>blue>green,failure,0,1200,1200,action_limit,"From the bottom up: red block, then blue block, then green block.",reused,lingbot_vla/stack_sequence/stack_sequence_ep100015_result.json,ec357987edb72a1c59f7b1b36ccc5fcaefde94749e2e8a3535c3aa2b2cb165fd
lingbot_vla,stack_sequence,1,100016,green>red>blue,failure,0,1200,1200,action_limit,"Build a column: green block lowest, then red block, then blue block on top.",reused,lingbot_vla/stack_sequence/stack_sequence_ep100016_result.json,df5234af1fc8f5662965da298a6096bd5cc3ba7fa9d792ad3153adccaf6562d7
lingbot_vla,stack_sequence,1,100017,green>blue>red,failure,0,1200,1200,action_limit,"Put green block down, blue block on green block, red block on blue block.",reused,lingbot_vla/stack_sequence/stack_sequence_ep100017_result.json,94faeb78ca35909d6a64562b653ab6ff0d76d8856db0031c7387d5141063799d
lingbot_vla,stack_sequence,1,100018,blue>red>green,failure,0,1200,1200,action_limit,"From the bottom up: blue block, then red block, then green block.",reused,lingbot_vla/stack_sequence/stack_sequence_ep100018_result.json,ad1bcb0fc3b277b5e5cf2233524bc937b77296e3dd8ac35038e75a2956e19e16
lingbot_vla,stack_sequence,1,100019,blue>green>red,failure,0,1200,1200,action_limit,"Rest green block on blue block, then rest red block on green block.",reused,lingbot_vla/stack_sequence/stack_sequence_ep100019_result.json,e14ff44362fb0eaddfa0254d117149b5f57122dfb65b170336ceb96092fe87e5
lingbot_vla,stack_sequence,2,100020,red>green>blue,failure,0,1200,1200,action_limit,"Lay red block first, green block second, blue block third, each on the last.",reused,lingbot_vla/stack_sequence/stack_sequence_ep100020_result.json,361d5c5e265fe0cfa62ce2c0bef6a5da272b8220da2dcbc255f08919b8131c84
lingbot_vla,stack_sequence,2,100021,red>blue>green,failure,0,1200,1200,action_limit,"Order the tower red block, blue block, green block from bottom to top.",reused,lingbot_vla/stack_sequence/stack_sequence_ep100021_result.json,703345151ce497afd370f4f68f614be8de13f8fb6066daa05bccbd2864ca8d13
lingbot_vla,stack_sequence,2,100022,green>red>blue,failure,0,1200,1200,action_limit,"Put green block down, red block on green block, blue block on red block.",reused,lingbot_vla/stack_sequence/stack_sequence_ep100022_result.json,17752eaab498635be47b947f180612d78f66cc6fe71548ae7039a2f0ac8a3a56
lingbot_vla,stack_sequence,2,100023,green>blue>red,failure,0,1200,1200,action_limit,"Place green block at the base, add blue block, and top it with red block.",reused,lingbot_vla/stack_sequence/stack_sequence_ep100023_result.json,29678def48e8818b399b0452ed0db5ac8e4b21d9ad8e01290d6efada7c20c33c
lingbot_vla,stack_sequence,2,100024,blue>red>green,failure,0,1200,1200,action_limit,"Place blue block at the base, add red block, and top it with green block.",reused,lingbot_vla/stack_sequence/stack_sequence_ep100024_result.json,c657e693477ddfaed016d74d2d7066f6713a73802bf15bca6eed38c3e366bdec
lingbot_vla,stack_sequence,2,100025,blue>green>red,failure,0,1200,1200,action_limit,"First set blue block, then green block, then red block at the very top.",reused,lingbot_vla/stack_sequence/stack_sequence_ep100025_result.json,87a8e69da81ceede649fc462b3111512f63000993079b241e82ce39b80b4ab21
lingbot_vla,stack_sequence,3,100026,red>green>blue,success,1,453,1200,task_success,"From the bottom up: red block, then green block, then blue block.",reused,lingbot_vla/stack_sequence/stack_sequence_ep100026_result.json,c8868ca65d12c6353ef98e380b5d3ba6db3bf43ea0163951839332b0a085e19a
lingbot_vla,stack_sequence,3,100027,red>blue>green,failure,0,1200,1200,action_limit,"Put red block down, blue block on red block, green block on blue block.",reused,lingbot_vla/stack_sequence/stack_sequence_ep100027_result.json,f3598cfcd32829108892574358299da9cf8cfb5d8f65da367af78ff3a7496df0
lingbot_vla,stack_sequence,3,100028,green>red>blue,failure,0,1200,1200,action_limit,"Bottom to top, the order is green block, red block, blue block.",reused,lingbot_vla/stack_sequence/stack_sequence_ep100028_result.json,f32b8aae6cd7b50c2ea9d621474c68a22b71c1294b0c15a3b8e603c534683c42
lingbot_vla,stack_sequence,3,100029,green>blue>red,failure,0,1200,1200,action_limit,"Lay green block first, blue block second, red block third, each on the last.",reused,lingbot_vla/stack_sequence/stack_sequence_ep100029_result.json,ecd7f739f0c6d1e275f116759cb1ab16fb2178d70766da47d1a7307bb7b97a96
lingbot_vla,stack_sequence,3,100030,blue>red>green,failure,0,1200,1200,action_limit,"Put blue block down, red block on blue block, green block on red block.",reused,lingbot_vla/stack_sequence/stack_sequence_ep100030_result.json,fa699123bba1b6f703ea2b1b9f65fb2791f178bffd9dc1665bc784c24fddc2e9
lingbot_vla,stack_sequence,3,100031,blue>green>red,failure,0,1200,1200,action_limit,Stack red block over green block and green block over blue block.,reused,lingbot_vla/stack_sequence/stack_sequence_ep100031_result.json,6bc0792152a227d3abde7e2f65b8900de595306abb458961dd92528f721a7546
lingbot_vla,stack_sequence,4,100032,red>green>blue,success,1,456,1200,task_success,"From the bottom up: red block, then green block, then blue block.",reused,lingbot_vla/stack_sequence/stack_sequence_ep100032_result.json,990f8e4573e1ad95471232eef58f7c4d2a99def3890420849039dacb9063be9f
lingbot_vla,stack_sequence,4,100033,red>blue>green,failure,0,1200,1200,action_limit,"Order the tower red block, blue block, green block from bottom to top.",reused,lingbot_vla/stack_sequence/stack_sequence_ep100033_result.json,6d9cfc84702b8b5910947049596d9d60c491006dfe3e5372f2429e7936f52410
lingbot_vla,stack_sequence,4,100034,green>red>blue,failure,0,1200,1200,action_limit,"Rest red block on green block, then rest blue block on red block.",reused,lingbot_vla/stack_sequence/stack_sequence_ep100034_result.json,b8573d2dc1b135716380d4c1625aa017ed95a8647022211ca1e90ca6fc5c9806
lingbot_vla,stack_sequence,4,100035,green>blue>red,failure,0,1200,1200,action_limit,"Build a column: green block lowest, then blue block, then red block on top.",reused,lingbot_vla/stack_sequence/stack_sequence_ep100035_result.json,7731b50a02f4580231714892b2897162ddef90567dd2d73f7f35701caf8eb70d
lingbot_vla,stack_sequence,4,100036,blue>red>green,failure,0,1200,1200,action_limit,"Lay blue block first, red block second, green block third, each on the last.",reused,lingbot_vla/stack_sequence/stack_sequence_ep100036_result.json,9edd0f2210ed3213d7d2ca167f6874fd4fb76eb712266cbf79042e6e7f13911b
lingbot_vla,stack_sequence,4,100037,blue>green>red,failure,0,1200,1200,action_limit,"Bottom to top, the order is blue block, green block, red block.",reused,lingbot_vla/stack_sequence/stack_sequence_ep100037_result.json,baaddf85959f60a76ec4b6b1af624be6f68e1814d95d3dbb5fa6f7eeb4c430d3
lingbot_vla,stack_sequence,5,100038,red>green>blue,success,1,459,1200,task_success,Stack blue block over green block and green block over red block.,reused,lingbot_vla/stack_sequence/stack_sequence_ep100038_result.json,d5ae6c3b8b1dbf9bf7e6c09cfac9431397d576082ede9e1baa4287e5fd751770
lingbot_vla,stack_sequence,5,100039,red>blue>green,failure,0,1200,1200,action_limit,"Build a column: red block lowest, then blue block, then green block on top.",reused,lingbot_vla/stack_sequence/stack_sequence_ep100039_result.json,62dd8dc5486cda9f0e556f6e3f132b812b9db756be6c88b5ef9a1cf87747f406
lingbot_vla,stack_sequence,5,100040,green>red>blue,failure,0,1200,1200,action_limit,"Bottom to top, the order is green block, red block, blue block.",reused,lingbot_vla/stack_sequence/stack_sequence_ep100040_result.json,c30a14f90685c872633733da01dbef8097a362465410c3abea6c20a57aaffe83
lingbot_vla,stack_sequence,5,100041,green>blue>red,failure,0,1200,1200,action_limit,"Order the tower green block, blue block, red block from bottom to top.",reused,lingbot_vla/stack_sequence/stack_sequence_ep100041_result.json,226baa260a51ea28247695ff542e0614819bfb5e478e48e5d84c758a3fd8b75c
lingbot_vla,stack_sequence,5,100042,blue>red>green,failure,0,1200,1200,action_limit,Stack green block over red block and red block over blue block.,reused,lingbot_vla/stack_sequence/stack_sequence_ep100042_result.json,7b46433489cd9a7b10caf24e08572273e23d9750dd468d86837bdf4db677121e
lingbot_vla,stack_sequence,5,100043,blue>green>red,failure,0,1200,1200,action_limit,"Place blue block at the base, add green block, and top it with red block.",reused,lingbot_vla/stack_sequence/stack_sequence_ep100043_result.json,9adaae29e593dff5e5dd3fc64d806491b425127d7fa17015dd040c1b1df61b6e
lingbot_vla,stack_sequence,6,100050,red>green>blue,success,1,455,1200,task_success,"Put red block down, green block on red block, blue block on green block.",reused,lingbot_vla/stack_sequence/stack_sequence_ep100050_result.json,b61758a903b04f00744b3dd1544d63e532fafb8a710305eea6c9e7c9e51b8122
lingbot_vla,stack_sequence,6,100051,red>blue>green,failure,0,1200,1200,action_limit,"Rest blue block on red block, then rest green block on blue block.",reused,lingbot_vla/stack_sequence/stack_sequence_ep100051_result.json,90265b1be7133de1fefabbb0562cfc60b3bb4de60096317ae4a62e9ac722e682
lingbot_vla,stack_sequence,6,100052,green>red>blue,failure,0,1200,1200,action_limit,"Bottom to top, the order is green block, red block, blue block.",reused,lingbot_vla/stack_sequence/stack_sequence_ep100052_result.json,c6990e961a2d622a418e051ce128b1d88a94c0cdbf45bd46497cd2ba9347ed90
lingbot_vla,stack_sequence,6,100053,green>blue>red,failure,0,1200,1200,action_limit,"Bottom to top, the order is green block, blue block, red block.",reused,lingbot_vla/stack_sequence/stack_sequence_ep100053_result.json,534d3a6ff8f5e606660cc426a3387c5f2307030d4322579ed18132c51564df5e
lingbot_vla,stack_sequence,6,100054,blue>red>green,failure,0,1200,1200,action_limit,"First set blue block, then red block, then green block at the very top.",reused,lingbot_vla/stack_sequence/stack_sequence_ep100054_result.json,25978f7a17b7180b20508d5e148c1c4542973dc63769b4c662f5b7009357bf3c
lingbot_vla,stack_sequence,6,100055,blue>green>red,failure,0,1200,1200,action_limit,"Put blue block down, green block on blue block, red block on green block.",reused,lingbot_vla/stack_sequence/stack_sequence_ep100055_result.json,8bf335565b63b0f50eb73d00980155e9d20c9004b7cffde5f35c576f9ec35736
lingbot_vla,stack_sequence,7,100062,red>green>blue,success,1,457,1200,task_success,"Put red block down, green block on red block, blue block on green block.",reused,lingbot_vla/stack_sequence/stack_sequence_ep100062_result.json,72461db055aa76572a633507deaf320c36265f57e4a0df0c3f76b5eac74cbf30
lingbot_vla,stack_sequence,7,100063,red>blue>green,failure,0,1200,1200,action_limit,"Order the tower red block, blue block, green block from bottom to top.",reused,lingbot_vla/stack_sequence/stack_sequence_ep100063_result.json,63e09929719321810e512390e9969d53fcc3f2906e8471f15fd11a108de78c21
lingbot_vla,stack_sequence,7,100064,green>red>blue,failure,0,1200,1200,action_limit,"Rest red block on green block, then rest blue block on red block.",reused,lingbot_vla/stack_sequence/stack_sequence_ep100064_result.json,cd80eff8f82b92f4bf0968c9fe62a6dc4e9a93704d77882c2e93eb53ae92732d
lingbot_vla,stack_sequence,7,100065,green>blue>red,failure,0,1200,1200,action_limit,"Build a column: green block lowest, then blue block, then red block on top.",reused,lingbot_vla/stack_sequence/stack_sequence_ep100065_result.json,a2fe71f78d5f5f92cb9ee12e70842ebdadfc511c12591dec3e8749390ba03d34
lingbot_vla,stack_sequence,7,100066,blue>red>green,failure,0,1200,1200,action_limit,"Put blue block down, red block on blue block, green block on red block.",reused,lingbot_vla/stack_sequence/stack_sequence_ep100066_result.json,e9a076ae5defa4629ea06c92130b4797b843dc96c8ba43fe64012a207c2ce1c2
lingbot_vla,stack_sequence,7,100067,blue>green>red,failure,0,1200,1200,action_limit,"Order the tower blue block, green block, red block from bottom to top.",reused,lingbot_vla/stack_sequence/stack_sequence_ep100067_result.json,722b44a0e2ac7f405cd5aa14275329ec0a77f1151e37e293aa7e5a7e8f4292c0
lingbot_vla,stack_sequence,8,100068,red>green>blue,success,1,433,1200,task_success,"From the bottom up: red block, then green block, then blue block.",reused,lingbot_vla/stack_sequence/stack_sequence_ep100068_result.json,617639875abdc9465913e539cb7603fa318eda13e86a5820eb2e9684061b7174
lingbot_vla,stack_sequence,8,100069,red>blue>green,failure,0,1200,1200,action_limit,"Build a column: red block lowest, then blue block, then green block on top.",reused,lingbot_vla/stack_sequence/stack_sequence_ep100069_result.json,9e230daa36f56ba1ae3def4ffa434c536486c75d0d3f5d2a7d0b8fc3414762a8
lingbot_vla,stack_sequence,8,100070,green>red>blue,failure,0,1200,1200,action_limit,"Lay green block first, red block second, blue block third, each on the last.",reused,lingbot_vla/stack_sequence/stack_sequence_ep100070_result.json,aa04cdd481eaa3fef43f597522d2e2b0a2bac0fc1fd5c72bff36768dedb3aabb
lingbot_vla,stack_sequence,8,100071,green>blue>red,failure,0,1200,1200,action_limit,"Rest blue block on green block, then rest red block on blue block.",reused,lingbot_vla/stack_sequence/stack_sequence_ep100071_result.json,7b249a62799d4ed8eea12f5db83fbff98e199891fbc21612d989dabe69158a7c
lingbot_vla,stack_sequence,8,100072,blue>red>green,failure,0,1200,1200,action_limit,"Lay blue block first, red block second, green block third, each on the last.",reused,lingbot_vla/stack_sequence/stack_sequence_ep100072_result.json,9f570045820ef52fc7532e3a17c08ba760eab0eb16e8cfab673f7e4062943b45
lingbot_vla,stack_sequence,8,100073,blue>green>red,failure,0,1200,1200,action_limit,"First set blue block, then green block, then red block at the very top.",reused,lingbot_vla/stack_sequence/stack_sequence_ep100073_result.json,7658071f6158fefaa56563b0bc9002248c90a9d9947922588fb2529f87571b54
lingbot_vla,stack_sequence,9,100080,red>green>blue,failure,0,1200,1200,action_limit,"Build a column: red block lowest, then green block, then blue block on top.",reused,lingbot_vla/stack_sequence/stack_sequence_ep100080_result.json,b67a30d9b323cf5490e594296b442ac93dd9780f3f9937c6bb4bce00053bc270
lingbot_vla,stack_sequence,9,100081,red>blue>green,failure,0,1200,1200,action_limit,Stack green block over blue block and blue block over red block.,reused,lingbot_vla/stack_sequence/stack_sequence_ep100081_result.json,5e348de2e2903f1cb3d27caa797f660a7d4df8ab62617a2050908469f899265a
lingbot_vla,stack_sequence,9,100082,green>red>blue,failure,0,1200,1200,action_limit,Stack blue block over red block and red block over green block.,reused,lingbot_vla/stack_sequence/stack_sequence_ep100082_result.json,224a6daffb7ffa2335965e0e195d76beafec2fd54397cacc3a11e9ae9a5eef19
lingbot_vla,stack_sequence,9,100083,green>blue>red,failure,0,1200,1200,action_limit,"Lay green block first, blue block second, red block third, each on the last.",reused,lingbot_vla/stack_sequence/stack_sequence_ep100083_result.json,b6e4a6bc18ac3c9e55eefd5ffe14bd07df516d0661b958376776fd5c5b935dde
lingbot_vla,stack_sequence,9,100084,blue>red>green,failure,0,1200,1200,action_limit,"Rest red block on blue block, then rest green block on red block.",reused,lingbot_vla/stack_sequence/stack_sequence_ep100084_result.json,d97648bec67e2780c92d4fe5cbbb266b82483ac94eed6e0b1542cd48338c4032
lingbot_vla,stack_sequence,9,100085,blue>green>red,failure,0,1200,1200,action_limit,"Place blue block at the base, add green block, and top it with red block.",reused,lingbot_vla/stack_sequence/stack_sequence_ep100085_result.json,c5474c38e54d0eda4798989cd5f4e6a881de534d577a2b9846d1d686f1ad43cd
lingbot_vla,stack_sequence,10,100092,red>green>blue,failure,0,1200,1200,action_limit,"Rest green block on red block, then rest blue block on green block.",reused,lingbot_vla/stack_sequence/stack_sequence_ep100092_result.json,138fa954a2bc2ef8ad60dbdcf5922edf71ebfc96a4b5dfed8f14a13f521775bd
lingbot_vla,stack_sequence,10,100093,red>blue>green,failure,0,1200,1200,action_limit,"Rest blue block on red block, then rest green block on blue block.",reused,lingbot_vla/stack_sequence/stack_sequence_ep100093_result.json,0cef1bb1ad61c539d14181949d193971d7de8a03ab316731ba52fde8a37f5f46
lingbot_vla,stack_sequence,10,100094,green>red>blue,failure,0,1200,1200,action_limit,"Rest red block on green block, then rest blue block on red block.",reused,lingbot_vla/stack_sequence/stack_sequence_ep100094_result.json,9233cc4c0a339b4df78ef00f1229f8e95c47e9dad385d51242cb06b91fed822b
lingbot_vla,stack_sequence,10,100095,green>blue>red,failure,0,1200,1200,action_limit,"Rest blue block on green block, then rest red block on blue block.",reused,lingbot_vla/stack_sequence/stack_sequence_ep100095_result.json,ee15c011c597b654a0ce0abeead5355f4632d49e16cfbf6a3a86e47f2a79025b
lingbot_vla,stack_sequence,10,100096,blue>red>green,failure,0,1200,1200,action_limit,"Lay blue block first, red block second, green block third, each on the last.",reused,lingbot_vla/stack_sequence/stack_sequence_ep100096_result.json,865575aee57966bd75874e6176e555020d8340bf169b27b7bf9ef03dd04578cf
lingbot_vla,stack_sequence,10,100097,blue>green>red,failure,0,1200,1200,action_limit,"Rest green block on blue block, then rest red block on green block.",reused,lingbot_vla/stack_sequence/stack_sequence_ep100097_result.json,69a7775e12cf1bec30ef64ffd472a51837e8c0a60081b2353fdb1fae710e8656
lingbot_vla,stack_sequence,11,100098,red>green>blue,failure,0,1200,1200,action_limit,"Rest green block on red block, then rest blue block on green block.",reused,lingbot_vla/stack_sequence/stack_sequence_ep100098_result.json,095cd9a0eec7617e21b4ad029be8ebe2ad846470e34a53003819484b7995a07b
lingbot_vla,stack_sequence,11,100099,red>blue>green,failure,0,1200,1200,action_limit,"Order the tower red block, blue block, green block from bottom to top.",reused,lingbot_vla/stack_sequence/stack_sequence_ep100099_result.json,1dfd4e0229db76cf52fa1c7b4ec2f27ecff250c8dbe06998dfd4a16f4fd0c94e
lingbot_vla,stack_sequence,11,100100,green>red>blue,failure,0,1200,1200,action_limit,"Put green block down, red block on green block, blue block on red block.",reused,lingbot_vla/stack_sequence/stack_sequence_ep100100_result.json,4a63c61f06bc6f3689da0689f4993f6bf3569f6def1f3eccd93ab2a48636806c
lingbot_vla,stack_sequence,11,100101,green>blue>red,failure,0,1200,1200,action_limit,"Lay green block first, blue block second, red block third, each on the last.",reused,lingbot_vla/stack_sequence/stack_sequence_ep100101_result.json,6f2b020b82e2ab3c6c692543e89e773f9d4b541bbbc49bfe0566e39c6165ed96
lingbot_vla,stack_sequence,11,100102,blue>red>green,failure,0,1200,1200,action_limit,"Rest red block on blue block, then rest green block on red block.",reused,lingbot_vla/stack_sequence/stack_sequence_ep100102_result.json,95f327aebdae2b6343aae29f5bf3dcd61fe31681f5a73ff85991897f0a6ad32f
lingbot_vla,stack_sequence,11,100103,blue>green>red,failure,0,1200,1200,action_limit,Stack red block over green block and green block over blue block.,reused,lingbot_vla/stack_sequence/stack_sequence_ep100103_result.json,c23c19dcfd77b7b02936cd9ed5e6fdf6edc9ad8c170a7ddf82e9cb954739d1fc
lingbot_vla,stack_sequence,12,100104,red>green>blue,success,1,454,1200,task_success,"Bottom to top, the order is red block, green block, blue block.",reused,lingbot_vla/stack_sequence/stack_sequence_ep100104_result.json,45c750444c6c7af6ec2451c09504f984e8ce08f5c182206d8014c06428ca44ca
lingbot_vla,stack_sequence,12,100105,red>blue>green,failure,0,1200,1200,action_limit,"Rest blue block on red block, then rest green block on blue block.",reused,lingbot_vla/stack_sequence/stack_sequence_ep100105_result.json,f5f963abfe41cbaa3d296006bb377eedf18c6035fd7726ee5eb472911c3ba0e0
lingbot_vla,stack_sequence,12,100106,green>red>blue,failure,0,1200,1200,action_limit,"From the bottom up: green block, then red block, then blue block.",reused,lingbot_vla/stack_sequence/stack_sequence_ep100106_result.json,3c61799b31b1f35f0c852575559db50c329b52b26a5541870c6d98cb6baa7b0d
lingbot_vla,stack_sequence,12,100107,green>blue>red,failure,0,1200,1200,action_limit,"First set green block, then blue block, then red block at the very top.",reused,lingbot_vla/stack_sequence/stack_sequence_ep100107_result.json,d0ed680ebefe8d92f6bdb08e20cfa47bf71790a9b46b04de8e93d09f88b8c658
lingbot_vla,stack_sequence,12,100108,blue>red>green,failure,0,1200,1200,action_limit,"Put blue block down, red block on blue block, green block on red block.",reused,lingbot_vla/stack_sequence/stack_sequence_ep100108_result.json,c3def799504c13c89a27a8b0eced504d3a118fa537c58112d7f2f79b49df5d4c
lingbot_vla,stack_sequence,12,100109,blue>green>red,failure,0,1200,1200,action_limit,"Build a column: blue block lowest, then green block, then red block on top.",reused,lingbot_vla/stack_sequence/stack_sequence_ep100109_result.json,79d94a8e2acff685bbd43581448ba290345157f9a95f74e34955b4db8f9ac163
lingbot_vla,stack_sequence,13,100110,red>green>blue,success,1,462,1200,task_success,"Place red block at the base, add green block, and top it with blue block.",reused,lingbot_vla/stack_sequence/stack_sequence_ep100110_result.json,188e72cbbf6bc7c1cc3b63cbd83188e6f130a5fd9fcaf04499b7be339467b165
lingbot_vla,stack_sequence,13,100111,red>blue>green,failure,0,1200,1200,action_limit,Stack green block over blue block and blue block over red block.,reused,lingbot_vla/stack_sequence/stack_sequence_ep100111_result.json,2df642189f4352285558efa7ee9074633d66b833f08bedea07a6857a068ffd04
lingbot_vla,stack_sequence,13,100112,green>red>blue,failure,0,1200,1200,action_limit,"Put green block down, red block on green block, blue block on red block.",reused,lingbot_vla/stack_sequence/stack_sequence_ep100112_result.json,36d2f5c0fc64d0be55721f0fbe720fc6bcc3f7273c4da1f3abcd9ef27f797bbc
lingbot_vla,stack_sequence,13,100113,green>blue>red,failure,0,1200,1200,action_limit,"Lay green block first, blue block second, red block third, each on the last.",reused,lingbot_vla/stack_sequence/stack_sequence_ep100113_result.json,e3165e7b55a90cdc527ae0f01dfdbf5fb08526d5b0204814e9ca7cfed28b0a79
lingbot_vla,stack_sequence,13,100114,blue>red>green,failure,0,1200,1200,action_limit,"Place blue block at the base, add red block, and top it with green block.",reused,lingbot_vla/stack_sequence/stack_sequence_ep100114_result.json,4e368dffb4a32f7f693de3ad7bc3bfe627788f88e69ff76485afa4d6bac190c3
lingbot_vla,stack_sequence,13,100115,blue>green>red,failure,0,1200,1200,action_limit,"First set blue block, then green block, then red block at the very top.",reused,lingbot_vla/stack_sequence/stack_sequence_ep100115_result.json,9ad012178ee4597bcfac8fbdc6207075b49c93eb5c16af469d6eb0203e2f70c0
lingbot_vla,stack_sequence,14,100116,red>green>blue,success,1,440,1200,task_success,"Place red block at the base, add green block, and top it with blue block.",reused,lingbot_vla/stack_sequence/stack_sequence_ep100116_result.json,538dfb67ee9c90d7ce9ed0dcf08d53fcadd0fa2c58a147eadc41a1bb3130dfc2
lingbot_vla,stack_sequence,14,100117,red>blue>green,failure,0,1200,1200,action_limit,"Build a column: red block lowest, then blue block, then green block on top.",reused,lingbot_vla/stack_sequence/stack_sequence_ep100117_result.json,d914fe2af701100036f37a9c01fa642f075d7fec4a71aaa947c9e5621249fb7e
lingbot_vla,stack_sequence,14,100118,green>red>blue,failure,0,1200,1200,action_limit,"Build a column: green block lowest, then red block, then blue block on top.",reused,lingbot_vla/stack_sequence/stack_sequence_ep100118_result.json,34cff7aa4188759a236868268a34b9319e67dd98ec6a2e9aa2f45e5306ec70ce
lingbot_vla,stack_sequence,14,100119,green>blue>red,failure,0,1200,1200,action_limit,Stack red block over blue block and blue block over green block.,reused,lingbot_vla/stack_sequence/stack_sequence_ep100119_result.json,e31f6b59e636c0f0568c530ca2e888bbb7c7a587ac0d6ee36c78378826f363ae
lingbot_vla,stack_sequence,14,100120,blue>red>green,failure,0,1200,1200,action_limit,"Order the tower blue block, red block, green block from bottom to top.",reused,lingbot_vla/stack_sequence/stack_sequence_ep100120_result.json,39259cd2f80ca5a3c21f3472d1513ef30ac43a59ebe2de51220513c0a21587a5
lingbot_vla,stack_sequence,14,100121,blue>green>red,failure,0,1200,1200,action_limit,"Order the tower blue block, green block, red block from bottom to top.",reused,lingbot_vla/stack_sequence/stack_sequence_ep100121_result.json,935e779c0d930bfb1f0909dafb589fac7f22e0d0586c94ec69a55fe8db8741bb
lingbot_vla,stack_sequence,15,100140,red>green>blue,failure,0,1200,1200,action_limit,"Rest green block on red block, then rest blue block on green block.",reused,lingbot_vla/stack_sequence/stack_sequence_ep100140_result.json,3cbf6dcf9633559fa353c16ac8b45c3a3363f1bb54217bf636cf599e26d166b9
lingbot_vla,stack_sequence,15,100141,red>blue>green,failure,0,1200,1200,action_limit,"Place red block at the base, add blue block, and top it with green block.",reused,lingbot_vla/stack_sequence/stack_sequence_ep100141_result.json,5db6d855bef088515ba55c4a3b2403ed9ea60de90b72bc32aab97545cdfbaffb
lingbot_vla,stack_sequence,15,100142,green>red>blue,failure,0,1200,1200,action_limit,"Put green block down, red block on green block, blue block on red block.",reused,lingbot_vla/stack_sequence/stack_sequence_ep100142_result.json,1328d7e304765bb8e2688e6ac8c03031912e9129cf063c198307f94a45558171
lingbot_vla,stack_sequence,15,100143,green>blue>red,failure,0,1200,1200,action_limit,"Bottom to top, the order is green block, blue block, red block.",reused,lingbot_vla/stack_sequence/stack_sequence_ep100143_result.json,94357f992c23e393fae67af457918f98dcc7ffac367c907767799f15bcbed61e
lingbot_vla,stack_sequence,15,100144,blue>red>green,failure,0,1200,1200,action_limit,"First set blue block, then red block, then green block at the very top.",reused,lingbot_vla/stack_sequence/stack_sequence_ep100144_result.json,45b35809cc7fa3d0e7df9ae83ee2ee2ebf26e370371361e4f92d220ed98e3edb
lingbot_vla,stack_sequence,15,100145,blue>green>red,failure,0,1200,1200,action_limit,"Lay blue block first, green block second, red block third, each on the last.",reused,lingbot_vla/stack_sequence/stack_sequence_ep100145_result.json,88ca9dacb9d4621d88b9f7033657575889bcce79127976bb265cec02d6029c97
lingbot_vla,stack_sequence,16,100146,red>green>blue,success,1,463,1200,task_success,"From the bottom up: red block, then green block, then blue block.",reused,lingbot_vla/stack_sequence/stack_sequence_ep100146_result.json,8f8a3727ba31403c317d8a8bda7875eccf66038254af7815f2679fa6eb15c867
lingbot_vla,stack_sequence,16,100147,red>blue>green,failure,0,1200,1200,action_limit,Stack green block over blue block and blue block over red block.,reused,lingbot_vla/stack_sequence/stack_sequence_ep100147_result.json,99c03940b40507b4dc05450ae807ecaf637cf0499f8e92ed055e14922979c688
lingbot_vla,stack_sequence,16,100148,green>red>blue,failure,0,1200,1200,action_limit,"Lay green block first, red block second, blue block third, each on the last.",reused,lingbot_vla/stack_sequence/stack_sequence_ep100148_result.json,b3bdbc434a7a69b2f268a389623cd7c81a437a59e3a488aadb21dd20e27f83ce
lingbot_vla,stack_sequence,16,100149,green>blue>red,failure,0,1200,1200,action_limit,"Build a column: green block lowest, then blue block, then red block on top.",reused,lingbot_vla/stack_sequence/stack_sequence_ep100149_result.json,dcbc918c7bd4f2d0dfcfd2c5f92e9bece79c4f3c77eb4707efefb37b92348b7d
lingbot_vla,stack_sequence,16,100150,blue>red>green,failure,0,1200,1200,action_limit,"Bottom to top, the order is blue block, red block, green block.",reused,lingbot_vla/stack_sequence/stack_sequence_ep100150_result.json,7c7248e4f29331bab5ad7787644d96f9d4aa83d38e927bee19ae1c27f6241d13
lingbot_vla,stack_sequence,16,100151,blue>green>red,failure,0,1200,1200,action_limit,"Place blue block at the base, add green block, and top it with red block.",reused,lingbot_vla/stack_sequence/stack_sequence_ep100151_result.json,2c3865b13ccd7135b5f310af786ccc3c0a05e9994d0118b52e040f7aa88bf0f6
lingbot_vla,stack_sequence,17,100152,red>green>blue,success,1,409,1200,task_success,"Place red block at the base, add green block, and top it with blue block.",reused,lingbot_vla/stack_sequence/stack_sequence_ep100152_result.json,5c8c7b8ef0d19ffdda1bd38e50e02606d4c6d6ec39345747de005c2766addbe2
lingbot_vla,stack_sequence,17,100153,red>blue>green,failure,0,1200,1200,action_limit,"Lay red block first, blue block second, green block third, each on the last.",reused,lingbot_vla/stack_sequence/stack_sequence_ep100153_result.json,65da3fa4341a5f33d510d70e5edddb71d2f29b9a254fca8ddefb7a9d05cc62e9
lingbot_vla,stack_sequence,17,100154,green>red>blue,failure,0,1200,1200,action_limit,Stack blue block over red block and red block over green block.,reused,lingbot_vla/stack_sequence/stack_sequence_ep100154_result.json,7efe5e159e4f724c7dc21df6960d8e76406de1ce5fb4fe6e48d2126ed7da8fa6
lingbot_vla,stack_sequence,17,100155,green>blue>red,failure,0,1200,1200,action_limit,"From the bottom up: green block, then blue block, then red block.",reused,lingbot_vla/stack_sequence/stack_sequence_ep100155_result.json,cd3a8eb7f22d4f43b1351cf707c2f4afaf49df19b2da252ddd6cc55d125e25ab
lingbot_vla,stack_sequence,17,100156,blue>red>green,failure,0,1200,1200,action_limit,"From the bottom up: blue block, then red block, then green block.",reused,lingbot_vla/stack_sequence/stack_sequence_ep100156_result.json,4b5a27cd2eb07282273a14901e43a2304882f40881ae153ea546994303ed4fee
lingbot_vla,stack_sequence,17,100157,blue>green>red,failure,0,1200,1200,action_limit,"Build a column: blue block lowest, then green block, then red block on top.",reused,lingbot_vla/stack_sequence/stack_sequence_ep100157_result.json,9eb1d7d76612601eb0013fc99f7735d44466b4c1f30f983e9f194239d2742852
lingbot_vla,stack_sequence,18,100158,red>green>blue,success,1,490,1200,task_success,"Bottom to top, the order is red block, green block, blue block.",reused,lingbot_vla/stack_sequence/stack_sequence_ep100158_result.json,bb923159b69b9cdbfd1e5c0afdb7b8355f74ba45b76a703df76eb8836cc08200
lingbot_vla,stack_sequence,18,100159,red>blue>green,failure,0,1200,1200,action_limit,"Order the tower red block, blue block, green block from bottom to top.",reused,lingbot_vla/stack_sequence/stack_sequence_ep100159_result.json,dc23e837171658834cb742134e4c3e2340acbfb079b595ce4b3320e504e2fcaf
lingbot_vla,stack_sequence,18,100160,green>red>blue,failure,0,1200,1200,action_limit,"Lay green block first, red block second, blue block third, each on the last.",reused,lingbot_vla/stack_sequence/stack_sequence_ep100160_result.json,c9d81178656a3c857582b084d0a6a9f3561f83d69b3fb32499dc49d617bba487
lingbot_vla,stack_sequence,18,100161,green>blue>red,failure,0,1200,1200,action_limit,"From the bottom up: green block, then blue block, then red block.",reused,lingbot_vla/stack_sequence/stack_sequence_ep100161_result.json,50d0855c0e2b05328f3925a938e781d6e57547e304f31319732a549a058a8ecb
lingbot_vla,stack_sequence,18,100162,blue>red>green,failure,0,1200,1200,action_limit,"Put blue block down, red block on blue block, green block on red block.",reused,lingbot_vla/stack_sequence/stack_sequence_ep100162_result.json,c445b76503b8c78e7265485812a66b939cf6a134c55f7392fb37239e5d6b238c
lingbot_vla,stack_sequence,18,100163,blue>green>red,failure,0,1200,1200,action_limit,Stack red block over green block and green block over blue block.,reused,lingbot_vla/stack_sequence/stack_sequence_ep100163_result.json,509cf94517b334c289f747ba8196a111ce99190b9db0cb8d8a3e5692820dd49f
lingbot_vla,stack_sequence,19,100170,red>green>blue,success,1,457,1200,task_success,"First set red block, then green block, then blue block at the very top.",reused,lingbot_vla/stack_sequence/stack_sequence_ep100170_result.json,8e1922a36b31b0a134418ba1a6d0e92a270fca46a8e8b5cfc3c1da07c67166d7
lingbot_vla,stack_sequence,19,100171,red>blue>green,failure,0,1200,1200,action_limit,"From the bottom up: red block, then blue block, then green block.",reused,lingbot_vla/stack_sequence/stack_sequence_ep100171_result.json,43ef86e423b9b11e63f2f490ad32a4f279fd92d073d6c9aa7fa0fc76e72150c9
lingbot_vla,stack_sequence,19,100172,green>red>blue,failure,0,1200,1200,action_limit,"From the bottom up: green block, then red block, then blue block.",reused,lingbot_vla/stack_sequence/stack_sequence_ep100172_result.json,076efe6050adf77f851720bb1897c8675e8609931ac529cd8bbab2d703021e30
lingbot_vla,stack_sequence,19,100173,green>blue>red,failure,0,1200,1200,action_limit,"Bottom to top, the order is green block, blue block, red block.",reused,lingbot_vla/stack_sequence/stack_sequence_ep100173_result.json,5ca9bcd7e38e7edbd064cd8811ff1279c17bf7ef1ad8524dd6f767b64702e285
lingbot_vla,stack_sequence,19,100174,blue>red>green,failure,0,1200,1200,action_limit,"Rest red block on blue block, then rest green block on red block.",reused,lingbot_vla/stack_sequence/stack_sequence_ep100174_result.json,19a12dc1ddce59f02c7e0e200ae790ef190a70907a1037dfb7b4ea6de93df861
lingbot_vla,stack_sequence,19,100175,blue>green>red,failure,0,1200,1200,action_limit,"Put blue block down, green block on blue block, red block on green block.",reused,lingbot_vla/stack_sequence/stack_sequence_ep100175_result.json,c6387c6ab1a1e189f5fafc9176c4e8b009ad03602f073c955cb61937270354fc
lingbot_vla,place_relative,0,100005,left,failure,0,400,400,action_limit,Grab the black remotecontrol and set it to the left of the red tea-box,reused,lingbot_vla/place_relative/place_relative_ep100005_result.json,b08539bea2874fd948a38cd52f615f7bf1b56d8ad1e7e23a0d97ab27c8e51a2a
lingbot_vla,place_relative,0,100006,right,failure,0,400,400,action_limit,Grab the black remotecontrol and set it to the right of the red tea-box,reused,lingbot_vla/place_relative/place_relative_ep100006_result.json,c8306eaf3598fae57a44fefae9949e8b4461f0374898abc117be0da4855ea4d7
lingbot_vla,place_relative,0,100009,on_top,failure,0,400,400,action_limit,Grab the black remotecontrol and set it on top of the red tea-box,reused,lingbot_vla/place_relative/place_relative_ep100009_result.json,69123651e386ac838d80c6e94b0dc5f82e5faf6ab30c24901694f08828ed5c2b
lingbot_vla,place_relative,1,100010,left,failure,0,400,400,action_limit,Pick up the red can and move it to the left of the red tea-box,reused,lingbot_vla/place_relative/place_relative_ep100010_result.json,fffdce03ff88b909bac21920b1a8589d1ba1c58a7b86b86ee28b82e499f42791
lingbot_vla,place_relative,1,100011,right,failure,0,400,400,action_limit,Pick up the red can and move it to the right of the red tea-box,reused,lingbot_vla/place_relative/place_relative_ep100011_result.json,e6d497e19474de4771344e85d0f0123656db453e06b0cc063aa721dcd7d45976
lingbot_vla,place_relative,1,100014,on_top,failure,0,400,400,action_limit,Use the left arm to grab the red can and place it on top of the red tea-box,reused,lingbot_vla/place_relative/place_relative_ep100014_result.json,af04f126be4c74bdbf6bd71e377b9b030d7e26a291d6a0166ed8cb2068c7d150
lingbot_vla,place_relative,2,100015,left,failure,0,400,400,action_limit,Use the left arm to grab the blue soap and place it to the left of the red tea-box,reused,lingbot_vla/place_relative/place_relative_ep100015_result.json,4c462276721c91e47ce70ce703ba67f3f4841b76213921be2727d63fc92a0801
lingbot_vla,place_relative,2,100016,right,failure,0,400,400,action_limit,Lift the blue soap and set it to the right of the red tea-box,reused,lingbot_vla/place_relative/place_relative_ep100016_result.json,5aa2ac29c355b5c03c6463b36bda36ffb087027f34baf31c393f3c13211cfb0f
lingbot_vla,place_relative,2,100019,on_top,failure,0,400,400,action_limit,"Use the left arm to pick up the blue soap, set it on top of the red tea-box",reused,lingbot_vla/place_relative/place_relative_ep100019_result.json,94ba1ec631b32eda7d93329643a2bb293b6e72ca1e0f54958a9f42b7f7434527
lingbot_vla,place_relative,3,100020,left,failure,0,400,400,action_limit,Lift the gray mouse and set it to the left of the brown coffee-box,reused,lingbot_vla/place_relative/place_relative_ep100020_result.json,dd2b2e7a5362d8ad6df88ca9677af71b81f935c912778a7ee785746d9f6d967a
lingbot_vla,place_relative,3,100021,right,failure,0,400,400,action_limit,Use the left arm to grab the gray mouse and place it to the right of the brown coffee-box,reused,lingbot_vla/place_relative/place_relative_ep100021_result.json,4a344370500c554c477064143e936064bdf9d7974c53f5cbc8b5be5a4166fccc
lingbot_vla,place_relative,3,100024,on_top,failure,0,400,400,action_limit,Grab the gray mouse and set it on top of the brown coffee-box,reused,lingbot_vla/place_relative/place_relative_ep100024_result.json,418068fc40f342b5f6a93e50e4799a9336fefc78f1c8f8c0c540026406aec735
lingbot_vla,place_relative,4,100025,left,failure,0,400,400,action_limit,Pick up the green toycar and move it to the left of the brown coffee-box,reused,lingbot_vla/place_relative/place_relative_ep100025_result.json,556b066ae368f6a315236750e48d53d71182e0afd733e40fc3b067a589ab8da6
lingbot_vla,place_relative,4,100026,right,failure,0,400,400,action_limit,Pick up the green toycar and move it to the right of the brown coffee-box,reused,lingbot_vla/place_relative/place_relative_ep100026_result.json,656cde2a59dee1a1eb14c304f738867d3d57110a2e26a456faa4ae06aafb0b05
lingbot_vla,place_relative,4,100029,on_top,failure,0,400,400,action_limit,Use the left arm to grab the green toycar and place it on top of the brown coffee-box,reused,lingbot_vla/place_relative/place_relative_ep100029_result.json,6b829bdf3f2fbfebe746a694f94d477acb991f4795662c9dc0d58c9ec80c956b
lingbot_vla,place_relative,5,100030,left,failure,0,400,400,action_limit,Use the right arm to grab the red stapler and place it to the left of the brown coffee-box,reused,lingbot_vla/place_relative/place_relative_ep100030_result.json,9e847e2aa905f328cf60c24a4b5973ec29f7f76672fca96fd7fe03c987af6582
lingbot_vla,place_relative,5,100031,right,failure,0,400,400,action_limit,"Use the right arm to pick up the red stapler, set it to the right of the brown coffee-box",reused,lingbot_vla/place_relative/place_relative_ep100031_result.json,bda693db1b5edfff2b4ccd25597a7f87cc9b511553e8063ae7c4b4522a921275
lingbot_vla,place_relative,5,100034,on_top,failure,0,400,400,action_limit,Grab the red stapler and set it on top of the brown coffee-box,reused,lingbot_vla/place_relative/place_relative_ep100034_result.json,0215cc0ca1c52e9990e4078e9aa59f46cb0e2490bbcb167bd7c196cab166007f
lingbot_vla,place_relative,6,100040,left,failure,0,400,400,action_limit,Pick up the red can and move it to the left of the brown coffee-box,reused,lingbot_vla/place_relative/place_relative_ep100040_result.json,9d1bf226918cf2370b3bc2df90e6b3bf4044f75c70b71eb95e8da942fbe9ad8a
lingbot_vla,place_relative,6,100041,right,failure,0,400,400,action_limit,Relocate the red can to the right of the brown coffee-box,reused,lingbot_vla/place_relative/place_relative_ep100041_result.json,98f947892c342905972eef1e241ccaaf611ef8732b9a2cfd0804902d27a5491d
lingbot_vla,place_relative,6,100044,on_top,failure,0,400,400,action_limit,Relocate the red can on top of the brown coffee-box,reused,lingbot_vla/place_relative/place_relative_ep100044_result.json,a9df8081d5503319f3869ef14c7a204707e2db67ce7114b461c6d50b64eb3a19
lingbot_vla,place_relative,7,100045,left,success,1,41,400,task_success,Grab the blue soap and set it to the left of the brown coffee-box,reused,lingbot_vla/place_relative/place_relative_ep100045_result.json,5155f35e532e2afb2389f9fa114703e250108aea384c021664e91cdbce7f72ef
lingbot_vla,place_relative,7,100046,right,failure,0,400,400,action_limit,"Use the left arm to pick up the blue soap, set it to the right of the brown coffee-box",reused,lingbot_vla/place_relative/place_relative_ep100046_result.json,5c6d43db6237d6692bddd3655bc42e9f024981cbe5778f0c0968f1d5516628aa
lingbot_vla,place_relative,7,100049,on_top,failure,0,400,400,action_limit,Lift the blue soap and set it on top of the brown coffee-box,reused,lingbot_vla/place_relative/place_relative_ep100049_result.json,a569ff2eb37ce4f108227a8b094b9582ea7d7844d0bb33e1344860ca2b596fa5
lingbot_vla,place_relative,8,100050,left,failure,0,400,400,action_limit,Use the right arm to grab the gray mouse and place it to the left of the red tea-box,reused,lingbot_vla/place_relative/place_relative_ep100050_result.json,e83f7b89ae27f441c58939f7a1929fb00c40ac79359d32dd33bd58e20b743322
lingbot_vla,place_relative,8,100051,right,failure,0,400,400,action_limit,Lift the gray mouse and set it to the right of the red tea-box,reused,lingbot_vla/place_relative/place_relative_ep100051_result.json,640eaa9906771d407e81d52cd0992adcd0551c72f566af0cedba369531e9aacc
lingbot_vla,place_relative,8,100054,on_top,failure,0,400,400,action_limit,Lift the gray mouse and set it on top of the red tea-box,reused,lingbot_vla/place_relative/place_relative_ep100054_result.json,5de1ba61a36ebb8f2efe2e37a9d7ac891975e2bcab8d4a2d30980217ca2751db
lingbot_vla,place_relative,9,100055,left,failure,0,400,400,action_limit,Grab the green toycar and set it to the left of the red tea-box,reused,lingbot_vla/place_relative/place_relative_ep100055_result.json,f9d2c21b2e5a06d1b48365529584b045e5782e8062e1c76bfe1058446c0938b3
lingbot_vla,place_relative,9,100056,right,failure,0,400,400,action_limit,Grab the green toycar and set it to the right of the red tea-box,reused,lingbot_vla/place_relative/place_relative_ep100056_result.json,a96ca57fc4e330f22322680453bc06330e963d12183220a672f7c1215a1e5f6e
lingbot_vla,place_relative,9,100059,on_top,failure,0,400,400,action_limit,Pick up the green toycar and move it on top of the red tea-box,reused,lingbot_vla/place_relative/place_relative_ep100059_result.json,8721f8b357a9f97cae0656d1e910cc5cde3e70609e50957d60857fd93393c73d
lingbot_vla,place_relative,10,100060,left,failure,0,400,400,action_limit,Use the left arm to grab the red stapler and place it to the left of the red tea-box,reused,lingbot_vla/place_relative/place_relative_ep100060_result.json,142ba8aa72611c2b54cdafe24cfb78aadd7b27d112a4a79a375a4f152e3e2e23
lingbot_vla,place_relative,10,100061,right,failure,0,400,400,action_limit,Pick up the red stapler and move it to the right of the red tea-box,reused,lingbot_vla/place_relative/place_relative_ep100061_result.json,f067f4f752a40f37c50ff611f801f8fb4e24912565fb56e3d88f27b6a5b94f38
lingbot_vla,place_relative,10,100064,on_top,failure,0,400,400,action_limit,"Use the left arm to pick up the red stapler, set it on top of the red tea-box",reused,lingbot_vla/place_relative/place_relative_ep100064_result.json,e436b6de6d68cb1d0744147bacf33ef47202b792430eb565e1f71fe52e68e9a3
lingbot_vla,place_relative,11,100065,left,failure,0,400,400,action_limit,Grab the black remotecontrol and set it to the left of the red tea-box,reused,lingbot_vla/place_relative/place_relative_ep100065_result.json,c5c0c91871ed242f95fac10e5f2410907fd8493fb431300d5d6c37d6cdf92a49
lingbot_vla,place_relative,11,100066,right,failure,0,400,400,action_limit,"Use the left arm to pick up the black remotecontrol, set it to the right of the red tea-box",reused,lingbot_vla/place_relative/place_relative_ep100066_result.json,aa862e78f228709ff227f5f58752c8b6211e60e97375ba7b91e0581c0d0afe44
lingbot_vla,place_relative,11,100069,on_top,failure,0,400,400,action_limit,Pick up the black remotecontrol and move it on top of the red tea-box,reused,lingbot_vla/place_relative/place_relative_ep100069_result.json,8e6ea476fa295cbe929f0d021014159e4c53ab617673511fa604ffcfc359597c
lingbot_vla,place_relative,12,100070,left,failure,0,400,400,action_limit,Relocate the red can to the left of the red tea-box,reused,lingbot_vla/place_relative/place_relative_ep100070_result.json,16a2b0c2e821e737b3b15340712c40285ac7a547e44abc4263c3c3f5056b3256
lingbot_vla,place_relative,12,100071,right,success,1,285,400,task_success,Relocate the red can to the right of the red tea-box,reused,lingbot_vla/place_relative/place_relative_ep100071_result.json,221629cc6cc95e018277b2d14584567723014f9e3af451d51d7a43891cedaf6a
lingbot_vla,place_relative,12,100074,on_top,failure,0,400,400,action_limit,Relocate the red can on top of the red tea-box,reused,lingbot_vla/place_relative/place_relative_ep100074_result.json,0b816358fb9604429bfb87689dc9f4ed75e2cd739abd92e5524d22fa78fbf45d
lingbot_vla,place_relative,13,100075,left,failure,0,400,400,action_limit,"Use the right arm to pick up the blue soap, set it to the left of the red tea-box",reused,lingbot_vla/place_relative/place_relative_ep100075_result.json,72c53b670f107efac05dc801a1fc805573ed22652f58a67753150b0ea7432846
lingbot_vla,place_relative,13,100076,right,success,1,126,400,task_success,Pick up the blue soap and move it to the right of the red tea-box,reused,lingbot_vla/place_relative/place_relative_ep100076_result.json,3d5a1784c3e02342563b2418626e7d121fa2d901a2d0dea24cbe3f5a8ea6c54b
lingbot_vla,place_relative,13,100079,on_top,failure,0,400,400,action_limit,Grab the blue soap and set it on top of the red tea-box,reused,lingbot_vla/place_relative/place_relative_ep100079_result.json,b49b2e06b5c672f6731e78b2a3a99e269b82ee36b5a4dad4b936a15baffa8d04
lingbot_vla,place_relative,14,100080,left,failure,0,400,400,action_limit,Grab the gray mouse and set it to the left of the brown coffee-box,reused,lingbot_vla/place_relative/place_relative_ep100080_result.json,ed18a094f44d941f68109ad91b5018ab86239dbc4febe7db47a1568878e13a54
lingbot_vla,place_relative,14,100081,right,failure,0,400,400,action_limit,"Use the left arm to pick up the gray mouse, set it to the right of the brown coffee-box",reused,lingbot_vla/place_relative/place_relative_ep100081_result.json,e6e65a1de94629a1bffe0deb7574bf3cf78f0e601fed1864f4f201b7377d9a89
lingbot_vla,place_relative,14,100084,on_top,failure,0,400,400,action_limit,Grab the gray mouse and set it on top of the brown coffee-box,reused,lingbot_vla/place_relative/place_relative_ep100084_result.json,5a3342a7095c3add9ceb9407b2ae29cc182e5587d88048a47416f21dc2b9cbe4
lingbot_vla,place_relative,15,100085,left,failure,0,400,400,action_limit,Lift the green toycar and set it to the left of the brown coffee-box,reused,lingbot_vla/place_relative/place_relative_ep100085_result.json,b7bdc2e44460a916b81bb84db2642d3e245dc614b7a00ba84c131bea45bdcec9
lingbot_vla,place_relative,15,100086,right,failure,0,400,400,action_limit,"Use the right arm to pick up the green toycar, set it to the right of the brown coffee-box",reused,lingbot_vla/place_relative/place_relative_ep100086_result.json,df762bd54f620c3d68e29f2934d932b47f6e81d3614189cdf4b220c7d34e784a
lingbot_vla,place_relative,15,100089,on_top,failure,0,400,400,action_limit,Lift the green toycar and set it on top of the brown coffee-box,reused,lingbot_vla/place_relative/place_relative_ep100089_result.json,c809906d23e026a7a5431e1d66bd4323e5ffd972d05455f1ad7187d352e56bff
lingbot_vla,place_relative,16,100095,left,failure,0,400,400,action_limit,"Use the right arm to pick up the black remotecontrol, set it to the left of the brown coffee-box",reused,lingbot_vla/place_relative/place_relative_ep100095_result.json,f0561284a5b82c1ef5c96fef2b89336e281f0a8cdd3f9e4c789947f6dd82cbb5
lingbot_vla,place_relative,16,100096,right,failure,0,400,400,action_limit,Relocate the black remotecontrol to the right of the brown coffee-box,reused,lingbot_vla/place_relative/place_relative_ep100096_result.json,a065f831c768d6f74c3aca2c84f5d94515b4287382127e07e267f9567d8689c4
lingbot_vla,place_relative,16,100099,on_top,failure,0,400,400,action_limit,Lift the black remotecontrol and set it on top of the brown coffee-box,reused,lingbot_vla/place_relative/place_relative_ep100099_result.json,32a5f2076b76b2fba36083eac3b34d764328d7611dbdc2364d04a1fdf63a60f2
lingbot_vla,place_relative,17,100100,left,failure,0,400,400,action_limit,"Use the right arm to pick up the red can, set it to the left of the brown coffee-box",reused,lingbot_vla/place_relative/place_relative_ep100100_result.json,5a936ecd9900431b216fcba5a60564c675604cce8e70c8096e0cb3338939cf8f
lingbot_vla,place_relative,17,100101,right,failure,0,400,400,action_limit,"Use the right arm to pick up the red can, set it to the right of the brown coffee-box",reused,lingbot_vla/place_relative/place_relative_ep100101_result.json,0cc60164af289426454833ee8ef548b9928c9c882f190d26b61184edbb02c08a
lingbot_vla,place_relative,17,100104,on_top,failure,0,400,400,action_limit,Pick up the red can and move it on top of the brown coffee-box,reused,lingbot_vla/place_relative/place_relative_ep100104_result.json,98d45c01fe391d909f8f679f838a748ead9f942512451ba01f20d95f85cbafa3
lingbot_vla,place_relative,18,100105,left,failure,0,400,400,action_limit,Use the right arm to grab the blue soap and place it to the left of the brown coffee-box,reused,lingbot_vla/place_relative/place_relative_ep100105_result.json,23d0b4fbb7d23598f5421a7d12471561ea23991ae7ff1b48d44066ce2f36cef0
lingbot_vla,place_relative,18,100106,right,failure,0,400,400,action_limit,Grab the blue soap and set it to the right of the brown coffee-box,reused,lingbot_vla/place_relative/place_relative_ep100106_result.json,1150926dae777969e0e83d4ca0061b02927873a117c8c5c05f7fd04f024ea539
lingbot_vla,place_relative,18,100109,on_top,failure,0,400,400,action_limit,Relocate the blue soap on top of the brown coffee-box,reused,lingbot_vla/place_relative/place_relative_ep100109_result.json,369e135aed95e3d6acc18c1738209f590ef571f6886995bde98edfe97e0a80b5
lingbot_vla,place_relative,19,100110,left,failure,0,400,400,action_limit,Use the left arm to grab the gray mouse and place it to the left of the red tea-box,reused,lingbot_vla/place_relative/place_relative_ep100110_result.json,274651917598b79bf5bc78ea2daa8d826cbfcaf01c9e8621dccbc302c17de038
lingbot_vla,place_relative,19,100111,right,failure,0,400,400,action_limit,Grab the gray mouse and set it to the right of the red tea-box,reused,lingbot_vla/place_relative/place_relative_ep100111_result.json,475e233fe70f09be5ae22fa85001a94d5f59b7c81f834e0197936a6c76cf2c4e
lingbot_vla,place_relative,19,100114,on_top,failure,0,400,400,action_limit,Use the left arm to grab the gray mouse and place it on top of the red tea-box,reused,lingbot_vla/place_relative/place_relative_ep100114_result.json,d4a8907dfd68206334be8be0169be9523e95549540d1931c58f2e43784adfeb1
vlact,bottle_verb,0,100002,pick,success,1,700,700,action_limit,pick up the curvy yellow plastic bottle gently.,new,vlact/bottle_verb/bottle_verb_ep100002_result.json,a93b00e540dab355d4ca4089518bbbbe023f06e74e9c2a520d18f590fbbbc98a
vlact,bottle_verb,0,100003,shake,success,1,147,700,task_success,shake the smooth bottle with blue text gently.,new,vlact/bottle_verb/bottle_verb_ep100003_result.json,8035eaf53bdc577a2d8bce127ad41c2f6fe7f4d75363eebbdd4275ec95c3a328
vlact,bottle_verb,1,100004,pick,success,1,700,700,action_limit,Please grab the curvy yellow plastic bottle with the left arm.,new,vlact/bottle_verb/bottle_verb_ep100004_result.json,a86b072572052683660cc9f5683d60e2df8153295feda0c9de84b270debfca19
vlact,bottle_verb,1,100005,shake,success,1,146,700,task_success,shake the yellow bottle with white cap using the left arm.,new,vlact/bottle_verb/bottle_verb_ep100005_result.json,6480cde1229356632b4479ea33b7c79987e6db59cc719f703ff8cf4ef7119442
vlact,bottle_verb,2,100006,pick,failure,0,700,700,action_limit,Kindly lift the bottle with printed label.,new,vlact/bottle_verb/bottle_verb_ep100006_result.json,8e2627a7c6e353b4c1d77fca17bd59f532cb44a5b6b4eaccdfb578467a1b89ca
vlact,bottle_verb,2,100007,shake,success,1,159,700,task_success,Kindly shake the bottle with printed label.,new,vlact/bottle_verb/bottle_verb_ep100007_result.json,d271e40fc0dee4ad2a211e59ea3a329a5a013ba0a7a93ff10d1601548bb00d4d
vlact,bottle_verb,3,100008,pick,failure,0,700,700,action_limit,Please pick up the yellow bottle for liquid storage with the right arm.,new,vlact/bottle_verb/bottle_verb_ep100008_result.json,537c0ffaa00a6d682fc261195f523d114b368366bb21b1e8d66c9e5c7840e735
vlact,bottle_verb,3,100009,shake,success,1,200,700,task_success,shake the yellow bottle for liquid storage with care.,new,vlact/bottle_verb/bottle_verb_ep100009_result.json,f4f5e7676f7db8f33129a85994460df6d2e19f9a0d469ebeb04e24fa2cacd982
vlact,bottle_verb,4,100010,pick,success,1,700,700,action_limit,grab the medium-sized plastic bottle with capped top gently.,new,vlact/bottle_verb/bottle_verb_ep100010_result.json,f63481642c407fab9d1537dec992d76a57c7c0b005f3d2bde5479bf770f0b23a
vlact,bottle_verb,4,100011,shake,success,1,145,700,task_success,Please shake the medium-sized plastic bottle with capped top with the left arm.,new,vlact/bottle_verb/bottle_verb_ep100011_result.json,ada852597074d86ad4fdf1d80a6608bda2d7071387718965266a8316c1e0945a
vlact,bottle_verb,5,100016,pick,failure,0,700,700,action_limit,Kindly grab the bottle with ridged orange grip.,new,vlact/bottle_verb/bottle_verb_ep100016_result.json,0e50ecc89fd17566b9c4e5396e0e0271dac7817892a07bd7c7248655b62c26e0
vlact,bottle_verb,5,100017,shake,success,1,144,700,task_success,Please shake the white capped orange plastic bottle with the left arm.,new,vlact/bottle_verb/bottle_verb_ep100017_result.json,96b7a6bf264374ee3c4edd603f3bfc7552d0f241aed136fdbcdeab02e15a4bff
vlact,bottle_verb,6,100018,pick,success,1,700,700,action_limit,Kindly lift the smooth bottle with blue text.,new,vlact/bottle_verb/bottle_verb_ep100018_result.json,979128ae8c13d92d86e34bb642ef9a01c6d6917e1ce7a55c8afb9e8c51ba814d
vlact,bottle_verb,6,100019,shake,success,1,156,700,task_success,shake the smooth bottle with blue text gently.,new,vlact/bottle_verb/bottle_verb_ep100019_result.json,b3f9a8f866fdb04994e85f5a1ac4f685ff97942a616ecc9094e9bfb7b1541be6
vlact,bottle_verb,7,100020,pick,failure,0,700,700,action_limit,pick up the handheld orange bottle with care.,new,vlact/bottle_verb/bottle_verb_ep100020_result.json,af47895da236e91cad9e3c9aeb28aaedca61fb6ba191e92e6ef66763f6e53ea8
vlact,bottle_verb,7,100021,shake,success,1,190,700,task_success,shake the label-covered orange bottle gently.,new,vlact/bottle_verb/bottle_verb_ep100021_result.json,186eeff2bf8a793cd71b3f2dae42a8fce7f8672cdf691f7df1ee624cd8659d77
vlact,bottle_verb,8,100022,pick,success,1,700,700,action_limit,grab the bottle with curved body carefully now.,new,vlact/bottle_verb/bottle_verb_ep100022_result.json,22774026d8bae160bdc3bb0ed4a195e17cbd22a1e51630f7f457350f98c2e65e
vlact,bottle_verb,8,100023,shake,success,1,177,700,task_success,shake the bottle with curved body gently.,new,vlact/bottle_verb/bottle_verb_ep100023_result.json,7d1a811108017801e66039da33f0d2b8bb52272765e0d7cbe9697a691b856abb
vlact,bottle_verb,9,100024,pick,success,1,700,700,action_limit,lift the bottle with curved neck design with the left arm.,new,vlact/bottle_verb/bottle_verb_ep100024_result.json,1011e321d6d817bca5cec15befdd5d1d672d77580fb1361fbd5ab4fc9d9004ee
vlact,bottle_verb,9,100025,shake,success,1,148,700,task_success,shake the bottle with curved neck design for a moment.,new,vlact/bottle_verb/bottle_verb_ep100025_result.json,c428edf9b1d11a81d2748a37d16d8a43862f2be5f263a3895be6acf4639db914
vlact,bottle_verb,10,100026,pick,success,1,700,700,action_limit,pick up the bottle with curved neck design using one arm.,new,vlact/bottle_verb/bottle_verb_ep100026_result.json,3d9a2ffdd0519d58802ed884de66bb7992a36e5de69ba49ddb3624c87fae7704
vlact,bottle_verb,10,100027,shake,success,1,229,700,task_success,shake the blue-capped plastic bottle carefully now.,new,vlact/bottle_verb/bottle_verb_ep100027_result.json,d200c842819926a3aed4e60bbed6be20e309d309fce2afe0deab463ae3d8e93f
vlact,bottle_verb,11,100030,pick,success,1,700,700,action_limit,lift the blue-capped plastic bottle gently.,new,vlact/bottle_verb/bottle_verb_ep100030_result.json,b16e0bab980a37b3692638bf59983b36ec571a526109e54ef7c0d02183869dee
vlact,bottle_verb,11,100031,shake,success,1,159,700,task_success,shake the bottle with curved neck design gently.,new,vlact/bottle_verb/bottle_verb_ep100031_result.json,807e8b32f7c41327add50595e0bd86d7087f873c7038b6ebdae1e6061e2dddfe
vlact,bottle_verb,12,100032,pick,success,1,700,700,action_limit,Kindly pick up the bottle with curved body.,new,vlact/bottle_verb/bottle_verb_ep100032_result.json,36f97d09dafee460a5c571b60799aa70732374f1f03a234582c60886903590f0
vlact,bottle_verb,12,100033,shake,success,1,172,700,task_success,shake the bottle with curved body right away.,new,vlact/bottle_verb/bottle_verb_ep100033_result.json,916bb34e25b52b5c1d3282506d42619b84fc4b407d2b69462c45661fb69f73a5
vlact,bottle_verb,13,100038,pick,success,1,700,700,action_limit,pick up the liquid container dark brown plastic with the left arm.,new,vlact/bottle_verb/bottle_verb_ep100038_result.json,94d9acb4ccb01d3a554b23d75d5c082d95cc66df92404e80fa369c4c24161a54
vlact,bottle_verb,13,100039,shake,success,1,206,700,task_success,shake the liquid container dark brown plastic carefully now.,new,vlact/bottle_verb/bottle_verb_ep100039_result.json,c318620ac50a6e415c01c58ead378ec347b21b564fa09e451e1c94b55a751cdf
vlact,bottle_verb,14,100042,pick,success,1,700,700,action_limit,lift the light gray bottle right away.,new,vlact/bottle_verb/bottle_verb_ep100042_result.json,7e46887d299d30d6f4520136b7bf2fcb15d7afddc7ee108800a50669ffb70caf
vlact,bottle_verb,14,100043,shake,success,1,204,700,task_success,shake the light gray bottle with care.,new,vlact/bottle_verb/bottle_verb_ep100043_result.json,7d663c61988aee19d4f57683fdc917bcf797fc4be4c257c746b604a3214ca3f4
vlact,bottle_verb,15,100048,pick,success,1,700,700,action_limit,lift the plastic bottle with printed label with the right arm.,new,vlact/bottle_verb/bottle_verb_ep100048_result.json,ba6fbe8fd163c850def856286b71b0d0eef69a1f41d255f4aa44ac427605c37d
vlact,bottle_verb,15,100049,shake,success,1,179,700,task_success,shake the bottle with glossy surface right away.,new,vlact/bottle_verb/bottle_verb_ep100049_result.json,a315740302a7b0e161b4fa083bcae2ab15f9152d9f59f3030d0cce4502b1ba41
vlact,bottle_verb,16,100050,pick,success,1,700,700,action_limit,pick up the label-covered orange bottle with care.,new,vlact/bottle_verb/bottle_verb_ep100050_result.json,92eb99d4feda5af19e5196e2d8024f74ab9772bad50a1858f61d21afd4eee3c9
vlact,bottle_verb,16,100051,shake,success,1,150,700,task_success,shake the handheld orange bottle right away.,new,vlact/bottle_verb/bottle_verb_ep100051_result.json,bdc9f1ef1014d580ef28767d8715d61145f889638f8a646208cd4d850c36ecb7
vlact,bottle_verb,17,100052,pick,success,1,700,700,action_limit,grab the bottle with red screw cap with the right arm.,new,vlact/bottle_verb/bottle_verb_ep100052_result.json,f4d77303f9525c8929dbc5e3dc4502f5a4d648349baa5b04f46bac286d8f5f10
vlact,bottle_verb,17,100053,shake,success,1,181,700,task_success,shake the bottle with red screw cap with care.,new,vlact/bottle_verb/bottle_verb_ep100053_result.json,d6bc50565d884ae0765a3e82ab32e52b6eb6021a3108a36fa8ec4872af1055df
vlact,bottle_verb,18,100054,pick,success,1,700,700,action_limit,lift the medium-sized plastic bottle with capped top gently.,new,vlact/bottle_verb/bottle_verb_ep100054_result.json,8d52f2b0e7fdcdfa732f046bb230959445536465d7eb854152d701f6c5435bf8
vlact,bottle_verb,18,100055,shake,success,1,146,700,task_success,shake the medium-sized plastic bottle with capped top right away.,new,vlact/bottle_verb/bottle_verb_ep100055_result.json,70b4ff593699a505d20b59ce6f174d48e7a5cbeff35969468c1e1c813759a07d
vlact,bottle_verb,19,100056,pick,success,1,700,700,action_limit,pick up the yellow bottle for liquid storage gently.,new,vlact/bottle_verb/bottle_verb_ep100056_result.json,4c5e322ed6dc8d04ade7ccf381dd36283e12262d0986f8adef5a294d33a7b10d
vlact,bottle_verb,19,100057,shake,success,1,153,700,task_success,Please shake the yellow rectangular bottle with the left arm.,new,vlact/bottle_verb/bottle_verb_ep100057_result.json,04d48216c7018110e1cab46fbd15564d4af7a95a2ab56ac8b9f5197e007f248a
vlact,pick_diverse_object,0,100002,seen,success,1,70,400,task_success,Pick up the bread carefully using the left arm,reused,vlact/pick_diverse_object/pick_diverse_object_ep100002_result.json,788776006598908104e632017dbd7068002cd7b6f5a2a4e60fe94277c840b50f
vlact,pick_diverse_object,0,100003,unseen,failure,0,400,400,action_limit,Lift the apple from the table using the left arm.,reused,vlact/pick_diverse_object/pick_diverse_object_ep100003_result.json,c4b62577eb6c85336626bf8c0c757fd3e086f3b204ea29298470c00d5ba89033
vlact,pick_diverse_object,1,100004,seen,success,1,50,400,task_success,Pick up the coffee box carefully using the left arm,reused,vlact/pick_diverse_object/pick_diverse_object_ep100004_result.json,126b772713480bdbcf657c505f775b17140307abeae6fef1994c20289c284e2d
vlact,pick_diverse_object,1,100005,unseen,failure,0,400,400,action_limit,Pick up the wooden mallet carefully using the left arm,reused,vlact/pick_diverse_object/pick_diverse_object_ep100005_result.json,3e3e51660297a4a821cbc89539a3d112847e2a1de032fe44a260d08ed8452925
vlact,pick_diverse_object,2,100006,seen,success,1,70,400,task_success,Grab the mouse on the table and raise it.,reused,vlact/pick_diverse_object/pick_diverse_object_ep100006_result.json,2fbaa4b2e2e02f3b394de166421db6b7235111030c74d1ea9dd22be5802d6629
vlact,pick_diverse_object,2,100007,unseen,failure,0,400,400,action_limit,Pick up the paintbrush carefully using the left arm,reused,vlact/pick_diverse_object/pick_diverse_object_ep100007_result.json,91f6272cc1700dd03629edc3413943194e5858a676606b1564a810ea58d2f875
vlact,pick_diverse_object,3,100008,seen,success,1,91,400,task_success,Pick up the bottle using the correct arm,reused,vlact/pick_diverse_object/pick_diverse_object_ep100008_result.json,be7682fe12aa6be95e1c97fcd1bd196ddb9c8a99aa3fadd5d324592971ba0a77
vlact,pick_diverse_object,3,100009,unseen,success,1,74,400,task_success,Grab the dumbbell on the table and raise it.,reused,vlact/pick_diverse_object/pick_diverse_object_ep100009_result.json,6cb5f098ba5fbca7abbaa04bf5bce8a7f74c09f508ab364eb9de04e3b9eb1704
vlact,pick_diverse_object,4,100012,seen,success,1,71,400,task_success,Grab the shoe on the table and raise it.,reused,vlact/pick_diverse_object/pick_diverse_object_ep100012_result.json,d3636977c1f5792fdf35209a802f3e44e9eab0ae6b8e9ff838e3f91a985e3cdf
vlact,pick_diverse_object,4,100013,unseen,success,1,69,400,task_success,Pick up the wooden mallet using the correct arm,reused,vlact/pick_diverse_object/pick_diverse_object_ep100013_result.json,cdc6a49de54b31272f82634ecb47e66af019a7b0e422946b192200c779a0d815
vlact,pick_diverse_object,5,100014,seen,success,1,69,400,task_success,Pick up the mug carefully using the left arm,reused,vlact/pick_diverse_object/pick_diverse_object_ep100014_result.json,f1bfa437604df6fad5d775fd77ae713bd8704dc608825d038f45f43fddf57131
vlact,pick_diverse_object,5,100015,unseen,failure,0,400,400,action_limit,Lift the paintbrush from the table using the right arm.,reused,vlact/pick_diverse_object/pick_diverse_object_ep100015_result.json,46e0167fd788b5ac2d4e400d650ee00e178815fffe1da267db8ad63b49b35c8a
vlact,pick_diverse_object,6,100018,seen,success,1,71,400,task_success,Pick up the toy car carefully using the right arm,reused,vlact/pick_diverse_object/pick_diverse_object_ep100018_result.json,4f4d8c46ff6b3ee25ee09cc45933ee2fe376602ac054df2b0b3beb40315c477a
vlact,pick_diverse_object,6,100019,unseen,success,1,81,400,task_success,Pick up the apple carefully using the right arm,reused,vlact/pick_diverse_object/pick_diverse_object_ep100019_result.json,0a4c87cdf689fe8fc547cfaaf4366acbb26e9fd913c272387071a4a2bff75901
vlact,pick_diverse_object,7,100020,seen,success,1,76,400,task_success,Grab the phone on the table and raise it.,reused,vlact/pick_diverse_object/pick_diverse_object_ep100020_result.json,52593bd881c851fac3da3cbce51b52bc33390a8130b0d398a8a9703bd42bb43d
vlact,pick_diverse_object,7,100021,unseen,success,1,72,400,task_success,Grab the wooden mallet on the table and raise it.,reused,vlact/pick_diverse_object/pick_diverse_object_ep100021_result.json,0e4ecf12ad55ad0733b5c5210fc393cc3d1457446024319f41dc83f5834b7d9f
vlact,pick_diverse_object,8,100024,seen,failure,0,400,400,action_limit,Pick up the hamburger carefully using the right arm,reused,vlact/pick_diverse_object/pick_diverse_object_ep100024_result.json,2a328e751d0df567d2759cce9452f20a6a27a7148e41eb33fdb013e7adc9edba
vlact,pick_diverse_object,8,100025,unseen,failure,0,400,400,action_limit,Pick up the dumbbell carefully using the left arm,reused,vlact/pick_diverse_object/pick_diverse_object_ep100025_result.json,514daf9e75eb49bd80d05ea2ca56d0f37ef92524db0acb148039b502abf31936
vlact,pick_diverse_object,9,100034,seen,success,1,70,400,task_success,Lift the cup from the table using the left arm.,reused,vlact/pick_diverse_object/pick_diverse_object_ep100034_result.json,9316555d9f701dfbf3c69f1cde01b4552a61ac256afa4a0218dafe68fd34e653
vlact,pick_diverse_object,9,100035,unseen,success,1,97,400,task_success,Grab the apple on the table and raise it.,reused,vlact/pick_diverse_object/pick_diverse_object_ep100035_result.json,3c407d864c511a17a17530012ba3f934048225170ea5d9a07380b26e29d94b63
vlact,pick_diverse_object,10,100036,seen,success,1,82,400,task_success,Grab the shoe on the table and raise it.,reused,vlact/pick_diverse_object/pick_diverse_object_ep100036_result.json,5a57fb5dd25d5957298b4ba55911e85f4dd7c4fbf0a60c5f6bcad31908d8b653
vlact,pick_diverse_object,10,100037,unseen,failure,0,400,400,action_limit,Lift the wooden mallet from the table using the right arm.,reused,vlact/pick_diverse_object/pick_diverse_object_ep100037_result.json,189dcf3fb618f2173eea6a2875dd3841d15b29e061f5fb16867932d13a79368f
vlact,pick_diverse_object,11,100038,seen,success,1,69,400,task_success,Lift the mug from the table using the left arm.,reused,vlact/pick_diverse_object/pick_diverse_object_ep100038_result.json,5d007ec81ed697e09b70620916eb1c05f5eb8b8c588f00448ef14bdb71a4e63a
vlact,pick_diverse_object,11,100039,unseen,failure,0,400,400,action_limit,Grab the paintbrush on the table and raise it.,reused,vlact/pick_diverse_object/pick_diverse_object_ep100039_result.json,c73a225be44a9835ac3c2380f816cbfb72bafb7b047e5ef0a6ebc40a190a9d24
vlact,pick_diverse_object,12,100040,seen,failure,0,400,400,action_limit,Grab the can on the table and raise it.,reused,vlact/pick_diverse_object/pick_diverse_object_ep100040_result.json,5bc03c27e04191c9f093a94f878136987fff1c74ca26ac8ec9516e9f11d9e856
vlact,pick_diverse_object,12,100041,unseen,success,1,57,400,task_success,Grab the dumbbell on the table and raise it.,reused,vlact/pick_diverse_object/pick_diverse_object_ep100041_result.json,a372e248f03f4cb996558a408c460bb9f0267c29758adc8f99254ab039be9763
vlact,pick_diverse_object,13,100042,seen,success,1,71,400,task_success,Lift the toy car from the table using the right arm.,reused,vlact/pick_diverse_object/pick_diverse_object_ep100042_result.json,a3579e9888c08d635406aa1d10af3d6e8ab2211d475ea90a0c57ed4108a2dcf4
vlact,pick_diverse_object,13,100043,unseen,success,1,80,400,task_success,Pick up the apple using the correct arm,reused,vlact/pick_diverse_object/pick_diverse_object_ep100043_result.json,4c38ee4f2d2af77ea6adda687c34135e971eb8300f230a874eda6514c673fcce
vlact,pick_diverse_object,14,100048,seen,failure,0,400,400,action_limit,Grab the hamburger on the table and raise it.,reused,vlact/pick_diverse_object/pick_diverse_object_ep100048_result.json,839b58c45e139532a2a392f9cf2b7d12aed5ba86669fc3e4704966296cf6b112
vlact,pick_diverse_object,14,100049,unseen,success,1,56,400,task_success,Grab the dumbbell on the table and raise it.,reused,vlact/pick_diverse_object/pick_diverse_object_ep100049_result.json,565d0febdd2c0cfceb2dabae14076eb7f1034e08c1b8f8afec6bbc48d7882355
vlact,pick_diverse_object,15,100052,seen,failure,0,400,400,action_limit,Pick up the coffee box using the correct arm,reused,vlact/pick_diverse_object/pick_diverse_object_ep100052_result.json,32e0c8e1c221e6fb4647d5780bb89dd63f3930d86c2944c2763cb6390d88c06c
vlact,pick_diverse_object,15,100053,unseen,success,1,70,400,task_success,Pick up the wooden mallet using the correct arm,reused,vlact/pick_diverse_object/pick_diverse_object_ep100053_result.json,4c2a59f7668a59b914ce9566d58f4ea89a75419d94fb86bdad230c509055173e
vlact,pick_diverse_object,16,100054,seen,success,1,68,400,task_success,Grab the mouse on the table and raise it.,reused,vlact/pick_diverse_object/pick_diverse_object_ep100054_result.json,adc735d779215320f8f54ba9b34ba0a7adcb8eb4e41edf9b546862b6feb0ab60
vlact,pick_diverse_object,16,100055,unseen,failure,0,400,400,action_limit,Lift the paintbrush from the table using the right arm.,reused,vlact/pick_diverse_object/pick_diverse_object_ep100055_result.json,163127c1cbc5cb3d6ded08d080af826ec5049c09b0ae14fb8037dfa6a234cd8a
vlact,pick_diverse_object,17,100056,seen,success,1,75,400,task_success,Grab the bottle on the table and raise it.,reused,vlact/pick_diverse_object/pick_diverse_object_ep100056_result.json,077292d7e171df043026e613102153d09105ac3fb2dc86ec7e20fb308397ca1a
vlact,pick_diverse_object,17,100057,unseen,success,1,67,400,task_success,Pick up the dumbbell carefully using the left arm,reused,vlact/pick_diverse_object/pick_diverse_object_ep100057_result.json,e098d4dded7a2e7ac6d07b5edaf95e8e027451d8ed9a2966962543a59e589562
vlact,pick_diverse_object,18,100060,seen,success,1,85,400,task_success,Pick up the shoe carefully using the right arm,reused,vlact/pick_diverse_object/pick_diverse_object_ep100060_result.json,99c09ab075c1683495c94f3996e6e86ffe1b034688ec5e90796eee992953d827
vlact,pick_diverse_object,18,100061,unseen,success,1,73,400,task_success,Grab the wooden mallet on the table and raise it.,reused,vlact/pick_diverse_object/pick_diverse_object_ep100061_result.json,9162ef3ae5eec069acfa7aed03d14041c5b0693d582a0a7fc523cd80028dfe18
vlact,pick_diverse_object,19,100066,seen,success,1,70,400,task_success,Lift the toy car from the table using the right arm.,reused,vlact/pick_diverse_object/pick_diverse_object_ep100066_result.json,5d795be1cf29b8467aa94d62b413527691abd6d3c45e3728694045a0f5d80d34
vlact,pick_diverse_object,19,100067,unseen,success,1,94,400,task_success,Lift the apple from the table using the right arm.,reused,vlact/pick_diverse_object/pick_diverse_object_ep100067_result.json,8d13c3957e37424779c3b0da4331f7c191896c4234fe8a77546cf42fc5333475
vlact,attribute_select,0,100000,color:red,success,1,71,400,task_success,Reach for the red block and lift it.,reused,vlact/attribute_select/attribute_select_ep100000_result.json,7e81406679d4c7462b9e7b27e80f56cf2ecd8a399f873dc5fd7945ea83dbfe9b
vlact,attribute_select,0,100001,color:blue,success,1,75,400,task_success,Reach for the blue block and lift it.,reused,vlact/attribute_select/attribute_select_ep100001_result.json,28ee7808942758df9f2129397695c4f0e22fec4cf94dc9cb24761cd4a42b7760
vlact,attribute_select,0,100002,decal:cat,success,1,230,400,task_success,Fetch the block with a cat on it.,reused,vlact/attribute_select/attribute_select_ep100002_result.json,e0fe163d9e96bd58e57074a2f075c355675b7fc68d4dde0fa9649b52682821be
vlact,attribute_select,0,100003,decal:dog,success,1,71,400,task_success,Fetch the block with a dog on it.,reused,vlact/attribute_select/attribute_select_ep100003_result.json,28c02e82602af797058cc89111f8489716d8f494c0bbb6638eddfb3800b931af
vlact,attribute_select,0,100004,shape:block,success,1,70,400,task_success,Reach for the cube and lift it.,reused,vlact/attribute_select/attribute_select_ep100004_result.json,3bfbe7c88de734122d850f082b6c914ef581ecb7a78daf4ae8a09996bcda80d1
vlact,attribute_select,0,100005,shape:bar,success,1,76,400,task_success,Fetch the long bar.,reused,vlact/attribute_select/attribute_select_ep100005_result.json,d33e0b123793c454612c4a481d849a78396b6e311b147f70a0006c2e1342797f
vlact,attribute_select,0,100006,size:big,failure,0,400,400,action_limit,Reach for the big block and lift it.,reused,vlact/attribute_select/attribute_select_ep100006_result.json,1c73dfa849f2a52350a4820939de3608c24e26e573196757b7f4816ceaac27fc
vlact,attribute_select,0,100007,size:small,success,1,73,400,task_success,Fetch the small block.,reused,vlact/attribute_select/attribute_select_ep100007_result.json,8bc047e8d20238394e9eb5218f9f30adf79893f0f72c06844676bec406911e3c
vlact,attribute_select,1,100008,color:red,success,1,74,400,task_success,Fetch the red block.,reused,vlact/attribute_select/attribute_select_ep100008_result.json,ebd1caa2cebc924514b04d615d55eedc47b4a8e773348ae19cfbe32f72f1bbd4
vlact,attribute_select,1,100009,color:blue,success,1,73,400,task_success,Fetch the blue block.,reused,vlact/attribute_select/attribute_select_ep100009_result.json,75cd09301c92b07e52ac13313bff0f3fcb528c80a535525372b6c88dbb287b21
vlact,attribute_select,1,100010,decal:cat,success,1,70,400,task_success,Reach for the block with a cat on it and lift it.,reused,vlact/attribute_select/attribute_select_ep100010_result.json,f9e358f18385115e9bfc8fd2ba25485113b786863027c2421546fae37e92b3e8
vlact,attribute_select,1,100011,decal:dog,failure,0,400,400,action_limit,Reach for the block with a dog on it and lift it.,reused,vlact/attribute_select/attribute_select_ep100011_result.json,28e35b5fec257c1b1acae4880a6f168e89f450b5840473cf2ad97843d77b9335
vlact,attribute_select,1,100012,shape:block,failure,0,400,400,action_limit,Fetch the cube.,reused,vlact/attribute_select/attribute_select_ep100012_result.json,66dba75da31dcf490982889483286d4f17c8a15d3d0972f63ecfe6ea31d29992
vlact,attribute_select,1,100013,shape:bar,success,1,73,400,task_success,Reach for the long bar and lift it.,reused,vlact/attribute_select/attribute_select_ep100013_result.json,841fdaaadedbce21ab863ebeeec9a7515035700602ea790f79c610ed51d76e42
vlact,attribute_select,1,100014,size:big,success,1,233,400,task_success,Fetch the big block.,reused,vlact/attribute_select/attribute_select_ep100014_result.json,f31a1de1e7d98b21c0f8014b2bd82a178aabb0232ad064c56123f199dac7a56b
vlact,attribute_select,1,100015,size:small,success,1,72,400,task_success,Fetch the small block.,reused,vlact/attribute_select/attribute_select_ep100015_result.json,fa9bc890aed326f745a89e761e24666ca7bcf2eeed153e32201b03a0c2fc8722
vlact,attribute_select,2,100016,color:red,success,1,73,400,task_success,Reach for the red block and lift it.,reused,vlact/attribute_select/attribute_select_ep100016_result.json,395f66254f9869cb7272d68ddfe4566cca81fa60eaed8d1af9a871cca1941a04
vlact,attribute_select,2,100017,color:blue,success,1,222,400,task_success,Fetch the blue block.,reused,vlact/attribute_select/attribute_select_ep100017_result.json,a7cc874c80eabcbf503f48e41964b9fd3c114d2614a7c290a25e56edfcaa092a
vlact,attribute_select,2,100018,decal:cat,success,1,73,400,task_success,Fetch the block with a cat on it.,reused,vlact/attribute_select/attribute_select_ep100018_result.json,0d5542aa510471175c7d4dac8f8c458dfcbabf061137af48195b3e235cfdd159
vlact,attribute_select,2,100019,decal:dog,success,1,71,400,task_success,Fetch the block with a dog on it.,reused,vlact/attribute_select/attribute_select_ep100019_result.json,bb6e2e0fb422b1243114684946dce42e9486ef4958014e2cbbc9cdf785362df8
vlact,attribute_select,2,100020,shape:block,success,1,70,400,task_success,Reach for the cube and lift it.,reused,vlact/attribute_select/attribute_select_ep100020_result.json,5f65463eaf2f32be61333eff62344b20cf5c8fa6f0e6a364b145894ba7958510
vlact,attribute_select,2,100021,shape:bar,success,1,76,400,task_success,Fetch the long bar.,reused,vlact/attribute_select/attribute_select_ep100021_result.json,8d9aee95ee561ce1d9016083f589678eace660df1825a4bfd382eefc9cd1295a
vlact,attribute_select,2,100022,size:big,failure,0,400,400,action_limit,Reach for the big block and lift it.,reused,vlact/attribute_select/attribute_select_ep100022_result.json,0cb4353335cb1883bc0d557a4bf9d180db480c27cc1bd00484f99781e19e6d92
vlact,attribute_select,2,100023,size:small,success,1,72,400,task_success,Fetch the small block.,reused,vlact/attribute_select/attribute_select_ep100023_result.json,f54d0186d5b531c698cd6a8e33add1a477d676f5cb9272946867f311f1ad1623
vlact,attribute_select,3,100024,color:red,success,1,74,400,task_success,Fetch the red block.,reused,vlact/attribute_select/attribute_select_ep100024_result.json,7782249d48ecc34d713ee626daf963d2e377704a5d9ac96a04f02f23db403855
vlact,attribute_select,3,100025,color:blue,failure,0,400,400,action_limit,Reach for the blue block and lift it.,reused,vlact/attribute_select/attribute_select_ep100025_result.json,f8c9d9cbf38b6a5c63508da9bc830fbfc220995b7482168adf2c4ee299da62bd
vlact,attribute_select,3,100026,decal:cat,success,1,70,400,task_success,Fetch the block with a cat on it.,reused,vlact/attribute_select/attribute_select_ep100026_result.json,12901e50121cf1c38b7af73d1aeeb524640ad65d30dded3dca5c40813d7682e7
vlact,attribute_select,3,100027,decal:dog,failure,0,400,400,action_limit,Reach for the block with a dog on it and lift it.,reused,vlact/attribute_select/attribute_select_ep100027_result.json,7935924dc295c1e7a5dfac23d22177e7a173dc6de9ed59469026ebc833260eff
vlact,attribute_select,3,100028,shape:block,failure,0,400,400,action_limit,Reach for the cube and lift it.,reused,vlact/attribute_select/attribute_select_ep100028_result.json,4aad45611b3f89182dd8ac19b3ff86476e79ac2746435b0cb30089ff39129796
vlact,attribute_select,3,100029,shape:bar,success,1,73,400,task_success,Reach for the long bar and lift it.,reused,vlact/attribute_select/attribute_select_ep100029_result.json,4e2a1a11acfadc6f24c3e722d198c1ca994d9176ba9132d61a3993745b12c421
vlact,attribute_select,3,100030,size:big,success,1,241,400,task_success,Fetch the big block.,reused,vlact/attribute_select/attribute_select_ep100030_result.json,6e1688df2abb4f54f624dd460aa330402f28b2e0f06ba62d8d4a1a4c7ac247b6
vlact,attribute_select,3,100031,size:small,success,1,73,400,task_success,Fetch the small block.,reused,vlact/attribute_select/attribute_select_ep100031_result.json,bd506f4bad0bcfa16323158d2ceec5d4a10a5d22085f2c9eec6a43f5bc97acc7
vlact,attribute_select,4,100032,color:red,success,1,73,400,task_success,Fetch the red block.,reused,vlact/attribute_select/attribute_select_ep100032_result.json,2f4a09676fe8157861ae3e1293729f692716f23337ee1c4baac1da1dc9d18134
vlact,attribute_select,4,100033,color:blue,success,1,85,400,task_success,Fetch the blue block.,reused,vlact/attribute_select/attribute_select_ep100033_result.json,8d134dc98169430e9e43bb7b445b96c1698ee1b512b9841d0581fd7f91716733
vlact,attribute_select,4,100034,decal:cat,success,1,70,400,task_success,Fetch the block with a cat on it.,reused,vlact/attribute_select/attribute_select_ep100034_result.json,bc7cad588dc02450319dbc3650b234425a46f37b22dc7bbc5d8e698dd10f5f60
vlact,attribute_select,4,100035,decal:dog,success,1,71,400,task_success,Fetch the block with a dog on it.,reused,vlact/attribute_select/attribute_select_ep100035_result.json,010d22ef2c9dfb039ad6feedf4b8610f000e933c8bb1ec004bfcd383d64a8b4b
vlact,attribute_select,4,100036,shape:block,success,1,70,400,task_success,Fetch the cube.,reused,vlact/attribute_select/attribute_select_ep100036_result.json,5e974c750b2a3f9322b321a0c7e32a2f0eee8294c4a03692ac3e8d8b56d29b1a
vlact,attribute_select,4,100037,shape:bar,success,1,76,400,task_success,Fetch the long bar.,reused,vlact/attribute_select/attribute_select_ep100037_result.json,f153ee536b05f83c32ecf0e8e966507eefad3d8132bbf3b76a5231f80f68f96e
vlact,attribute_select,4,100038,size:big,failure,0,400,400,action_limit,Fetch the big block.,reused,vlact/attribute_select/attribute_select_ep100038_result.json,b0f74206572875f8d393454ec18a79030f948bea87818b3b809f82d8db348cb1
vlact,attribute_select,4,100039,size:small,success,1,72,400,task_success,Reach for the small block and lift it.,reused,vlact/attribute_select/attribute_select_ep100039_result.json,8e0d53a565425049629076f6c7f6b56889f6ab85da2e6ec8f610e1b5a3d93962
vlact,attribute_select,5,100040,color:red,success,1,98,400,task_success,Fetch the red block.,reused,vlact/attribute_select/attribute_select_ep100040_result.json,abc78d021c7fb18ccc919635458b7040c09ad701e605449d0132e0613db81c69
vlact,attribute_select,5,100041,color:blue,success,1,76,400,task_success,Fetch the blue block.,reused,vlact/attribute_select/attribute_select_ep100041_result.json,deafd33a534e91d5e27225e6ef4d1e408f8e5655bbeec93ab05e06dcc2fed668
vlact,attribute_select,5,100042,decal:cat,success,1,72,400,task_success,Reach for the block with a cat on it and lift it.,reused,vlact/attribute_select/attribute_select_ep100042_result.json,d06c3f0e7d386af3a37ee600381870bc40425ae0fdf6c8176ca02d5d8022daf5
vlact,attribute_select,5,100043,decal:dog,failure,0,400,400,action_limit,Reach for the block with a dog on it and lift it.,reused,vlact/attribute_select/attribute_select_ep100043_result.json,e2d7f11db5db3469d54f500d5d1e7344d42c2e41c0f78e87c2b233f5ea9fd0b3
vlact,attribute_select,5,100044,shape:block,success,1,71,400,task_success,Reach for the cube and lift it.,reused,vlact/attribute_select/attribute_select_ep100044_result.json,ddc1a3920c74e6e326505b8f9c32e69f40fb439614d753a9aba234b50f55104d
vlact,attribute_select,5,100045,shape:bar,success,1,75,400,task_success,Fetch the long bar.,reused,vlact/attribute_select/attribute_select_ep100045_result.json,be2b41df52afd0e4121912bca0808e0d5cd485bc9cc27b69c97e498df74ab128
vlact,attribute_select,5,100046,size:big,success,1,249,400,task_success,Fetch the big block.,reused,vlact/attribute_select/attribute_select_ep100046_result.json,41eee6afd7cd105e661b2d99e24f6da304336e3d35e2dc9833e65b84f11db849
vlact,attribute_select,5,100047,size:small,success,1,72,400,task_success,Fetch the small block.,reused,vlact/attribute_select/attribute_select_ep100047_result.json,7445249f8cc11b75e31199ff841bade211ff6fe953aa85963183483468fc8fd2
vlact,attribute_select,6,100048,color:red,success,1,78,400,task_success,Fetch the red block.,reused,vlact/attribute_select/attribute_select_ep100048_result.json,a2470c720405d341b0d6ab2c81bbcafd57ac14032c73169c13ee1428ed74db6d
vlact,attribute_select,6,100049,color:blue,success,1,73,400,task_success,Fetch the blue block.,reused,vlact/attribute_select/attribute_select_ep100049_result.json,aad61973fa84030f4404b0b723e455c10ad8ec0a4ed1569c631a5b869c85741c
vlact,attribute_select,6,100050,decal:cat,success,1,70,400,task_success,Reach for the block with a cat on it and lift it.,reused,vlact/attribute_select/attribute_select_ep100050_result.json,6793f04be37a63768dfbb547e5acf0b3673a32e08f862d02fa81541c1e53bb50
vlact,attribute_select,6,100051,decal:dog,success,1,301,400,task_success,Fetch the block with a dog on it.,reused,vlact/attribute_select/attribute_select_ep100051_result.json,cc1010c69a1058941fe2fd14566603ceee3213332bda701b70ff747409e82e4c
vlact,attribute_select,6,100052,shape:block,success,1,70,400,task_success,Reach for the cube and lift it.,reused,vlact/attribute_select/attribute_select_ep100052_result.json,c658ba23d50991c3efd2d70ceda22cfb14eb836b7450088b7da1929ff3979528
vlact,attribute_select,6,100053,shape:bar,success,1,75,400,task_success,Fetch the long bar.,reused,vlact/attribute_select/attribute_select_ep100053_result.json,fac662af167c98a5bef5db4877e42c0efe38c8088ece8c812e886d5eeedcf430
vlact,attribute_select,6,100054,size:big,failure,0,400,400,action_limit,Fetch the big block.,reused,vlact/attribute_select/attribute_select_ep100054_result.json,398b2b810ca85c432814b1d471645096d8847f74db093c3a291cc8952a1af692
vlact,attribute_select,6,100055,size:small,success,1,73,400,task_success,Reach for the small block and lift it.,reused,vlact/attribute_select/attribute_select_ep100055_result.json,e28b1ff25bb889f268de240d2d542797f7acd250f6dd8e19f76648b8b1053759
vlact,attribute_select,7,100064,color:red,success,1,73,400,task_success,Fetch the red block.,reused,vlact/attribute_select/attribute_select_ep100064_result.json,e9a55ba76a9f3b983ddb77819bc0ca318361a6f0301f325c6cd8a0e84db21594
vlact,attribute_select,7,100065,color:blue,success,1,227,400,task_success,Reach for the blue block and lift it.,reused,vlact/attribute_select/attribute_select_ep100065_result.json,3dee003a83d3787e70b1e7f082fae8bbcdd41b6138094bd9c6e00d19c54ed32c
vlact,attribute_select,7,100066,decal:cat,success,1,71,400,task_success,Reach for the block with a cat on it and lift it.,reused,vlact/attribute_select/attribute_select_ep100066_result.json,2aef29089325029df26a0dca2915e02b6c842328f755d85e8b62f9c9f8e2f310
vlact,attribute_select,7,100067,decal:dog,failure,0,400,400,action_limit,Reach for the block with a dog on it and lift it.,reused,vlact/attribute_select/attribute_select_ep100067_result.json,3e3f3ff58ef83b4727c00aa51a7570fb446f1696105887e8df92f3867d693e7f
vlact,attribute_select,7,100068,shape:block,success,1,70,400,task_success,Reach for the cube and lift it.,reused,vlact/attribute_select/attribute_select_ep100068_result.json,be5b6b157a129295b4939405865f03ec36689df7d9f1d149f706a0c865ee5c40
vlact,attribute_select,7,100069,shape:bar,success,1,92,400,task_success,Fetch the long bar.,reused,vlact/attribute_select/attribute_select_ep100069_result.json,941283d674c23c40c5daff9621fd9827d875898133d0b2bc4c51f107d09b3b17
vlact,attribute_select,7,100070,size:big,success,1,379,400,task_success,Reach for the big block and lift it.,reused,vlact/attribute_select/attribute_select_ep100070_result.json,f032e6958f4ec6ecc6c48ab008f848cf603e6ddf41d771536a5fd78c92a33c51
vlact,attribute_select,7,100071,size:small,success,1,73,400,task_success,Fetch the small block.,reused,vlact/attribute_select/attribute_select_ep100071_result.json,bafbc247d110ff0a79cd1a3c45c5550efb0acfe9651de9a1c4d2fe5ca271d509
vlact,attribute_select,8,100072,color:red,success,1,73,400,task_success,Reach for the red block and lift it.,reused,vlact/attribute_select/attribute_select_ep100072_result.json,eb105d02d79f3666ff4a472321d4b65f4651695264c1007fa3ac603ee679168c
vlact,attribute_select,8,100073,color:blue,success,1,87,400,task_success,Reach for the blue block and lift it.,reused,vlact/attribute_select/attribute_select_ep100073_result.json,36d1b35a8eb28cba6aa557e620cf93374ffce7d3f03cd73808171e0fc0ec03b4
vlact,attribute_select,8,100074,decal:cat,success,1,72,400,task_success,Fetch the block with a cat on it.,reused,vlact/attribute_select/attribute_select_ep100074_result.json,469b97df8a82476f0b92236b51c45bd724e2e0035a0a339cb37e965a4fae4104
vlact,attribute_select,8,100075,decal:dog,success,1,99,400,task_success,Reach for the block with a dog on it and lift it.,reused,vlact/attribute_select/attribute_select_ep100075_result.json,bdb576cd97cf873ff74f994de61697a618d64282d3fe3c6a612a0452903b3edd
vlact,attribute_select,8,100076,shape:block,failure,0,400,400,action_limit,Fetch the cube.,reused,vlact/attribute_select/attribute_select_ep100076_result.json,bb84ec799e7723885f21c421055e2065b2a6c6881e77e3cdd27bf789e0589aad
vlact,attribute_select,8,100077,shape:bar,success,1,76,400,task_success,Reach for the long bar and lift it.,reused,vlact/attribute_select/attribute_select_ep100077_result.json,21cfaf19acf0b747cb0354a8dd831d81360323d64dbc20f4b4dd20c0e5a0d64a
vlact,attribute_select,8,100078,size:big,failure,0,400,400,action_limit,Fetch the big block.,reused,vlact/attribute_select/attribute_select_ep100078_result.json,efd959c007ba189be58f04235cd5775470723d872a8f8a915dfd4678844e4e1e
vlact,attribute_select,8,100079,size:small,success,1,72,400,task_success,Fetch the small block.,reused,vlact/attribute_select/attribute_select_ep100079_result.json,2dee02662006f0c9d9003e8305f48ffc4c65c22bfcef9642b251eed6189393ea
vlact,attribute_select,9,100080,color:red,success,1,83,400,task_success,Fetch the red block.,reused,vlact/attribute_select/attribute_select_ep100080_result.json,3c77af3afea0addab04a11ed6d925ab369468a50db6cc7093ccb8ee78d84cae1
vlact,attribute_select,9,100081,color:blue,success,1,74,400,task_success,Reach for the blue block and lift it.,reused,vlact/attribute_select/attribute_select_ep100081_result.json,8f72c522bbf4fd014f68057242e8033c27c86d416634722be6126cda5bb3fda2
vlact,attribute_select,9,100082,decal:cat,failure,0,400,400,action_limit,Reach for the block with a cat on it and lift it.,reused,vlact/attribute_select/attribute_select_ep100082_result.json,a3e392dbb1b71699a5b49832a15809737f2daf5ae59fd5b92bbc8f17ae26c0c2
vlact,attribute_select,9,100083,decal:dog,success,1,79,400,task_success,Reach for the block with a dog on it and lift it.,reused,vlact/attribute_select/attribute_select_ep100083_result.json,ec913cfc5c4bdf91c7da03e040111a1ecc63d3c07afd36ac849f20191e76c45b
vlact,attribute_select,9,100084,shape:block,success,1,70,400,task_success,Fetch the cube.,reused,vlact/attribute_select/attribute_select_ep100084_result.json,2ecde804a2aafe82db5e8c9dc4e8014271dfbc9aabbd09a65fa67b9ef2622c1a
vlact,attribute_select,9,100085,shape:bar,success,1,76,400,task_success,Fetch the long bar.,reused,vlact/attribute_select/attribute_select_ep100085_result.json,97c739606b921ea575e7b4c28137d1d0115d25d39347fd359e418baecfb7368d
vlact,attribute_select,9,100086,size:big,success,1,242,400,task_success,Fetch the big block.,reused,vlact/attribute_select/attribute_select_ep100086_result.json,73b696480cbd90e6e335b9c501e1169dba2032c38e9a3e924f1ace4149916e38
vlact,attribute_select,9,100087,size:small,success,1,74,400,task_success,Reach for the small block and lift it.,reused,vlact/attribute_select/attribute_select_ep100087_result.json,ec5bcc7b578607940fee1cef8b429e86a4642bfa0aa79f9ff21f672534e66628
vlact,attribute_select,10,100088,color:red,success,1,71,400,task_success,Fetch the red block.,reused,vlact/attribute_select/attribute_select_ep100088_result.json,1d447fc15dee4c5a48e27c2baaee3b774d5492d15e13f8c910a387f2b5a3b7b6
vlact,attribute_select,10,100089,color:blue,success,1,75,400,task_success,Fetch the blue block.,reused,vlact/attribute_select/attribute_select_ep100089_result.json,a6aad3b53d800a6034cb647eb7b4f5dde72020d81e8dc67d8fa8b1ec1b8c69a5
vlact,attribute_select,10,100090,decal:cat,success,1,70,400,task_success,Reach for the block with a cat on it and lift it.,reused,vlact/attribute_select/attribute_select_ep100090_result.json,8f95aefa59526e8a80b7da94b087c8e055a606484ea85cc62cb85491cab6e9d4
vlact,attribute_select,10,100091,decal:dog,success,1,326,400,task_success,Fetch the block with a dog on it.,reused,vlact/attribute_select/attribute_select_ep100091_result.json,0fcfaa9c5e079bad835c57b5ec1de397a4c0f7578fb5176fe03f852d4ef18693
vlact,attribute_select,10,100092,shape:block,success,1,70,400,task_success,Reach for the cube and lift it.,reused,vlact/attribute_select/attribute_select_ep100092_result.json,bbcb143e6d5bac5e4d0680f7cfec8963f8b45db09fcbb1ab0c5d3725f0a3ca46
vlact,attribute_select,10,100093,shape:bar,success,1,84,400,task_success,Reach for the long bar and lift it.,reused,vlact/attribute_select/attribute_select_ep100093_result.json,dd31fcdc8beebf9f3ac89dbef6e08d400e279ad33fe6ebcfa092818b453af3f7
vlact,attribute_select,10,100094,size:big,failure,0,400,400,action_limit,Reach for the big block and lift it.,reused,vlact/attribute_select/attribute_select_ep100094_result.json,7009215a9a2eab7f70c575e40276b9ad2426c11a9a2f2f5245ba6eadc18427af
vlact,attribute_select,10,100095,size:small,success,1,72,400,task_success,Reach for the small block and lift it.,reused,vlact/attribute_select/attribute_select_ep100095_result.json,5513d1a0535c947161d5a4cf0e1bda1e40e64544c1a710bb666142d4b7def7e0
vlact,attribute_select,11,100096,color:red,success,1,73,400,task_success,Reach for the red block and lift it.,reused,vlact/attribute_select/attribute_select_ep100096_result.json,98b66de9a1dee67013cbf355a83877be580e33bcadc72a86bed5368305a7098c
vlact,attribute_select,11,100097,color:blue,success,1,74,400,task_success,Fetch the blue block.,reused,vlact/attribute_select/attribute_select_ep100097_result.json,4a34e6c6c57f99ec0aeb788e54beed4f25aac1294d6baec14e81d23998702363
vlact,attribute_select,11,100098,decal:cat,success,1,72,400,task_success,Fetch the block with a cat on it.,reused,vlact/attribute_select/attribute_select_ep100098_result.json,daf5b883a2c663049556d692d06077da1b53d0eeb8b1caad72b935acfa65c792
vlact,attribute_select,11,100099,decal:dog,success,1,72,400,task_success,Fetch the block with a dog on it.,reused,vlact/attribute_select/attribute_select_ep100099_result.json,362383f5a9aeb40a26276fa42e76672d2f9e62fd4188bad5c64aa2af334a7188
vlact,attribute_select,11,100100,shape:block,success,1,71,400,task_success,Reach for the cube and lift it.,reused,vlact/attribute_select/attribute_select_ep100100_result.json,a53212296900ca9fe04cc6c59b88ab98db6797070e2e4b86f9d1121cea3c5d3f
vlact,attribute_select,11,100101,shape:bar,success,1,74,400,task_success,Reach for the long bar and lift it.,reused,vlact/attribute_select/attribute_select_ep100101_result.json,77f2ad1861655f18315de9a0aecb5206f85285ad726e99a7e70900d7438afb09
vlact,attribute_select,11,100102,size:big,failure,0,400,400,action_limit,Fetch the big block.,reused,vlact/attribute_select/attribute_select_ep100102_result.json,3aeee8c4bdfc8e48f48fc6df8910216d63029728a45b3cbc1c543e06ca802acd
vlact,attribute_select,11,100103,size:small,success,1,72,400,task_success,Fetch the small block.,reused,vlact/attribute_select/attribute_select_ep100103_result.json,c56405c4b70a2cc8a06254f7a51c7d19e332e05645d21e60deb85ded6e5395b2
vlact,attribute_select,12,100104,color:red,success,1,74,400,task_success,Reach for the red block and lift it.,reused,vlact/attribute_select/attribute_select_ep100104_result.json,29b7353dc5eb31fa41be64485c7f1f015284cdb0ebc73972b9bbc4335a103322
vlact,attribute_select,12,100105,color:blue,success,1,73,400,task_success,Reach for the blue block and lift it.,reused,vlact/attribute_select/attribute_select_ep100105_result.json,f17fad150c6a0d8d510c1f2dad2cf11e39fdf70a45529de02f9f19cc689888de
vlact,attribute_select,12,100106,decal:cat,success,1,72,400,task_success,Reach for the block with a cat on it and lift it.,reused,vlact/attribute_select/attribute_select_ep100106_result.json,d6ddfad1c6b1ec04b45c066a74991a367fb3ad072d804d19a8fb458d9401c9dd
vlact,attribute_select,12,100107,decal:dog,failure,0,400,400,action_limit,Reach for the block with a dog on it and lift it.,reused,vlact/attribute_select/attribute_select_ep100107_result.json,883112d1ec527860750c589676b5ba276131f89b2254fefbd9a88b9f9311385a
vlact,attribute_select,12,100108,shape:block,success,1,70,400,task_success,Reach for the cube and lift it.,reused,vlact/attribute_select/attribute_select_ep100108_result.json,5d6a69347391fa6eec643cd6866ea675af3358ee55a02bdcf1129c45bfaa6058
vlact,attribute_select,12,100109,shape:bar,success,1,76,400,task_success,Fetch the long bar.,reused,vlact/attribute_select/attribute_select_ep100109_result.json,30db4303db0c98ee2da73eb27e5986f55d4ae013cf2f9906a35c770e9dfe47d3
vlact,attribute_select,12,100110,size:big,success,1,302,400,task_success,Reach for the big block and lift it.,reused,vlact/attribute_select/attribute_select_ep100110_result.json,b1ef252c6946134b0bfbc022b25f52322c796592fd50d525cd669d218cdc368d
vlact,attribute_select,12,100111,size:small,success,1,72,400,task_success,Reach for the small block and lift it.,reused,vlact/attribute_select/attribute_select_ep100111_result.json,216d57a80ee11b10d4c2eb40c1cc1aea7db56364c16d3ef6bc99e84b14f39118
vlact,attribute_select,13,100112,color:red,success,1,74,400,task_success,Reach for the red block and lift it.,reused,vlact/attribute_select/attribute_select_ep100112_result.json,6ab3ed27d6b007ae7b872997be57f76953d31aee0a7296fce1f32c1b97621395
vlact,attribute_select,13,100113,color:blue,success,1,77,400,task_success,Fetch the blue block.,reused,vlact/attribute_select/attribute_select_ep100113_result.json,ac6a9c67966ae424f2eca773fa2964bff57f226456a86ecc35a19f28f1b64c0b
vlact,attribute_select,13,100114,decal:cat,success,1,71,400,task_success,Reach for the block with a cat on it and lift it.,reused,vlact/attribute_select/attribute_select_ep100114_result.json,4947098d243a59e95261a26325098d2480d46d717f6c4c886ae7fb9bbd572afb
vlact,attribute_select,13,100115,decal:dog,success,1,236,400,task_success,Fetch the block with a dog on it.,reused,vlact/attribute_select/attribute_select_ep100115_result.json,a6ea96f450cedd3ffd7c8861ba47d07282f35b2fdbac2db84540faf26dee9816
vlact,attribute_select,13,100116,shape:block,success,1,71,400,task_success,Fetch the cube.,reused,vlact/attribute_select/attribute_select_ep100116_result.json,5f5b30f420a2591448e821d3f1fb55c954f714fe17c28f789898152e5d4adf75
vlact,attribute_select,13,100117,shape:bar,success,1,76,400,task_success,Fetch the long bar.,reused,vlact/attribute_select/attribute_select_ep100117_result.json,88671334077f81e5ca37747f065221c7f4a0c507398a76deb0e4cd128b7779ec
vlact,attribute_select,13,100118,size:big,failure,0,400,400,action_limit,Reach for the big block and lift it.,reused,vlact/attribute_select/attribute_select_ep100118_result.json,6f5475a56aba75335ccc1200ab0ff293ef61be76fe36b3efc92fac8c26cca197
vlact,attribute_select,13,100119,size:small,success,1,73,400,task_success,Reach for the small block and lift it.,reused,vlact/attribute_select/attribute_select_ep100119_result.json,0bf0c5a99bbec9420d13da0cafa27e674ab5e344374f3a1e1f51f6e897e1af58
vlact,attribute_select,14,100120,color:red,success,1,74,400,task_success,Reach for the red block and lift it.,reused,vlact/attribute_select/attribute_select_ep100120_result.json,e9c2e3a8b2cacd85f47e53f6d07e082dce9b7c8ccf46a7981dda147ae566165c
vlact,attribute_select,14,100121,color:blue,success,1,302,400,task_success,Fetch the blue block.,reused,vlact/attribute_select/attribute_select_ep100121_result.json,ce96f5ac9883a8d7f2a31410419b96e6baa306188da57d49046dd7ed97ccb0d3
vlact,attribute_select,14,100122,decal:cat,success,1,71,400,task_success,Fetch the block with a cat on it.,reused,vlact/attribute_select/attribute_select_ep100122_result.json,aef5860bd1e690a0674e73dc761adc3ee82ca98ff840fbcc8924f8e906d491bb
vlact,attribute_select,14,100123,decal:dog,success,1,232,400,task_success,Fetch the block with a dog on it.,reused,vlact/attribute_select/attribute_select_ep100123_result.json,7271a0aa99cb2d393c4bd0c925ba6ccd83f50341b1b18d8e57248d9b8addd7f4
vlact,attribute_select,14,100124,shape:block,success,1,70,400,task_success,Fetch the cube.,reused,vlact/attribute_select/attribute_select_ep100124_result.json,25b75969dfdf8496c9a4574b71a63c4a380e587e9ca6976eff4c9817906bb364
vlact,attribute_select,14,100125,shape:bar,success,1,76,400,task_success,Reach for the long bar and lift it.,reused,vlact/attribute_select/attribute_select_ep100125_result.json,732d251b2a8e2507a5b22b8eb6d2abf8e2096a087bdb78d3fb619d064ccb5cca
vlact,attribute_select,14,100126,size:big,failure,0,400,400,action_limit,Reach for the big block and lift it.,reused,vlact/attribute_select/attribute_select_ep100126_result.json,cd8244a675b90545e28d14a55dde61d91501ec84f0d991223a98add0b024ef1d
vlact,attribute_select,14,100127,size:small,success,1,72,400,task_success,Fetch the small block.,reused,vlact/attribute_select/attribute_select_ep100127_result.json,652e9c523fc10bda2ca0ac88d4e4713a7d88d18c0dac7d63cc645cbde760087e
vlact,attribute_select,15,100128,color:red,success,1,230,400,task_success,Fetch the red block.,reused,vlact/attribute_select/attribute_select_ep100128_result.json,e13057b0e7cc67cba3845da8b953a5ef18784cbdbc63e8a2e47c58749dd2fb43
vlact,attribute_select,15,100129,color:blue,success,1,74,400,task_success,Fetch the blue block.,reused,vlact/attribute_select/attribute_select_ep100129_result.json,a8456207be0e1becb2ec668ec6481b8b6f2f51f7363b89ddc51d85a8630f5037
vlact,attribute_select,15,100130,decal:cat,success,1,71,400,task_success,Reach for the block with a cat on it and lift it.,reused,vlact/attribute_select/attribute_select_ep100130_result.json,e4ae3a7707a55774955c6aba2f39c5f3bd4f54930cc7b0fed20ed1f2aa100a8f
vlact,attribute_select,15,100131,decal:dog,success,1,361,400,task_success,Fetch the block with a dog on it.,reused,vlact/attribute_select/attribute_select_ep100131_result.json,4f7fe3796719d32a7773e8970a504da76810df7a76f47697c6cc1ae8398246ca
vlact,attribute_select,15,100132,shape:block,success,1,75,400,task_success,Reach for the cube and lift it.,reused,vlact/attribute_select/attribute_select_ep100132_result.json,c0a77a24148ad536a457f4a3481f18c9fa493a0fdbbe03519e9c948c228fc4e3
vlact,attribute_select,15,100133,shape:bar,success,1,77,400,task_success,Fetch the long bar.,reused,vlact/attribute_select/attribute_select_ep100133_result.json,02aef05cbbfc019e2d34cdf2fe2f2c85bb3436877807310afc8ad005d70d1b81
vlact,attribute_select,15,100134,size:big,failure,0,400,400,action_limit,Fetch the big block.,reused,vlact/attribute_select/attribute_select_ep100134_result.json,efc7131886e7bf169debadebe20fbc7ff9dc6f04dbd40b5df7878581a0cf8180
vlact,attribute_select,15,100135,size:small,success,1,72,400,task_success,Reach for the small block and lift it.,reused,vlact/attribute_select/attribute_select_ep100135_result.json,37177f16f1ead2f11986b06902ac249ca11d2e13e8ec29f9db65aab4c28821db
vlact,attribute_select,16,100144,color:red,success,1,72,400,task_success,Reach for the red block and lift it.,reused,vlact/attribute_select/attribute_select_ep100144_result.json,5524d37e3f2c860d9e5d06fa368201b8bfd3d3ab4a2ab0bf887f242e2c0cc1d9
vlact,attribute_select,16,100145,color:blue,success,1,75,400,task_success,Fetch the blue block.,reused,vlact/attribute_select/attribute_select_ep100145_result.json,5932029f2c730fbb6587d4f34ff31567abde6e3e24697dcbda3b2febd1d136aa
vlact,attribute_select,16,100146,decal:cat,success,1,72,400,task_success,Reach for the block with a cat on it and lift it.,reused,vlact/attribute_select/attribute_select_ep100146_result.json,cc372f52fc17c12999f3e9a1e401dfd2503f50be74906b7776164de5d1eb932a
vlact,attribute_select,16,100147,decal:dog,success,1,233,400,task_success,Fetch the block with a dog on it.,reused,vlact/attribute_select/attribute_select_ep100147_result.json,dda130918c3ec05fb0010c139fcdeac48c7a347a7f581b531488c5f05472bf65
vlact,attribute_select,16,100148,shape:block,failure,0,400,400,action_limit,Fetch the cube.,reused,vlact/attribute_select/attribute_select_ep100148_result.json,ff093f82c2067be99c6abf0175a45121677e59a41a04861846f3d401ef3ae463
vlact,attribute_select,16,100149,shape:bar,success,1,76,400,task_success,Reach for the long bar and lift it.,reused,vlact/attribute_select/attribute_select_ep100149_result.json,11eaa1016db3b6e924b5578f2c1303ec0ccf9700ebbd3919e80a31470bcd1492
vlact,attribute_select,16,100150,size:big,failure,0,400,400,action_limit,Fetch the big block.,reused,vlact/attribute_select/attribute_select_ep100150_result.json,90eb9cbf0f31064d11fb24eeffc562b25076131573862dfb4b6ec13d9f1940ec
vlact,attribute_select,16,100151,size:small,success,1,72,400,task_success,Fetch the small block.,reused,vlact/attribute_select/attribute_select_ep100151_result.json,92f20f0d31ec7a8f53a89d68fe583512f6e5daf7ea4d3e7b3d6e56d5c02d7b04
vlact,attribute_select,17,100152,color:red,success,1,230,400,task_success,Reach for the red block and lift it.,reused,vlact/attribute_select/attribute_select_ep100152_result.json,9fa42f88bbb96a0e326570ceed982329f69069ae169cf305ca26329cadb93d29
vlact,attribute_select,17,100153,color:blue,success,1,72,400,task_success,Fetch the blue block.,reused,vlact/attribute_select/attribute_select_ep100153_result.json,19e9c506fd3737c28f228f636a1f24ede010774bf497de7d8b8d8ee2aee75cdb
vlact,attribute_select,17,100154,decal:cat,success,1,69,400,task_success,Reach for the block with a cat on it and lift it.,reused,vlact/attribute_select/attribute_select_ep100154_result.json,a4fa668c7293818ea9e9a5a4d9908e8e3acd98a163df691d352c3e92e75679f6
vlact,attribute_select,17,100155,decal:dog,success,1,72,400,task_success,Fetch the block with a dog on it.,reused,vlact/attribute_select/attribute_select_ep100155_result.json,5e97ff623be8888944d52ed063380a6d401b6009722cb8078dd79e7fb6349b5d
vlact,attribute_select,17,100156,shape:block,success,1,72,400,task_success,Reach for the cube and lift it.,reused,vlact/attribute_select/attribute_select_ep100156_result.json,58324a94b9c98b09a9a8dbe6fa677adbeb48d6caefd8ea4b023c817e1ce5df23
vlact,attribute_select,17,100157,shape:bar,success,1,75,400,task_success,Reach for the long bar and lift it.,reused,vlact/attribute_select/attribute_select_ep100157_result.json,8112282871111e0bf27c4a3be6597c25817ae9b16645d3cef18536b46adeaa25
vlact,attribute_select,17,100158,size:big,failure,0,400,400,action_limit,Fetch the big block.,reused,vlact/attribute_select/attribute_select_ep100158_result.json,c61da89b950f69092f5a9243868ef025d5e882583115aeb17fff2e793ee54377
vlact,attribute_select,17,100159,size:small,success,1,72,400,task_success,Fetch the small block.,reused,vlact/attribute_select/attribute_select_ep100159_result.json,1b333d80a57f44ca51dd7df8d5452c67bc5d0389af661db6bab3074d786311ce
vlact,attribute_select,18,100160,color:red,success,1,78,400,task_success,Fetch the red block.,reused,vlact/attribute_select/attribute_select_ep100160_result.json,2c373670f12777b337d4037730c473f2c15fe3f9d02d2edc1c15dbdda900b192
vlact,attribute_select,18,100161,color:blue,success,1,74,400,task_success,Reach for the blue block and lift it.,reused,vlact/attribute_select/attribute_select_ep100161_result.json,48c1b855a5b9ec6ccdb26fac4f1411e85cf9738b4e9ad6fc3a87adf1f8d4c5ad
vlact,attribute_select,18,100162,decal:cat,success,1,71,400,task_success,Reach for the block with a cat on it and lift it.,reused,vlact/attribute_select/attribute_select_ep100162_result.json,b5368e9631439301c93a9b73b16a4206aa0be33680d0084f0689558172d17b2f
vlact,attribute_select,18,100163,decal:dog,success,1,235,400,task_success,Fetch the block with a dog on it.,reused,vlact/attribute_select/attribute_select_ep100163_result.json,b5a4df9c2de2953539f239e608ce810071b51657def18a3333fa63172a7396b9
vlact,attribute_select,18,100164,shape:block,success,1,69,400,task_success,Reach for the cube and lift it.,reused,vlact/attribute_select/attribute_select_ep100164_result.json,9b9e73d3c428377c90e23fc496fbde3467de8348d61c5cbfb1f255e9c1d55884
vlact,attribute_select,18,100165,shape:bar,success,1,75,400,task_success,Fetch the long bar.,reused,vlact/attribute_select/attribute_select_ep100165_result.json,099108fef8ec901a6049414ad3294eb1abaeffa5dbc950b7e5dedfbbdc84ec47
vlact,attribute_select,18,100166,size:big,failure,0,400,400,action_limit,Fetch the big block.,reused,vlact/attribute_select/attribute_select_ep100166_result.json,fb6f0ad7e0d9853bef47bcbbab2e66eb46752d4e7ca2f9d8faf097b29904d9de
vlact,attribute_select,18,100167,size:small,success,1,72,400,task_success,Reach for the small block and lift it.,reused,vlact/attribute_select/attribute_select_ep100167_result.json,13dc8a20eab7541909954d02d26afe950dad9a0542afbcbade3aa9b73d2a34af
vlact,attribute_select,19,100168,color:red,success,1,79,400,task_success,Fetch the red block.,reused,vlact/attribute_select/attribute_select_ep100168_result.json,403f82ab13bae6506797cdf0576159f0470a9036066048d1e683d5d59ce5fd70
vlact,attribute_select,19,100169,color:blue,success,1,74,400,task_success,Reach for the blue block and lift it.,reused,vlact/attribute_select/attribute_select_ep100169_result.json,d5d5a51112fd1fc0f067ac70388164782f2d78d3b8bbd5de4b22c6424cc759d8
vlact,attribute_select,19,100170,decal:cat,success,1,72,400,task_success,Fetch the block with a cat on it.,reused,vlact/attribute_select/attribute_select_ep100170_result.json,db29f117bb83c7610b116e2b6a3495f0abb441144df29d05ccd27d9a04e1cf19
vlact,attribute_select,19,100171,decal:dog,failure,0,400,400,action_limit,Reach for the block with a dog on it and lift it.,reused,vlact/attribute_select/attribute_select_ep100171_result.json,a65b08f65b8ed09b99b2f4db38d0560ce47ff7305ec8d37c6f9f6ac0cdf459c6
vlact,attribute_select,19,100172,shape:block,failure,0,400,400,action_limit,Reach for the cube and lift it.,reused,vlact/attribute_select/attribute_select_ep100172_result.json,d799c8ae0099d037f38fc87e400ec0d7a00416f511a69f5d56d38586c74a4fcf
vlact,attribute_select,19,100173,shape:bar,success,1,76,400,task_success,Fetch the long bar.,reused,vlact/attribute_select/attribute_select_ep100173_result.json,31a028429377f159dbc43503e4d0585099088a952274781794c9df723442c8d7
vlact,attribute_select,19,100174,size:big,failure,0,400,400,action_limit,Reach for the big block and lift it.,reused,vlact/attribute_select/attribute_select_ep100174_result.json,f26c984b672fff4b1fe3d117d598244b287c913acc0216211dd647c506773f47
vlact,attribute_select,19,100175,size:small,success,1,71,400,task_success,Fetch the small block.,reused,vlact/attribute_select/attribute_select_ep100175_result.json,f85304e92fc509c1c75f5ab6fcf9c3504b59a0637805b04b6d88b6a4abf405e8
vlact,arm_select,0,200000,left,failure,0,400,400,action_limit,Have the left arm take the block.,reused,vlact/arm_select/arm_select_ep200000_result.json,9040f5ba529e72fd6dedb6ece061b4affd4e3b76b5b49f47a38ae8338b6a1633
vlact,arm_select,0,200001,right,failure,0,400,400,action_limit,Have the right arm take the block.,reused,vlact/arm_select/arm_select_ep200001_result.json,376e3bfdd9d4ccfbf0104e393979468a39990ae5c1e4a01319843ed76b2baa8f
vlact,arm_select,1,200002,left,failure,0,400,400,action_limit,Use the left arm to retrieve the block.,reused,vlact/arm_select/arm_select_ep200002_result.json,f3a6fb8bae3ce533e915fd20f467a936eb147738bb59675487c8b0919dca1cc4
vlact,arm_select,1,200003,right,failure,0,400,400,action_limit,Use the right arm to retrieve the block.,reused,vlact/arm_select/arm_select_ep200003_result.json,6409eac99f0191aa9ad2ce75722296d3bf81f218116dc70fe5791b50c60bafb5
vlact,arm_select,2,200004,left,failure,0,400,400,action_limit,Let the left arm grab the block.,reused,vlact/arm_select/arm_select_ep200004_result.json,b05737318c4b4b2c2d279da27a64765d47cc6ec8f0fe37be0cfc480616ad61b5
vlact,arm_select,2,200005,right,failure,0,400,400,action_limit,Let the right arm grab the block.,reused,vlact/arm_select/arm_select_ep200005_result.json,e03e0dbf7ba2b8d8264b4e76162791b710ba5471797e8faeaee723fa7a5f2894
vlact,arm_select,3,200006,left,failure,0,400,400,action_limit,Have the left arm take the block.,reused,vlact/arm_select/arm_select_ep200006_result.json,69425cbc655482f88ab2cca0de6eeb7ccea98336db3e82d6d5e1e62752294ceb
vlact,arm_select,3,200007,right,failure,0,400,400,action_limit,Have the right arm take the block.,reused,vlact/arm_select/arm_select_ep200007_result.json,37f59853ec2a80d4df8d0b8e221da60ad4a5e86d9e65ab97d5c86fb2e51e3de3
vlact,arm_select,4,200008,left,failure,0,400,400,action_limit,"With the left arm, grab the block.",reused,vlact/arm_select/arm_select_ep200008_result.json,3f2cb1cc3bb3838f6f1f45d425ab1d2c57d50d708d2f89ee02fbbe5889775191
vlact,arm_select,4,200009,right,failure,0,400,400,action_limit,"With the right arm, grab the block.",reused,vlact/arm_select/arm_select_ep200009_result.json,fa4bb3d020ed16ef52b3de88f522e2013646ba2d06ce5d979325fd2b2277f6d3
vlact,arm_select,5,200010,left,failure,0,400,400,action_limit,Employ the left arm to lift the block.,reused,vlact/arm_select/arm_select_ep200010_result.json,97387648f34e62debbad53065306f7e349683e539eb7908ba0970aa54778988e
vlact,arm_select,5,200011,right,failure,0,400,400,action_limit,Employ the right arm to lift the block.,reused,vlact/arm_select/arm_select_ep200011_result.json,e55770f87da6d7d91121b63837bcc31b6ed9524090b179d7944ffa97066da249
vlact,arm_select,6,200012,left,failure,0,400,400,action_limit,Use the left arm to hold the block.,reused,vlact/arm_select/arm_select_ep200012_result.json,186311ced7918272c0f3e86cece8e9e6307c7bd01626c220e3cef34f3e8d6f9c
vlact,arm_select,6,200013,right,failure,0,400,400,action_limit,Use the right arm to hold the block.,reused,vlact/arm_select/arm_select_ep200013_result.json,33bd41bbda651d0c3ad8e1eb7382ef746ebf326e7d8ec19e6f8a2c08d2f48864
vlact,arm_select,7,200016,left,failure,0,400,400,action_limit,Employ the left arm to lift the block.,reused,vlact/arm_select/arm_select_ep200016_result.json,bc49f482315f2259434dfad636c347b3fc8407a5f689856487d27edbeb23780d
vlact,arm_select,7,200017,right,failure,0,400,400,action_limit,Employ the right arm to lift the block.,reused,vlact/arm_select/arm_select_ep200017_result.json,a462dcb01c2113fefb4fe4dd380d29bfbfe044f8107f83cbe9a7b7a30e6d5f20
vlact,arm_select,8,200018,left,failure,0,400,400,action_limit,Collect the block using the left arm.,reused,vlact/arm_select/arm_select_ep200018_result.json,01870bf0da959ab54bce4579ca3ce04bb4f7da56217b7424eb0b5ae4fcf5f710
vlact,arm_select,8,200019,right,failure,0,400,400,action_limit,Collect the block using the right arm.,reused,vlact/arm_select/arm_select_ep200019_result.json,8c18271c3c246e30d25e3a8e6400e99458ce5bfae2df9ab0fd153c833b28e0cc
vlact,arm_select,9,200020,left,failure,0,400,400,action_limit,Pick up the block carefully with the left arm.,reused,vlact/arm_select/arm_select_ep200020_result.json,b0d745ab3fb57e1bc91aefe62cb9ed12d2456e7b291c0992b249b845267df030
vlact,arm_select,9,200021,right,failure,0,400,400,action_limit,Pick up the block carefully with the right arm.,reused,vlact/arm_select/arm_select_ep200021_result.json,5889af8a6cc8e7129c914c0fe34b1f3076867a61139a061579668a6de7f226d2
vlact,arm_select,10,200022,left,failure,0,400,400,action_limit,Scoop up the block with the left arm.,reused,vlact/arm_select/arm_select_ep200022_result.json,084a49db583c67b0fea2b384b2780f2095e016f0d050b9390975b9e33fb00272
vlact,arm_select,10,200023,right,failure,0,400,400,action_limit,Scoop up the block with the right arm.,reused,vlact/arm_select/arm_select_ep200023_result.json,969d81b5a1b401a87cd88eec91f2aad4d2d533169ddcb911f1fa133b85fba53d
vlact,arm_select,11,200026,left,failure,0,400,400,action_limit,Let the left arm grab the block.,reused,vlact/arm_select/arm_select_ep200026_result.json,4590c41b859bc82aac95d17d9d905d1b2842ede5b115c2ff1c7f88208ef6a08c
vlact,arm_select,11,200027,right,failure,0,400,400,action_limit,Let the right arm grab the block.,reused,vlact/arm_select/arm_select_ep200027_result.json,e9cd7c6032c91d34e1a3ff57470642574b07bef601cfcafe2d99518a4899b540
vlact,arm_select,12,200028,left,failure,0,400,400,action_limit,Scoop up the block with the left arm.,reused,vlact/arm_select/arm_select_ep200028_result.json,5364319940ffb8ae356c62eb225e7a9b23826c3d9a74325d79c3389946fae773
vlact,arm_select,12,200029,right,failure,0,400,400,action_limit,Scoop up the block with the right arm.,reused,vlact/arm_select/arm_select_ep200029_result.json,850c57e814722bc5d958c0f2b82be720b2798c9a013ff9b4829bf6b09b93a236
vlact,arm_select,13,200030,left,failure,0,400,400,action_limit,Pick up the block carefully with the left arm.,reused,vlact/arm_select/arm_select_ep200030_result.json,eb72c3981e337898f7dc545201df46beae765a6e8e3972ce219e04e652196eef
vlact,arm_select,13,200031,right,failure,0,400,400,action_limit,Pick up the block carefully with the right arm.,reused,vlact/arm_select/arm_select_ep200031_result.json,ccf231e4a05122e88261312e79b1587e9bd1844a6fa6de97b8d32d5d6d5bd454
vlact,arm_select,14,200032,left,failure,0,400,400,action_limit,Employ the left arm to lift the block.,reused,vlact/arm_select/arm_select_ep200032_result.json,09f77b8221bd97856e12d13f6e0162a724ffc58263e9fda2fea8771d15eca210
vlact,arm_select,14,200033,right,failure,0,400,400,action_limit,Employ the right arm to lift the block.,reused,vlact/arm_select/arm_select_ep200033_result.json,b9433fe26653b30139e4c99b1a9c962c14b41dca7743c60e402fba3e946d7829
vlact,arm_select,15,200034,left,failure,0,400,400,action_limit,Employ the left arm to lift the block.,reused,vlact/arm_select/arm_select_ep200034_result.json,2da4eca62d866bfe898baaaa5fd636473f42fe6af2f8012767e52383432135c6
vlact,arm_select,15,200035,right,failure,0,400,400,action_limit,Employ the right arm to lift the block.,reused,vlact/arm_select/arm_select_ep200035_result.json,3a0a9ecd3c63dedd7ef3fda44e69bf4fd42aba5916a70b42e6a63261d678c1c4
vlact,arm_select,16,200036,left,failure,0,400,400,action_limit,Pick up the block carefully with the left arm.,reused,vlact/arm_select/arm_select_ep200036_result.json,3d8bfb7396928f8cfb844d0eb8e98a654b7f949982c16d3aebdf88d963486ebf
vlact,arm_select,16,200037,right,failure,0,400,400,action_limit,Pick up the block carefully with the right arm.,reused,vlact/arm_select/arm_select_ep200037_result.json,4d34c75ab62026f91708390d769663227853d8dae5e954e8cff64483df4e334f
vlact,arm_select,17,200038,left,failure,0,400,400,action_limit,Retrieve the block with the left arm.,reused,vlact/arm_select/arm_select_ep200038_result.json,addae716bb7020059db148c7c547389cccced596bf8f486c158fa680b936c7f8
vlact,arm_select,17,200039,right,failure,0,400,400,action_limit,Retrieve the block with the right arm.,reused,vlact/arm_select/arm_select_ep200039_result.json,31079352cb06b39495e5862781fd0f923fe2872ffca0dc4f2d1facd42049f5c6
vlact,arm_select,18,200040,left,failure,0,400,400,action_limit,Scoop up the block with the left arm.,reused,vlact/arm_select/arm_select_ep200040_result.json,cb8603009a14437d291f6395b2304e1a46a92eb896489db4bfb0462918396ddd
vlact,arm_select,18,200041,right,failure,0,400,400,action_limit,Scoop up the block with the right arm.,reused,vlact/arm_select/arm_select_ep200041_result.json,2777f55ffe6ade5223933c42607f9efec3289e9bad54591da1ae1dac5f7c3819
vlact,arm_select,19,200042,left,failure,0,400,400,action_limit,Use the left arm to hold the block.,reused,vlact/arm_select/arm_select_ep200042_result.json,704aa516a452ef4563d2f5c28a994f8621151c204b2651a5790734b8427c651d
vlact,arm_select,19,200043,right,failure,0,400,400,action_limit,Use the right arm to hold the block.,reused,vlact/arm_select/arm_select_ep200043_result.json,c42802590641f32d6227fcec059c58865c0197726693c765bce868c9aaae3723
vlact,stack_sequence,0,100008,red>green>blue,success,1,413,1200,task_success,"Put red block down, green block on red block, blue block on green block.",reused,vlact/stack_sequence/stack_sequence_ep100008_result.json,b5d79811246cf71f9c5b105187be5c707f788b1b5c8e5311fb27bd6ef5d3cf1d
vlact,stack_sequence,0,100009,red>blue>green,failure,0,1200,1200,action_limit,Stack green block over blue block and blue block over red block.,reused,vlact/stack_sequence/stack_sequence_ep100009_result.json,fc80820c3b85a1facf8269f55fb2a17faec64149b67933ffb92329a969bf48ee
vlact,stack_sequence,0,100010,green>red>blue,failure,0,1200,1200,action_limit,"From the bottom up: green block, then red block, then blue block.",reused,vlact/stack_sequence/stack_sequence_ep100010_result.json,e93d4a26a6401ce2e49f7185545c9d2f11645b9a3e8b8b5043ae0be631c7bc88
vlact,stack_sequence,0,100011,green>blue>red,failure,0,1200,1200,action_limit,"Bottom to top, the order is green block, blue block, red block.",reused,vlact/stack_sequence/stack_sequence_ep100011_result.json,abd74e5c3d7673b422681f9809a1fc2c9995ff55c2d37f6fce153304e2496501
vlact,stack_sequence,0,100012,blue>red>green,failure,0,1200,1200,action_limit,"Place blue block at the base, add red block, and top it with green block.",reused,vlact/stack_sequence/stack_sequence_ep100012_result.json,e4fd6cfaf359f64b7f860ce58f960b110af901d46325cba6fab26f52d0e730dd
vlact,stack_sequence,0,100013,blue>green>red,failure,0,1200,1200,action_limit,"First set blue block, then green block, then red block at the very top.",reused,vlact/stack_sequence/stack_sequence_ep100013_result.json,a859a13e4b8d236dc43290c13d106d2d47df890d184b3c8d53630587c553b270
vlact,stack_sequence,1,100014,red>green>blue,success,1,431,1200,task_success,"First set red block, then green block, then blue block at the very top.",reused,vlact/stack_sequence/stack_sequence_ep100014_result.json,a8771fd4dcb784f2b9d909ec4024e41ede9f08fd802ab9f4500bbbcdad6d6402
vlact,stack_sequence,1,100015,red>blue>green,failure,0,1200,1200,action_limit,"From the bottom up: red block, then blue block, then green block.",reused,vlact/stack_sequence/stack_sequence_ep100015_result.json,c50930dcb4779568bfcfd1d3fc6ad0899215eaca77e051b1c75921f943ac2f07
vlact,stack_sequence,1,100016,green>red>blue,failure,0,1200,1200,action_limit,"Build a column: green block lowest, then red block, then blue block on top.",reused,vlact/stack_sequence/stack_sequence_ep100016_result.json,9dce4d891ac4668fcadcfca4899c684f9a2cb318c284acf2ee541b87b38d75fd
vlact,stack_sequence,1,100017,green>blue>red,success,1,413,1200,task_success,"Put green block down, blue block on green block, red block on blue block.",reused,vlact/stack_sequence/stack_sequence_ep100017_result.json,29817f0aa0fca281332f905bf9b9d02b21c0b760fec7168b525a02dcaa6e3990
vlact,stack_sequence,1,100018,blue>red>green,failure,0,1200,1200,action_limit,"From the bottom up: blue block, then red block, then green block.",reused,vlact/stack_sequence/stack_sequence_ep100018_result.json,5fe0775f346e6ee9d43926d199bc91e094cb417777866b54203ac69e4881b2e0
vlact,stack_sequence,1,100019,blue>green>red,failure,0,1200,1200,action_limit,"Rest green block on blue block, then rest red block on green block.",reused,vlact/stack_sequence/stack_sequence_ep100019_result.json,6035ad7523a3e21281118752a01b67105f7e5a0f880dae9380c7e158fd7d8ff1
vlact,stack_sequence,2,100020,red>green>blue,failure,0,1200,1200,action_limit,"Lay red block first, green block second, blue block third, each on the last.",reused,vlact/stack_sequence/stack_sequence_ep100020_result.json,a6d938f9a9aa9add537302a8f6e65095ddc4b0334cb5d74e09eebcb4510ce4df
vlact,stack_sequence,2,100021,red>blue>green,failure,0,1200,1200,action_limit,"Order the tower red block, blue block, green block from bottom to top.",reused,vlact/stack_sequence/stack_sequence_ep100021_result.json,424fb3afb66d8027384989d3d5c184bf5dac8a8c3507bfd96c627b70c15bdd70
vlact,stack_sequence,2,100022,green>red>blue,success,1,414,1200,task_success,"Put green block down, red block on green block, blue block on red block.",reused,vlact/stack_sequence/stack_sequence_ep100022_result.json,2f1f5712ee7dc5160352c6ec14026a6832bc4333d13b48be00dba9916cc249c6
vlact,stack_sequence,2,100023,green>blue>red,success,1,433,1200,task_success,"Place green block at the base, add blue block, and top it with red block.",reused,vlact/stack_sequence/stack_sequence_ep100023_result.json,e843e391ffbfbe10963c2831031985919ed56d7c4915ee453df533ebfc9ba5da
vlact,stack_sequence,2,100024,blue>red>green,failure,0,1200,1200,action_limit,"Place blue block at the base, add red block, and top it with green block.",reused,vlact/stack_sequence/stack_sequence_ep100024_result.json,3be148507e700e350aa71b4157bda2e1fc75a9ec09d4d15ef57b2b99f372bd40
vlact,stack_sequence,2,100025,blue>green>red,failure,0,1200,1200,action_limit,"First set blue block, then green block, then red block at the very top.",reused,vlact/stack_sequence/stack_sequence_ep100025_result.json,99b688b342968cd6203438e99901d6e49ff88bd322b16fdc7ac6dc78cef08be6
vlact,stack_sequence,3,100026,red>green>blue,failure,0,1200,1200,action_limit,"From the bottom up: red block, then green block, then blue block.",reused,vlact/stack_sequence/stack_sequence_ep100026_result.json,88f92e04de072f1982c47ef434fc7639c59fdaf9107270bee9e4ca98bfd58fa5
vlact,stack_sequence,3,100027,red>blue>green,failure,0,1200,1200,action_limit,"Put red block down, blue block on red block, green block on blue block.",reused,vlact/stack_sequence/stack_sequence_ep100027_result.json,fcc46ebde6b9eef4b1cfd34f6629655973e260df773d8ad904562168acf6862f
vlact,stack_sequence,3,100028,green>red>blue,failure,0,1200,1200,action_limit,"Bottom to top, the order is green block, red block, blue block.",reused,vlact/stack_sequence/stack_sequence_ep100028_result.json,617722d2cf7694c8e29357b7a717f58015082695d263f84e3d5a78856bc20fc6
vlact,stack_sequence,3,100029,green>blue>red,failure,0,1200,1200,action_limit,"Lay green block first, blue block second, red block third, each on the last.",reused,vlact/stack_sequence/stack_sequence_ep100029_result.json,ade7b2ddce46cb6d8955adf6dc6a154a6663c474bbbe18926bedadf2bbd90c7a
vlact,stack_sequence,3,100030,blue>red>green,failure,0,1200,1200,action_limit,"Put blue block down, red block on blue block, green block on red block.",reused,vlact/stack_sequence/stack_sequence_ep100030_result.json,48f26421b6e4f122e40692a2b5a717c12f2c95846400d4bf80ed77200d50573e
vlact,stack_sequence,3,100031,blue>green>red,failure,0,1200,1200,action_limit,Stack red block over green block and green block over blue block.,reused,vlact/stack_sequence/stack_sequence_ep100031_result.json,323f50bb4eb9dcc5df9965202c5fefc63ab6fcb60b5244bfaa6d59a19c941882
vlact,stack_sequence,4,100032,red>green>blue,failure,0,1200,1200,action_limit,"From the bottom up: red block, then green block, then blue block.",reused,vlact/stack_sequence/stack_sequence_ep100032_result.json,f95f16875ae1bad63ee04d517f74260994a81cc5b099ce2ffd4f332a6bda4803
vlact,stack_sequence,4,100033,red>blue>green,failure,0,1200,1200,action_limit,"Order the tower red block, blue block, green block from bottom to top.",reused,vlact/stack_sequence/stack_sequence_ep100033_result.json,2bc9c53f0413f646055ea17571e6b005797601cbf6d1badbe31446cc71ffe89d
vlact,stack_sequence,4,100034,green>red>blue,failure,0,1200,1200,action_limit,"Rest red block on green block, then rest blue block on red block.",reused,vlact/stack_sequence/stack_sequence_ep100034_result.json,3463e8a9507b1f841a3e0ab51e7e67e0aaa02c8c9b44efc136b44f0b93aadc3d
vlact,stack_sequence,4,100035,green>blue>red,failure,0,1200,1200,action_limit,"Build a column: green block lowest, then blue block, then red block on top.",reused,vlact/stack_sequence/stack_sequence_ep100035_result.json,fb06e5f61ea8f335a6ee7334d7e7dd7a2cf7dcb6d8e756f8a9cb04ca6df7e4e6
vlact,stack_sequence,4,100036,blue>red>green,failure,0,1200,1200,action_limit,"Lay blue block first, red block second, green block third, each on the last.",reused,vlact/stack_sequence/stack_sequence_ep100036_result.json,91f6fb267390287ebc979338720c6e57cdb4c1f593a135463253baa46404598b
vlact,stack_sequence,4,100037,blue>green>red,failure,0,1200,1200,action_limit,"Bottom to top, the order is blue block, green block, red block.",reused,vlact/stack_sequence/stack_sequence_ep100037_result.json,299961a94e8df90904c14884d077570c274eac8a60c20207ab6b1174dc7fd592
vlact,stack_sequence,5,100038,red>green>blue,failure,0,1200,1200,action_limit,Stack blue block over green block and green block over red block.,reused,vlact/stack_sequence/stack_sequence_ep100038_result.json,563ff6822d939bab8a0ef90b84b8e3e753b082a033ec434b363793fe16210e85
vlact,stack_sequence,5,100039,red>blue>green,failure,0,1200,1200,action_limit,"Build a column: red block lowest, then blue block, then green block on top.",reused,vlact/stack_sequence/stack_sequence_ep100039_result.json,cd6ca3a06b36cf452d1d8e27dfe6097ca14d3b687b29e2c6e0e7547b1f386901
vlact,stack_sequence,5,100040,green>red>blue,failure,0,1200,1200,action_limit,"Bottom to top, the order is green block, red block, blue block.",reused,vlact/stack_sequence/stack_sequence_ep100040_result.json,3564729ec1ca6c30d04d6be4a32a7471ff6eebbeab49ff9654af5ccee2249e3a
vlact,stack_sequence,5,100041,green>blue>red,failure,0,1200,1200,action_limit,"Order the tower green block, blue block, red block from bottom to top.",reused,vlact/stack_sequence/stack_sequence_ep100041_result.json,3261ce6fbb149f43d171c5a59a2c350affdd8fb1b7ae9499027210c90a05a59f
vlact,stack_sequence,5,100042,blue>red>green,failure,0,1200,1200,action_limit,Stack green block over red block and red block over blue block.,reused,vlact/stack_sequence/stack_sequence_ep100042_result.json,ee34cb478e41b00d07197e7ad4946a98c84ae7efd494db458401aa608d0caea5
vlact,stack_sequence,5,100043,blue>green>red,success,1,429,1200,task_success,"Place blue block at the base, add green block, and top it with red block.",reused,vlact/stack_sequence/stack_sequence_ep100043_result.json,d660310fd4d946ab771018586c827feafb45af3218664258c72544a7408cddf7
vlact,stack_sequence,6,100050,red>green>blue,success,1,429,1200,task_success,"Put red block down, green block on red block, blue block on green block.",reused,vlact/stack_sequence/stack_sequence_ep100050_result.json,a222a3be8b690593a3edad0b9367cf4a265b0a69373882b3f1ca1e2314d5c6a4
vlact,stack_sequence,6,100051,red>blue>green,failure,0,1200,1200,action_limit,"Rest blue block on red block, then rest green block on blue block.",reused,vlact/stack_sequence/stack_sequence_ep100051_result.json,fe6950fa753da725ca926a67f5aaa3b4947fbc2197385c9c7e6d74c3ec279cd7
vlact,stack_sequence,6,100052,green>red>blue,failure,0,1200,1200,action_limit,"Bottom to top, the order is green block, red block, blue block.",reused,vlact/stack_sequence/stack_sequence_ep100052_result.json,45fc694a56ea6a70190ec11d2e08bdbc70ba7103f521d330c1fe0e1725ca49b6
vlact,stack_sequence,6,100053,green>blue>red,failure,0,1200,1200,action_limit,"Bottom to top, the order is green block, blue block, red block.",reused,vlact/stack_sequence/stack_sequence_ep100053_result.json,3634882b6eed1042a5a3f7b6945058d1128a9851da48df93366425d75c2428fa
vlact,stack_sequence,6,100054,blue>red>green,failure,0,1200,1200,action_limit,"First set blue block, then red block, then green block at the very top.",reused,vlact/stack_sequence/stack_sequence_ep100054_result.json,8db9bd8c0e9dbaeb91e94e11cae3e677849663cb81372493bfa332c4b8fdd1a2
vlact,stack_sequence,6,100055,blue>green>red,success,1,427,1200,task_success,"Put blue block down, green block on blue block, red block on green block.",reused,vlact/stack_sequence/stack_sequence_ep100055_result.json,f974828ba891b7499b471a1f291925529deb280ae05c52d67d356c71dc1f3609
vlact,stack_sequence,7,100062,red>green>blue,success,1,432,1200,task_success,"Put red block down, green block on red block, blue block on green block.",reused,vlact/stack_sequence/stack_sequence_ep100062_result.json,0b5157e2ddd1c85fb3f859f6966ac99019cfdf46cbce63b9b359f3c5762c858c
vlact,stack_sequence,7,100063,red>blue>green,failure,0,1200,1200,action_limit,"Order the tower red block, blue block, green block from bottom to top.",reused,vlact/stack_sequence/stack_sequence_ep100063_result.json,09eff59d3d8db1dbfd12e4ae8563ea8213a1e2d5dc30b74d706bffa5863dbee4
vlact,stack_sequence,7,100064,green>red>blue,failure,0,1200,1200,action_limit,"Rest red block on green block, then rest blue block on red block.",reused,vlact/stack_sequence/stack_sequence_ep100064_result.json,e1a55c7ff03bb73f1cd681221da5e1e1f0169fae892098088d7a174716f785bf
vlact,stack_sequence,7,100065,green>blue>red,failure,0,1200,1200,action_limit,"Build a column: green block lowest, then blue block, then red block on top.",reused,vlact/stack_sequence/stack_sequence_ep100065_result.json,0bb9669cae9dc55ebf6af8d7f927f9617ac43fc2a149cbd156019801d8c00e9c
vlact,stack_sequence,7,100066,blue>red>green,failure,0,1200,1200,action_limit,"Put blue block down, red block on blue block, green block on red block.",reused,vlact/stack_sequence/stack_sequence_ep100066_result.json,7f1ea0973f3341a5f34055db027a2bcf3af0ad5f779395e0a22022313a3b1fe3
vlact,stack_sequence,7,100067,blue>green>red,failure,0,1200,1200,action_limit,"Order the tower blue block, green block, red block from bottom to top.",reused,vlact/stack_sequence/stack_sequence_ep100067_result.json,842735e5a74a0e4944fa74dc4ca5d50ae16d8d0673c8fc53cd18c1d5dd7ac630
vlact,stack_sequence,8,100068,red>green>blue,failure,0,1200,1200,action_limit,"From the bottom up: red block, then green block, then blue block.",reused,vlact/stack_sequence/stack_sequence_ep100068_result.json,c4850617d06c03c4b7f687251d8dcb6709aac5f783b4f2fb03084a35df01357e
vlact,stack_sequence,8,100069,red>blue>green,failure,0,1200,1200,action_limit,"Build a column: red block lowest, then blue block, then green block on top.",reused,vlact/stack_sequence/stack_sequence_ep100069_result.json,8c02fba23296b47ac88ee69f4c1d1fbb686da5a6ea973941b4712238f4aca7ef
vlact,stack_sequence,8,100070,green>red>blue,failure,0,1200,1200,action_limit,"Lay green block first, red block second, blue block third, each on the last.",reused,vlact/stack_sequence/stack_sequence_ep100070_result.json,3f55ec27949a81c75f2121d93e9b30f12f7a1e4e52c3332dcdd1979b4a31dbce
vlact,stack_sequence,8,100071,green>blue>red,failure,0,1200,1200,action_limit,"Rest blue block on green block, then rest red block on blue block.",reused,vlact/stack_sequence/stack_sequence_ep100071_result.json,5e9951d6a5f44c5cc388a6c34129a1002479cec7367a743b43a8a99afcec0f88
vlact,stack_sequence,8,100072,blue>red>green,failure,0,1200,1200,action_limit,"Lay blue block first, red block second, green block third, each on the last.",reused,vlact/stack_sequence/stack_sequence_ep100072_result.json,58399660e2e6ac7c57105ba7ea3d2125ff870976ac5620f3a50fc64add6bd4cd
vlact,stack_sequence,8,100073,blue>green>red,failure,0,1200,1200,action_limit,"First set blue block, then green block, then red block at the very top.",reused,vlact/stack_sequence/stack_sequence_ep100073_result.json,b1906e29f31159b3b14cf5478b387e1a04d6ae649255ba3f6806bfabf75e60f2
vlact,stack_sequence,9,100080,red>green>blue,success,1,697,1200,task_success,"Build a column: red block lowest, then green block, then blue block on top.",reused,vlact/stack_sequence/stack_sequence_ep100080_result.json,1c13209a12c5c1246c5ce710bf1e13dec70e92f3f90d0973adb1661fd6eb4d11
vlact,stack_sequence,9,100081,red>blue>green,failure,0,1200,1200,action_limit,Stack green block over blue block and blue block over red block.,reused,vlact/stack_sequence/stack_sequence_ep100081_result.json,710d44ffb2d261135d31733c26b7c711e83670d1ed60c434895a673e3546cae9
vlact,stack_sequence,9,100082,green>red>blue,failure,0,1200,1200,action_limit,Stack blue block over red block and red block over green block.,reused,vlact/stack_sequence/stack_sequence_ep100082_result.json,f76e657d38e2ee935819c09349d71fdae20bcc5eb7869d29e3fb0278a7966678
vlact,stack_sequence,9,100083,green>blue>red,failure,0,1200,1200,action_limit,"Lay green block first, blue block second, red block third, each on the last.",reused,vlact/stack_sequence/stack_sequence_ep100083_result.json,3b9036dc96b2f4e31b7e3b8dc16c5a9d6a5b94d995b1c117e20e60014b7fc93b
vlact,stack_sequence,9,100084,blue>red>green,failure,0,1200,1200,action_limit,"Rest red block on blue block, then rest green block on red block.",reused,vlact/stack_sequence/stack_sequence_ep100084_result.json,e2ef337e5f6eee6d7957d1d5d2e9199d0704b90085eb60e9ca7f6f568006a163
vlact,stack_sequence,9,100085,blue>green>red,failure,0,1200,1200,action_limit,"Place blue block at the base, add green block, and top it with red block.",reused,vlact/stack_sequence/stack_sequence_ep100085_result.json,dabfc2c65f4c4a39a15d3310542abdac8c89f5792daa61683afbc396569213b5
vlact,stack_sequence,10,100092,red>green>blue,failure,0,1200,1200,action_limit,"Rest green block on red block, then rest blue block on green block.",reused,vlact/stack_sequence/stack_sequence_ep100092_result.json,5a34a083bdc8c596d0c35f0b528a5af443fb3c93bcb1a518c0c9903d7375f1aa
vlact,stack_sequence,10,100093,red>blue>green,failure,0,1200,1200,action_limit,"Rest blue block on red block, then rest green block on blue block.",reused,vlact/stack_sequence/stack_sequence_ep100093_result.json,6ae602636606cc1c4e74591bbdd31967a177a6236b085b94e71f9bef5b2e4141
vlact,stack_sequence,10,100094,green>red>blue,failure,0,1200,1200,action_limit,"Rest red block on green block, then rest blue block on red block.",reused,vlact/stack_sequence/stack_sequence_ep100094_result.json,f3322a423808fb2a2ca751f8e26818ff38678443ea2374416ba2732913367925
vlact,stack_sequence,10,100095,green>blue>red,failure,0,1200,1200,action_limit,"Rest blue block on green block, then rest red block on blue block.",reused,vlact/stack_sequence/stack_sequence_ep100095_result.json,c75b45574486e72d42206757233cfd5c6276d3c32b808182f0474cbd9e0ca1f5
vlact,stack_sequence,10,100096,blue>red>green,failure,0,1200,1200,action_limit,"Lay blue block first, red block second, green block third, each on the last.",reused,vlact/stack_sequence/stack_sequence_ep100096_result.json,5e18604393448c5431373f51329b46549d64310ab8d3bcd88dbac9452fa8f0a4
vlact,stack_sequence,10,100097,blue>green>red,failure,0,1200,1200,action_limit,"Rest green block on blue block, then rest red block on green block.",reused,vlact/stack_sequence/stack_sequence_ep100097_result.json,bae4c3fb221843b43f8ef43476a15d485aec81598f06526c2f76a3be516452c4
vlact,stack_sequence,11,100098,red>green>blue,success,1,404,1200,task_success,"Rest green block on red block, then rest blue block on green block.",reused,vlact/stack_sequence/stack_sequence_ep100098_result.json,354bd50797e244ebcd27742df2494ff702a24e512cf351dbeed1deb76bf64fb7
vlact,stack_sequence,11,100099,red>blue>green,failure,0,1200,1200,action_limit,"Order the tower red block, blue block, green block from bottom to top.",reused,vlact/stack_sequence/stack_sequence_ep100099_result.json,03e84aee0930bf0ae79c6ca78a2d56b3f3409638c8dacf70a5d9d76942881830
vlact,stack_sequence,11,100100,green>red>blue,failure,0,1200,1200,action_limit,"Put green block down, red block on green block, blue block on red block.",reused,vlact/stack_sequence/stack_sequence_ep100100_result.json,b6bcc42fa01643669a3d98ac298e5217759e30882e451f87ca8750377dfa19fc
vlact,stack_sequence,11,100101,green>blue>red,failure,0,1200,1200,action_limit,"Lay green block first, blue block second, red block third, each on the last.",reused,vlact/stack_sequence/stack_sequence_ep100101_result.json,256d0d1a6d7a8af57c8ea03cb3bc19fe01d522face8eb8d9e8bf49708e73c291
vlact,stack_sequence,11,100102,blue>red>green,failure,0,1200,1200,action_limit,"Rest red block on blue block, then rest green block on red block.",reused,vlact/stack_sequence/stack_sequence_ep100102_result.json,5560666d61361207bfc539f73f5c564e73fb95c33b4cdd8b5b26888decf00fbb
vlact,stack_sequence,11,100103,blue>green>red,failure,0,1200,1200,action_limit,Stack red block over green block and green block over blue block.,reused,vlact/stack_sequence/stack_sequence_ep100103_result.json,a9383ff75ab07b110df51c0d58b4c3be42dd519d79ca0d7afe4da76f5a59c0b3
vlact,stack_sequence,12,100104,red>green>blue,failure,0,1200,1200,action_limit,"Bottom to top, the order is red block, green block, blue block.",reused,vlact/stack_sequence/stack_sequence_ep100104_result.json,b3cdd86f2261515d0eb271d6c352dddec10c87fc2bb6d45e648b6b03df9a1789
vlact,stack_sequence,12,100105,red>blue>green,failure,0,1200,1200,action_limit,"Rest blue block on red block, then rest green block on blue block.",reused,vlact/stack_sequence/stack_sequence_ep100105_result.json,410fb889122bec4fb0959eabf23e5b4c97392e952eccacd8ace2c5639767c222
vlact,stack_sequence,12,100106,green>red>blue,failure,0,1200,1200,action_limit,"From the bottom up: green block, then red block, then blue block.",reused,vlact/stack_sequence/stack_sequence_ep100106_result.json,b34a5e7b5131cd2eeeaae9ef247b0738e62b8c27fcff130d9fe648b8bd798653
vlact,stack_sequence,12,100107,green>blue>red,failure,0,1200,1200,action_limit,"First set green block, then blue block, then red block at the very top.",reused,vlact/stack_sequence/stack_sequence_ep100107_result.json,87303b832b316c5ac09af5bf6b000a068ba2dcd75d5c075e7f2e01e9e557f6da
vlact,stack_sequence,12,100108,blue>red>green,failure,0,1200,1200,action_limit,"Put blue block down, red block on blue block, green block on red block.",reused,vlact/stack_sequence/stack_sequence_ep100108_result.json,0cbeea67888652ef06bd06c1f0acd5f4b5ae8a5d7c11436f265f615dc91a8902
vlact,stack_sequence,12,100109,blue>green>red,failure,0,1200,1200,action_limit,"Build a column: blue block lowest, then green block, then red block on top.",reused,vlact/stack_sequence/stack_sequence_ep100109_result.json,b52071fff12c84af59a782f901386f48e710d73196df75657462a95546c19519
vlact,stack_sequence,13,100110,red>green>blue,success,1,447,1200,task_success,"Place red block at the base, add green block, and top it with blue block.",reused,vlact/stack_sequence/stack_sequence_ep100110_result.json,e06d5f16afc781551edc679284c74f461bbaf33ff21dad24673817076ac01c84
vlact,stack_sequence,13,100111,red>blue>green,failure,0,1200,1200,action_limit,Stack green block over blue block and blue block over red block.,reused,vlact/stack_sequence/stack_sequence_ep100111_result.json,933e50b0c1b207603714955f3c0cd613681f9b2f3172c8c2879e3ec2140e2754
vlact,stack_sequence,13,100112,green>red>blue,failure,0,1200,1200,action_limit,"Put green block down, red block on green block, blue block on red block.",reused,vlact/stack_sequence/stack_sequence_ep100112_result.json,ae48f3edc7b366247abfaf3845cf5c65f9530ba8488fb16dc60759c6d27e359f
vlact,stack_sequence,13,100113,green>blue>red,failure,0,1200,1200,action_limit,"Lay green block first, blue block second, red block third, each on the last.",reused,vlact/stack_sequence/stack_sequence_ep100113_result.json,85d97c961d98a98a07525c1f6ba2e39ba078ac1013f24dadbd09cc23b525bda7
vlact,stack_sequence,13,100114,blue>red>green,failure,0,1200,1200,action_limit,"Place blue block at the base, add red block, and top it with green block.",reused,vlact/stack_sequence/stack_sequence_ep100114_result.json,93f8e0b8dc9fc72e8f6705edd9039c80f5ca29fc89166ebd54516f328460d804
vlact,stack_sequence,13,100115,blue>green>red,failure,0,1200,1200,action_limit,"First set blue block, then green block, then red block at the very top.",reused,vlact/stack_sequence/stack_sequence_ep100115_result.json,15c47a5e1b6be8e0e002d06a263a0657d6bf18243f291d6a33e4bd9850d9f6fc
vlact,stack_sequence,14,100116,red>green>blue,success,1,429,1200,task_success,"Place red block at the base, add green block, and top it with blue block.",reused,vlact/stack_sequence/stack_sequence_ep100116_result.json,46812a0d4a97bbacad643c015686e9889e25504229d111e822e6872ec5e1168c
vlact,stack_sequence,14,100117,red>blue>green,failure,0,1200,1200,action_limit,"Build a column: red block lowest, then blue block, then green block on top.",reused,vlact/stack_sequence/stack_sequence_ep100117_result.json,8923e0277827af6775b41f39317611119894f5a107ca876991ccc62c1806a66a
vlact,stack_sequence,14,100118,green>red>blue,failure,0,1200,1200,action_limit,"Build a column: green block lowest, then red block, then blue block on top.",reused,vlact/stack_sequence/stack_sequence_ep100118_result.json,2df0c6b931baf049262269fd240a32b3818fab0666ecf3214dc19e6510808cd1
vlact,stack_sequence,14,100119,green>blue>red,failure,0,1200,1200,action_limit,Stack red block over blue block and blue block over green block.,reused,vlact/stack_sequence/stack_sequence_ep100119_result.json,43cea61ce061b371aaa7fd4256f0253acf481fefa58541b78f232196fcee1349
vlact,stack_sequence,14,100120,blue>red>green,failure,0,1200,1200,action_limit,"Order the tower blue block, red block, green block from bottom to top.",reused,vlact/stack_sequence/stack_sequence_ep100120_result.json,5493a7655707de462b63c54d1b7d8d9307383f99c6f6c91f6b6d65b46e92fa9c
vlact,stack_sequence,14,100121,blue>green>red,failure,0,1200,1200,action_limit,"Order the tower blue block, green block, red block from bottom to top.",reused,vlact/stack_sequence/stack_sequence_ep100121_result.json,3b2e857d2befdd5e07399051d2e0330bc3efd03a442306dbae0c80a611fae4b1
vlact,stack_sequence,15,100140,red>green>blue,success,1,447,1200,task_success,"Rest green block on red block, then rest blue block on green block.",reused,vlact/stack_sequence/stack_sequence_ep100140_result.json,08a9beed379e989be1ad5cef6b23beff012a65639464d00c5e1cd735d53bf62e
vlact,stack_sequence,15,100141,red>blue>green,failure,0,1200,1200,action_limit,"Place red block at the base, add blue block, and top it with green block.",reused,vlact/stack_sequence/stack_sequence_ep100141_result.json,f0e7c44285dd0528d2df42cf587e70d689e66eb35f6d1f02f7325936daa54d00
vlact,stack_sequence,15,100142,green>red>blue,failure,0,1200,1200,action_limit,"Put green block down, red block on green block, blue block on red block.",reused,vlact/stack_sequence/stack_sequence_ep100142_result.json,0a4ab238409e947eadccf2509b2484ce5844eb061d31c8e5a2cde7a85fa2b30a
vlact,stack_sequence,15,100143,green>blue>red,failure,0,1200,1200,action_limit,"Bottom to top, the order is green block, blue block, red block.",reused,vlact/stack_sequence/stack_sequence_ep100143_result.json,e7025a340f7d0c0c9a4448478be13ddc0585485dd1d6f312aee6f70e2289c370
vlact,stack_sequence,15,100144,blue>red>green,failure,0,1200,1200,action_limit,"First set blue block, then red block, then green block at the very top.",reused,vlact/stack_sequence/stack_sequence_ep100144_result.json,3d9471f121094bdb662435a38e7218b55a622274ade9d69ed91cffbc1c1211ac
vlact,stack_sequence,15,100145,blue>green>red,failure,0,1200,1200,action_limit,"Lay blue block first, green block second, red block third, each on the last.",reused,vlact/stack_sequence/stack_sequence_ep100145_result.json,384566b80f9c0e0388071eaaab796e48b4d345de48dd2f4542c210e9749b1ba2
vlact,stack_sequence,16,100146,red>green>blue,failure,0,1200,1200,action_limit,"From the bottom up: red block, then green block, then blue block.",reused,vlact/stack_sequence/stack_sequence_ep100146_result.json,da9634649fbf031561244ea77ef3e8bd34384065db3452055308684df868b4f7
vlact,stack_sequence,16,100147,red>blue>green,failure,0,1200,1200,action_limit,Stack green block over blue block and blue block over red block.,reused,vlact/stack_sequence/stack_sequence_ep100147_result.json,be522997ae3294df4f3456b7e7de077a59751aee4b92516e4dd49c49ed7b8e14
vlact,stack_sequence,16,100148,green>red>blue,failure,0,1200,1200,action_limit,"Lay green block first, red block second, blue block third, each on the last.",reused,vlact/stack_sequence/stack_sequence_ep100148_result.json,8be666100e71b6a5e93fab95a5301b3c157ea47d47557861c97bd3edd530fdaf
vlact,stack_sequence,16,100149,green>blue>red,failure,0,1200,1200,action_limit,"Build a column: green block lowest, then blue block, then red block on top.",reused,vlact/stack_sequence/stack_sequence_ep100149_result.json,5463d3038502d0eca33cda449419ae3da151052bfd6c06dfaffdcf9a02131bf4
vlact,stack_sequence,16,100150,blue>red>green,failure,0,1200,1200,action_limit,"Bottom to top, the order is blue block, red block, green block.",reused,vlact/stack_sequence/stack_sequence_ep100150_result.json,51df08781ecaa2245c759b4130d7421d5e1ae5515cc6e540cb04418b082a14fa
vlact,stack_sequence,16,100151,blue>green>red,failure,0,1200,1200,action_limit,"Place blue block at the base, add green block, and top it with red block.",reused,vlact/stack_sequence/stack_sequence_ep100151_result.json,ae0ef5255a891f72508e3dfe16aec802f9ba65cc7b482230bf284e67876db99d
vlact,stack_sequence,17,100152,red>green>blue,success,1,399,1200,task_success,"Place red block at the base, add green block, and top it with blue block.",reused,vlact/stack_sequence/stack_sequence_ep100152_result.json,8d660bd01f6d9f91d63c6a23f5bd2f485ceaf96f7a7b220cab1ab6944b9c98ac
vlact,stack_sequence,17,100153,red>blue>green,failure,0,1200,1200,action_limit,"Lay red block first, blue block second, green block third, each on the last.",reused,vlact/stack_sequence/stack_sequence_ep100153_result.json,5b8834f6fb5b5b6cefa8eb933303b1981befa87003b816b185467b4e9d352fb8
vlact,stack_sequence,17,100154,green>red>blue,failure,0,1200,1200,action_limit,Stack blue block over red block and red block over green block.,reused,vlact/stack_sequence/stack_sequence_ep100154_result.json,fa3bcd0f89b15572ea011c63146b8d5eebcc9a844aa6b955036b7203369e4185
vlact,stack_sequence,17,100155,green>blue>red,failure,0,1200,1200,action_limit,"From the bottom up: green block, then blue block, then red block.",reused,vlact/stack_sequence/stack_sequence_ep100155_result.json,d602763a79fc5b6061b3ed1aa358d529df825b2fc9c05ab613c4ff629bdf14cb
vlact,stack_sequence,17,100156,blue>red>green,failure,0,1200,1200,action_limit,"From the bottom up: blue block, then red block, then green block.",reused,vlact/stack_sequence/stack_sequence_ep100156_result.json,d46a07de99bb50f5e9605bea92954e81d8742d49c40b1fcdf036410f76aff4b1
vlact,stack_sequence,17,100157,blue>green>red,failure,0,1200,1200,action_limit,"Build a column: blue block lowest, then green block, then red block on top.",reused,vlact/stack_sequence/stack_sequence_ep100157_result.json,d0999dffbbcd414f7cd7f145804c12e4d02137edf7feeafbeb004d3eb43b610d
vlact,stack_sequence,18,100158,red>green>blue,failure,0,1200,1200,action_limit,"Bottom to top, the order is red block, green block, blue block.",reused,vlact/stack_sequence/stack_sequence_ep100158_result.json,15c28eaace51f14f96de95fd8860d467cd5966c08644dc0eeea37dbbf5432c2f
vlact,stack_sequence,18,100159,red>blue>green,failure,0,1200,1200,action_limit,"Order the tower red block, blue block, green block from bottom to top.",reused,vlact/stack_sequence/stack_sequence_ep100159_result.json,4182ddcb360008cf4b19293de0971468496104e88dabbbdee20b9f9920c3804c
vlact,stack_sequence,18,100160,green>red>blue,failure,0,1200,1200,action_limit,"Lay green block first, red block second, blue block third, each on the last.",reused,vlact/stack_sequence/stack_sequence_ep100160_result.json,e0afd2c1080e0a0d71d34c56592dcd92fbd09fa6c9ef38d0c98cc6f70ae22c5e
vlact,stack_sequence,18,100161,green>blue>red,failure,0,1200,1200,action_limit,"From the bottom up: green block, then blue block, then red block.",reused,vlact/stack_sequence/stack_sequence_ep100161_result.json,c92c3d3ea61761e6f42e65332d66fa784bdb71fcf9d6e32ae65bd59bd1f55fc3
vlact,stack_sequence,18,100162,blue>red>green,failure,0,1200,1200,action_limit,"Put blue block down, red block on blue block, green block on red block.",reused,vlact/stack_sequence/stack_sequence_ep100162_result.json,660f279d89b6dc34cb258c155dbdab0d6d19894bfd2dee93613b5c3e980a2253
vlact,stack_sequence,18,100163,blue>green>red,failure,0,1200,1200,action_limit,Stack red block over green block and green block over blue block.,reused,vlact/stack_sequence/stack_sequence_ep100163_result.json,38b2821e2ec0585ef744f63d5131adc8dbdea2ca867f619b69d0871acb689c48
vlact,stack_sequence,19,100170,red>green>blue,failure,0,1200,1200,action_limit,"First set red block, then green block, then blue block at the very top.",reused,vlact/stack_sequence/stack_sequence_ep100170_result.json,2a23db552a5018ced60ca78e2930847b39ac0a7b29b67c24f2f38f30ef638df5
vlact,stack_sequence,19,100171,red>blue>green,failure,0,1200,1200,action_limit,"From the bottom up: red block, then blue block, then green block.",reused,vlact/stack_sequence/stack_sequence_ep100171_result.json,4f3888f4501aedc5cd5fb94db3767a7973774ffbf6fac14d9482f6882347bebe
vlact,stack_sequence,19,100172,green>red>blue,failure,0,1200,1200,action_limit,"From the bottom up: green block, then red block, then blue block.",reused,vlact/stack_sequence/stack_sequence_ep100172_result.json,24abda3acea9682f56e409592fec7a8edf6a24f7bf7763b16f2ffa141e7def6a
vlact,stack_sequence,19,100173,green>blue>red,failure,0,1200,1200,action_limit,"Bottom to top, the order is green block, blue block, red block.",reused,vlact/stack_sequence/stack_sequence_ep100173_result.json,6a03b5b86f0f37152cc811cae031a9cab4a02244588d297d69625a7dd87c2371
vlact,stack_sequence,19,100174,blue>red>green,failure,0,1200,1200,action_limit,"Rest red block on blue block, then rest green block on red block.",reused,vlact/stack_sequence/stack_sequence_ep100174_result.json,956a30dbbae1cb368f30add347ee1a489ff4d71ee00b697e520c2344b23e8af7
vlact,stack_sequence,19,100175,blue>green>red,failure,0,1200,1200,action_limit,"Put blue block down, green block on blue block, red block on green block.",reused,vlact/stack_sequence/stack_sequence_ep100175_result.json,e8eece0388adbcdd7ae2db608320d08a2e945a601e232f130774f511d308f807
vlact,place_relative,0,100005,left,failure,0,400,400,action_limit,Grab the black remotecontrol and set it to the left of the red tea-box,reused,vlact/place_relative/place_relative_ep100005_result.json,fdefd74017beea2b029d8ca19f6e833a1e5790d27889ee8a0ff43d16f0b761cc
vlact,place_relative,0,100006,right,success,1,132,400,task_success,Grab the black remotecontrol and set it to the right of the red tea-box,reused,vlact/place_relative/place_relative_ep100006_result.json,93e2b9f09558cd3e3fed27a77348237c7326f832fdfe7fb15104dc7300c1e323
vlact,place_relative,0,100009,on_top,failure,0,400,400,action_limit,Grab the black remotecontrol and set it on top of the red tea-box,reused,vlact/place_relative/place_relative_ep100009_result.json,098826012fb9e0afb0ef2138e614cd821ff20b7d7855c5bb2b0def0720ea9f03
vlact,place_relative,1,100010,left,success,1,122,400,task_success,Pick up the red can and move it to the left of the red tea-box,reused,vlact/place_relative/place_relative_ep100010_result.json,8e23b521d117589db02a6bf30902f4f2778f791e21eceefaaf3412b5a68b0714
vlact,place_relative,1,100011,right,failure,0,400,400,action_limit,Pick up the red can and move it to the right of the red tea-box,reused,vlact/place_relative/place_relative_ep100011_result.json,ab3b28dd55b6d60139714dbcc1d3159991290f3cfc7d628e3b19b5c06a6c0384
vlact,place_relative,1,100014,on_top,failure,0,400,400,action_limit,Use the left arm to grab the red can and place it on top of the red tea-box,reused,vlact/place_relative/place_relative_ep100014_result.json,4c1ab16394ebb067566737555383ef679cb77f02bd6076e86af5e3ab2dabe9f7
vlact,place_relative,2,100015,left,success,1,129,400,task_success,Use the left arm to grab the blue soap and place it to the left of the red tea-box,reused,vlact/place_relative/place_relative_ep100015_result.json,65565496f228db5629df59c20552fc7c63c6b5b82f19459cf89ee8371516af6b
vlact,place_relative,2,100016,right,failure,0,400,400,action_limit,Lift the blue soap and set it to the right of the red tea-box,reused,vlact/place_relative/place_relative_ep100016_result.json,ca40f5fe3a20b16e6d0356b80e3baef82e1e77ea025a44807c924f783dd7776e
vlact,place_relative,2,100019,on_top,failure,0,400,400,action_limit,"Use the left arm to pick up the blue soap, set it on top of the red tea-box",reused,vlact/place_relative/place_relative_ep100019_result.json,d196fecc5d66fdb62fb2891bda52252008fb4518588c1a81b305c1c8884e4fc7
vlact,place_relative,3,100020,left,success,1,119,400,task_success,Lift the gray mouse and set it to the left of the brown coffee-box,reused,vlact/place_relative/place_relative_ep100020_result.json,c69a1e514b2df636bc53b6d3ef5335debef14e3b0bcdd2dbbc1af14330f52bd5
vlact,place_relative,3,100021,right,failure,0,400,400,action_limit,Use the left arm to grab the gray mouse and place it to the right of the brown coffee-box,reused,vlact/place_relative/place_relative_ep100021_result.json,077d34a8a79f8a7d0f559dd5e9dce18a6831272e2d96ddc9179cc4298780b9d4
vlact,place_relative,3,100024,on_top,failure,0,400,400,action_limit,Grab the gray mouse and set it on top of the brown coffee-box,reused,vlact/place_relative/place_relative_ep100024_result.json,3156d33d932020b2c5c61f6f41e9395220a065901e3784f07e7eb1218d3709d1
vlact,place_relative,4,100025,left,success,1,126,400,task_success,Pick up the green toycar and move it to the left of the brown coffee-box,reused,vlact/place_relative/place_relative_ep100025_result.json,db8b20ca05747b19571703edf05a2dc8b471464b54f698676ea8eb01da5dedfe
vlact,place_relative,4,100026,right,failure,0,400,400,action_limit,Pick up the green toycar and move it to the right of the brown coffee-box,reused,vlact/place_relative/place_relative_ep100026_result.json,8eec5498904fcfba8e3492c70a31741f472b7fb1b4c2987b59688b4824a4edee
vlact,place_relative,4,100029,on_top,failure,0,400,400,action_limit,Use the left arm to grab the green toycar and place it on top of the brown coffee-box,reused,vlact/place_relative/place_relative_ep100029_result.json,56190fe0ba9bd7fb1692ad7f1a28db17776157fc52b03f6657cb0854fe0804b0
vlact,place_relative,5,100030,left,failure,0,400,400,action_limit,Use the right arm to grab the red stapler and place it to the left of the brown coffee-box,reused,vlact/place_relative/place_relative_ep100030_result.json,d7c405f52218612b07709a6e5fba9a856064de156135dd0b1d4d6c294ddc22ce
vlact,place_relative,5,100031,right,failure,0,400,400,action_limit,"Use the right arm to pick up the red stapler, set it to the right of the brown coffee-box",reused,vlact/place_relative/place_relative_ep100031_result.json,413f928c0b87022ced43d045a2d9b57358e16f944fe4b99ec37f65ad16c89edf
vlact,place_relative,5,100034,on_top,failure,0,400,400,action_limit,Grab the red stapler and set it on top of the brown coffee-box,reused,vlact/place_relative/place_relative_ep100034_result.json,6d1370e500b7b613a16b64f4124c49cf170f24f8e2e71fc56ca6d0202b120b7f
vlact,place_relative,6,100040,left,success,1,124,400,task_success,Pick up the red can and move it to the left of the brown coffee-box,reused,vlact/place_relative/place_relative_ep100040_result.json,a88f33d98237e50e029cf5a63216457d29c5501aed601cd16e77a8049d227400
vlact,place_relative,6,100041,right,failure,0,400,400,action_limit,Relocate the red can to the right of the brown coffee-box,reused,vlact/place_relative/place_relative_ep100041_result.json,5cd90b624e9c34dd5ba39397e4bba89580533a5ff340b2a991298b99d72707fc
vlact,place_relative,6,100044,on_top,failure,0,400,400,action_limit,Relocate the red can on top of the brown coffee-box,reused,vlact/place_relative/place_relative_ep100044_result.json,8c7c3b919de9b1732b7681994cbeb1b0e3f9f0a27382346260e640a79f19f55e
vlact,place_relative,7,100045,left,success,1,137,400,task_success,Grab the blue soap and set it to the left of the brown coffee-box,reused,vlact/place_relative/place_relative_ep100045_result.json,41751378d538a39bf6b9dc7236428e3a2b589110c6c48d4259d9da65d517f783
vlact,place_relative,7,100046,right,failure,0,400,400,action_limit,"Use the left arm to pick up the blue soap, set it to the right of the brown coffee-box",reused,vlact/place_relative/place_relative_ep100046_result.json,8da257bef586bede29ceecfb86b2cdf121c4668e6a60af207595ca32bf6cd603
vlact,place_relative,7,100049,on_top,failure,0,400,400,action_limit,Lift the blue soap and set it on top of the brown coffee-box,reused,vlact/place_relative/place_relative_ep100049_result.json,b25603991fd303711d96ebac4c223bd0561b2361fb68ce1e7cf1405feedcb430
vlact,place_relative,8,100050,left,failure,0,400,400,action_limit,Use the right arm to grab the gray mouse and place it to the left of the red tea-box,reused,vlact/place_relative/place_relative_ep100050_result.json,af9267edc1c22cc281351d8587b71203583f6c85ca9492975f7a19ba1eb87fe4
vlact,place_relative,8,100051,right,success,1,119,400,task_success,Lift the gray mouse and set it to the right of the red tea-box,reused,vlact/place_relative/place_relative_ep100051_result.json,31eddd1635594759a8e09992214b0599c54d00a75ae4d086be65cc4369a7c681
vlact,place_relative,8,100054,on_top,failure,0,400,400,action_limit,Lift the gray mouse and set it on top of the red tea-box,reused,vlact/place_relative/place_relative_ep100054_result.json,b367d4bd25177594f2ad065832733360f845fee68fc36832bc22352411b6443b
vlact,place_relative,9,100055,left,success,1,119,400,task_success,Grab the green toycar and set it to the left of the red tea-box,reused,vlact/place_relative/place_relative_ep100055_result.json,df681bedb2c35e76abf0fc43d003985d5a079e7286b6a374f3704862fd465ce1
vlact,place_relative,9,100056,right,failure,0,400,400,action_limit,Grab the green toycar and set it to the right of the red tea-box,reused,vlact/place_relative/place_relative_ep100056_result.json,e6217c6ad116beb753a7a73cbf145f55492eaacdb7f2183a4a5756401a13225e
vlact,place_relative,9,100059,on_top,success,1,117,400,task_success,Pick up the green toycar and move it on top of the red tea-box,reused,vlact/place_relative/place_relative_ep100059_result.json,d219c85e5d52e682e3d361f36964ca6eacb6301f33a3f754235fec3f35e7e7c7
vlact,place_relative,10,100060,left,success,1,154,400,task_success,Use the left arm to grab the red stapler and place it to the left of the red tea-box,reused,vlact/place_relative/place_relative_ep100060_result.json,bb5aa84669f33b967b3b7177dd8a3d9e0f1e4f324e7d115dc3818f1b2c39b5ec
vlact,place_relative,10,100061,right,failure,0,400,400,action_limit,Pick up the red stapler and move it to the right of the red tea-box,reused,vlact/place_relative/place_relative_ep100061_result.json,2ca105747832942dc47d5d972c29b43549846f380ce0f18c5d27af822ee38eac
vlact,place_relative,10,100064,on_top,failure,0,400,400,action_limit,"Use the left arm to pick up the red stapler, set it on top of the red tea-box",reused,vlact/place_relative/place_relative_ep100064_result.json,fd8f39042eb81cfb32a366d921a4ebf8f9c20aeacaa5c7184c38495ba4328513
vlact,place_relative,11,100065,left,success,1,129,400,task_success,Grab the black remotecontrol and set it to the left of the red tea-box,reused,vlact/place_relative/place_relative_ep100065_result.json,f5008cb67e4b6dba57235d54b739e22d1bd6700493da040f28ad91dc2685afe2
vlact,place_relative,11,100066,right,failure,0,400,400,action_limit,"Use the left arm to pick up the black remotecontrol, set it to the right of the red tea-box",reused,vlact/place_relative/place_relative_ep100066_result.json,579a302ed65c41e8c97c9807c6fa1b1464a9a98a0ea690584602fe6d4a69646a
vlact,place_relative,11,100069,on_top,failure,0,400,400,action_limit,Pick up the black remotecontrol and move it on top of the red tea-box,reused,vlact/place_relative/place_relative_ep100069_result.json,d1a2699e98e5e60580c2f602512e066a1e60890676a0ac7d752cf7a50e172f0b
vlact,place_relative,12,100070,left,success,1,175,400,task_success,Relocate the red can to the left of the red tea-box,reused,vlact/place_relative/place_relative_ep100070_result.json,6eef58e7a7105de0a196977bbb3ae37adc8694164079eab5e19e4df7cd6161c1
vlact,place_relative,12,100071,right,success,1,121,400,task_success,Relocate the red can to the right of the red tea-box,reused,vlact/place_relative/place_relative_ep100071_result.json,c214386483e067e0cf9b869c3e957d7dd0b82aa7ce9734f870b3722c7da831ee
vlact,place_relative,12,100074,on_top,failure,0,400,400,action_limit,Relocate the red can on top of the red tea-box,reused,vlact/place_relative/place_relative_ep100074_result.json,e5ffa3bdf557f3c3aaa930b1288ca5ec82c309f54e0b80d999b5d2bf36ecccc2
vlact,place_relative,13,100075,left,failure,0,400,400,action_limit,"Use the right arm to pick up the blue soap, set it to the left of the red tea-box",reused,vlact/place_relative/place_relative_ep100075_result.json,e4b6163f9cc16f7462ac678f7480fdb8e0dba67de65de7b7f736ca0e5ca460be
vlact,place_relative,13,100076,right,success,1,133,400,task_success,Pick up the blue soap and move it to the right of the red tea-box,reused,vlact/place_relative/place_relative_ep100076_result.json,124751f0a72dc3964bf5ae41fa332081c4c432d6e1b53aa8739d1269c66be285
vlact,place_relative,13,100079,on_top,failure,0,400,400,action_limit,Grab the blue soap and set it on top of the red tea-box,reused,vlact/place_relative/place_relative_ep100079_result.json,c46a09308bfc33b82e608567d40288b65888afb4397728639ec02fcfa336e5dc
vlact,place_relative,14,100080,left,failure,0,400,400,action_limit,Grab the gray mouse and set it to the left of the brown coffee-box,reused,vlact/place_relative/place_relative_ep100080_result.json,d020ae68c24ed2b3fa7b747e427fc7b67da51fb860edcf11648318256b65f493
vlact,place_relative,14,100081,right,failure,0,400,400,action_limit,"Use the left arm to pick up the gray mouse, set it to the right of the brown coffee-box",reused,vlact/place_relative/place_relative_ep100081_result.json,4d7bd60e36d59112c6b741742e7bf0db77dbb9d835b707d6f23343698bf8ff99
vlact,place_relative,14,100084,on_top,failure,0,400,400,action_limit,Grab the gray mouse and set it on top of the brown coffee-box,reused,vlact/place_relative/place_relative_ep100084_result.json,50e27ebbfb2f8e686865986f51b11ad8ce58405a047666e6ce00c2df7ca89417
vlact,place_relative,15,100085,left,failure,0,400,400,action_limit,Lift the green toycar and set it to the left of the brown coffee-box,reused,vlact/place_relative/place_relative_ep100085_result.json,fe8389ed60180d808821c5c00f12a3d3e2c1cb516895536773594fc8374f8535
vlact,place_relative,15,100086,right,success,1,121,400,task_success,"Use the right arm to pick up the green toycar, set it to the right of the brown coffee-box",reused,vlact/place_relative/place_relative_ep100086_result.json,c974cce7c8493720e1aa4ac1f3319435de938217cdfd36d5a30c55f0eb694caf
vlact,place_relative,15,100089,on_top,failure,0,400,400,action_limit,Lift the green toycar and set it on top of the brown coffee-box,reused,vlact/place_relative/place_relative_ep100089_result.json,b9ef3aa1153dfb2947e1e967a94c03e1f538e7c7b9fc661465b20f22bd266cb7
vlact,place_relative,16,100095,left,failure,0,400,400,action_limit,"Use the right arm to pick up the black remotecontrol, set it to the left of the brown coffee-box",reused,vlact/place_relative/place_relative_ep100095_result.json,06ee719b6dc1bc84f66cb61f25ec81dc950fe6b21c0d7a94b7e28b669dee2dc8
vlact,place_relative,16,100096,right,success,1,127,400,task_success,Relocate the black remotecontrol to the right of the brown coffee-box,reused,vlact/place_relative/place_relative_ep100096_result.json,409e49e5e8dbf0b5f62b43c67b7e7a4492cb7cd999cacfe43229a2426bdf3dae
vlact,place_relative,16,100099,on_top,failure,0,400,400,action_limit,Lift the black remotecontrol and set it on top of the brown coffee-box,reused,vlact/place_relative/place_relative_ep100099_result.json,4573fab02db07d00570bd49028bf9c785c011ae2e8a3647dec4830c6c1004168
vlact,place_relative,17,100100,left,failure,0,400,400,action_limit,"Use the right arm to pick up the red can, set it to the left of the brown coffee-box",reused,vlact/place_relative/place_relative_ep100100_result.json,fd8154f9e6e097770db32d3ea1c51dc72e88dd2d9fc7ddf0c1e2f183edcecdc9
vlact,place_relative,17,100101,right,failure,0,400,400,action_limit,"Use the right arm to pick up the red can, set it to the right of the brown coffee-box",reused,vlact/place_relative/place_relative_ep100101_result.json,ab9da2ae706a435e9e7d3539446f9def595166311d685ca72831f7239233dfa5
vlact,place_relative,17,100104,on_top,failure,0,400,400,action_limit,Pick up the red can and move it on top of the brown coffee-box,reused,vlact/place_relative/place_relative_ep100104_result.json,78beef3269aa753db233f14d3b365c137c45dd9a0d7836c3e9d87bacc8b8465c
vlact,place_relative,18,100105,left,failure,0,400,400,action_limit,Use the right arm to grab the blue soap and place it to the left of the brown coffee-box,reused,vlact/place_relative/place_relative_ep100105_result.json,c907e742adc7ae5ab7ac9f7aef94d6f7ecd64e44ca2a16365d87c1448f4598c0
vlact,place_relative,18,100106,right,success,1,146,400,task_success,Grab the blue soap and set it to the right of the brown coffee-box,reused,vlact/place_relative/place_relative_ep100106_result.json,b344ef658c81e5b54a6e614cd55fb205999f7d29254988560a4eb0af566ddbef
vlact,place_relative,18,100109,on_top,failure,0,400,400,action_limit,Relocate the blue soap on top of the brown coffee-box,reused,vlact/place_relative/place_relative_ep100109_result.json,43fcf36e046c5567b93a55b5aecb926d23f87cf2d3dde86fc50172484bd48fe8
vlact,place_relative,19,100110,left,success,1,120,400,task_success,Use the left arm to grab the gray mouse and place it to the left of the red tea-box,reused,vlact/place_relative/place_relative_ep100110_result.json,27b300d97adaa74106eff9c4b0f7d4e9ce65f5eeed732a53a90c0205a7f45b8e
vlact,place_relative,19,100111,right,failure,0,400,400,action_limit,Grab the gray mouse and set it to the right of the red tea-box,reused,vlact/place_relative/place_relative_ep100111_result.json,1308810eca04cbf387e2265edad747ad1d36fef59a2845929241cf952b0809ee
vlact,place_relative,19,100114,on_top,failure,0,400,400,action_limit,Use the left arm to grab the gray mouse and place it on top of the red tea-box,reused,vlact/place_relative/place_relative_ep100114_result.json,ff52d05130438d8053e81b5dfb06b3fad44e695cc4f69d60eea82e7a24bbbd39
dm05,bottle_verb,0,100002,pick,success,1,700,700,action_limit,pick up the curvy yellow plastic bottle gently.,new,dm05/bottle_verb/bottle_verb_ep100002_result.json,7a93ed2a679f4151d42db96207186474958d5ac1f92d4d1e13b7f3a412c7bc49
dm05,bottle_verb,0,100003,shake,success,1,178,700,task_success,shake the smooth bottle with blue text gently.,new,dm05/bottle_verb/bottle_verb_ep100003_result.json,7770d9e976643129249d533bf5b9d47b97737979508cea0918d7c8dd57af1b9a
dm05,bottle_verb,1,100004,pick,success,1,700,700,action_limit,Please grab the curvy yellow plastic bottle with the left arm.,new,dm05/bottle_verb/bottle_verb_ep100004_result.json,fd563d84c8084db76ca10947cfc9eb84662e24f1e3514340040a725173eaac46
dm05,bottle_verb,1,100005,shake,success,1,150,700,task_success,shake the yellow bottle with white cap using the left arm.,new,dm05/bottle_verb/bottle_verb_ep100005_result.json,48a2cbe9b08cd3982ee1bdb804d1cf17fd6ada2a8481468153d1ecefa89b5ca6
dm05,bottle_verb,2,100006,pick,success,1,700,700,action_limit,Kindly lift the bottle with printed label.,new,dm05/bottle_verb/bottle_verb_ep100006_result.json,767d10887a283dc6de762893f34b68ff207c5e741c5bf32621979581e8ec1067
dm05,bottle_verb,2,100007,shake,success,1,164,700,task_success,Kindly shake the bottle with printed label.,new,dm05/bottle_verb/bottle_verb_ep100007_result.json,a8dd873e63d9bf3162b1ab0db98d0f20502c2fc7e3e7de190c36b50794fb5d87
dm05,bottle_verb,3,100008,pick,success,1,700,700,action_limit,Please pick up the yellow bottle for liquid storage with the right arm.,new,dm05/bottle_verb/bottle_verb_ep100008_result.json,17c053c0cc29e365b861bb7d82801ffc0a6b621ed9a2f85419105b41e519fe0c
dm05,bottle_verb,3,100009,shake,success,1,164,700,task_success,shake the yellow bottle for liquid storage with care.,new,dm05/bottle_verb/bottle_verb_ep100009_result.json,db4dd9d246568254ec1d38518b5247a9b7092f4324473693dc6d86db6eca4bc0
dm05,bottle_verb,4,100010,pick,success,1,700,700,action_limit,grab the medium-sized plastic bottle with capped top gently.,new,dm05/bottle_verb/bottle_verb_ep100010_result.json,d796e5cc0eb0a9d29bdc5dd62209d7fc9739c3734e5e8c5d2d9f7de33219aca5
dm05,bottle_verb,4,100011,shake,success,1,154,700,task_success,Please shake the medium-sized plastic bottle with capped top with the left arm.,new,dm05/bottle_verb/bottle_verb_ep100011_result.json,98975182e08a48b4d1481f498f3523597868ec2e88922a73e6897748b32fa058
dm05,bottle_verb,5,100016,pick,success,1,700,700,action_limit,Kindly grab the bottle with ridged orange grip.,new,dm05/bottle_verb/bottle_verb_ep100016_result.json,a5bbeccc9279a6238089fa1d7c53d37d0ba4657a9262af64a4a0123a2bedd2f0
dm05,bottle_verb,5,100017,shake,success,1,158,700,task_success,Please shake the white capped orange plastic bottle with the left arm.,new,dm05/bottle_verb/bottle_verb_ep100017_result.json,5a744d19bf035a03108f37cd671acfa590974a542d79edec8f7b91a06dfdaa01
dm05,bottle_verb,6,100018,pick,success,1,700,700,action_limit,Kindly lift the smooth bottle with blue text.,new,dm05/bottle_verb/bottle_verb_ep100018_result.json,1dc7717f4eda897be0f4b8f8ed4ace90eee4017328f1998116cbd1c51651acee
dm05,bottle_verb,6,100019,shake,success,1,146,700,task_success,shake the smooth bottle with blue text gently.,new,dm05/bottle_verb/bottle_verb_ep100019_result.json,f28a34a297c2f0f997515bb91cf257dc6cae5bcafb09c7a3418404de6691bf9d
dm05,bottle_verb,7,100020,pick,success,1,700,700,action_limit,pick up the handheld orange bottle with care.,new,dm05/bottle_verb/bottle_verb_ep100020_result.json,13f41325ec5ba17936604b54f3a330b55b2b8298d10ac734640a7fe08eed0ffe
dm05,bottle_verb,7,100021,shake,success,1,246,700,task_success,shake the label-covered orange bottle gently.,new,dm05/bottle_verb/bottle_verb_ep100021_result.json,b76220b376d90c2be9f314d122748ff9bdf5c48211fe932ee2854c91bbf4b481
dm05,bottle_verb,8,100022,pick,success,1,700,700,action_limit,grab the bottle with curved body carefully now.,new,dm05/bottle_verb/bottle_verb_ep100022_result.json,69504783b9f6c49f6e7a853a58f4eedeb33d0f05142b2a4dcdd90a2da4b9ca36
dm05,bottle_verb,8,100023,shake,success,1,126,700,task_success,shake the bottle with curved body gently.,new,dm05/bottle_verb/bottle_verb_ep100023_result.json,adc0b41d960da55fa109aa23a9fe159cee7388bbe950b0254fe91b733b244f37
dm05,bottle_verb,9,100024,pick,success,1,700,700,action_limit,lift the bottle with curved neck design with the left arm.,new,dm05/bottle_verb/bottle_verb_ep100024_result.json,a1525f2dc478da3250e1716ca0d18117ad8324efe591b9456c05695f1d0da52f
dm05,bottle_verb,9,100025,shake,success,1,146,700,task_success,shake the bottle with curved neck design for a moment.,new,dm05/bottle_verb/bottle_verb_ep100025_result.json,9e89d47028ecbabbe1deca29413bdcfc47cae1bf572ecaa91188769e9037afb6
dm05,bottle_verb,10,100026,pick,success,1,700,700,action_limit,pick up the bottle with curved neck design using one arm.,new,dm05/bottle_verb/bottle_verb_ep100026_result.json,4cb65b0c8b4d06dce787da5dc8f26f87b7bab4af9c1331e2d8ff1ae91c3e0663
dm05,bottle_verb,10,100027,shake,success,1,154,700,task_success,shake the blue-capped plastic bottle carefully now.,new,dm05/bottle_verb/bottle_verb_ep100027_result.json,431f853fc865c02d2cf56b4825f1842cd7c06f81d3aaeddde8a0e63648b7404f
dm05,bottle_verb,11,100030,pick,success,1,700,700,action_limit,lift the blue-capped plastic bottle gently.,new,dm05/bottle_verb/bottle_verb_ep100030_result.json,c419b24942f5e08006e167535087070576ae2d674225df07f8433ab59e0326ca
dm05,bottle_verb,11,100031,shake,success,1,153,700,task_success,shake the bottle with curved neck design gently.,new,dm05/bottle_verb/bottle_verb_ep100031_result.json,a9045d73eb69dcb5fddba8167f31a4f6ee1c1b003d54c52edf322e13d0fac1ea
dm05,bottle_verb,12,100032,pick,success,1,700,700,action_limit,Kindly pick up the bottle with curved body.,new,dm05/bottle_verb/bottle_verb_ep100032_result.json,1b3b186449a079ab2344fbb2308c38b30f07cd94941d5419a4dc45d816510dce
dm05,bottle_verb,12,100033,shake,success,1,130,700,task_success,shake the bottle with curved body right away.,new,dm05/bottle_verb/bottle_verb_ep100033_result.json,456160bdd4ff59f25ff8e15ac7af6cbd94de639befba849559a6bd0b81ec6176
dm05,bottle_verb,13,100038,pick,success,1,700,700,action_limit,pick up the liquid container dark brown plastic with the left arm.,new,dm05/bottle_verb/bottle_verb_ep100038_result.json,5005cde66058ae9045fcdd1881bf46a6f2e9fccfa9436af44e2d7cad7f720594
dm05,bottle_verb,13,100039,shake,success,1,164,700,task_success,shake the liquid container dark brown plastic carefully now.,new,dm05/bottle_verb/bottle_verb_ep100039_result.json,151bfdf8ded74d9680d331f1e7c3f98ca5019413ce661cdfcbecf79380da8fb4
dm05,bottle_verb,14,100042,pick,success,1,700,700,action_limit,lift the light gray bottle right away.,new,dm05/bottle_verb/bottle_verb_ep100042_result.json,63f2115c4b141f7a88c8b079beb6edbddfe6a452316b296c3919a1e2d9bcdf98
dm05,bottle_verb,14,100043,shake,success,1,202,700,task_success,shake the light gray bottle with care.,new,dm05/bottle_verb/bottle_verb_ep100043_result.json,b5991d9a30188b50bed003230163a8e5c9df747b3537b986021f6b4fad80eb04
dm05,bottle_verb,15,100048,pick,success,1,700,700,action_limit,lift the plastic bottle with printed label with the right arm.,new,dm05/bottle_verb/bottle_verb_ep100048_result.json,b2f3e8bd7588b37538c8c8feb8850e0ffb0dab33d53d37d3537f4fe833f2fa39
dm05,bottle_verb,15,100049,shake,success,1,172,700,task_success,shake the bottle with glossy surface right away.,new,dm05/bottle_verb/bottle_verb_ep100049_result.json,f1bda63be242189b6e7f5e7dfb52ea4c27fa4f04a7c8ea107bc8f17c757f6069
dm05,bottle_verb,16,100050,pick,success,1,700,700,action_limit,pick up the label-covered orange bottle with care.,new,dm05/bottle_verb/bottle_verb_ep100050_result.json,a871d5bea920707577e0eb4dfdafda217360d4728d2f7b3fdb39aceac8e24ffb
dm05,bottle_verb,16,100051,shake,success,1,150,700,task_success,shake the handheld orange bottle right away.,new,dm05/bottle_verb/bottle_verb_ep100051_result.json,6f62e2ac6b6e53a5cc201d0c4e868545ce9d3ead930e7ae4546890780883740b
dm05,bottle_verb,17,100052,pick,success,1,700,700,action_limit,grab the bottle with red screw cap with the right arm.,new,dm05/bottle_verb/bottle_verb_ep100052_result.json,9a09bca50ee4d66ecc5e72c5e7372e284e33c7ce8066307addc6c98af377b73a
dm05,bottle_verb,17,100053,shake,success,1,220,700,task_success,shake the bottle with red screw cap with care.,new,dm05/bottle_verb/bottle_verb_ep100053_result.json,af299c79fdd033ae6065b6023bd75c4f9463ef644cc2a6699fc728488d2fe5ca
dm05,bottle_verb,18,100054,pick,success,1,700,700,action_limit,lift the medium-sized plastic bottle with capped top gently.,new,dm05/bottle_verb/bottle_verb_ep100054_result.json,0b9038ea4911b1d770570b69686e785968c664029398eae7dc7543fe366765de
dm05,bottle_verb,18,100055,shake,success,1,153,700,task_success,shake the medium-sized plastic bottle with capped top right away.,new,dm05/bottle_verb/bottle_verb_ep100055_result.json,25701dd97fee5ed530ffd21c58ec96c3d5954de6c1c3fd9b8406e7ab0f970279
dm05,bottle_verb,19,100056,pick,success,1,700,700,action_limit,pick up the yellow bottle for liquid storage gently.,new,dm05/bottle_verb/bottle_verb_ep100056_result.json,9447cf8737a8264d2400abcaa41d952b7ef3e7b0b5d6d78034dd58896d919d5e
dm05,bottle_verb,19,100057,shake,success,1,156,700,task_success,Please shake the yellow rectangular bottle with the left arm.,new,dm05/bottle_verb/bottle_verb_ep100057_result.json,ed7580e89e39b786d3353472ec02b9deae4b9336fda91ada5375c5eca473ddb3
dm05,pick_diverse_object,0,100002,seen,success,1,43,400,task_success,Pick up the bread carefully using the left arm,reused,dm05/pick_diverse_object/pick_diverse_object_ep100002_result.json,ba8e2d4ec2aca70792a5ff2649753f97830ca249c8208e0d3ae522da4efef686
dm05,pick_diverse_object,0,100003,unseen,success,1,76,400,task_success,Lift the apple from the table using the left arm.,reused,dm05/pick_diverse_object/pick_diverse_object_ep100003_result.json,046bd1f47fe35fa7f61ccacc7d28cab361b93ed8e5ad722cd8e9582a80e2a4e4
dm05,pick_diverse_object,1,100004,seen,success,1,77,400,task_success,Pick up the coffee box carefully using the left arm,reused,dm05/pick_diverse_object/pick_diverse_object_ep100004_result.json,d41b04aedfc74074f6a3b4e5c291239917704b1d675a3a74c72e755a4fff9d6d
dm05,pick_diverse_object,1,100005,unseen,failure,0,400,400,action_limit,Pick up the wooden mallet carefully using the left arm,reused,dm05/pick_diverse_object/pick_diverse_object_ep100005_result.json,c67212c4c02d3e4f0c6043e441fa9b1278cde3155ddca67e0f24c719835001a3
dm05,pick_diverse_object,2,100006,seen,success,1,73,400,task_success,Grab the mouse on the table and raise it.,reused,dm05/pick_diverse_object/pick_diverse_object_ep100006_result.json,d4b85f42e04519533c989bec1a94d3be2cbe01be7bd16dd032102ff13bdf2bca
dm05,pick_diverse_object,2,100007,unseen,failure,0,400,400,action_limit,Pick up the paintbrush carefully using the left arm,reused,dm05/pick_diverse_object/pick_diverse_object_ep100007_result.json,4e36bfc2677129e2da9237ae7ba56c62ceaa101351182d747621e0ffa852aaa5
dm05,pick_diverse_object,3,100008,seen,success,1,74,400,task_success,Pick up the bottle using the correct arm,reused,dm05/pick_diverse_object/pick_diverse_object_ep100008_result.json,1a11d2d739a4fbacefce75d0105922701fe28362c5caf6f88a76e07b0ffdfc31
dm05,pick_diverse_object,3,100009,unseen,failure,0,400,400,action_limit,Grab the dumbbell on the table and raise it.,reused,dm05/pick_diverse_object/pick_diverse_object_ep100009_result.json,7350cbe75811c9725703f0b6f6ea94a249d613cd55d401ac4f2afc31c4974a71
dm05,pick_diverse_object,4,100012,seen,success,1,76,400,task_success,Grab the shoe on the table and raise it.,reused,dm05/pick_diverse_object/pick_diverse_object_ep100012_result.json,e2b09833871bf5a9b2ffede838c1e37a37145d89d06944422e644c82e628cefb
dm05,pick_diverse_object,4,100013,unseen,failure,0,400,400,action_limit,Pick up the wooden mallet using the correct arm,reused,dm05/pick_diverse_object/pick_diverse_object_ep100013_result.json,3aea3fba5413a3d7c4ad4f182601deb7f3297d96564ec08efd9b3d5d1b2afaa9
dm05,pick_diverse_object,5,100014,seen,success,1,71,400,task_success,Pick up the mug carefully using the left arm,reused,dm05/pick_diverse_object/pick_diverse_object_ep100014_result.json,2ee3ac0587e00fbe88df61d8a9166b03c934e607af49654bb108bb189ac77690
dm05,pick_diverse_object,5,100015,unseen,failure,0,400,400,action_limit,Lift the paintbrush from the table using the right arm.,reused,dm05/pick_diverse_object/pick_diverse_object_ep100015_result.json,5ed910243ec8de9c04708af4bb400d4af9c77e94fb112755f55e02331eab8fd6
dm05,pick_diverse_object,6,100018,seen,success,1,75,400,task_success,Pick up the toy car carefully using the right arm,reused,dm05/pick_diverse_object/pick_diverse_object_ep100018_result.json,c99b53353e0cdc6c728ebcb1d492d7ef8908e29231b4e6d57f34aa81068e1560
dm05,pick_diverse_object,6,100019,unseen,success,1,77,400,task_success,Pick up the apple carefully using the right arm,reused,dm05/pick_diverse_object/pick_diverse_object_ep100019_result.json,3a41fec04aef8339fe5ca83d141e745cfe8c443f323c6b2f0d7ad408a405a871
dm05,pick_diverse_object,7,100020,seen,success,1,74,400,task_success,Grab the phone on the table and raise it.,reused,dm05/pick_diverse_object/pick_diverse_object_ep100020_result.json,5a33a33f15a2b2aa28a853f27fa517f7cd4f0a5a506d8cf43a104fe758442a31
dm05,pick_diverse_object,7,100021,unseen,failure,0,400,400,action_limit,Grab the wooden mallet on the table and raise it.,reused,dm05/pick_diverse_object/pick_diverse_object_ep100021_result.json,e92248018767e5c5fa6665f05a9a82a47097e0ecb02b579fbc87099516a7dde4
dm05,pick_diverse_object,8,100024,seen,failure,0,400,400,action_limit,Pick up the hamburger carefully using the right arm,reused,dm05/pick_diverse_object/pick_diverse_object_ep100024_result.json,c6fe19d011eb02214c46fe985e63e9a44a9069def3055119da5e7ed44ff778a6
dm05,pick_diverse_object,8,100025,unseen,success,1,46,400,task_success,Pick up the dumbbell carefully using the left arm,reused,dm05/pick_diverse_object/pick_diverse_object_ep100025_result.json,93a43b0d8307486a6d5ad9b7fbf12a50c4fd28b631015d0661111490a80788c2
dm05,pick_diverse_object,9,100034,seen,success,1,77,400,task_success,Lift the cup from the table using the left arm.,reused,dm05/pick_diverse_object/pick_diverse_object_ep100034_result.json,a4ee99b2a98be557c8a0a81136aa7f5c93c8c9b4052c8db12ecb1e534b40119b
dm05,pick_diverse_object,9,100035,unseen,failure,0,400,400,action_limit,Grab the apple on the table and raise it.,reused,dm05/pick_diverse_object/pick_diverse_object_ep100035_result.json,78e43af8dd07e5de6e2ca74b5429471d5dae7dedf8bd00f8077e27818ca24e1b
dm05,pick_diverse_object,10,100036,seen,success,1,78,400,task_success,Grab the shoe on the table and raise it.,reused,dm05/pick_diverse_object/pick_diverse_object_ep100036_result.json,d522fdda06dd35ebebc2ddad20250987b2fd5d1dc2cd9dd66c6cef077d69a7a8
dm05,pick_diverse_object,10,100037,unseen,failure,0,400,400,action_limit,Lift the wooden mallet from the table using the right arm.,reused,dm05/pick_diverse_object/pick_diverse_object_ep100037_result.json,96e4736835da92ec2e4f79a8e11291e318c49f4cd656d805d51c5ce5eddfd3a4
dm05,pick_diverse_object,11,100038,seen,success,1,71,400,task_success,Lift the mug from the table using the left arm.,reused,dm05/pick_diverse_object/pick_diverse_object_ep100038_result.json,3cea6ebbb9c160d8acf616aede9c374382de35edbf86492f413001392d786461
dm05,pick_diverse_object,11,100039,unseen,success,1,78,400,task_success,Grab the paintbrush on the table and raise it.,reused,dm05/pick_diverse_object/pick_diverse_object_ep100039_result.json,1fcf87ab66d80cf46b2d14bf2e2ff2c1501b96ec45c8de2293b808e431022968
dm05,pick_diverse_object,12,100040,seen,success,1,72,400,task_success,Grab the can on the table and raise it.,reused,dm05/pick_diverse_object/pick_diverse_object_ep100040_result.json,2d716aed6b7020c8d9e74f761da4a992a13cc1bbafe6176a0eb7306256fbe179
dm05,pick_diverse_object,12,100041,unseen,failure,0,400,400,action_limit,Grab the dumbbell on the table and raise it.,reused,dm05/pick_diverse_object/pick_diverse_object_ep100041_result.json,742db75489b34f3dd21a5eaee9a1f4898b6b0edf55b6159e0243129b7542c832
dm05,pick_diverse_object,13,100042,seen,success,1,74,400,task_success,Lift the toy car from the table using the right arm.,reused,dm05/pick_diverse_object/pick_diverse_object_ep100042_result.json,c83faac354034fa76da1bdb78acbcc9aaf575c85c3b42ffc7575055677f97394
dm05,pick_diverse_object,13,100043,unseen,success,1,75,400,task_success,Pick up the apple using the correct arm,reused,dm05/pick_diverse_object/pick_diverse_object_ep100043_result.json,4441013ab34803a1e64070bd574ac6ca92dfdca500bea25880ec6707f8c23f0b
dm05,pick_diverse_object,14,100048,seen,failure,0,400,400,action_limit,Grab the hamburger on the table and raise it.,reused,dm05/pick_diverse_object/pick_diverse_object_ep100048_result.json,66a1e65406e5f2af0aa2d8ec65b10e14249bd70a77512c44afb8f382e4b2e7f5
dm05,pick_diverse_object,14,100049,unseen,failure,0,400,400,action_limit,Grab the dumbbell on the table and raise it.,reused,dm05/pick_diverse_object/pick_diverse_object_ep100049_result.json,ede9c28a4d1a351b6f9876da405257d209c772672ef4d882357dc00bbd60e93c
dm05,pick_diverse_object,15,100052,seen,success,1,74,400,task_success,Pick up the coffee box using the correct arm,reused,dm05/pick_diverse_object/pick_diverse_object_ep100052_result.json,385d2ba4ab1ebb7ae80990ef26feb106663c1b91324e43808a33079dd3b8bc0f
dm05,pick_diverse_object,15,100053,unseen,success,1,75,400,task_success,Pick up the wooden mallet using the correct arm,reused,dm05/pick_diverse_object/pick_diverse_object_ep100053_result.json,e8573e06eca92e0fc76e09f1f17fd322a28378b5c5f5e1ae809479003af39247
dm05,pick_diverse_object,16,100054,seen,success,1,75,400,task_success,Grab the mouse on the table and raise it.,reused,dm05/pick_diverse_object/pick_diverse_object_ep100054_result.json,75bc5f3f51b804e7aa8ab8deeab73d1c5039e1cf60699a066b037fd9a324612c
dm05,pick_diverse_object,16,100055,unseen,failure,0,400,400,action_limit,Lift the paintbrush from the table using the right arm.,reused,dm05/pick_diverse_object/pick_diverse_object_ep100055_result.json,26b72c5d2fdee2ad569df178d4e7efc8fcb426116199a5e2485f171897ee4691
dm05,pick_diverse_object,17,100056,seen,success,1,77,400,task_success,Grab the bottle on the table and raise it.,reused,dm05/pick_diverse_object/pick_diverse_object_ep100056_result.json,6e310932a3b8b09ef1a3e581e80b01476a309d1d7153cc167b3f2859b08eabf6
dm05,pick_diverse_object,17,100057,unseen,success,1,58,400,task_success,Pick up the dumbbell carefully using the left arm,reused,dm05/pick_diverse_object/pick_diverse_object_ep100057_result.json,142865a12f0cbdf6e28058c7231f18e341f97c91812ce52c066b7045b17d8c6d
dm05,pick_diverse_object,18,100060,seen,success,1,78,400,task_success,Pick up the shoe carefully using the right arm,reused,dm05/pick_diverse_object/pick_diverse_object_ep100060_result.json,25a87d3e9d8c78f2d53994e3f5c40c63bc94dbd6627d12055a13bd063777fc88
dm05,pick_diverse_object,18,100061,unseen,failure,0,400,400,action_limit,Grab the wooden mallet on the table and raise it.,reused,dm05/pick_diverse_object/pick_diverse_object_ep100061_result.json,818491bc77e97c5e69aea287a6c4a603516c141fe59e46ef0cd055559d793a96
dm05,pick_diverse_object,19,100066,seen,success,1,73,400,task_success,Lift the toy car from the table using the right arm.,reused,dm05/pick_diverse_object/pick_diverse_object_ep100066_result.json,e9edb7d3a0e44cece3079582e1b3eb39d10d2015995823cb421eaaa0aa8d768f
dm05,pick_diverse_object,19,100067,unseen,failure,0,400,400,action_limit,Lift the apple from the table using the right arm.,reused,dm05/pick_diverse_object/pick_diverse_object_ep100067_result.json,1c0442da223a3793156541376d463d5c4022d21796157622bbddb5bbff6a35de
dm05,attribute_select,0,100000,color:red,success,1,79,400,task_success,Reach for the red block and lift it.,reused,dm05/attribute_select/attribute_select_ep100000_result.json,aa7c1b73817fb4e87d755be7369bff8c9bc2f240d6d59916620c3602903f4f8e
dm05,attribute_select,0,100001,color:blue,success,1,230,400,task_success,Reach for the blue block and lift it.,reused,dm05/attribute_select/attribute_select_ep100001_result.json,938d338f68a0a23b71a424b9daf344ac68787a1b741268464f409fade613d955
dm05,attribute_select,0,100002,decal:cat,failure,0,400,400,action_limit,Fetch the block with a cat on it.,reused,dm05/attribute_select/attribute_select_ep100002_result.json,5ff337c7071a51a16ef9fd0e9ad7ad7e24b4b623def3dc559d3d3af44adb1bb1
dm05,attribute_select,0,100003,decal:dog,success,1,131,400,task_success,Fetch the block with a dog on it.,reused,dm05/attribute_select/attribute_select_ep100003_result.json,3e882e7241238731327e5b46df3f176be32b6812f42198226a6a4b3a8afd3efc
dm05,attribute_select,0,100004,shape:block,failure,0,400,400,action_limit,Reach for the cube and lift it.,reused,dm05/attribute_select/attribute_select_ep100004_result.json,e6210abc51b151f3296fe2cd8219e8e1e1f9407d32aa652c1e52ab2a1a67fcb9
dm05,attribute_select,0,100005,shape:bar,success,1,79,400,task_success,Fetch the long bar.,reused,dm05/attribute_select/attribute_select_ep100005_result.json,74f225127d4bf1442d264b85ee79f02e3245cd6da6cd43d192db0a9bc9351d68
dm05,attribute_select,0,100006,size:big,failure,0,400,400,action_limit,Reach for the big block and lift it.,reused,dm05/attribute_select/attribute_select_ep100006_result.json,16ff7841012ef8a0fdbae2d099714c8d456d0204aeb759ece1418184f664c382
dm05,attribute_select,0,100007,size:small,success,1,78,400,task_success,Fetch the small block.,reused,dm05/attribute_select/attribute_select_ep100007_result.json,49be9784f74f0e777e785c41dc1572c8f2183966386ed6cbc7229083dac4f661
dm05,attribute_select,1,100008,color:red,success,1,78,400,task_success,Fetch the red block.,reused,dm05/attribute_select/attribute_select_ep100008_result.json,a4c6c97c0498eaed6d8fae42faa73410d07ceedab8573a1fb5b09169c5dbab45
dm05,attribute_select,1,100009,color:blue,success,1,229,400,task_success,Fetch the blue block.,reused,dm05/attribute_select/attribute_select_ep100009_result.json,98759bdecb491bbdc6629e93ee11bb6ff27abcf8b4202dd0b306023885d80959
dm05,attribute_select,1,100010,decal:cat,failure,0,400,400,action_limit,Reach for the block with a cat on it and lift it.,reused,dm05/attribute_select/attribute_select_ep100010_result.json,6132d50ece17fa76c367fdbe0841c5d0b427899e5f8f7e7071c29159776ca353
dm05,attribute_select,1,100011,decal:dog,failure,0,400,400,action_limit,Reach for the block with a dog on it and lift it.,reused,dm05/attribute_select/attribute_select_ep100011_result.json,9f10993175c8d33b8f5494bad21a41930c47d4c9a5c334bf3631c756fcc5cf3f
dm05,attribute_select,1,100012,shape:block,success,1,113,400,task_success,Fetch the cube.,reused,dm05/attribute_select/attribute_select_ep100012_result.json,7d1fe38a55399222f7971bb3d52955d6e946fe27e64048e20699613e94f046e5
dm05,attribute_select,1,100013,shape:bar,success,1,78,400,task_success,Reach for the long bar and lift it.,reused,dm05/attribute_select/attribute_select_ep100013_result.json,c676517ab91fca32827d526555037834b7706c40fe36fd8ea757abfa698e682b
dm05,attribute_select,1,100014,size:big,failure,0,400,400,action_limit,Fetch the big block.,reused,dm05/attribute_select/attribute_select_ep100014_result.json,7e8a25ddb5cfb65b665e974f6335a32cfc5a90c6031a201925fdc613d2f4cb1b
dm05,attribute_select,1,100015,size:small,success,1,78,400,task_success,Fetch the small block.,reused,dm05/attribute_select/attribute_select_ep100015_result.json,bfab5d0c031ede37a2dcbdadc38877ab1ec7b310518131908db1caeb781d41fd
dm05,attribute_select,2,100016,color:red,success,1,79,400,task_success,Reach for the red block and lift it.,reused,dm05/attribute_select/attribute_select_ep100016_result.json,79cece87fe081b5d2fce1f60225f05979daae53bda78fc9f5948debff7274e36
dm05,attribute_select,2,100017,color:blue,success,1,378,400,task_success,Fetch the blue block.,reused,dm05/attribute_select/attribute_select_ep100017_result.json,976d7055bfcf86107cec4f02b9f5f2565d81ccdcb1b2d52040ffa4f55e58be7a
dm05,attribute_select,2,100018,decal:cat,success,1,79,400,task_success,Fetch the block with a cat on it.,reused,dm05/attribute_select/attribute_select_ep100018_result.json,94eadd5cd8f6b1ea78be08a16fefff7e1893ba325937d5a8f54a908b49b21c5f
dm05,attribute_select,2,100019,decal:dog,success,1,78,400,task_success,Fetch the block with a dog on it.,reused,dm05/attribute_select/attribute_select_ep100019_result.json,a2552033aaf85323567cc9887ed2b3949ac2d8019e1eef447d84343f80e3b71c
dm05,attribute_select,2,100020,shape:block,success,1,78,400,task_success,Reach for the cube and lift it.,reused,dm05/attribute_select/attribute_select_ep100020_result.json,0c6b4a9edf7371dfc773c1111a0ee873e0c3287321c3b736d5640cf9d6d1864d
dm05,attribute_select,2,100021,shape:bar,success,1,79,400,task_success,Fetch the long bar.,reused,dm05/attribute_select/attribute_select_ep100021_result.json,4d4a1b8e14d05fadf69e75a8959a2630659042b15d83267c912a0f2e5311eb0b
dm05,attribute_select,2,100022,size:big,failure,0,400,400,action_limit,Reach for the big block and lift it.,reused,dm05/attribute_select/attribute_select_ep100022_result.json,e7038937c93e0891531facd08652f58e9e872c654a9f155b5ad59aab291b092f
dm05,attribute_select,2,100023,size:small,success,1,79,400,task_success,Fetch the small block.,reused,dm05/attribute_select/attribute_select_ep100023_result.json,be3ca65534506a65026eb89d415c222d5c9c0f22fb12a304ed20682acfdbcdf9
dm05,attribute_select,3,100024,color:red,success,1,80,400,task_success,Fetch the red block.,reused,dm05/attribute_select/attribute_select_ep100024_result.json,194e795e603d6a47166b8784f147a60d1f7b4519a401971ae51e8abd359cb01e
dm05,attribute_select,3,100025,color:blue,success,1,228,400,task_success,Reach for the blue block and lift it.,reused,dm05/attribute_select/attribute_select_ep100025_result.json,45e415f06fa09c18c09e4091fc0cc629600dcd24405f32942a82515dbb992ecc
dm05,attribute_select,3,100026,decal:cat,success,1,241,400,task_success,Fetch the block with a cat on it.,reused,dm05/attribute_select/attribute_select_ep100026_result.json,e2fb4fe8509fabe2a467e0632d265fe397dfa93df37ae6533365aae8e1738c5f
dm05,attribute_select,3,100027,decal:dog,success,1,79,400,task_success,Reach for the block with a dog on it and lift it.,reused,dm05/attribute_select/attribute_select_ep100027_result.json,f23a964ae292937bfe367331e57155a9e494059b1dc4897b70f99fce746e02c4
dm05,attribute_select,3,100028,shape:block,failure,0,400,400,action_limit,Reach for the cube and lift it.,reused,dm05/attribute_select/attribute_select_ep100028_result.json,15105acdea8681df0e1b11e53d1d4aec595f9152fbe47871a3f95263798c5f22
dm05,attribute_select,3,100029,shape:bar,success,1,78,400,task_success,Reach for the long bar and lift it.,reused,dm05/attribute_select/attribute_select_ep100029_result.json,64167a744e5e824913222a2fdf4ba5a69c1100b4ce63c3f55109055735c3c874
dm05,attribute_select,3,100030,size:big,success,1,229,400,task_success,Fetch the big block.,reused,dm05/attribute_select/attribute_select_ep100030_result.json,d75ff252935f0e4254714c750fed848acea126eb1560fbc32f8f90d6e08f2ce2
dm05,attribute_select,3,100031,size:small,success,1,79,400,task_success,Fetch the small block.,reused,dm05/attribute_select/attribute_select_ep100031_result.json,5a79441473af4cce5d2e7746bd1d540a59aa3aaf071ede019b133038ca64992c
dm05,attribute_select,4,100032,color:red,success,1,78,400,task_success,Fetch the red block.,reused,dm05/attribute_select/attribute_select_ep100032_result.json,3de0abc4f233bf9ae968c9fd7afa33f6a45dc7999d42d4d5a0161b0eb0768bd3
dm05,attribute_select,4,100033,color:blue,failure,0,400,400,action_limit,Fetch the blue block.,reused,dm05/attribute_select/attribute_select_ep100033_result.json,07b449cf0b108a7f3f974ba80605d7bc6838c55ff14412e91f4f82dd5b0f4fc0
dm05,attribute_select,4,100034,decal:cat,failure,0,400,400,action_limit,Fetch the block with a cat on it.,reused,dm05/attribute_select/attribute_select_ep100034_result.json,4ca8f02beb76dc71a486ee3509aed68cf31a155e5bbd257952c3e2343d50b023
dm05,attribute_select,4,100035,decal:dog,success,1,78,400,task_success,Fetch the block with a dog on it.,reused,dm05/attribute_select/attribute_select_ep100035_result.json,ed29d5c4edb8cc077e8ca025b75641e302e5de85d97e8d8c2f8d0a3db25eedab
dm05,attribute_select,4,100036,shape:block,failure,0,400,400,action_limit,Fetch the cube.,reused,dm05/attribute_select/attribute_select_ep100036_result.json,7879c87a5beee1dfa90617f58066e6eeb24d0e8e186c05f20b95c27535adb4f2
dm05,attribute_select,4,100037,shape:bar,success,1,79,400,task_success,Fetch the long bar.,reused,dm05/attribute_select/attribute_select_ep100037_result.json,d36cc6b95f06ddd5ad0ff9c7958f7c61381dbc1956e9369d211997012aa63310
dm05,attribute_select,4,100038,size:big,failure,0,400,400,action_limit,Fetch the big block.,reused,dm05/attribute_select/attribute_select_ep100038_result.json,b983f28fcdf1d7c0e8eb80fd683ebbbe4142db9a2e7e8583bdb1218f5692d999
dm05,attribute_select,4,100039,size:small,success,1,79,400,task_success,Reach for the small block and lift it.,reused,dm05/attribute_select/attribute_select_ep100039_result.json,8ee6ac574ad1a0988785caf7a73a3d08c306c9d51e044127f386a3e1c29bb652
dm05,attribute_select,5,100040,color:red,success,1,78,400,task_success,Fetch the red block.,reused,dm05/attribute_select/attribute_select_ep100040_result.json,7be208e6b710a0081d55406aa5f220ef2204bba81c0b4cdc11a400fe0d211c98
dm05,attribute_select,5,100041,color:blue,success,1,230,400,task_success,Fetch the blue block.,reused,dm05/attribute_select/attribute_select_ep100041_result.json,16d7861a72871edc9c6cb514d33fe8f0e6fb759e555f74af449447b419cce545
dm05,attribute_select,5,100042,decal:cat,success,1,79,400,task_success,Reach for the block with a cat on it and lift it.,reused,dm05/attribute_select/attribute_select_ep100042_result.json,4536d283c180cb51984a07307dbfcec96219c0d58b48c9de13227fe0c41bfb9e
dm05,attribute_select,5,100043,decal:dog,failure,0,400,400,action_limit,Reach for the block with a dog on it and lift it.,reused,dm05/attribute_select/attribute_select_ep100043_result.json,2783906f804ef4fa627e910bc4d3f5257d8a1cfb22126f3a36a49ff15af640d9
dm05,attribute_select,5,100044,shape:block,failure,0,400,400,action_limit,Reach for the cube and lift it.,reused,dm05/attribute_select/attribute_select_ep100044_result.json,1a4292502714c7971a5ddd359fdc4526f908cee9bd98c9e70cb0f6e27ffb762a
dm05,attribute_select,5,100045,shape:bar,success,1,79,400,task_success,Fetch the long bar.,reused,dm05/attribute_select/attribute_select_ep100045_result.json,3bc21f4afca9ce67ac95faaacb38a6705c9cdf927ea96a7a4407a48ba1fb7e1a
dm05,attribute_select,5,100046,size:big,failure,0,400,400,action_limit,Fetch the big block.,reused,dm05/attribute_select/attribute_select_ep100046_result.json,91252146a4b3dc4396b97e9380a6a2ab3d200b0d63978cdbf204da444a8ec185
dm05,attribute_select,5,100047,size:small,success,1,78,400,task_success,Fetch the small block.,reused,dm05/attribute_select/attribute_select_ep100047_result.json,6d4675cbf94d71ce78b9fe3c6f694b2124bb759bf3d8e72cfc4c81a29ec7f5fe
dm05,attribute_select,6,100048,color:red,success,1,79,400,task_success,Fetch the red block.,reused,dm05/attribute_select/attribute_select_ep100048_result.json,ebf8577f0a2ee7f9319d26d9899fe1dbc020cc0bc2de0c168cfe430eaf1b4d6b
dm05,attribute_select,6,100049,color:blue,success,1,229,400,task_success,Fetch the blue block.,reused,dm05/attribute_select/attribute_select_ep100049_result.json,12637bf95c1cc696668510495bc13172ea1564da2990ec5a37a5caa8f0445f39
dm05,attribute_select,6,100050,decal:cat,success,1,78,400,task_success,Reach for the block with a cat on it and lift it.,reused,dm05/attribute_select/attribute_select_ep100050_result.json,4990cf5d5256463b2d82231dc5112f502062bf0affbbe02621fa4642c617c63b
dm05,attribute_select,6,100051,decal:dog,success,1,78,400,task_success,Fetch the block with a dog on it.,reused,dm05/attribute_select/attribute_select_ep100051_result.json,be135ea124bfc0a4f1002d1c4193d28228d50061de84d345adba20f285162d01
dm05,attribute_select,6,100052,shape:block,failure,0,400,400,action_limit,Reach for the cube and lift it.,reused,dm05/attribute_select/attribute_select_ep100052_result.json,9b1e2267248f7ce2a09d3152e50b35559d5b84265ec930f4e659f4968b24eeb8
dm05,attribute_select,6,100053,shape:bar,success,1,79,400,task_success,Fetch the long bar.,reused,dm05/attribute_select/attribute_select_ep100053_result.json,e92f87259da8bafe77eec8729d7e0bf7ced3e20e73e4c23db91093a3c7fc236b
dm05,attribute_select,6,100054,size:big,failure,0,400,400,action_limit,Fetch the big block.,reused,dm05/attribute_select/attribute_select_ep100054_result.json,cee395a9be950f9cb06ca509498f8048246d3bc25d61ae62af444dd238ddfa70
dm05,attribute_select,6,100055,size:small,success,1,79,400,task_success,Reach for the small block and lift it.,reused,dm05/attribute_select/attribute_select_ep100055_result.json,d8c5d88aba44fa25715cfa0cf1fed7dc0b6394328c23dad8639886116c4476d6
dm05,attribute_select,7,100064,color:red,success,1,78,400,task_success,Fetch the red block.,reused,dm05/attribute_select/attribute_select_ep100064_result.json,c5e77d7e9da391109f09f83992f1d8ece8addd90b9a660d04ab8a399e45079e7
dm05,attribute_select,7,100065,color:blue,success,1,229,400,task_success,Reach for the blue block and lift it.,reused,dm05/attribute_select/attribute_select_ep100065_result.json,449e95a85ebd0c8ff48c6df06546bde003ded1d5c30e2214baa7820acbe1162c
dm05,attribute_select,7,100066,decal:cat,failure,0,400,400,action_limit,Reach for the block with a cat on it and lift it.,reused,dm05/attribute_select/attribute_select_ep100066_result.json,b769f21b717cb8147908cde4a4317a7583dcc4230728ff08cf7bb83e28078f4f
dm05,attribute_select,7,100067,decal:dog,success,1,80,400,task_success,Reach for the block with a dog on it and lift it.,reused,dm05/attribute_select/attribute_select_ep100067_result.json,b2a370ece38edc71323364cf224720d37c98826d94e9504428e7ba04a2f1b0ea
dm05,attribute_select,7,100068,shape:block,failure,0,400,400,action_limit,Reach for the cube and lift it.,reused,dm05/attribute_select/attribute_select_ep100068_result.json,2604b999072b20e787f8628af35cc31bec5cc7bb5d098c695c507b345047fcc4
dm05,attribute_select,7,100069,shape:bar,success,1,79,400,task_success,Fetch the long bar.,reused,dm05/attribute_select/attribute_select_ep100069_result.json,27fa36c411a366f381f8cb61bc5c4cf0a814a7a52071000cca439c65f2452437
dm05,attribute_select,7,100070,size:big,failure,0,400,400,action_limit,Reach for the big block and lift it.,reused,dm05/attribute_select/attribute_select_ep100070_result.json,80deb70562e361bbda44214307c67083d6ca47c2847c94da726d9df80e88f9dc
dm05,attribute_select,7,100071,size:small,success,1,79,400,task_success,Fetch the small block.,reused,dm05/attribute_select/attribute_select_ep100071_result.json,2a7a0eb2628bd7b0a5c5aca97e62468f189aafecdab7b782737f0fb2eca3e994
dm05,attribute_select,8,100072,color:red,success,1,78,400,task_success,Reach for the red block and lift it.,reused,dm05/attribute_select/attribute_select_ep100072_result.json,e7e33731907d7aee164c8300f466b56473b231fc16ba722e58c0f55eff54cbc3
dm05,attribute_select,8,100073,color:blue,success,1,375,400,task_success,Reach for the blue block and lift it.,reused,dm05/attribute_select/attribute_select_ep100073_result.json,0b252eb0b2bed6b11f8aefe3cf34b4a3dc37673dc1e157d433df4c29ee4d3329
dm05,attribute_select,8,100074,decal:cat,failure,0,400,400,action_limit,Fetch the block with a cat on it.,reused,dm05/attribute_select/attribute_select_ep100074_result.json,4c696d208498c3f841e0e20c9304f0fdcc6bff8d903a38d63f7ded2d9d82e427
dm05,attribute_select,8,100075,decal:dog,success,1,79,400,task_success,Reach for the block with a dog on it and lift it.,reused,dm05/attribute_select/attribute_select_ep100075_result.json,f9308d7cf5c71b419dcd947de94d1839857e30139c0db2743132ef95d1e0c31c
dm05,attribute_select,8,100076,shape:block,success,1,77,400,task_success,Fetch the cube.,reused,dm05/attribute_select/attribute_select_ep100076_result.json,34d9dff2ea40cdd3349b15bb79153e4d169e844e09081dcac52acaf399d93d1b
dm05,attribute_select,8,100077,shape:bar,success,1,78,400,task_success,Reach for the long bar and lift it.,reused,dm05/attribute_select/attribute_select_ep100077_result.json,717b534fc7e2c1322ea1e95f6e6ceb7a2960461185580351cad7c6a756a99e5a
dm05,attribute_select,8,100078,size:big,failure,0,400,400,action_limit,Fetch the big block.,reused,dm05/attribute_select/attribute_select_ep100078_result.json,ab8a536b9925861c7a03aad483439b0fd87651d503591c8bcd101408cf785d70
dm05,attribute_select,8,100079,size:small,success,1,78,400,task_success,Fetch the small block.,reused,dm05/attribute_select/attribute_select_ep100079_result.json,516055fdb57ff2a91a27838826b429895edd3eae7258f4cc6c03acd987fe5e67
dm05,attribute_select,9,100080,color:red,success,1,78,400,task_success,Fetch the red block.,reused,dm05/attribute_select/attribute_select_ep100080_result.json,02993c31a615d4e6dc503b5db4d6bef400365d12914656afe69ea4ad1f8025df
dm05,attribute_select,9,100081,color:blue,failure,0,400,400,action_limit,Reach for the blue block and lift it.,reused,dm05/attribute_select/attribute_select_ep100081_result.json,515c58b29772a4747a2465d76ce3b1c82c70657678189a10d8067769cb889532
dm05,attribute_select,9,100082,decal:cat,success,1,79,400,task_success,Reach for the block with a cat on it and lift it.,reused,dm05/attribute_select/attribute_select_ep100082_result.json,a71652c2dde883dc46a093d9aff0ee694033ea7b540735d61901f461061ce2e5
dm05,attribute_select,9,100083,decal:dog,success,1,79,400,task_success,Reach for the block with a dog on it and lift it.,reused,dm05/attribute_select/attribute_select_ep100083_result.json,74ac0808b634465a2bb758387a4ccc8f7ca48927b8aaea29fa5a2c64297de3db
dm05,attribute_select,9,100084,shape:block,success,1,78,400,task_success,Fetch the cube.,reused,dm05/attribute_select/attribute_select_ep100084_result.json,350a2b82fcc91b4fc5f0ac68f410a01dae657fb0fadc651ad6f7ece81819e243
dm05,attribute_select,9,100085,shape:bar,success,1,79,400,task_success,Fetch the long bar.,reused,dm05/attribute_select/attribute_select_ep100085_result.json,5596552151bd99b737783861d9f1ee6019d39e5abc232e74d162bfec8c7738b1
dm05,attribute_select,9,100086,size:big,failure,0,400,400,action_limit,Fetch the big block.,reused,dm05/attribute_select/attribute_select_ep100086_result.json,e771958093df2a32e5002c43aae864cfd5899325d0499f84c97783740284cc0e
dm05,attribute_select,9,100087,size:small,success,1,78,400,task_success,Reach for the small block and lift it.,reused,dm05/attribute_select/attribute_select_ep100087_result.json,9167c1045da3503b0ab4b838cd14cf7d6fe8225e1441114a5742cea338f2c74c
dm05,attribute_select,10,100088,color:red,success,1,79,400,task_success,Fetch the red block.,reused,dm05/attribute_select/attribute_select_ep100088_result.json,09d36ea41ffe73568e58595843dda4424683089079b421bc1be9e0f5f31a5514
dm05,attribute_select,10,100089,color:blue,failure,0,400,400,action_limit,Fetch the blue block.,reused,dm05/attribute_select/attribute_select_ep100089_result.json,7e99ac455f12c18a0a435c4376644e9b063d407122c16608c9fe5f1bf536307f
dm05,attribute_select,10,100090,decal:cat,success,1,80,400,task_success,Reach for the block with a cat on it and lift it.,reused,dm05/attribute_select/attribute_select_ep100090_result.json,bbd399eca44c1fdc4aeb97c25412bed8ea0709e49650f38121cf0b9b3897a71a
dm05,attribute_select,10,100091,decal:dog,success,1,329,400,task_success,Fetch the block with a dog on it.,reused,dm05/attribute_select/attribute_select_ep100091_result.json,84af6453b0e0f5a2aca2bbd7e4aae693540b0c96a7ca29955f9cab529433881a
dm05,attribute_select,10,100092,shape:block,failure,0,400,400,action_limit,Reach for the cube and lift it.,reused,dm05/attribute_select/attribute_select_ep100092_result.json,e0b9c23bef3c18a7b2bb84d073f379df729efcb5af025676cba1880162022d17
dm05,attribute_select,10,100093,shape:bar,success,1,78,400,task_success,Reach for the long bar and lift it.,reused,dm05/attribute_select/attribute_select_ep100093_result.json,7cc0e9ef5e1ef3fa603dba10e776094bfeab1fc1b0712c5f2898b09215e03270
dm05,attribute_select,10,100094,size:big,success,1,229,400,task_success,Reach for the big block and lift it.,reused,dm05/attribute_select/attribute_select_ep100094_result.json,d7034c9b9c556b74aa75248a27db5583b4f5fbdc621bf3027ee9f8d0862b352f
dm05,attribute_select,10,100095,size:small,success,1,79,400,task_success,Reach for the small block and lift it.,reused,dm05/attribute_select/attribute_select_ep100095_result.json,5fba007a73ce84ac2afa1d9def23ce2eda937f6473702a93bc94ad7dbbb9e514
dm05,attribute_select,11,100096,color:red,success,1,78,400,task_success,Reach for the red block and lift it.,reused,dm05/attribute_select/attribute_select_ep100096_result.json,81591e04551dfde76a380f09b5a80b511a9409214e45c7756310dbed14e123e4
dm05,attribute_select,11,100097,color:blue,success,1,230,400,task_success,Fetch the blue block.,reused,dm05/attribute_select/attribute_select_ep100097_result.json,719c32f348821eea528d4fd0a5f71f0235fa2ae6991734933c728436e3a3eeca
dm05,attribute_select,11,100098,decal:cat,failure,0,400,400,action_limit,Fetch the block with a cat on it.,reused,dm05/attribute_select/attribute_select_ep100098_result.json,fd74e2c6506cfedc546360a17a5c12cb57b4b3592e648bcc701d69b74a280450
dm05,attribute_select,11,100099,decal:dog,success,1,79,400,task_success,Fetch the block with a dog on it.,reused,dm05/attribute_select/attribute_select_ep100099_result.json,f4d63f6a80bd4d987cbd88a7b099f59b25673566a1e4b6896e2a6803d08887cf
dm05,attribute_select,11,100100,shape:block,success,1,81,400,task_success,Reach for the cube and lift it.,reused,dm05/attribute_select/attribute_select_ep100100_result.json,c908c55625f3fa5ead022515174eb096fd27c80f99f7c14b0906c5d248ba474b
dm05,attribute_select,11,100101,shape:bar,success,1,78,400,task_success,Reach for the long bar and lift it.,reused,dm05/attribute_select/attribute_select_ep100101_result.json,71f086dc19ef8e33ba733c8ab3c5e291330f0a6d21fcc37c62b7299b1ab62430
dm05,attribute_select,11,100102,size:big,failure,0,400,400,action_limit,Fetch the big block.,reused,dm05/attribute_select/attribute_select_ep100102_result.json,f60e9288bc304e3873d8b0fbf9c2f26e473192d95aaa56a340c181c04e42c115
dm05,attribute_select,11,100103,size:small,success,1,80,400,task_success,Fetch the small block.,reused,dm05/attribute_select/attribute_select_ep100103_result.json,7fdbbdb96f553db79ff4d7ad60360e2d1f2ce6676012ee9e7e7aef02d4b04bb0
dm05,attribute_select,12,100104,color:red,success,1,79,400,task_success,Reach for the red block and lift it.,reused,dm05/attribute_select/attribute_select_ep100104_result.json,1c038db81ffdd9a2f8a187ee7d59a2f110754c5b7f6366c2ff82a1cff2cfb8ad
dm05,attribute_select,12,100105,color:blue,success,1,229,400,task_success,Reach for the blue block and lift it.,reused,dm05/attribute_select/attribute_select_ep100105_result.json,ef18cc2d912ac798c27c3394a0827acac8324c8d79240eb2bf3defc0e77c8cce
dm05,attribute_select,12,100106,decal:cat,failure,0,400,400,action_limit,Reach for the block with a cat on it and lift it.,reused,dm05/attribute_select/attribute_select_ep100106_result.json,a770e6a56e42c09ec12c2ef19bae839e1b8b2f7d4b91e8f4f9e89cdb791925b2
dm05,attribute_select,12,100107,decal:dog,success,1,79,400,task_success,Reach for the block with a dog on it and lift it.,reused,dm05/attribute_select/attribute_select_ep100107_result.json,c7967eab7b642898fba309135c6849dd8dea7a6c7185f0ca74cb69ae8c069c38
dm05,attribute_select,12,100108,shape:block,success,1,78,400,task_success,Reach for the cube and lift it.,reused,dm05/attribute_select/attribute_select_ep100108_result.json,1243f78693e21b2cd9d1912932c2ad870e159babcc49ce46270004dbf529fc78
dm05,attribute_select,12,100109,shape:bar,success,1,79,400,task_success,Fetch the long bar.,reused,dm05/attribute_select/attribute_select_ep100109_result.json,ece0765212106e429e06cbaa3e97183fddce6aec31050924db9ca52a37c85143
dm05,attribute_select,12,100110,size:big,failure,0,400,400,action_limit,Reach for the big block and lift it.,reused,dm05/attribute_select/attribute_select_ep100110_result.json,26b05b192e38b8add5e932b432693d29055b3663bf4b6c99c5b2aa0bebee6bee
dm05,attribute_select,12,100111,size:small,success,1,79,400,task_success,Reach for the small block and lift it.,reused,dm05/attribute_select/attribute_select_ep100111_result.json,b07b34d51a369fa688de9a658b58e2909b08fc566e71ecaf30eeb277d71d0322
dm05,attribute_select,13,100112,color:red,success,1,77,400,task_success,Reach for the red block and lift it.,reused,dm05/attribute_select/attribute_select_ep100112_result.json,917cc9f4d7cf58ac3f052ca5a0de8595b880beae5fe2d03de0e9e98f0a9cf6e1
dm05,attribute_select,13,100113,color:blue,success,1,229,400,task_success,Fetch the blue block.,reused,dm05/attribute_select/attribute_select_ep100113_result.json,6b81b40c3c6dd8d206a9ec8f8ab06c285e328b9dad71609c8c08d6a9ed9b1998
dm05,attribute_select,13,100114,decal:cat,failure,0,400,400,action_limit,Reach for the block with a cat on it and lift it.,reused,dm05/attribute_select/attribute_select_ep100114_result.json,d78b76b7fe72c43377c8fc893095ae980d3b93d922d0c8193cd05139da1b4cee
dm05,attribute_select,13,100115,decal:dog,success,1,81,400,task_success,Fetch the block with a dog on it.,reused,dm05/attribute_select/attribute_select_ep100115_result.json,11212563413b2c8abe75524f4d4d49987d25bda772c8da4dfe5e1379ead907a5
dm05,attribute_select,13,100116,shape:block,failure,0,400,400,action_limit,Fetch the cube.,reused,dm05/attribute_select/attribute_select_ep100116_result.json,5f070beb2b21ca142446e09ee4d462bfd6c49f3ed666868968f24811ea5cd983
dm05,attribute_select,13,100117,shape:bar,success,1,79,400,task_success,Fetch the long bar.,reused,dm05/attribute_select/attribute_select_ep100117_result.json,a2bb80634885fa5735d0aecb9a6b7df5aad5a23e13c6d3622332c48a3f1e5e10
dm05,attribute_select,13,100118,size:big,failure,0,400,400,action_limit,Reach for the big block and lift it.,reused,dm05/attribute_select/attribute_select_ep100118_result.json,8c6177ec7b58bfcef3bb8824f7e080f6a00b78e5d4b6b2052e5f3dd9d12d9e6b
dm05,attribute_select,13,100119,size:small,success,1,78,400,task_success,Reach for the small block and lift it.,reused,dm05/attribute_select/attribute_select_ep100119_result.json,1eb8e37cf157f314324c292ce13ed317e98b8ccb9b9930071a4ee272652589f6
dm05,attribute_select,14,100120,color:red,success,1,78,400,task_success,Reach for the red block and lift it.,reused,dm05/attribute_select/attribute_select_ep100120_result.json,2e0e8bcb378efb72aa13927cf022bbe2dffa3554f7c9b388988dfea4cc00a262
dm05,attribute_select,14,100121,color:blue,success,1,229,400,task_success,Fetch the blue block.,reused,dm05/attribute_select/attribute_select_ep100121_result.json,437feffbcf7131f3366e771d185a12c1f5d60c0419e7ccc670a2f98fea4e2bb4
dm05,attribute_select,14,100122,decal:cat,success,1,79,400,task_success,Fetch the block with a cat on it.,reused,dm05/attribute_select/attribute_select_ep100122_result.json,d1e61a2518509998744d2c4bd3ffb86cb61d7a75c3e2a0951298ec9ab4bf4ae8
dm05,attribute_select,14,100123,decal:dog,success,1,229,400,task_success,Fetch the block with a dog on it.,reused,dm05/attribute_select/attribute_select_ep100123_result.json,0fdc841a9200f4cda7faab2d76dd030d5a7c4b5d31507e4b2a035bc37a06f149
dm05,attribute_select,14,100124,shape:block,success,1,79,400,task_success,Fetch the cube.,reused,dm05/attribute_select/attribute_select_ep100124_result.json,4d594311e618fc078e8601f0aaa8d32147ef91599865d8af0cb105731bccd2af
dm05,attribute_select,14,100125,shape:bar,success,1,79,400,task_success,Reach for the long bar and lift it.,reused,dm05/attribute_select/attribute_select_ep100125_result.json,d690c5b89573ef263ab2027b01fa7fc15f82cb4c5df03418fb1de16f65cbd758
dm05,attribute_select,14,100126,size:big,failure,0,400,400,action_limit,Reach for the big block and lift it.,reused,dm05/attribute_select/attribute_select_ep100126_result.json,0ef023a1efb45f9882903b7ad7af768bd49f973c99b8306348390798b197bea3
dm05,attribute_select,14,100127,size:small,success,1,78,400,task_success,Fetch the small block.,reused,dm05/attribute_select/attribute_select_ep100127_result.json,c3a4f8779e19a5542383b5c29980872f545805b49f7dc4358c67ed61fd75e408
dm05,attribute_select,15,100128,color:red,success,1,78,400,task_success,Fetch the red block.,reused,dm05/attribute_select/attribute_select_ep100128_result.json,7060579920c4964b4be4cc53a47a97acf1439a9b9ba53dd3d429220b7e22fd94
dm05,attribute_select,15,100129,color:blue,success,1,229,400,task_success,Fetch the blue block.,reused,dm05/attribute_select/attribute_select_ep100129_result.json,f3f8a05a3d6868fa9522b051ecad077c6c3446945c088ef8faa00248173ef80d
dm05,attribute_select,15,100130,decal:cat,failure,0,400,400,action_limit,Reach for the block with a cat on it and lift it.,reused,dm05/attribute_select/attribute_select_ep100130_result.json,117bcbef6374c9514b0353eeeee9cdb438ac6aebb43933192fc28b8621950a7d
dm05,attribute_select,15,100131,decal:dog,failure,0,400,400,action_limit,Fetch the block with a dog on it.,reused,dm05/attribute_select/attribute_select_ep100131_result.json,15cdf75ac0588fe4909814541fc5b2a5c287da59cfa4cb383128af5dab0eec12
dm05,attribute_select,15,100132,shape:block,failure,0,400,400,action_limit,Reach for the cube and lift it.,reused,dm05/attribute_select/attribute_select_ep100132_result.json,43f8796474ce54a23fca6ef44779779768f48a8ff77a0f09abc2e7cad130816b
dm05,attribute_select,15,100133,shape:bar,success,1,79,400,task_success,Fetch the long bar.,reused,dm05/attribute_select/attribute_select_ep100133_result.json,c033247016d139b3c58668a52ff196cfb251c02ddb59d3b86f80ed5614069183
dm05,attribute_select,15,100134,size:big,failure,0,400,400,action_limit,Fetch the big block.,reused,dm05/attribute_select/attribute_select_ep100134_result.json,fe0730e80f3c860e8acdfff7dd548b03452a27d2e6efdeeb0f93f378b4400cfe
dm05,attribute_select,15,100135,size:small,success,1,78,400,task_success,Reach for the small block and lift it.,reused,dm05/attribute_select/attribute_select_ep100135_result.json,a8dd9caf2260f5dc6a0bb92e6d0b4a93a936f4471ae587041e7bd8bc1d4de4a0
dm05,attribute_select,16,100144,color:red,success,1,78,400,task_success,Reach for the red block and lift it.,reused,dm05/attribute_select/attribute_select_ep100144_result.json,b49cd049d5e24193a3cc5edb7f6659cd4cd46943e9baf2a9e4edda94290a9ca9
dm05,attribute_select,16,100145,color:blue,success,1,229,400,task_success,Fetch the blue block.,reused,dm05/attribute_select/attribute_select_ep100145_result.json,589318d5907923974cafcc7f520e2583294686910d3b15f1342b2375e72b9345
dm05,attribute_select,16,100146,decal:cat,success,1,80,400,task_success,Reach for the block with a cat on it and lift it.,reused,dm05/attribute_select/attribute_select_ep100146_result.json,b4a0e87bf233367438fbced68ca26ba63ae21bde4272cbe3fee0f4c36d8a565a
dm05,attribute_select,16,100147,decal:dog,success,1,229,400,task_success,Fetch the block with a dog on it.,reused,dm05/attribute_select/attribute_select_ep100147_result.json,82933d8a13bfa4faf141497d1de3fcdee67118f5caab24040f2e3f06654e5443
dm05,attribute_select,16,100148,shape:block,success,1,78,400,task_success,Fetch the cube.,reused,dm05/attribute_select/attribute_select_ep100148_result.json,7de2395c071fc1426993bd8d3e9f656dcad92d95d4ae4cba5fef455962fc953d
dm05,attribute_select,16,100149,shape:bar,success,1,79,400,task_success,Reach for the long bar and lift it.,reused,dm05/attribute_select/attribute_select_ep100149_result.json,5d1a92559f98867b2f50e9674fad2735374519e9c85b82924b448428b9308e6f
dm05,attribute_select,16,100150,size:big,failure,0,400,400,action_limit,Fetch the big block.,reused,dm05/attribute_select/attribute_select_ep100150_result.json,793cb2e57d392633e12283c5a2a0cc406d72370251126a174850a2f2d4d4cb1b
dm05,attribute_select,16,100151,size:small,success,1,78,400,task_success,Fetch the small block.,reused,dm05/attribute_select/attribute_select_ep100151_result.json,c4fa6a8ad425f3354397286ee91a507a33c24a82215cfb604b2c20f23d3fc665
dm05,attribute_select,17,100152,color:red,success,1,78,400,task_success,Reach for the red block and lift it.,reused,dm05/attribute_select/attribute_select_ep100152_result.json,6dcf5528685795a67087c3ac681fcabcb83d4e35ec3b97e0a47f0523d68c5faf
dm05,attribute_select,17,100153,color:blue,success,1,229,400,task_success,Fetch the blue block.,reused,dm05/attribute_select/attribute_select_ep100153_result.json,da94bafff8aa28eb046daec96a1caa85a53a1ac0ad76800eaa2579cf987246e0
dm05,attribute_select,17,100154,decal:cat,failure,0,400,400,action_limit,Reach for the block with a cat on it and lift it.,reused,dm05/attribute_select/attribute_select_ep100154_result.json,02189259fd48ab94c39cacf906c9477835f7f9c071c4aeff51faca1d0ba8fdb5
dm05,attribute_select,17,100155,decal:dog,success,1,78,400,task_success,Fetch the block with a dog on it.,reused,dm05/attribute_select/attribute_select_ep100155_result.json,68eeef3554d0b7739918e8afb07a33d115827e43b017b334ef130487c2584dec
dm05,attribute_select,17,100156,shape:block,failure,0,400,400,action_limit,Reach for the cube and lift it.,reused,dm05/attribute_select/attribute_select_ep100156_result.json,98d0d7715ec60092d60f0450a6af953c432215cdb8d887247653cdbfb3a57425
dm05,attribute_select,17,100157,shape:bar,success,1,77,400,task_success,Reach for the long bar and lift it.,reused,dm05/attribute_select/attribute_select_ep100157_result.json,181c354a7ce203bc5861b38fff797ab2054a9e2634579e7759626e17e70b456a
dm05,attribute_select,17,100158,size:big,failure,0,400,400,action_limit,Fetch the big block.,reused,dm05/attribute_select/attribute_select_ep100158_result.json,5c063c809affee51b1508d608a38e9ecd6e30eccdcc51428b6ec1a27c4642cdf
dm05,attribute_select,17,100159,size:small,success,1,79,400,task_success,Fetch the small block.,reused,dm05/attribute_select/attribute_select_ep100159_result.json,3f339ccd951f7f5477c234d9c29ca0289414ea2eb1b57f3c0d1293b128e90690
dm05,attribute_select,18,100160,color:red,success,1,78,400,task_success,Fetch the red block.,reused,dm05/attribute_select/attribute_select_ep100160_result.json,d8550a6608f5dd92ad1a411c18ce9905bfe2240feb928503cad72f1d073da4c7
dm05,attribute_select,18,100161,color:blue,success,1,229,400,task_success,Reach for the blue block and lift it.,reused,dm05/attribute_select/attribute_select_ep100161_result.json,c7e4b6b774cdba3a8bd22500389306e0f4222cd1c71642c1c3966871c7cb9bb3
dm05,attribute_select,18,100162,decal:cat,success,1,80,400,task_success,Reach for the block with a cat on it and lift it.,reused,dm05/attribute_select/attribute_select_ep100162_result.json,c7f0a8d48c69803936d510c0dca85686cebab0d200109deb03e87940b96fe21e
dm05,attribute_select,18,100163,decal:dog,failure,0,400,400,action_limit,Fetch the block with a dog on it.,reused,dm05/attribute_select/attribute_select_ep100163_result.json,870292dfcc7b28edb93a7adf9ed91ef63a15a0d0335ae861566cffad14f7620b
dm05,attribute_select,18,100164,shape:block,failure,0,400,400,action_limit,Reach for the cube and lift it.,reused,dm05/attribute_select/attribute_select_ep100164_result.json,ddcf6517cd71a95431d1d891b17de7610dfc22d8a6d81768f2c2cb6a359e517c
dm05,attribute_select,18,100165,shape:bar,success,1,79,400,task_success,Fetch the long bar.,reused,dm05/attribute_select/attribute_select_ep100165_result.json,8977310963adef2d1c4644de6646220f04be85a09d09a85d9375847f77fb4a93
dm05,attribute_select,18,100166,size:big,failure,0,400,400,action_limit,Fetch the big block.,reused,dm05/attribute_select/attribute_select_ep100166_result.json,4e1c77b3192883e45b1464659eaa1b0db2b8b75401f0439bda4cade786c053c3
dm05,attribute_select,18,100167,size:small,success,1,78,400,task_success,Reach for the small block and lift it.,reused,dm05/attribute_select/attribute_select_ep100167_result.json,ae92481b734f8de75f3d9e677709825f107831cf10e15b59dd0b3a663f08f432
dm05,attribute_select,19,100168,color:red,success,1,79,400,task_success,Fetch the red block.,reused,dm05/attribute_select/attribute_select_ep100168_result.json,ba82fd1ff80e071f70b7c77281988bb7bf7ec199a967f2188d76dee4b43f7234
dm05,attribute_select,19,100169,color:blue,failure,0,400,400,action_limit,Reach for the blue block and lift it.,reused,dm05/attribute_select/attribute_select_ep100169_result.json,efca68e82bd3b53e04b51cb658282c38b213465a32f3bd671ad3ba5c91bd0b82
dm05,attribute_select,19,100170,decal:cat,failure,0,400,400,action_limit,Fetch the block with a cat on it.,reused,dm05/attribute_select/attribute_select_ep100170_result.json,29d0f4fefcaf70a7af763da0650769aa9469f01fdad65b89d563c6b29cfe6584
dm05,attribute_select,19,100171,decal:dog,success,1,78,400,task_success,Reach for the block with a dog on it and lift it.,reused,dm05/attribute_select/attribute_select_ep100171_result.json,ce82be5a54956731a203cc92022965e8dfa1867a53c76caad828ba1a20c11251
dm05,attribute_select,19,100172,shape:block,failure,0,400,400,action_limit,Reach for the cube and lift it.,reused,dm05/attribute_select/attribute_select_ep100172_result.json,b5c076105c79b0c27f17e8b4ddcef25798f242ae490cc2a1598dd431b5ae3900
dm05,attribute_select,19,100173,shape:bar,success,1,79,400,task_success,Fetch the long bar.,reused,dm05/attribute_select/attribute_select_ep100173_result.json,ca4b149041ca8dd8104a04724cb0b8903f1e12306fed11191a12a397fdc068ab
dm05,attribute_select,19,100174,size:big,success,1,364,400,task_success,Reach for the big block and lift it.,reused,dm05/attribute_select/attribute_select_ep100174_result.json,9146185b4ae4dbf5281e197d13e63bbc00da1145ddcb37edb9bc23c5bda672b7
dm05,attribute_select,19,100175,size:small,success,1,79,400,task_success,Fetch the small block.,reused,dm05/attribute_select/attribute_select_ep100175_result.json,71765dda972f8ba4b1e2ea0ee758533773ae54a154017551cbb23624b601066d
dm05,arm_select,0,200000,left,success,1,79,400,task_success,Have the left arm take the block.,reused,dm05/arm_select/arm_select_ep200000_result.json,e89f792994dfef8b2235e1a3a99c87a1dc14c99c80b5bfec04688512ab40c494
dm05,arm_select,0,200001,right,success,1,81,400,task_success,Have the right arm take the block.,reused,dm05/arm_select/arm_select_ep200001_result.json,194f8047dd611a2cfda50782010ee04d8ed02ee8ea1c5cff1338c01e64e92e8e
dm05,arm_select,1,200002,left,success,1,86,400,task_success,Use the left arm to retrieve the block.,reused,dm05/arm_select/arm_select_ep200002_result.json,3f0d08707ffd03ff3a48d811ec0637b2e82cbed38f27f0a661b350c40a4f7431
dm05,arm_select,1,200003,right,success,1,80,400,task_success,Use the right arm to retrieve the block.,reused,dm05/arm_select/arm_select_ep200003_result.json,0090a966b44a38ab54a534f95bf34ad0ab2fb044578f8b0652b5fdd1ca9ef552
dm05,arm_select,2,200004,left,success,1,79,400,task_success,Let the left arm grab the block.,reused,dm05/arm_select/arm_select_ep200004_result.json,a788e972de5d87921a5d1c4c6f26b9cffd6807fc1354f50339afe8981254c6e3
dm05,arm_select,2,200005,right,success,1,81,400,task_success,Let the right arm grab the block.,reused,dm05/arm_select/arm_select_ep200005_result.json,9b03e0f3b1b84a93c3531a1d8262f4daf66c071dfaaaeab59a8a606283cf0f6d
dm05,arm_select,3,200006,left,success,1,85,400,task_success,Have the left arm take the block.,reused,dm05/arm_select/arm_select_ep200006_result.json,c34d27928ece68b8a34beae77de802c6f4fceb475148119f170290b7ee60da4d
dm05,arm_select,3,200007,right,success,1,80,400,task_success,Have the right arm take the block.,reused,dm05/arm_select/arm_select_ep200007_result.json,f41631ef87a98ee57632ef5a8c3b6d79e9f95184d9862d64abc3dcdd16d28e57
dm05,arm_select,4,200008,left,success,1,85,400,task_success,"With the left arm, grab the block.",reused,dm05/arm_select/arm_select_ep200008_result.json,174368e8600cb7d9291a7d648a89f924770ca9159a441052e47728cf4c1a29ba
dm05,arm_select,4,200009,right,success,1,82,400,task_success,"With the right arm, grab the block.",reused,dm05/arm_select/arm_select_ep200009_result.json,e420408d28ec62662481345917a3f1d5b47343ab43d573b3310e4ff28c455234
dm05,arm_select,5,200010,left,success,1,78,400,task_success,Employ the left arm to lift the block.,reused,dm05/arm_select/arm_select_ep200010_result.json,609c69fbbdf4aaf77f948a3ab77c0f07ba9c2a511a68766a2f844178418d6099
dm05,arm_select,5,200011,right,success,1,80,400,task_success,Employ the right arm to lift the block.,reused,dm05/arm_select/arm_select_ep200011_result.json,35f38d71b669909aeb7b7712784a624ef6781ce359556c5b2ece7b29916951fd
dm05,arm_select,6,200012,left,success,1,86,400,task_success,Use the left arm to hold the block.,reused,dm05/arm_select/arm_select_ep200012_result.json,97056278586be1a5a552abfdc577ca0190d6a1ae978967479255bf98637949d8
dm05,arm_select,6,200013,right,success,1,81,400,task_success,Use the right arm to hold the block.,reused,dm05/arm_select/arm_select_ep200013_result.json,e84d210f49f61248c23e425eea5dc50f80cc67f7ac4c832d1e6a873c5d9304a5
dm05,arm_select,7,200016,left,success,1,82,400,task_success,Employ the left arm to lift the block.,reused,dm05/arm_select/arm_select_ep200016_result.json,bb186d22592f00c41b627428f235eb01b858be3f44e101d3dc0e7c822888df25
dm05,arm_select,7,200017,right,success,1,82,400,task_success,Employ the right arm to lift the block.,reused,dm05/arm_select/arm_select_ep200017_result.json,2118befa6ff198545f200422e4a27f147a7d2dcaa565a091e14df37d56dbc9b4
dm05,arm_select,8,200018,left,success,1,84,400,task_success,Collect the block using the left arm.,reused,dm05/arm_select/arm_select_ep200018_result.json,bc923213478a8bbf5f74f20dffda207d0d4c523638dc40f53e021ab02f523137
dm05,arm_select,8,200019,right,success,1,82,400,task_success,Collect the block using the right arm.,reused,dm05/arm_select/arm_select_ep200019_result.json,40c7ce0932caada18759afe5146ced7312d71e3f13eb1c93fe6fb01b907c4ac4
dm05,arm_select,9,200020,left,success,1,86,400,task_success,Pick up the block carefully with the left arm.,reused,dm05/arm_select/arm_select_ep200020_result.json,f8c2739f5e4e7698dd216da4baaff3c0ed341593eab295772bda0c75e693f07a
dm05,arm_select,9,200021,right,success,1,79,400,task_success,Pick up the block carefully with the right arm.,reused,dm05/arm_select/arm_select_ep200021_result.json,7b18e89a76b33c1375537da728bef9b6f0a49d60a3bb5865af7608d3b45109f5
dm05,arm_select,10,200022,left,success,1,79,400,task_success,Scoop up the block with the left arm.,reused,dm05/arm_select/arm_select_ep200022_result.json,3dbc769e71c702c5ff39d2f8bd46417801f4a5994cc7f701d3299a18c90f0a50
dm05,arm_select,10,200023,right,success,1,90,400,task_success,Scoop up the block with the right arm.,reused,dm05/arm_select/arm_select_ep200023_result.json,7253a3947bef993fb8c90b724bc9143c4bc84895af6ca387e72b93180cf681d1
dm05,arm_select,11,200026,left,success,1,82,400,task_success,Let the left arm grab the block.,reused,dm05/arm_select/arm_select_ep200026_result.json,c44a9f3e46511668475bf377acb2ef49a41a4124d75c5a12e937911ad43629e3
dm05,arm_select,11,200027,right,success,1,381,400,task_success,Let the right arm grab the block.,reused,dm05/arm_select/arm_select_ep200027_result.json,8e1fbd0a0b4bb05326d3691686c4ac559df6b528056a26ab04733437e0db2041
dm05,arm_select,12,200028,left,success,1,82,400,task_success,Scoop up the block with the left arm.,reused,dm05/arm_select/arm_select_ep200028_result.json,47b24d30c116df1e5d00d03c445983e61c6908eba3a0ad8b3dea4511e16ed06b
dm05,arm_select,12,200029,right,failure,0,400,400,action_limit,Scoop up the block with the right arm.,reused,dm05/arm_select/arm_select_ep200029_result.json,655f60f453123c5b5e59595b585a996eaffe079b26eb4d2116cfa84d81dceb0e
dm05,arm_select,13,200030,left,success,1,78,400,task_success,Pick up the block carefully with the left arm.,reused,dm05/arm_select/arm_select_ep200030_result.json,ae2ed8ee9e2c9b135f4991b9816e6986299c16bb8462de0f7e153e4f21859eda
dm05,arm_select,13,200031,right,success,1,80,400,task_success,Pick up the block carefully with the right arm.,reused,dm05/arm_select/arm_select_ep200031_result.json,ea3042b8f4e751cdc03f328beea48ed0c5bb42a134014cfcab3748e0c6635e18
dm05,arm_select,14,200032,left,success,1,86,400,task_success,Employ the left arm to lift the block.,reused,dm05/arm_select/arm_select_ep200032_result.json,5e98201a660ae03e80f21c1666676a46d1ce9129776f6ca0623146a09ac8f2bf
dm05,arm_select,14,200033,right,success,1,82,400,task_success,Employ the right arm to lift the block.,reused,dm05/arm_select/arm_select_ep200033_result.json,bf51085c103f1016ead835d972183a94ab52fd72e7d8a885ffff38102613ed82
dm05,arm_select,15,200034,left,success,1,79,400,task_success,Employ the left arm to lift the block.,reused,dm05/arm_select/arm_select_ep200034_result.json,7f32ff0bbf2b9f2e118205596406a7784fe33ac8cdd53b3b0e2a124cb814896e
dm05,arm_select,15,200035,right,success,1,87,400,task_success,Employ the right arm to lift the block.,reused,dm05/arm_select/arm_select_ep200035_result.json,706df09765ab8c2e113f075a7e6d5ad3aaf1ec68fa973c1e5a72d2e6bd0afdcc
dm05,arm_select,16,200036,left,success,1,79,400,task_success,Pick up the block carefully with the left arm.,reused,dm05/arm_select/arm_select_ep200036_result.json,cef5986fecd2218902ae26e02e086b1359a9d8d42658415a131d898f40c8441d
dm05,arm_select,16,200037,right,success,1,81,400,task_success,Pick up the block carefully with the right arm.,reused,dm05/arm_select/arm_select_ep200037_result.json,3ffd5b5a4c7436e8c78558199ecc3763ce86b782d8772a488f0061c21ab55761
dm05,arm_select,17,200038,left,success,1,81,400,task_success,Retrieve the block with the left arm.,reused,dm05/arm_select/arm_select_ep200038_result.json,916a7bf04e00ed031b02a13bcdfddc27106dbcd1ed29358909f08cb6b8ee2d53
dm05,arm_select,17,200039,right,success,1,82,400,task_success,Retrieve the block with the right arm.,reused,dm05/arm_select/arm_select_ep200039_result.json,0cf28c1608a93448dce5095ea163fdbc0b17c97bf65d0fad885056d2de4e4643
dm05,arm_select,18,200040,left,success,1,78,400,task_success,Scoop up the block with the left arm.,reused,dm05/arm_select/arm_select_ep200040_result.json,dc006d94d4295a75bea112680178a97dc34d56e373af357dd99083e2788c3bdd
dm05,arm_select,18,200041,right,success,1,132,400,task_success,Scoop up the block with the right arm.,reused,dm05/arm_select/arm_select_ep200041_result.json,ebc9b9ed5d830e3301955e75db2dba18a463d630a7712d9f4db1a318789ccf0c
dm05,arm_select,19,200042,left,success,1,79,400,task_success,Use the left arm to hold the block.,reused,dm05/arm_select/arm_select_ep200042_result.json,a77e89beb1de832a67345155bad71510e80fba6589de9118b21262790b260f68
dm05,arm_select,19,200043,right,success,1,81,400,task_success,Use the right arm to hold the block.,reused,dm05/arm_select/arm_select_ep200043_result.json,f8101f3065f14d714692cc8a582efb67a3f5b87f0bd459660e5651e64c05a7a3
dm05,stack_sequence,0,100008,red>green>blue,success,1,423,1200,task_success,"Put red block down, green block on red block, blue block on green block.",reused,dm05/stack_sequence/stack_sequence_ep100008_result.json,9b4be748c99876f4e540e3cd26180d8bed758f4aaf66fe85508e7a0359991718
dm05,stack_sequence,0,100009,red>blue>green,failure,0,1200,1200,action_limit,Stack green block over blue block and blue block over red block.,reused,dm05/stack_sequence/stack_sequence_ep100009_result.json,bfa8fb5ac5d659c0a8a67459d536ab44f47537536cb8403348a854242a7705e0
dm05,stack_sequence,0,100010,green>red>blue,failure,0,1200,1200,action_limit,"From the bottom up: green block, then red block, then blue block.",reused,dm05/stack_sequence/stack_sequence_ep100010_result.json,aafafc0aa3d6cda8ba005f076ddb3ebb5584283c6095fdc10cf406c7e6073b87
dm05,stack_sequence,0,100011,green>blue>red,failure,0,1200,1200,action_limit,"Bottom to top, the order is green block, blue block, red block.",reused,dm05/stack_sequence/stack_sequence_ep100011_result.json,c554f819b526e46277e31a968050b59e3dac57e0c9aaeb7a9de58fc5fb519081
dm05,stack_sequence,0,100012,blue>red>green,failure,0,1200,1200,action_limit,"Place blue block at the base, add red block, and top it with green block.",reused,dm05/stack_sequence/stack_sequence_ep100012_result.json,a0addd50e3884463eb5c1ff404546b954d0967585832bfe04dc87fff55a5434a
dm05,stack_sequence,0,100013,blue>green>red,failure,0,1200,1200,action_limit,"First set blue block, then green block, then red block at the very top.",reused,dm05/stack_sequence/stack_sequence_ep100013_result.json,647770a5aa846e44067ace3e1c8fe1e4a77e37b3efe4e0ac6f461d80cfb40658
dm05,stack_sequence,1,100014,red>green>blue,failure,0,1200,1200,action_limit,"First set red block, then green block, then blue block at the very top.",reused,dm05/stack_sequence/stack_sequence_ep100014_result.json,67db4a5a7a0db8f7d0d4b79a03a1274ad5c856726769d76327ea70aae82f03bf
dm05,stack_sequence,1,100015,red>blue>green,failure,0,1200,1200,action_limit,"From the bottom up: red block, then blue block, then green block.",reused,dm05/stack_sequence/stack_sequence_ep100015_result.json,b4bb70d71305bac3532332df0cf747996281af8dbd9a8f65ab48cff97e5ae875
dm05,stack_sequence,1,100016,green>red>blue,failure,0,1200,1200,action_limit,"Build a column: green block lowest, then red block, then blue block on top.",reused,dm05/stack_sequence/stack_sequence_ep100016_result.json,3991a0a2ee5d3a8c8f2cfbbbe47b884eee7977352e4715d4bc2be9e7ae6384f0
dm05,stack_sequence,1,100017,green>blue>red,failure,0,1200,1200,action_limit,"Put green block down, blue block on green block, red block on blue block.",reused,dm05/stack_sequence/stack_sequence_ep100017_result.json,feb6d0c0a5a38e696b2ee5ee2ac7e06ed51ce4157f8052946b248fff0fa036ee
dm05,stack_sequence,1,100018,blue>red>green,failure,0,1200,1200,action_limit,"From the bottom up: blue block, then red block, then green block.",reused,dm05/stack_sequence/stack_sequence_ep100018_result.json,f7b782151a3087b88fa7831d78cbf2abb415196e3dbf496f783f896c825e2996
dm05,stack_sequence,1,100019,blue>green>red,failure,0,1200,1200,action_limit,"Rest green block on blue block, then rest red block on green block.",reused,dm05/stack_sequence/stack_sequence_ep100019_result.json,84934a90d17fb290c1a5d5b9d36ef699c19c47aa361361ef071b08f27e8acb7c
dm05,stack_sequence,2,100020,red>green>blue,failure,0,1200,1200,action_limit,"Lay red block first, green block second, blue block third, each on the last.",reused,dm05/stack_sequence/stack_sequence_ep100020_result.json,c5e3a857ca2edd9a0fd19082ef8d705301df2a9454c29d307c4fd4e3dc40ec05
dm05,stack_sequence,2,100021,red>blue>green,failure,0,1200,1200,action_limit,"Order the tower red block, blue block, green block from bottom to top.",reused,dm05/stack_sequence/stack_sequence_ep100021_result.json,3aaaf2aeb1fb5f4ea2ac80ba0e21008e55ab619e25e9cb0c36d4a16263db81d9
dm05,stack_sequence,2,100022,green>red>blue,failure,0,1200,1200,action_limit,"Put green block down, red block on green block, blue block on red block.",reused,dm05/stack_sequence/stack_sequence_ep100022_result.json,a76c507f069ff33dd01d33722f89e8df9df50fe9e2dbdb7aba734af6a178bd62
dm05,stack_sequence,2,100023,green>blue>red,failure,0,1200,1200,action_limit,"Place green block at the base, add blue block, and top it with red block.",reused,dm05/stack_sequence/stack_sequence_ep100023_result.json,1c9b70dd28e445f485a9a4173eeb364ebcd46068c56e8f3c477e8415fbc766a3
dm05,stack_sequence,2,100024,blue>red>green,failure,0,1200,1200,action_limit,"Place blue block at the base, add red block, and top it with green block.",reused,dm05/stack_sequence/stack_sequence_ep100024_result.json,ba86eb2c0fa47a66a5dc32c3c096e9a8738653bf170bd64621cab7b4ab92506e
dm05,stack_sequence,2,100025,blue>green>red,failure,0,1200,1200,action_limit,"First set blue block, then green block, then red block at the very top.",reused,dm05/stack_sequence/stack_sequence_ep100025_result.json,781aeac60ed9ad1fd639dc22f780c11e4be20fd95e0fb2cf057a83a7b1d1037e
dm05,stack_sequence,3,100026,red>green>blue,failure,0,1200,1200,action_limit,"From the bottom up: red block, then green block, then blue block.",reused,dm05/stack_sequence/stack_sequence_ep100026_result.json,7f4f1b7393e7911e9ac49c02b39500424fcf9d0fbebd4c587ddf2ef2db8c6059
dm05,stack_sequence,3,100027,red>blue>green,failure,0,1200,1200,action_limit,"Put red block down, blue block on red block, green block on blue block.",reused,dm05/stack_sequence/stack_sequence_ep100027_result.json,0eaf828ee8981e1d0c097ac082e507732e74d2e86ab04b267b8f36a1c4a7b745
dm05,stack_sequence,3,100028,green>red>blue,failure,0,1200,1200,action_limit,"Bottom to top, the order is green block, red block, blue block.",reused,dm05/stack_sequence/stack_sequence_ep100028_result.json,ac56ce0497091199f73e7ac8fb04bb7d4d3d243ba181b642e16139d29b9f7234
dm05,stack_sequence,3,100029,green>blue>red,failure,0,1200,1200,action_limit,"Lay green block first, blue block second, red block third, each on the last.",reused,dm05/stack_sequence/stack_sequence_ep100029_result.json,e3afc3a90a05fa2687dd3ec571163a11e0148050e825e3dd7beec3c30a3981e1
dm05,stack_sequence,3,100030,blue>red>green,failure,0,1200,1200,action_limit,"Put blue block down, red block on blue block, green block on red block.",reused,dm05/stack_sequence/stack_sequence_ep100030_result.json,b773b4ebd285376c532ab749de9f90344070df834c62268e4482581b05ad4e45
dm05,stack_sequence,3,100031,blue>green>red,failure,0,1200,1200,action_limit,Stack red block over green block and green block over blue block.,reused,dm05/stack_sequence/stack_sequence_ep100031_result.json,5609b99bfc143fd54b53e4cfa24fbde1c565511da1e2396569b0252206dc52fb
dm05,stack_sequence,4,100032,red>green>blue,failure,0,1200,1200,action_limit,"From the bottom up: red block, then green block, then blue block.",reused,dm05/stack_sequence/stack_sequence_ep100032_result.json,ebf7f9da98dd1deb52a2a6f8a9c8400ac59e04834335633d3fd412afb71fa5ff
dm05,stack_sequence,4,100033,red>blue>green,failure,0,1200,1200,action_limit,"Order the tower red block, blue block, green block from bottom to top.",reused,dm05/stack_sequence/stack_sequence_ep100033_result.json,d9ff4f9b0096fcfb2be87361d43ed4e7f1cbc3774e3cc13dbc12b8b1dfc896fb
dm05,stack_sequence,4,100034,green>red>blue,failure,0,1200,1200,action_limit,"Rest red block on green block, then rest blue block on red block.",reused,dm05/stack_sequence/stack_sequence_ep100034_result.json,09e05bfe369726b7fd2e4706c05c6313689f93ed3be1224092319662ddb10d7d
dm05,stack_sequence,4,100035,green>blue>red,failure,0,1200,1200,action_limit,"Build a column: green block lowest, then blue block, then red block on top.",reused,dm05/stack_sequence/stack_sequence_ep100035_result.json,077081816932a48b28276a0a9259e1544367fdad7a15299fdfbdf44f6f94cddb
dm05,stack_sequence,4,100036,blue>red>green,failure,0,1200,1200,action_limit,"Lay blue block first, red block second, green block third, each on the last.",reused,dm05/stack_sequence/stack_sequence_ep100036_result.json,2758f47c368a8c6c2570659dc2de9f6c13e3165642b13ef282f556796c4d9118
dm05,stack_sequence,4,100037,blue>green>red,failure,0,1200,1200,action_limit,"Bottom to top, the order is blue block, green block, red block.",reused,dm05/stack_sequence/stack_sequence_ep100037_result.json,69b2637499d97d6363c75d9440a771570ded64fede0923ca916a624ef5a65566
dm05,stack_sequence,5,100038,red>green>blue,success,1,448,1200,task_success,Stack blue block over green block and green block over red block.,reused,dm05/stack_sequence/stack_sequence_ep100038_result.json,d4bb03a81d4378df4b368bf0cc1e8e4750f1fba0e34bfd16ee80c09d771a7f7e
dm05,stack_sequence,5,100039,red>blue>green,failure,0,1200,1200,action_limit,"Build a column: red block lowest, then blue block, then green block on top.",reused,dm05/stack_sequence/stack_sequence_ep100039_result.json,b4afa2841aa674ca8fea81e35f7f7dca9b87aae473bae8f220f70e9f9fa26095
dm05,stack_sequence,5,100040,green>red>blue,failure,0,1200,1200,action_limit,"Bottom to top, the order is green block, red block, blue block.",reused,dm05/stack_sequence/stack_sequence_ep100040_result.json,6c023d13f3e3bf553e4a9e66a00cb9a22308d51fbb03d22d6dd26c5622e51040
dm05,stack_sequence,5,100041,green>blue>red,failure,0,1200,1200,action_limit,"Order the tower green block, blue block, red block from bottom to top.",reused,dm05/stack_sequence/stack_sequence_ep100041_result.json,a16150a19b6a1f74b712998e9bb77a7150e67bbdbc9a336e3d97e738cd2c1f51
dm05,stack_sequence,5,100042,blue>red>green,failure,0,1200,1200,action_limit,Stack green block over red block and red block over blue block.,reused,dm05/stack_sequence/stack_sequence_ep100042_result.json,96a1dbfe4025633b4c53306c5691731bc26d3104b4bd183e42707e11dda316ee
dm05,stack_sequence,5,100043,blue>green>red,failure,0,1200,1200,action_limit,"Place blue block at the base, add green block, and top it with red block.",reused,dm05/stack_sequence/stack_sequence_ep100043_result.json,25537d02f2d24ca1650d2d2d43ea4db84569bdd9faae1d05f4b010dac486bdf1
dm05,stack_sequence,6,100050,red>green>blue,success,1,452,1200,task_success,"Put red block down, green block on red block, blue block on green block.",reused,dm05/stack_sequence/stack_sequence_ep100050_result.json,2a13f9a44b397bc0c8ea5598c39f58498b08f2056b7d3a359adf02c3ebf6d961
dm05,stack_sequence,6,100051,red>blue>green,failure,0,1200,1200,action_limit,"Rest blue block on red block, then rest green block on blue block.",reused,dm05/stack_sequence/stack_sequence_ep100051_result.json,06bad5465c314da1ce1050c302bb43cceeec14353529bf3214b996495417ed08
dm05,stack_sequence,6,100052,green>red>blue,failure,0,1200,1200,action_limit,"Bottom to top, the order is green block, red block, blue block.",reused,dm05/stack_sequence/stack_sequence_ep100052_result.json,47ae20679b7f985706a03f23c97f3b98e67075905b05a1fffc43b120db5e0dcb
dm05,stack_sequence,6,100053,green>blue>red,failure,0,1200,1200,action_limit,"Bottom to top, the order is green block, blue block, red block.",reused,dm05/stack_sequence/stack_sequence_ep100053_result.json,afca0ce2366eed2502df365a44e1419f721c4a7333e47280f94ea682026bd5ff
dm05,stack_sequence,6,100054,blue>red>green,failure,0,1200,1200,action_limit,"First set blue block, then red block, then green block at the very top.",reused,dm05/stack_sequence/stack_sequence_ep100054_result.json,4d964c562b6e8598d78360818428f794f43ec8074d4d2297febab3dbc8f12f86
dm05,stack_sequence,6,100055,blue>green>red,failure,0,1200,1200,action_limit,"Put blue block down, green block on blue block, red block on green block.",reused,dm05/stack_sequence/stack_sequence_ep100055_result.json,a8dd3c5ba6e2664324c698467cc43ca5f0d03c18c864d49ea0d0fcb93610e216
dm05,stack_sequence,7,100062,red>green>blue,success,1,452,1200,task_success,"Put red block down, green block on red block, blue block on green block.",reused,dm05/stack_sequence/stack_sequence_ep100062_result.json,725a25f54f799bc28d2763a9d9dab88f8112f4b30d2241ce88decac84ac583d8
dm05,stack_sequence,7,100063,red>blue>green,failure,0,1200,1200,action_limit,"Order the tower red block, blue block, green block from bottom to top.",reused,dm05/stack_sequence/stack_sequence_ep100063_result.json,acecd6e82f182a4bba5a69865a5dbf8d78fe0de825860b69d115e2506f5aed72
dm05,stack_sequence,7,100064,green>red>blue,failure,0,1200,1200,action_limit,"Rest red block on green block, then rest blue block on red block.",reused,dm05/stack_sequence/stack_sequence_ep100064_result.json,9f44dfccd262425fe0a5f5d9972974c3ddefa102e696dd7a0853f44976fb4f20
dm05,stack_sequence,7,100065,green>blue>red,failure,0,1200,1200,action_limit,"Build a column: green block lowest, then blue block, then red block on top.",reused,dm05/stack_sequence/stack_sequence_ep100065_result.json,08b6ce85c926ce1d8c8a7422462344e8ad9e8ce75c74dd79377ed7619fd1bf6b
dm05,stack_sequence,7,100066,blue>red>green,failure,0,1200,1200,action_limit,"Put blue block down, red block on blue block, green block on red block.",reused,dm05/stack_sequence/stack_sequence_ep100066_result.json,514c069b44f926142703070abd2c0ed5ed8d936038e8a91af98dd0624e178270
dm05,stack_sequence,7,100067,blue>green>red,failure,0,1200,1200,action_limit,"Order the tower blue block, green block, red block from bottom to top.",reused,dm05/stack_sequence/stack_sequence_ep100067_result.json,9bee4267e9e53b9dfddd55db846c9056bd1ad55494efb90311a02c2ee6e7fb39
dm05,stack_sequence,8,100068,red>green>blue,failure,0,1200,1200,action_limit,"From the bottom up: red block, then green block, then blue block.",reused,dm05/stack_sequence/stack_sequence_ep100068_result.json,36c067c5b3da4bac81690681b49c6a60d152a68c02580b74c4f080740ab6f370
dm05,stack_sequence,8,100069,red>blue>green,failure,0,1200,1200,action_limit,"Build a column: red block lowest, then blue block, then green block on top.",reused,dm05/stack_sequence/stack_sequence_ep100069_result.json,1d60db4ee34ebd420c88815413ea0e5091ab49e6ffff97c95f9e40f3cdd4c3be
dm05,stack_sequence,8,100070,green>red>blue,failure,0,1200,1200,action_limit,"Lay green block first, red block second, blue block third, each on the last.",reused,dm05/stack_sequence/stack_sequence_ep100070_result.json,94e04f9be252f128a1fb65bd293cb2e91984e2ad8dfddab26f9388d3896fed19
dm05,stack_sequence,8,100071,green>blue>red,failure,0,1200,1200,action_limit,"Rest blue block on green block, then rest red block on blue block.",reused,dm05/stack_sequence/stack_sequence_ep100071_result.json,f9692015768dd1db0dca12e131bc04c3703b6db68f312c56dba514ae3647d46c
dm05,stack_sequence,8,100072,blue>red>green,failure,0,1200,1200,action_limit,"Lay blue block first, red block second, green block third, each on the last.",reused,dm05/stack_sequence/stack_sequence_ep100072_result.json,9179768979775342db2a32f72b903f100694d4571bf07a57a74cb64a9743d415
dm05,stack_sequence,8,100073,blue>green>red,failure,0,1200,1200,action_limit,"First set blue block, then green block, then red block at the very top.",reused,dm05/stack_sequence/stack_sequence_ep100073_result.json,f599bd7bff737014d538f23fcbf90b24c1f720dc853ab9bbe086877df89732b8
dm05,stack_sequence,9,100080,red>green>blue,success,1,456,1200,task_success,"Build a column: red block lowest, then green block, then blue block on top.",reused,dm05/stack_sequence/stack_sequence_ep100080_result.json,39fd9e9b49e496ac840f324cbe2aeb53a0ac7b32b45d2c44bdfd012abd0f8c34
dm05,stack_sequence,9,100081,red>blue>green,failure,0,1200,1200,action_limit,Stack green block over blue block and blue block over red block.,reused,dm05/stack_sequence/stack_sequence_ep100081_result.json,427e8f4b0df1eb1ece5882a475679c6c55b5db0d9502838b682c7bcca8421a06
dm05,stack_sequence,9,100082,green>red>blue,failure,0,1200,1200,action_limit,Stack blue block over red block and red block over green block.,reused,dm05/stack_sequence/stack_sequence_ep100082_result.json,4ef5c64e03ec867a4a89f14ae4dc3d9d3039ae98cb99c97e25c3e20f19464edb
dm05,stack_sequence,9,100083,green>blue>red,failure,0,1200,1200,action_limit,"Lay green block first, blue block second, red block third, each on the last.",reused,dm05/stack_sequence/stack_sequence_ep100083_result.json,95940a70bddb5ae54e69698a9437e91eeb5d9fbcf045eb88bd6bff33d7ae1022
dm05,stack_sequence,9,100084,blue>red>green,failure,0,1200,1200,action_limit,"Rest red block on blue block, then rest green block on red block.",reused,dm05/stack_sequence/stack_sequence_ep100084_result.json,0cb9548cc77b2f3299a5bbe5b88ae6101734e504120ab4ad2c799470291671d0
dm05,stack_sequence,9,100085,blue>green>red,failure,0,1200,1200,action_limit,"Place blue block at the base, add green block, and top it with red block.",reused,dm05/stack_sequence/stack_sequence_ep100085_result.json,c6286e0b482d1f9cdd229f2eb559bb4566639a760f53560832ab19e2f2a810aa
dm05,stack_sequence,10,100092,red>green>blue,success,1,423,1200,task_success,"Rest green block on red block, then rest blue block on green block.",reused,dm05/stack_sequence/stack_sequence_ep100092_result.json,d542e9377f6bbd8e19b084a1582107479882edf80853e880c791c185ec80e4a0
dm05,stack_sequence,10,100093,red>blue>green,failure,0,1200,1200,action_limit,"Rest blue block on red block, then rest green block on blue block.",reused,dm05/stack_sequence/stack_sequence_ep100093_result.json,db10ea0855f03f325299267abcd3fd16ad1120d8b1b0391f2d94fd78a766c4ef
dm05,stack_sequence,10,100094,green>red>blue,failure,0,1200,1200,action_limit,"Rest red block on green block, then rest blue block on red block.",reused,dm05/stack_sequence/stack_sequence_ep100094_result.json,723099f0f520028ec8d634fd4077a43f18cb3810c60cfca28a2f50182ec9c09f
dm05,stack_sequence,10,100095,green>blue>red,failure,0,1200,1200,action_limit,"Rest blue block on green block, then rest red block on blue block.",reused,dm05/stack_sequence/stack_sequence_ep100095_result.json,8138d233fc671ba37f10afeba7e70e077ccdb833c8844dc4ee02efc69423e0f5
dm05,stack_sequence,10,100096,blue>red>green,failure,0,1200,1200,action_limit,"Lay blue block first, red block second, green block third, each on the last.",reused,dm05/stack_sequence/stack_sequence_ep100096_result.json,3df1c1c801ddd4f5e6fa187d1038d55bdc101452223abc7b37fe54a5ccee4ef0
dm05,stack_sequence,10,100097,blue>green>red,failure,0,1200,1200,action_limit,"Rest green block on blue block, then rest red block on green block.",reused,dm05/stack_sequence/stack_sequence_ep100097_result.json,abd31e83fee1b60a25b60c993982a67d31c27da83460d1207ea70f87cd280234
dm05,stack_sequence,11,100098,red>green>blue,success,1,423,1200,task_success,"Rest green block on red block, then rest blue block on green block.",reused,dm05/stack_sequence/stack_sequence_ep100098_result.json,ba1d925aae4a1e7393cbbe097542b81d06032a4df6664ca090ad85d34c109f3a
dm05,stack_sequence,11,100099,red>blue>green,failure,0,1200,1200,action_limit,"Order the tower red block, blue block, green block from bottom to top.",reused,dm05/stack_sequence/stack_sequence_ep100099_result.json,96311c93cfeb7f08af58ef2d83401eb4826d0afe95a9a28ed4d98f3e7539e5ea
dm05,stack_sequence,11,100100,green>red>blue,failure,0,1200,1200,action_limit,"Put green block down, red block on green block, blue block on red block.",reused,dm05/stack_sequence/stack_sequence_ep100100_result.json,b0d66663de7dfb238639680ac679f95436a32d3835e86d1e2adf13a7141f9ef2
dm05,stack_sequence,11,100101,green>blue>red,failure,0,1200,1200,action_limit,"Lay green block first, blue block second, red block third, each on the last.",reused,dm05/stack_sequence/stack_sequence_ep100101_result.json,06232253c94d76629dea6bfad36eb111af84d211e455e22b273159875336d7c9
dm05,stack_sequence,11,100102,blue>red>green,failure,0,1200,1200,action_limit,"Rest red block on blue block, then rest green block on red block.",reused,dm05/stack_sequence/stack_sequence_ep100102_result.json,a35beebc7aae490e597b6df0da522a23422593ec1d620a1f4b582cee9d239c69
dm05,stack_sequence,11,100103,blue>green>red,failure,0,1200,1200,action_limit,Stack red block over green block and green block over blue block.,reused,dm05/stack_sequence/stack_sequence_ep100103_result.json,07c4b4707d0b6fe7aea954d5321d33b53af7afdae90ea3eb15a50da25ed0258d
dm05,stack_sequence,12,100104,red>green>blue,failure,0,1200,1200,action_limit,"Bottom to top, the order is red block, green block, blue block.",reused,dm05/stack_sequence/stack_sequence_ep100104_result.json,dadff8c0eb542c112818089ea62d52e63e9f7b4f78fe34090dae71e641033f19
dm05,stack_sequence,12,100105,red>blue>green,failure,0,1200,1200,action_limit,"Rest blue block on red block, then rest green block on blue block.",reused,dm05/stack_sequence/stack_sequence_ep100105_result.json,0ed80fe724ac0a0dd4ef43253d033a6251dd13452e0a3a0bbdf6f2407cded2eb
dm05,stack_sequence,12,100106,green>red>blue,failure,0,1200,1200,action_limit,"From the bottom up: green block, then red block, then blue block.",reused,dm05/stack_sequence/stack_sequence_ep100106_result.json,0f10828c039a6f45b15b949e6a7fcac0bc20656120c2bee266d643b1118b62d5
dm05,stack_sequence,12,100107,green>blue>red,failure,0,1200,1200,action_limit,"First set green block, then blue block, then red block at the very top.",reused,dm05/stack_sequence/stack_sequence_ep100107_result.json,b47cd9418c0d4fb5d5a5f0c7a0223f79d26e36ae30825eec1cd5fa69a4a2c368
dm05,stack_sequence,12,100108,blue>red>green,failure,0,1200,1200,action_limit,"Put blue block down, red block on blue block, green block on red block.",reused,dm05/stack_sequence/stack_sequence_ep100108_result.json,00a66645133a5711f917f1de4551cdbdaf45d3fa72fb3a36979b8644ba97c8e1
dm05,stack_sequence,12,100109,blue>green>red,failure,0,1200,1200,action_limit,"Build a column: blue block lowest, then green block, then red block on top.",reused,dm05/stack_sequence/stack_sequence_ep100109_result.json,117bfb87712a9d55aa48d985d440c4b51212e4c335948ab433c2ff477734813e
dm05,stack_sequence,13,100110,red>green>blue,failure,0,1200,1200,action_limit,"Place red block at the base, add green block, and top it with blue block.",reused,dm05/stack_sequence/stack_sequence_ep100110_result.json,1c8c82f7b8eabd774511c5b326b13758ec44e38125c253e370e0834a00609476
dm05,stack_sequence,13,100111,red>blue>green,failure,0,1200,1200,action_limit,Stack green block over blue block and blue block over red block.,reused,dm05/stack_sequence/stack_sequence_ep100111_result.json,43294ae697832941ab940fc608da181f73f7931817df4cfae4af7c570f5b7593
dm05,stack_sequence,13,100112,green>red>blue,failure,0,1200,1200,action_limit,"Put green block down, red block on green block, blue block on red block.",reused,dm05/stack_sequence/stack_sequence_ep100112_result.json,dc50c3992bbc398e176442169f31dd0dd15de61e24a3136d730e945e074521a9
dm05,stack_sequence,13,100113,green>blue>red,failure,0,1200,1200,action_limit,"Lay green block first, blue block second, red block third, each on the last.",reused,dm05/stack_sequence/stack_sequence_ep100113_result.json,7ce2369b7b881a0a2bc0c0d2f8acd5c6bc2ed6e7c01be7250f3990793b7fbabb
dm05,stack_sequence,13,100114,blue>red>green,failure,0,1200,1200,action_limit,"Place blue block at the base, add red block, and top it with green block.",reused,dm05/stack_sequence/stack_sequence_ep100114_result.json,f14445f60100aaea11c63fb2ba4e5a4432ccbdc879e00732927a97dc29a8d38e
dm05,stack_sequence,13,100115,blue>green>red,failure,0,1200,1200,action_limit,"First set blue block, then green block, then red block at the very top.",reused,dm05/stack_sequence/stack_sequence_ep100115_result.json,43f2e01ccee8bc13d825fbc644ee270b5df87640772fd694f9d9a268c6025a34
dm05,stack_sequence,14,100116,red>green>blue,failure,0,1200,1200,action_limit,"Place red block at the base, add green block, and top it with blue block.",reused,dm05/stack_sequence/stack_sequence_ep100116_result.json,fd51953db8a27e0f7e95e1adb4598c33b2e5644c79f9205e151193f727ca190d
dm05,stack_sequence,14,100117,red>blue>green,failure,0,1200,1200,action_limit,"Build a column: red block lowest, then blue block, then green block on top.",reused,dm05/stack_sequence/stack_sequence_ep100117_result.json,7c9c2376cde4491af24b658ba8d543263218df978e6c23c8eb4eb156001e630c
dm05,stack_sequence,14,100118,green>red>blue,failure,0,1200,1200,action_limit,"Build a column: green block lowest, then red block, then blue block on top.",reused,dm05/stack_sequence/stack_sequence_ep100118_result.json,03db0f3fa8c1f171d7b9d2b88c2de235e61f5fab87cafbb30559fcd70ffc28bd
dm05,stack_sequence,14,100119,green>blue>red,failure,0,1200,1200,action_limit,Stack red block over blue block and blue block over green block.,reused,dm05/stack_sequence/stack_sequence_ep100119_result.json,be0b75734455afc62c1d428fcb3a7d2ad27b3acca4727fd037e14d0e2a47b57e
dm05,stack_sequence,14,100120,blue>red>green,failure,0,1200,1200,action_limit,"Order the tower blue block, red block, green block from bottom to top.",reused,dm05/stack_sequence/stack_sequence_ep100120_result.json,29e314f7a80149ef00d0d66d946ab66f71855f4e09dfeb07b4a69baf6f0eeb0c
dm05,stack_sequence,14,100121,blue>green>red,failure,0,1200,1200,action_limit,"Order the tower blue block, green block, red block from bottom to top.",reused,dm05/stack_sequence/stack_sequence_ep100121_result.json,169acc99d8501c2b92dca7de65170c7119a7d509a57fb3e14ad976613bace8ab
dm05,stack_sequence,15,100140,red>green>blue,success,1,470,1200,task_success,"Rest green block on red block, then rest blue block on green block.",reused,dm05/stack_sequence/stack_sequence_ep100140_result.json,9afda6639d9b2d219a24eae550a18b914a4633b3e67e48855d0dac7031f19e61
dm05,stack_sequence,15,100141,red>blue>green,failure,0,1200,1200,action_limit,"Place red block at the base, add blue block, and top it with green block.",reused,dm05/stack_sequence/stack_sequence_ep100141_result.json,7326cd665bd26f8ca38890c4db3aa733ad334183d70d7c1cf2a975e7ea7e1536
dm05,stack_sequence,15,100142,green>red>blue,failure,0,1200,1200,action_limit,"Put green block down, red block on green block, blue block on red block.",reused,dm05/stack_sequence/stack_sequence_ep100142_result.json,57902e5012b7d038116699fab75173018ad9e89cec2388dddec883edd0f3f8f1
dm05,stack_sequence,15,100143,green>blue>red,failure,0,1200,1200,action_limit,"Bottom to top, the order is green block, blue block, red block.",reused,dm05/stack_sequence/stack_sequence_ep100143_result.json,07ed3c09db4a9f297ca8bff5ddbd52648c329cfd1463fa3ba517f9fc50f27ddc
dm05,stack_sequence,15,100144,blue>red>green,failure,0,1200,1200,action_limit,"First set blue block, then red block, then green block at the very top.",reused,dm05/stack_sequence/stack_sequence_ep100144_result.json,912b3cbdd3baf7df6a882570b6b32c7b74f2096810cd9b3ca2cab1f15a38179e
dm05,stack_sequence,15,100145,blue>green>red,failure,0,1200,1200,action_limit,"Lay blue block first, green block second, red block third, each on the last.",reused,dm05/stack_sequence/stack_sequence_ep100145_result.json,d8246c75eb0a6fdd90cf6ac6850f1ff719194f79a5b4749f6c8cbcc377c74224
dm05,stack_sequence,16,100146,red>green>blue,failure,0,1200,1200,action_limit,"From the bottom up: red block, then green block, then blue block.",reused,dm05/stack_sequence/stack_sequence_ep100146_result.json,35e484935c62f7e74a28d3c956c97f10aa9f3bc6187d755f9f319acdcab7c03d
dm05,stack_sequence,16,100147,red>blue>green,failure,0,1200,1200,action_limit,Stack green block over blue block and blue block over red block.,reused,dm05/stack_sequence/stack_sequence_ep100147_result.json,5c334a2408cc7aac902bb2a05d03c387d0154de82d6878746e45f53c13a569e3
dm05,stack_sequence,16,100148,green>red>blue,failure,0,1200,1200,action_limit,"Lay green block first, red block second, blue block third, each on the last.",reused,dm05/stack_sequence/stack_sequence_ep100148_result.json,ae903b3a23a995ce22d795d7911d192f02bf8b65e86508acb96b6c3546a7b0cb
dm05,stack_sequence,16,100149,green>blue>red,failure,0,1200,1200,action_limit,"Build a column: green block lowest, then blue block, then red block on top.",reused,dm05/stack_sequence/stack_sequence_ep100149_result.json,190a731714c5455e0bf872b15267584c6c69f34f27adb12b688fb4a5b8b1e488
dm05,stack_sequence,16,100150,blue>red>green,failure,0,1200,1200,action_limit,"Bottom to top, the order is blue block, red block, green block.",reused,dm05/stack_sequence/stack_sequence_ep100150_result.json,823982573a268126980b96222d8509cf6733d8f247dee69351ecd37a4dd67575
dm05,stack_sequence,16,100151,blue>green>red,failure,0,1200,1200,action_limit,"Place blue block at the base, add green block, and top it with red block.",reused,dm05/stack_sequence/stack_sequence_ep100151_result.json,6704e9d7b17e34173561a921c655a1a4902c5b276e8cf8c8990fde5160139d11
dm05,stack_sequence,17,100152,red>green>blue,success,1,407,1200,task_success,"Place red block at the base, add green block, and top it with blue block.",reused,dm05/stack_sequence/stack_sequence_ep100152_result.json,612f161d818424c568f158c6ce85229deb45de322d52cc4f2c7045bbb5ce428a
dm05,stack_sequence,17,100153,red>blue>green,failure,0,1200,1200,action_limit,"Lay red block first, blue block second, green block third, each on the last.",reused,dm05/stack_sequence/stack_sequence_ep100153_result.json,42e010021831327499fbb1292377395fbfa7adcaa574952c245135fd89d89adf
dm05,stack_sequence,17,100154,green>red>blue,failure,0,1200,1200,action_limit,Stack blue block over red block and red block over green block.,reused,dm05/stack_sequence/stack_sequence_ep100154_result.json,e94afbc4c7e1304432fc77d83f8bdad9d2aa3b7f29767a1f4776a6ca956e3ea9
dm05,stack_sequence,17,100155,green>blue>red,failure,0,1200,1200,action_limit,"From the bottom up: green block, then blue block, then red block.",reused,dm05/stack_sequence/stack_sequence_ep100155_result.json,394960e84d0a34aab78f4c0412387a43bfe493c28e794325a4dc8b2a6c772176
dm05,stack_sequence,17,100156,blue>red>green,failure,0,1200,1200,action_limit,"From the bottom up: blue block, then red block, then green block.",reused,dm05/stack_sequence/stack_sequence_ep100156_result.json,dc5549fa2ff2f48d5ea7f42b272c3c276e12f93c960f4567da4a6b67eae7aead
dm05,stack_sequence,17,100157,blue>green>red,failure,0,1200,1200,action_limit,"Build a column: blue block lowest, then green block, then red block on top.",reused,dm05/stack_sequence/stack_sequence_ep100157_result.json,8af74ce9e183ed307a2d05aedc070b51977dfec3e649972c897bb3322a763746
dm05,stack_sequence,18,100158,red>green>blue,failure,0,1200,1200,action_limit,"Bottom to top, the order is red block, green block, blue block.",reused,dm05/stack_sequence/stack_sequence_ep100158_result.json,a7b89ad2f8c95debff23c1d478f417f171128a20f3622242614c6d5802210419
dm05,stack_sequence,18,100159,red>blue>green,failure,0,1200,1200,action_limit,"Order the tower red block, blue block, green block from bottom to top.",reused,dm05/stack_sequence/stack_sequence_ep100159_result.json,09123ab8d61d1f89756c9f8052e8cd7064343aebc59cd113d749eb4872e875fc
dm05,stack_sequence,18,100160,green>red>blue,failure,0,1200,1200,action_limit,"Lay green block first, red block second, blue block third, each on the last.",reused,dm05/stack_sequence/stack_sequence_ep100160_result.json,c8487069c84ad15dca8b84c42691c9dfd70c09abd726c16ee91a9eb8e55614c5
dm05,stack_sequence,18,100161,green>blue>red,failure,0,1200,1200,action_limit,"From the bottom up: green block, then blue block, then red block.",reused,dm05/stack_sequence/stack_sequence_ep100161_result.json,31e0043181e724ae09f41e9e894a53cecde3dd14893f69a87bd51dac9f24ee2f
dm05,stack_sequence,18,100162,blue>red>green,failure,0,1200,1200,action_limit,"Put blue block down, red block on blue block, green block on red block.",reused,dm05/stack_sequence/stack_sequence_ep100162_result.json,078ca0dc52671126b1236b09ef88eaa0c7d0da351ba9f44e5d17018b5104b058
dm05,stack_sequence,18,100163,blue>green>red,failure,0,1200,1200,action_limit,Stack red block over green block and green block over blue block.,reused,dm05/stack_sequence/stack_sequence_ep100163_result.json,c878cab651df36e9a350ef131256e649215e7b4bab1ee51e751050b7781027bd
dm05,stack_sequence,19,100170,red>green>blue,failure,0,1200,1200,action_limit,"First set red block, then green block, then blue block at the very top.",reused,dm05/stack_sequence/stack_sequence_ep100170_result.json,abefb9e52cf6d6a899b3f34e2290ee9901015613c184f052636f3674a0dbd85d
dm05,stack_sequence,19,100171,red>blue>green,failure,0,1200,1200,action_limit,"From the bottom up: red block, then blue block, then green block.",reused,dm05/stack_sequence/stack_sequence_ep100171_result.json,9f163f1552456bd0f9715ff184d681e5b789eb4db4abed7457b26d1a88c5db33
dm05,stack_sequence,19,100172,green>red>blue,failure,0,1200,1200,action_limit,"From the bottom up: green block, then red block, then blue block.",reused,dm05/stack_sequence/stack_sequence_ep100172_result.json,88f24d779dfa13b01b5e3630d32d1506cfe6f459b39ca10e29122fd85e604e06
dm05,stack_sequence,19,100173,green>blue>red,failure,0,1200,1200,action_limit,"Bottom to top, the order is green block, blue block, red block.",reused,dm05/stack_sequence/stack_sequence_ep100173_result.json,16f71ac5a5e1dc18f9f64a0e9d03a24dec0a4945b0470c3b1b9e5179e88508f9
dm05,stack_sequence,19,100174,blue>red>green,failure,0,1200,1200,action_limit,"Rest red block on blue block, then rest green block on red block.",reused,dm05/stack_sequence/stack_sequence_ep100174_result.json,59b48ab2a2a32fb3a35ec67ddaab71484b29e15f45dc189ada75079f1721839b
dm05,stack_sequence,19,100175,blue>green>red,failure,0,1200,1200,action_limit,"Put blue block down, green block on blue block, red block on green block.",reused,dm05/stack_sequence/stack_sequence_ep100175_result.json,a9cb9473146050678b246afe60c2b5aeb65193f997b9b205feea7ef7f0c65eb3
dm05,place_relative,0,100005,left,failure,0,400,400,action_limit,Grab the black remotecontrol and set it to the left of the red tea-box,reused,dm05/place_relative/place_relative_ep100005_result.json,ed805315c7a717f360223b379448dbdcb21a90075bbcd8c1bfcbdeedec95fcdf
dm05,place_relative,0,100006,right,success,1,148,400,task_success,Grab the black remotecontrol and set it to the right of the red tea-box,reused,dm05/place_relative/place_relative_ep100006_result.json,b24e68998aec6ee841cfd5fe1d590563c01fdc38e90f70ac6c2fa0b32b7d2ed1
dm05,place_relative,0,100009,on_top,failure,0,400,400,action_limit,Grab the black remotecontrol and set it on top of the red tea-box,reused,dm05/place_relative/place_relative_ep100009_result.json,be2aec0bf5f6db53a1f45192a2e14b9d453ca5aa2092bbf596d7c71ef46b1783
dm05,place_relative,1,100010,left,success,1,135,400,task_success,Pick up the red can and move it to the left of the red tea-box,reused,dm05/place_relative/place_relative_ep100010_result.json,62ef9d6c3f7d99860a346d438da7798425a2cf616e5e3a11ac4308a20fcdb597
dm05,place_relative,1,100011,right,failure,0,400,400,action_limit,Pick up the red can and move it to the right of the red tea-box,reused,dm05/place_relative/place_relative_ep100011_result.json,631007f981eda7fe11afaf4e3d17fb3abc1cf04f8db3228264b6528c3e144922
dm05,place_relative,1,100014,on_top,failure,0,400,400,action_limit,Use the left arm to grab the red can and place it on top of the red tea-box,reused,dm05/place_relative/place_relative_ep100014_result.json,5e2ce8baae1f7423df554d61100e57e2155a3425cf11cb174dac5a375d732e69
dm05,place_relative,2,100015,left,success,1,150,400,task_success,Use the left arm to grab the blue soap and place it to the left of the red tea-box,reused,dm05/place_relative/place_relative_ep100015_result.json,9fea5a8e2eb4cb2604ba9b0727ece14f9568a630b2cbaf9c6b58b62a3da31198
dm05,place_relative,2,100016,right,failure,0,400,400,action_limit,Lift the blue soap and set it to the right of the red tea-box,reused,dm05/place_relative/place_relative_ep100016_result.json,3f7e9049d4623234bc0ba2853bbdca2d643ddd88b80a254bb05f373ee5fd27c2
dm05,place_relative,2,100019,on_top,failure,0,400,400,action_limit,"Use the left arm to pick up the blue soap, set it on top of the red tea-box",reused,dm05/place_relative/place_relative_ep100019_result.json,4c2fe6362cacdba8e4e676f36da527b26c404fa3873b6868b39185218fe33d25
dm05,place_relative,3,100020,left,success,1,125,400,task_success,Lift the gray mouse and set it to the left of the brown coffee-box,reused,dm05/place_relative/place_relative_ep100020_result.json,3b594e854586c1f084236e13f000efaaef661cc539ff3ced8ef85b0e3fdae5fc
dm05,place_relative,3,100021,right,success,1,143,400,task_success,Use the left arm to grab the gray mouse and place it to the right of the brown coffee-box,reused,dm05/place_relative/place_relative_ep100021_result.json,34c89dfaa3866ab4b35bc826c15635fa3bf8bafccffa2e1cce56ede8d4e13b19
dm05,place_relative,3,100024,on_top,failure,0,400,400,action_limit,Grab the gray mouse and set it on top of the brown coffee-box,reused,dm05/place_relative/place_relative_ep100024_result.json,2e804d0d3c715cd523943a38dd18962e10a8dddd57ddb2e5003b995c6bd86bb7
dm05,place_relative,4,100025,left,success,1,140,400,task_success,Pick up the green toycar and move it to the left of the brown coffee-box,reused,dm05/place_relative/place_relative_ep100025_result.json,ae2ad4e04c2b843b1a06c16754ac7c36bf06ab36b6745fb564b588a65af37760
dm05,place_relative,4,100026,right,failure,0,400,400,action_limit,Pick up the green toycar and move it to the right of the brown coffee-box,reused,dm05/place_relative/place_relative_ep100026_result.json,2435ff3ed2825a26f3e3278265a1cf0ff99f04df0fe18067e83322e5081603dd
dm05,place_relative,4,100029,on_top,failure,0,400,400,action_limit,Use the left arm to grab the green toycar and place it on top of the brown coffee-box,reused,dm05/place_relative/place_relative_ep100029_result.json,8000856234421163a5f25652b236adc295a3a74c3147155daba1a3ff98f4a087
dm05,place_relative,5,100030,left,failure,0,400,400,action_limit,Use the right arm to grab the red stapler and place it to the left of the brown coffee-box,reused,dm05/place_relative/place_relative_ep100030_result.json,43446a35793aae4ab7f97442c19cd3bbfeb3a212ee732b30197e9f69f8b74bd8
dm05,place_relative,5,100031,right,failure,0,400,400,action_limit,"Use the right arm to pick up the red stapler, set it to the right of the brown coffee-box",reused,dm05/place_relative/place_relative_ep100031_result.json,82c74e68259f9b0546dedf9c4eeb422c20b4195c20c20a8ef0cd77556a80967a
dm05,place_relative,5,100034,on_top,failure,0,400,400,action_limit,Grab the red stapler and set it on top of the brown coffee-box,reused,dm05/place_relative/place_relative_ep100034_result.json,47e49f4d27cbedb426904d5dbd609026bb62ca9ccfe0943fcc97036a1339b61c
dm05,place_relative,6,100040,left,success,1,139,400,task_success,Pick up the red can and move it to the left of the brown coffee-box,reused,dm05/place_relative/place_relative_ep100040_result.json,090b60c72d611609ccb148e120c4b8bbad6bdd4a5d4338f9e3d17856e5c1d696
dm05,place_relative,6,100041,right,failure,0,400,400,action_limit,Relocate the red can to the right of the brown coffee-box,reused,dm05/place_relative/place_relative_ep100041_result.json,7f3c2c64650da3fa7ccd151ce729c839c23f2386230340e75bab9805ca0e4fc3
dm05,place_relative,6,100044,on_top,failure,0,400,400,action_limit,Relocate the red can on top of the brown coffee-box,reused,dm05/place_relative/place_relative_ep100044_result.json,5ee4a6fbf4c419d26db4ad5a9225dc02bab9e24b17e289edc723bf2f2f978f68
dm05,place_relative,7,100045,left,success,1,146,400,task_success,Grab the blue soap and set it to the left of the brown coffee-box,reused,dm05/place_relative/place_relative_ep100045_result.json,3d718c057ea96f3f666d8ba0eac82d032f99d0c25a0532d961648970081f7316
dm05,place_relative,7,100046,right,failure,0,400,400,action_limit,"Use the left arm to pick up the blue soap, set it to the right of the brown coffee-box",reused,dm05/place_relative/place_relative_ep100046_result.json,6902e1fb61b199c396d38700a3ab955e8572e30f9b43aa140be6ea26cce97b4b
dm05,place_relative,7,100049,on_top,failure,0,400,400,action_limit,Lift the blue soap and set it on top of the brown coffee-box,reused,dm05/place_relative/place_relative_ep100049_result.json,e68f27e41ac696cd56b105934f7d046950f0bac3dba2d071096bb85bc3554905
dm05,place_relative,8,100050,left,failure,0,400,400,action_limit,Use the right arm to grab the gray mouse and place it to the left of the red tea-box,reused,dm05/place_relative/place_relative_ep100050_result.json,16c5465383ce2f16d8a735784737b1ab377d9a68a93fa329032907105964e182
dm05,place_relative,8,100051,right,success,1,125,400,task_success,Lift the gray mouse and set it to the right of the red tea-box,reused,dm05/place_relative/place_relative_ep100051_result.json,617d4ad8ee143fb5094453835b8a1f80cffa4cd8ab60ceff5c9aacbbfe81abc0
dm05,place_relative,8,100054,on_top,failure,0,400,400,action_limit,Lift the gray mouse and set it on top of the red tea-box,reused,dm05/place_relative/place_relative_ep100054_result.json,8dbb71289a90821426876f8219f6644f76eaf5be48e430917b3a36a720dd8236
dm05,place_relative,9,100055,left,success,1,124,400,task_success,Grab the green toycar and set it to the left of the red tea-box,reused,dm05/place_relative/place_relative_ep100055_result.json,aefe6b429bab445981690ecfd2d84349cfbe965bc5daff50cdaf7461b69b6eb0
dm05,place_relative,9,100056,right,failure,0,400,400,action_limit,Grab the green toycar and set it to the right of the red tea-box,reused,dm05/place_relative/place_relative_ep100056_result.json,bd40e6f54ed1949ebe8e07ab785a4ba1ca5b834b0ff9337cc53b18c1ef2696ca
dm05,place_relative,9,100059,on_top,failure,0,400,400,action_limit,Pick up the green toycar and move it on top of the red tea-box,reused,dm05/place_relative/place_relative_ep100059_result.json,a8710caa098a6a7d41e8c43771ad364cfafab81cac6f4f7e2cb6b720bd47d3e4
dm05,place_relative,10,100060,left,success,1,125,400,task_success,Use the left arm to grab the red stapler and place it to the left of the red tea-box,reused,dm05/place_relative/place_relative_ep100060_result.json,782138e37f7578207a69809fb785d920cc6dfb9a3f7b3254030f1c363299ec17
dm05,place_relative,10,100061,right,failure,0,400,400,action_limit,Pick up the red stapler and move it to the right of the red tea-box,reused,dm05/place_relative/place_relative_ep100061_result.json,3900ef8f255ea7fa2ff4ad68752c27c5c65be213fb1327942235a9e0e7bbd336
dm05,place_relative,10,100064,on_top,failure,0,400,400,action_limit,"Use the left arm to pick up the red stapler, set it on top of the red tea-box",reused,dm05/place_relative/place_relative_ep100064_result.json,ad40d2a704bbce05da0b2568e3556854cb43d1374ea50c17d35580ab58cdb2cd
dm05,place_relative,11,100065,left,success,1,143,400,task_success,Grab the black remotecontrol and set it to the left of the red tea-box,reused,dm05/place_relative/place_relative_ep100065_result.json,0b7846f2acf679547225b2310dd4898ca31e09ae13013ad1c3b03d3d4bc2411b
dm05,place_relative,11,100066,right,failure,0,400,400,action_limit,"Use the left arm to pick up the black remotecontrol, set it to the right of the red tea-box",reused,dm05/place_relative/place_relative_ep100066_result.json,d17c710f297384b6717eac49abbeca0016d3519108a6a03c97701a12e357c384
dm05,place_relative,11,100069,on_top,failure,0,400,400,action_limit,Pick up the black remotecontrol and move it on top of the red tea-box,reused,dm05/place_relative/place_relative_ep100069_result.json,487c058f81c45623196c44d32881de93b8aacf9396973a5dbe75a698f7239a14
dm05,place_relative,12,100070,left,success,1,143,400,task_success,Relocate the red can to the left of the red tea-box,reused,dm05/place_relative/place_relative_ep100070_result.json,25de1ba27d12f8317215087a1eb07e5487006a7968a4754fbd67245853b23ddf
dm05,place_relative,12,100071,right,success,1,140,400,task_success,Relocate the red can to the right of the red tea-box,reused,dm05/place_relative/place_relative_ep100071_result.json,219217bb8f3da8d243076352eda0f7caf1b33a7624561534ed947aada37e95b2
dm05,place_relative,12,100074,on_top,failure,0,400,400,action_limit,Relocate the red can on top of the red tea-box,reused,dm05/place_relative/place_relative_ep100074_result.json,50f6a6381a9ddd5735f047a517ae551991b16b660ca4851062c82be8396153ef
dm05,place_relative,13,100075,left,failure,0,400,400,action_limit,"Use the right arm to pick up the blue soap, set it to the left of the red tea-box",reused,dm05/place_relative/place_relative_ep100075_result.json,e01393f87744119d21115b9535702ddd09b8890c1735870a300e188d39598e06
dm05,place_relative,13,100076,right,success,1,146,400,task_success,Pick up the blue soap and move it to the right of the red tea-box,reused,dm05/place_relative/place_relative_ep100076_result.json,23ccb2b5e58f9dc3e8d80630958bda235f2d20cbb2d6452d17688526462aefc0
dm05,place_relative,13,100079,on_top,failure,0,400,400,action_limit,Grab the blue soap and set it on top of the red tea-box,reused,dm05/place_relative/place_relative_ep100079_result.json,cad09c7c9714b211f38989f5fcbb4bfbeb9b39c826b49bc0d8e582535aad6f9f
dm05,place_relative,14,100080,left,success,1,125,400,task_success,Grab the gray mouse and set it to the left of the brown coffee-box,reused,dm05/place_relative/place_relative_ep100080_result.json,0d95710ddd7d6ecd4eb6a92ab9bf8d4f50a6fbd364981c370f5389cce643f51d
dm05,place_relative,14,100081,right,failure,0,400,400,action_limit,"Use the left arm to pick up the gray mouse, set it to the right of the brown coffee-box",reused,dm05/place_relative/place_relative_ep100081_result.json,5ea2c1b1565a968a8024e4c40d2a740d066b3af9b1a0c840b7573d3436274801
dm05,place_relative,14,100084,on_top,failure,0,400,400,action_limit,Grab the gray mouse and set it on top of the brown coffee-box,reused,dm05/place_relative/place_relative_ep100084_result.json,b8498d25312a50ac0be57fe6295a2569f38195e2baeb79c67e152a87ea0fba7d
dm05,place_relative,15,100085,left,failure,0,400,400,action_limit,Lift the green toycar and set it to the left of the brown coffee-box,reused,dm05/place_relative/place_relative_ep100085_result.json,1ef04aab9ef68f7e16fbdb6a256f01bbd034b7178425195a6bf88107c61c2144
dm05,place_relative,15,100086,right,success,1,125,400,task_success,"Use the right arm to pick up the green toycar, set it to the right of the brown coffee-box",reused,dm05/place_relative/place_relative_ep100086_result.json,a5e4d6e1206b45965c58b0516d2779397456934a3cc053608af0a0ce1d0c1385
dm05,place_relative,15,100089,on_top,failure,0,400,400,action_limit,Lift the green toycar and set it on top of the brown coffee-box,reused,dm05/place_relative/place_relative_ep100089_result.json,3ac63edef7d1728c3723c865856294c953ca33c3c2cccb53dfd4be18eccda18f
dm05,place_relative,16,100095,left,failure,0,400,400,action_limit,"Use the right arm to pick up the black remotecontrol, set it to the left of the brown coffee-box",reused,dm05/place_relative/place_relative_ep100095_result.json,43ea30ddc757593a49ae78ba74639194e8aa5cebaa554f920a2eca496da140a5
dm05,place_relative,16,100096,right,success,1,144,400,task_success,Relocate the black remotecontrol to the right of the brown coffee-box,reused,dm05/place_relative/place_relative_ep100096_result.json,9064e32a7274097612695c8af7e7485c5c5e462182188a97eff90a3b5fc05a8e
dm05,place_relative,16,100099,on_top,failure,0,400,400,action_limit,Lift the black remotecontrol and set it on top of the brown coffee-box,reused,dm05/place_relative/place_relative_ep100099_result.json,106f8df4611d8260e06d4b6be8bef9995b0be92da9932dca87b433b494b015ec
dm05,place_relative,17,100100,left,failure,0,400,400,action_limit,"Use the right arm to pick up the red can, set it to the left of the brown coffee-box",reused,dm05/place_relative/place_relative_ep100100_result.json,95ef6c2b8a942ef6586ed021e3a556534195a67ef15f17afe67b2cfaf2b00599
dm05,place_relative,17,100101,right,failure,0,400,400,action_limit,"Use the right arm to pick up the red can, set it to the right of the brown coffee-box",reused,dm05/place_relative/place_relative_ep100101_result.json,897e1728f7551f8f42addfd1854c6e349df63c965c064eaa79e2d1a84d1432c1
dm05,place_relative,17,100104,on_top,failure,0,400,400,action_limit,Pick up the red can and move it on top of the brown coffee-box,reused,dm05/place_relative/place_relative_ep100104_result.json,8f3bc8bb5c090c64c59d4b1a48e723bde6ac72eb8fbef9a7f24ac98af3fbaad2
dm05,place_relative,18,100105,left,failure,0,400,400,action_limit,Use the right arm to grab the blue soap and place it to the left of the brown coffee-box,reused,dm05/place_relative/place_relative_ep100105_result.json,78099a384c9f7ed2a90f8fd7b5039f97a6a7e0f9d9c3002aa919a8fe6a0767b2
dm05,place_relative,18,100106,right,success,1,124,400,task_success,Grab the blue soap and set it to the right of the brown coffee-box,reused,dm05/place_relative/place_relative_ep100106_result.json,152dd1f183dd228f6871ac2095f599d5824848e5a7365b67227e1982f80cd134
dm05,place_relative,18,100109,on_top,failure,0,400,400,action_limit,Relocate the blue soap on top of the brown coffee-box,reused,dm05/place_relative/place_relative_ep100109_result.json,81853213520c651d80a49c04d33979af4da71279ed4d721cffd02a9c2fd7c284
dm05,place_relative,19,100110,left,success,1,124,400,task_success,Use the left arm to grab the gray mouse and place it to the left of the red tea-box,reused,dm05/place_relative/place_relative_ep100110_result.json,443a43db83741b8f4806435c5bcf0a424a2a8ada0cba67ec3feadf2b22f5b9ce
dm05,place_relative,19,100111,right,failure,0,400,400,action_limit,Grab the gray mouse and set it to the right of the red tea-box,reused,dm05/place_relative/place_relative_ep100111_result.json,dea6d6f995a63cee37d2dfc42454e3e43756ccacb5de3175427bd0db67ee703a
dm05,place_relative,19,100114,on_top,failure,0,400,400,action_limit,Use the left arm to grab the gray mouse and place it on top of the red tea-box,reused,dm05/place_relative/place_relative_ep100114_result.json,bb9db3fd7e65c31727db80502c300c9919855b1463801347550a3890c7ddc211
hy_vla,bottle_verb,0,100002,pick,failure,0,700,700,action_limit,pick up the curvy yellow plastic bottle gently.,new,hy_vla/bottle_verb/bottle_verb_ep100002_result.json,d511274bdfe7e151305cc8d659eb672b158d16209de1a22a83014a34a66ace53
hy_vla,bottle_verb,0,100003,shake,success,1,58,700,task_success,shake the smooth bottle with blue text gently.,new,hy_vla/bottle_verb/bottle_verb_ep100003_result.json,6463f210b83a99470696508a8503bd703a0d6862aaf4f13b1de57ef4f56ea25c
hy_vla,bottle_verb,1,100004,pick,failure,0,700,700,action_limit,Please grab the curvy yellow plastic bottle with the left arm.,new,hy_vla/bottle_verb/bottle_verb_ep100004_result.json,5a17759f93925fb81971c093cac5bcad4c50fea8178f5469261b20e08011ecb0
hy_vla,bottle_verb,1,100005,shake,success,1,62,700,task_success,shake the yellow bottle with white cap using the left arm.,new,hy_vla/bottle_verb/bottle_verb_ep100005_result.json,64e21a4381abb783209a69bea0098edc12a98f2b47ef2add9c7ec32f11af0ba1
hy_vla,bottle_verb,2,100006,pick,failure,0,700,700,action_limit,Kindly lift the bottle with printed label.,new,hy_vla/bottle_verb/bottle_verb_ep100006_result.json,598423bb08d9816d17b334b9ec17bf07f45060da95409d66bb9e6a648418dd65
hy_vla,bottle_verb,2,100007,shake,success,1,61,700,task_success,Kindly shake the bottle with printed label.,new,hy_vla/bottle_verb/bottle_verb_ep100007_result.json,524c36fa7bbc49205e80751dddb8c7e40f33e9fa365fd6a7d7491357daaabe68
hy_vla,bottle_verb,3,100008,pick,failure,0,700,700,action_limit,Please pick up the yellow bottle for liquid storage with the right arm.,new,hy_vla/bottle_verb/bottle_verb_ep100008_result.json,8b231b497c8b5fa132d7f1964fd6fcf86836d008a5e61c1ad7f6d52918fff82e
hy_vla,bottle_verb,3,100009,shake,success,1,63,700,task_success,shake the yellow bottle for liquid storage with care.,new,hy_vla/bottle_verb/bottle_verb_ep100009_result.json,b112d4ef3d4356860e7d865d8194262a48dc41f560dc5354bfa3d3718e0925db
hy_vla,bottle_verb,4,100010,pick,failure,0,700,700,action_limit,grab the medium-sized plastic bottle with capped top gently.,new,hy_vla/bottle_verb/bottle_verb_ep100010_result.json,d20b4804dac278e34a1f3fa29b7cd35c499cc2df609f338f3808a35bbd3a00bc
hy_vla,bottle_verb,4,100011,shake,success,1,66,700,task_success,Please shake the medium-sized plastic bottle with capped top with the left arm.,new,hy_vla/bottle_verb/bottle_verb_ep100011_result.json,2f353b33ded887ef119c251a12277ebdcd037f15b3c68cecb336d7efde99694c
hy_vla,bottle_verb,5,100016,pick,failure,0,700,700,action_limit,Kindly grab the bottle with ridged orange grip.,new,hy_vla/bottle_verb/bottle_verb_ep100016_result.json,2463e3ee9516996779b18db80b2048be4085789d39ad7107d6a4ac44dca14c56
hy_vla,bottle_verb,5,100017,shake,success,1,51,700,task_success,Please shake the white capped orange plastic bottle with the left arm.,new,hy_vla/bottle_verb/bottle_verb_ep100017_result.json,ec6876e6c97208312b536c989128270335bc4c8f50b1a90b37ea85061cc4095f
hy_vla,bottle_verb,6,100018,pick,failure,0,700,700,action_limit,Kindly lift the smooth bottle with blue text.,new,hy_vla/bottle_verb/bottle_verb_ep100018_result.json,5a6e2fac7fb3ee4354f17f740a09f833bef88bd8d51a9906ff6909cf7ca07c26
hy_vla,bottle_verb,6,100019,shake,success,1,63,700,task_success,shake the smooth bottle with blue text gently.,new,hy_vla/bottle_verb/bottle_verb_ep100019_result.json,5bea5e898f3030d88e53eb2e7e24f8bbdbbab6f7b0d3136b001164e13f96c6af
hy_vla,bottle_verb,7,100020,pick,failure,0,700,700,action_limit,pick up the handheld orange bottle with care.,new,hy_vla/bottle_verb/bottle_verb_ep100020_result.json,52b5c5012f3a831b22136f3e53297b5ccc24ff924277628dbe5ef06dd6296fb2
hy_vla,bottle_verb,7,100021,shake,success,1,68,700,task_success,shake the label-covered orange bottle gently.,new,hy_vla/bottle_verb/bottle_verb_ep100021_result.json,f2ccdfc64a50859bfaa333baa5a24d74d16e461811d62962830906bf8cb4a83a
hy_vla,bottle_verb,8,100022,pick,failure,0,700,700,action_limit,grab the bottle with curved body carefully now.,new,hy_vla/bottle_verb/bottle_verb_ep100022_result.json,4847197f6fbbac464e9a097e0d06636ca01b404e606131a7b38db5de992e6c2b
hy_vla,bottle_verb,8,100023,shake,success,1,62,700,task_success,shake the bottle with curved body gently.,new,hy_vla/bottle_verb/bottle_verb_ep100023_result.json,14514489f21b0c9cf9df49b07a034dec0169cc340064139b1e9cf28b9b5af53a
hy_vla,bottle_verb,9,100024,pick,failure,0,700,700,action_limit,lift the bottle with curved neck design with the left arm.,new,hy_vla/bottle_verb/bottle_verb_ep100024_result.json,0a4ed00d38edfad02fab83d2d238296ed07921ecf1edf6335e233d1d2dba1800
hy_vla,bottle_verb,9,100025,shake,success,1,63,700,task_success,shake the bottle with curved neck design for a moment.,new,hy_vla/bottle_verb/bottle_verb_ep100025_result.json,f065b35bff9587278dc3dc9eed57fe1b2c96aaa1421222c0827cf68ef8bb06dc
hy_vla,bottle_verb,10,100026,pick,failure,0,700,700,action_limit,pick up the bottle with curved neck design using one arm.,new,hy_vla/bottle_verb/bottle_verb_ep100026_result.json,d35e0269aad0d87a54e85ecef7230ee60115036fa5e2e0a0f39bd25279cc8e0e
hy_vla,bottle_verb,10,100027,shake,success,1,59,700,task_success,shake the blue-capped plastic bottle carefully now.,new,hy_vla/bottle_verb/bottle_verb_ep100027_result.json,1e1a25c86990c98796c812af3afeba09133f4bde30ca40e7814eb2d44a73e9f0
hy_vla,bottle_verb,11,100030,pick,failure,0,700,700,action_limit,lift the blue-capped plastic bottle gently.,new,hy_vla/bottle_verb/bottle_verb_ep100030_result.json,4234f595b4431f17aad3d1b9520c51dd76a979fbea945023d12b51eebde858f1
hy_vla,bottle_verb,11,100031,shake,success,1,62,700,task_success,shake the bottle with curved neck design gently.,new,hy_vla/bottle_verb/bottle_verb_ep100031_result.json,36287f163c51092ad41517afb38835fa7379a95fbf11859dfd1791d740190c66
hy_vla,bottle_verb,12,100032,pick,failure,0,700,700,action_limit,Kindly pick up the bottle with curved body.,new,hy_vla/bottle_verb/bottle_verb_ep100032_result.json,04caf7fdd1c0220f2541a662da59a818c98d323826565c5b1fb76190760d2c63
hy_vla,bottle_verb,12,100033,shake,success,1,62,700,task_success,shake the bottle with curved body right away.,new,hy_vla/bottle_verb/bottle_verb_ep100033_result.json,6ac7f36b8051e6fb06155e5f404cc1661f1fd3bbde7d20208b61097f9f36e270
hy_vla,bottle_verb,13,100038,pick,failure,0,700,700,action_limit,pick up the liquid container dark brown plastic with the left arm.,new,hy_vla/bottle_verb/bottle_verb_ep100038_result.json,b64fd3d44ae9f11a945470eb23395cf1003ad8a18183180ff9ebfa32d0336e75
hy_vla,bottle_verb,13,100039,shake,success,1,65,700,task_success,shake the liquid container dark brown plastic carefully now.,new,hy_vla/bottle_verb/bottle_verb_ep100039_result.json,7ffd61f58f7cca270fb4359086f6448011ab85b20ac34eb596f9b43bc5b572f7
hy_vla,bottle_verb,14,100042,pick,failure,0,700,700,action_limit,lift the light gray bottle right away.,new,hy_vla/bottle_verb/bottle_verb_ep100042_result.json,f6b38b63c5442a44289ad5aa1e2cef1e7b15cf1d39e848ea2d7d2d1623391a09
hy_vla,bottle_verb,14,100043,shake,success,1,62,700,task_success,shake the light gray bottle with care.,new,hy_vla/bottle_verb/bottle_verb_ep100043_result.json,9068836175e9c3cf35328b0cf2f7c5e0f1fb685d7f01a8776e43323f496b82cd
hy_vla,bottle_verb,15,100048,pick,failure,0,700,700,action_limit,lift the plastic bottle with printed label with the right arm.,new,hy_vla/bottle_verb/bottle_verb_ep100048_result.json,fcfeed41ea8a0e5efae60a57cd187c7701398863f066c1d51ab8f87820260085
hy_vla,bottle_verb,15,100049,shake,success,1,64,700,task_success,shake the bottle with glossy surface right away.,new,hy_vla/bottle_verb/bottle_verb_ep100049_result.json,e2c32b5eeb096d804b5a0ef3dcdb2ee92b1fe5311522e06ee35ffbb392a0360a
hy_vla,bottle_verb,16,100050,pick,failure,0,700,700,action_limit,pick up the label-covered orange bottle with care.,new,hy_vla/bottle_verb/bottle_verb_ep100050_result.json,288fa2121fffbb5f250c8df2e4e1eb5964b27d0ea08d8dc051cfc9d64364e793
hy_vla,bottle_verb,16,100051,shake,success,1,66,700,task_success,shake the handheld orange bottle right away.,new,hy_vla/bottle_verb/bottle_verb_ep100051_result.json,76c63dd769c07c7c7c3b14c5fdfe93313758d836003672b759900a9df33c498e
hy_vla,bottle_verb,17,100052,pick,failure,0,700,700,action_limit,grab the bottle with red screw cap with the right arm.,new,hy_vla/bottle_verb/bottle_verb_ep100052_result.json,6f014a16dc9a6d7d0b080715537c2640ec2d5c9e345a94db59ed3ee892c881d6
hy_vla,bottle_verb,17,100053,shake,success,1,68,700,task_success,shake the bottle with red screw cap with care.,new,hy_vla/bottle_verb/bottle_verb_ep100053_result.json,66e3374b28b52464aaf4ce6c4fe50e86295bf479b2b832594f3ade62a2333a8b
hy_vla,bottle_verb,18,100054,pick,failure,0,700,700,action_limit,lift the medium-sized plastic bottle with capped top gently.,new,hy_vla/bottle_verb/bottle_verb_ep100054_result.json,657e6af86df7df358969cdbb59f153dc6bbffdfbec172592c3caed0c222d0f74
hy_vla,bottle_verb,18,100055,shake,success,1,66,700,task_success,shake the medium-sized plastic bottle with capped top right away.,new,hy_vla/bottle_verb/bottle_verb_ep100055_result.json,62bae6a61a01e5524254a0c554b50f0ee6272488530fa0206fff6980119fc0b8
hy_vla,bottle_verb,19,100056,pick,failure,0,700,700,action_limit,pick up the yellow bottle for liquid storage gently.,new,hy_vla/bottle_verb/bottle_verb_ep100056_result.json,345ab11f677cec1d002a06374710974309b2fe438fe33c8073df8f9e459a4bd6
hy_vla,bottle_verb,19,100057,shake,success,1,67,700,task_success,Please shake the yellow rectangular bottle with the left arm.,new,hy_vla/bottle_verb/bottle_verb_ep100057_result.json,372b7a1d9769ce630bcfbb21c223b000d3e407c7fd19e7d1c5a12ec60c8f48e5
hy_vla,pick_diverse_object,0,100002,seen,failure,0,400,400,action_limit,Pick up the bread carefully using the left arm,reused,hy_vla/pick_diverse_object/pick_diverse_object_ep100002_result.json,f4939fd9bb4b76e836b9a21a4c3bd876db3bc7bff8a20f753d15b232677a0278
hy_vla,pick_diverse_object,0,100003,unseen,failure,0,400,400,action_limit,Lift the apple from the table using the left arm.,reused,hy_vla/pick_diverse_object/pick_diverse_object_ep100003_result.json,89a2e62b5cb0a70848521f6e66ee85f9977d8d999909b1405e85a1430e3237da
hy_vla,pick_diverse_object,1,100004,seen,success,1,19,400,task_success,Pick up the coffee box carefully using the left arm,reused,hy_vla/pick_diverse_object/pick_diverse_object_ep100004_result.json,ae143f6bd253fd4922d2f9a4a7d28a8c12dc8b824cd36e19ca34f4197d638a99
hy_vla,pick_diverse_object,1,100005,unseen,failure,0,400,400,action_limit,Pick up the wooden mallet carefully using the left arm,reused,hy_vla/pick_diverse_object/pick_diverse_object_ep100005_result.json,5d65087771dc969578c39f1d1148948755fbadf92450a315fcfc96f4bcb8139f
hy_vla,pick_diverse_object,2,100006,seen,failure,0,400,400,action_limit,Grab the mouse on the table and raise it.,reused,hy_vla/pick_diverse_object/pick_diverse_object_ep100006_result.json,33e834ffc0341ded8e16b11542e439789c962420be54db730a791222bc92f16a
hy_vla,pick_diverse_object,2,100007,unseen,failure,0,400,400,action_limit,Pick up the paintbrush carefully using the left arm,reused,hy_vla/pick_diverse_object/pick_diverse_object_ep100007_result.json,534d5064c74486fd3d44af1dd99d4987296979415df5ec8a19d6945adf9a73c7
hy_vla,pick_diverse_object,3,100008,seen,failure,0,400,400,action_limit,Pick up the bottle using the correct arm,reused,hy_vla/pick_diverse_object/pick_diverse_object_ep100008_result.json,894e7de7e92f12cf7307f57c92b2df6f43ec376e5fee383a0d07ce937dedef89
hy_vla,pick_diverse_object,3,100009,unseen,failure,0,400,400,action_limit,Grab the dumbbell on the table and raise it.,reused,hy_vla/pick_diverse_object/pick_diverse_object_ep100009_result.json,dcfd89378a41840f2f5d226bedd46dcd4227510981dc6cf35d52d71c9452ad2b
hy_vla,pick_diverse_object,4,100012,seen,failure,0,400,400,action_limit,Grab the shoe on the table and raise it.,reused,hy_vla/pick_diverse_object/pick_diverse_object_ep100012_result.json,4726d4ccfd196777b43b3347902b8fec7ae97d9b556fd9fe585a31b829773d8c
hy_vla,pick_diverse_object,4,100013,unseen,failure,0,400,400,action_limit,Pick up the wooden mallet using the correct arm,reused,hy_vla/pick_diverse_object/pick_diverse_object_ep100013_result.json,2b5dbef2776a87fd816a7c1872024d3b9568b4d04bd5ce4e1fa1b43733f3005f
hy_vla,pick_diverse_object,5,100014,seen,success,1,27,400,task_success,Pick up the mug carefully using the left arm,reused,hy_vla/pick_diverse_object/pick_diverse_object_ep100014_result.json,62a8371cde61857cf67c7cb9b9cb0c23c877728ff1dcf3a1278c5961df1aae02
hy_vla,pick_diverse_object,5,100015,unseen,failure,0,400,400,action_limit,Lift the paintbrush from the table using the right arm.,reused,hy_vla/pick_diverse_object/pick_diverse_object_ep100015_result.json,fbd85d3557eb48e6dc8b5d760f34489d1c07539fdca568b1171c3bbde4f45c18
hy_vla,pick_diverse_object,6,100018,seen,success,1,30,400,task_success,Pick up the toy car carefully using the right arm,reused,hy_vla/pick_diverse_object/pick_diverse_object_ep100018_result.json,ba3fb12f5bb31cdd4f7e2551592b0254cd4bea9d1a39c6714ae092c4a5f651bc
hy_vla,pick_diverse_object,6,100019,unseen,failure,0,400,400,action_limit,Pick up the apple carefully using the right arm,reused,hy_vla/pick_diverse_object/pick_diverse_object_ep100019_result.json,56ec5261cea5648ddf0c5850b5a515d3de99842cd38025ba113f1ce0fd264c9d
hy_vla,pick_diverse_object,7,100020,seen,failure,0,400,400,action_limit,Grab the phone on the table and raise it.,reused,hy_vla/pick_diverse_object/pick_diverse_object_ep100020_result.json,dbd8789429700d2050d9857d08e1ecfb572de462cbd35ee089c7a3b5d3608443
hy_vla,pick_diverse_object,7,100021,unseen,success,1,32,400,task_success,Grab the wooden mallet on the table and raise it.,reused,hy_vla/pick_diverse_object/pick_diverse_object_ep100021_result.json,0a2cdba83cb43014664a92b03bf8bdabd5671396083c6ae4398941ad510b7653
hy_vla,pick_diverse_object,8,100024,seen,failure,0,400,400,action_limit,Pick up the hamburger carefully using the right arm,reused,hy_vla/pick_diverse_object/pick_diverse_object_ep100024_result.json,36ef6f8032ccd64f6e5f3d7971680c76db2f0e9f963da3bbebf20696976f2723
hy_vla,pick_diverse_object,8,100025,unseen,failure,0,400,400,action_limit,Pick up the dumbbell carefully using the left arm,reused,hy_vla/pick_diverse_object/pick_diverse_object_ep100025_result.json,c45625d2ccf055789ce0176873f74ac46e39a9f01ca3e78b93975fae9da066cf
hy_vla,pick_diverse_object,9,100034,seen,success,1,212,400,task_success,Lift the cup from the table using the left arm.,reused,hy_vla/pick_diverse_object/pick_diverse_object_ep100034_result.json,a8c00cc2fe3cd79d6738de90b466fca9d9c88731cd987769280689dcb529beba
hy_vla,pick_diverse_object,9,100035,unseen,failure,0,400,400,action_limit,Grab the apple on the table and raise it.,reused,hy_vla/pick_diverse_object/pick_diverse_object_ep100035_result.json,57d0abdf71f5b520e85fb28a4bedd1c029fa0bc5702ef10c0cea791211d5420e
hy_vla,pick_diverse_object,10,100036,seen,failure,0,400,400,action_limit,Grab the shoe on the table and raise it.,reused,hy_vla/pick_diverse_object/pick_diverse_object_ep100036_result.json,47c0f38b4a3d5da48f94ce4728280023683c8fd79ab6548980fc28c19b6f7b2c
hy_vla,pick_diverse_object,10,100037,unseen,failure,0,400,400,action_limit,Lift the wooden mallet from the table using the right arm.,reused,hy_vla/pick_diverse_object/pick_diverse_object_ep100037_result.json,8179719a4eab02244f4266f0e87bda606bd3744cdac718173c2ecabcbf226871
hy_vla,pick_diverse_object,11,100038,seen,failure,0,400,400,action_limit,Lift the mug from the table using the left arm.,reused,hy_vla/pick_diverse_object/pick_diverse_object_ep100038_result.json,c5c19b3ae6ea263a0e58e7bcd242298bc4ff31a2293f2af3e0e451a7c02098b0
hy_vla,pick_diverse_object,11,100039,unseen,failure,0,400,400,action_limit,Grab the paintbrush on the table and raise it.,reused,hy_vla/pick_diverse_object/pick_diverse_object_ep100039_result.json,f80920136f81266ab8c7112293611799504e0a7a40588c2f5f3d3100b6478ea8
hy_vla,pick_diverse_object,12,100040,seen,failure,0,400,400,action_limit,Grab the can on the table and raise it.,reused,hy_vla/pick_diverse_object/pick_diverse_object_ep100040_result.json,8c26ecc5c3e36e807542505b2a549a7357200b3974908852a7a571d2a363232d
hy_vla,pick_diverse_object,12,100041,unseen,failure,0,400,400,action_limit,Grab the dumbbell on the table and raise it.,reused,hy_vla/pick_diverse_object/pick_diverse_object_ep100041_result.json,fc3dba0eb189232a24755847e441e46a0ca47b011a27f37bd3865caec6cc3b81
hy_vla,pick_diverse_object,13,100042,seen,success,1,30,400,task_success,Lift the toy car from the table using the right arm.,reused,hy_vla/pick_diverse_object/pick_diverse_object_ep100042_result.json,56f3abdd4c64d1cf744793aa16f74da965182f3f09184fd5701ae8b5b078f0e6
hy_vla,pick_diverse_object,13,100043,unseen,success,1,79,400,task_success,Pick up the apple using the correct arm,reused,hy_vla/pick_diverse_object/pick_diverse_object_ep100043_result.json,fba45e11f7ace35a8c7514a4fedf611a6a0300955d9c82c90eb88577f76d9126
hy_vla,pick_diverse_object,14,100048,seen,success,1,30,400,task_success,Grab the hamburger on the table and raise it.,reused,hy_vla/pick_diverse_object/pick_diverse_object_ep100048_result.json,11bb7b384b2aede26fe686fe9d055c45d66ded81d27e2b55446b2c1f14f0ed16
hy_vla,pick_diverse_object,14,100049,unseen,failure,0,400,400,action_limit,Grab the dumbbell on the table and raise it.,reused,hy_vla/pick_diverse_object/pick_diverse_object_ep100049_result.json,aeed29429cf4c0d613df25a6b4fd5a79da07ef6cbb376eab3b24226088d9ad10
hy_vla,pick_diverse_object,15,100052,seen,success,1,58,400,task_success,Pick up the coffee box using the correct arm,reused,hy_vla/pick_diverse_object/pick_diverse_object_ep100052_result.json,b65ce6eb059138379f4a2d9bce6435fac753ca50b26d125476b58c33ed96eee0
hy_vla,pick_diverse_object,15,100053,unseen,success,1,31,400,task_success,Pick up the wooden mallet using the correct arm,reused,hy_vla/pick_diverse_object/pick_diverse_object_ep100053_result.json,1cbe7ab0e9f1f2559fb6d49138404cfd0b50c9d3de15f27373c4621bc38230d4
hy_vla,pick_diverse_object,16,100054,seen,failure,0,400,400,action_limit,Grab the mouse on the table and raise it.,reused,hy_vla/pick_diverse_object/pick_diverse_object_ep100054_result.json,016c7654730c6a444e1164bb21d875882e558567c199a82c9f1661d2ce47dea7
hy_vla,pick_diverse_object,16,100055,unseen,failure,0,400,400,action_limit,Lift the paintbrush from the table using the right arm.,reused,hy_vla/pick_diverse_object/pick_diverse_object_ep100055_result.json,a2323c72d08a0cd5dd1f2620d8e00e533ec1757233e989341bb2001ba3f23976
hy_vla,pick_diverse_object,17,100056,seen,failure,0,400,400,action_limit,Grab the bottle on the table and raise it.,reused,hy_vla/pick_diverse_object/pick_diverse_object_ep100056_result.json,a3fdc6020c34c2510b33296bf4de2e8d22c6df77924f8e0f215fb3495746918c
hy_vla,pick_diverse_object,17,100057,unseen,success,1,18,400,task_success,Pick up the dumbbell carefully using the left arm,reused,hy_vla/pick_diverse_object/pick_diverse_object_ep100057_result.json,4178ee8382ff5980a0f50897c32cff3f490be52a2b29f6346406f9f812eb12f6
hy_vla,pick_diverse_object,18,100060,seen,failure,0,400,400,action_limit,Pick up the shoe carefully using the right arm,reused,hy_vla/pick_diverse_object/pick_diverse_object_ep100060_result.json,102781b86615196e65e60addcb4d61954a0ec549c773dd6b1c1cdd69a43705ea
hy_vla,pick_diverse_object,18,100061,unseen,failure,0,400,400,action_limit,Grab the wooden mallet on the table and raise it.,reused,hy_vla/pick_diverse_object/pick_diverse_object_ep100061_result.json,abfb689c7efcab0accb9006dc1a4c776fbf93ebb3081f517baee174b259461ab
hy_vla,pick_diverse_object,19,100066,seen,failure,0,400,400,action_limit,Lift the toy car from the table using the right arm.,reused,hy_vla/pick_diverse_object/pick_diverse_object_ep100066_result.json,72ba98b50e6cc2f86a790485b5e110291fe8ad03bbcc0ed9cdb369681d66150f
hy_vla,pick_diverse_object,19,100067,unseen,failure,0,400,400,action_limit,Lift the apple from the table using the right arm.,reused,hy_vla/pick_diverse_object/pick_diverse_object_ep100067_result.json,a83741b69f22cd69dab0b4ff7b31e4dae4f9feac892632dd3e64ef9ef576be2a
hy_vla,attribute_select,0,100000,color:red,success,1,31,400,task_success,Reach for the red block and lift it.,reused,hy_vla/attribute_select/attribute_select_ep100000_result.json,b15e7c41504464de51bf5d2f3cc030bd44e3dda3ac7a86cfab52b41e49259aed
hy_vla,attribute_select,0,100001,color:blue,success,1,139,400,task_success,Reach for the blue block and lift it.,reused,hy_vla/attribute_select/attribute_select_ep100001_result.json,5eb1c3c2590c3273c7e423d90df639b85d004c0cc25423e8be8e537ef8c4c9b4
hy_vla,attribute_select,0,100002,decal:cat,failure,0,400,400,action_limit,Fetch the block with a cat on it.,reused,hy_vla/attribute_select/attribute_select_ep100002_result.json,d16b57ccc0204001dfedb9e9e025beaef84640f7b4e50bcf4cfec919e2e8d4ec
hy_vla,attribute_select,0,100003,decal:dog,success,1,31,400,task_success,Fetch the block with a dog on it.,reused,hy_vla/attribute_select/attribute_select_ep100003_result.json,39fa5b74d1b126d15e7ee42d4a09c41f408c20a66934cfb62a20681febaa7ebc
hy_vla,attribute_select,0,100004,shape:block,success,1,293,400,task_success,Reach for the cube and lift it.,reused,hy_vla/attribute_select/attribute_select_ep100004_result.json,14ad09c3b22ed68bf5a2b93b36cef7aab7f9119f6b6108eba8d86ab8e53c391b
hy_vla,attribute_select,0,100005,shape:bar,success,1,32,400,task_success,Fetch the long bar.,reused,hy_vla/attribute_select/attribute_select_ep100005_result.json,6ef9983a9232f0fcaee52aaff9f006f7b5aee55d04af9ec85adc0aaf99108425
hy_vla,attribute_select,0,100006,size:big,success,1,200,400,task_success,Reach for the big block and lift it.,reused,hy_vla/attribute_select/attribute_select_ep100006_result.json,ad7d7f5eb75cbbc8e371be4af169920266638d55ec027806dbe9331eb8df5275
hy_vla,attribute_select,0,100007,size:small,success,1,31,400,task_success,Fetch the small block.,reused,hy_vla/attribute_select/attribute_select_ep100007_result.json,7c2f69abf4c0a2d3cdc21b773e94f9d18229dbd85537324fc2ec49726e5d7345
hy_vla,attribute_select,1,100008,color:red,success,1,31,400,task_success,Fetch the red block.,reused,hy_vla/attribute_select/attribute_select_ep100008_result.json,783793ec3dbbd7ade1e81fd42afd2953c6461a5b72d0f7bd595fcc8325ecf4c0
hy_vla,attribute_select,1,100009,color:blue,success,1,342,400,task_success,Fetch the blue block.,reused,hy_vla/attribute_select/attribute_select_ep100009_result.json,ec735e04c0ad3f18853c5aab8ed0201b4a9f185e2dbccf5dc727afbf1fd29553
hy_vla,attribute_select,1,100010,decal:cat,success,1,31,400,task_success,Reach for the block with a cat on it and lift it.,reused,hy_vla/attribute_select/attribute_select_ep100010_result.json,c3c85461dd531f2701896d55375a6b9314e164150deaadba05ba135a7bf5af14
hy_vla,attribute_select,1,100011,decal:dog,failure,0,400,400,action_limit,Reach for the block with a dog on it and lift it.,reused,hy_vla/attribute_select/attribute_select_ep100011_result.json,e0f521b1f07412329f855655e998ab13ee242807dab19070595ffad51b2f29e5
hy_vla,attribute_select,1,100012,shape:block,success,1,196,400,task_success,Fetch the cube.,reused,hy_vla/attribute_select/attribute_select_ep100012_result.json,f3e601d0b2ee886298c0747bd9ad963b6fcc2fb59521571d7ea853eb7082e2e2
hy_vla,attribute_select,1,100013,shape:bar,success,1,32,400,task_success,Reach for the long bar and lift it.,reused,hy_vla/attribute_select/attribute_select_ep100013_result.json,18510665ee4b40bb1770615bf93df423b67a6782f0d93dff0572a0eb436bee16
hy_vla,attribute_select,1,100014,size:big,success,1,132,400,task_success,Fetch the big block.,reused,hy_vla/attribute_select/attribute_select_ep100014_result.json,cc4a643764b39bdb4d232b965c2f3f0620e7930b06659f0f16b663e86c8af5f1
hy_vla,attribute_select,1,100015,size:small,success,1,31,400,task_success,Fetch the small block.,reused,hy_vla/attribute_select/attribute_select_ep100015_result.json,5bb57ab76c5fcc69fb0269f5d9597ac319b216da55be8af2df00d962b5bab507
hy_vla,attribute_select,2,100016,color:red,success,1,31,400,task_success,Reach for the red block and lift it.,reused,hy_vla/attribute_select/attribute_select_ep100016_result.json,37bd9c6a6dc67da7f00c4842e8883a92428032cf90f3f923423bc72e080374f4
hy_vla,attribute_select,2,100017,color:blue,success,1,149,400,task_success,Fetch the blue block.,reused,hy_vla/attribute_select/attribute_select_ep100017_result.json,ff43e2c34e599cc6c5e3804ebf02a55d7825d13740fc70e23846b4fcf7102d73
hy_vla,attribute_select,2,100018,decal:cat,success,1,90,400,task_success,Fetch the block with a cat on it.,reused,hy_vla/attribute_select/attribute_select_ep100018_result.json,333fe4e307887ca1b05108457c42bba82781375678d7b5358620838592808ef7
hy_vla,attribute_select,2,100019,decal:dog,success,1,31,400,task_success,Fetch the block with a dog on it.,reused,hy_vla/attribute_select/attribute_select_ep100019_result.json,7a39fca7f40f34a983d301fa965d214b54e9552ce85c38dc268d478300255c88
hy_vla,attribute_select,2,100020,shape:block,success,1,98,400,task_success,Reach for the cube and lift it.,reused,hy_vla/attribute_select/attribute_select_ep100020_result.json,d67c73d79aa3e676f93bcf07e58a5371f73df8df0df07254537732865d333e7a
hy_vla,attribute_select,2,100021,shape:bar,success,1,31,400,task_success,Fetch the long bar.,reused,hy_vla/attribute_select/attribute_select_ep100021_result.json,a0c49e79433999dc01c4e36cee64c875e240f1db3b3b9ae1595b78cfe9a3c68d
hy_vla,attribute_select,2,100022,size:big,failure,0,400,400,action_limit,Reach for the big block and lift it.,reused,hy_vla/attribute_select/attribute_select_ep100022_result.json,605b59784cce64b9a991bf3e45eb90feaa46979a14b0fb858fc78cc29975785a
hy_vla,attribute_select,2,100023,size:small,success,1,31,400,task_success,Fetch the small block.,reused,hy_vla/attribute_select/attribute_select_ep100023_result.json,f52d072a9c912b676046d1eb7c77885cbba20754a96c6eb9ca85ecd797bee8b2
hy_vla,attribute_select,3,100024,color:red,success,1,32,400,task_success,Fetch the red block.,reused,hy_vla/attribute_select/attribute_select_ep100024_result.json,93e9d2c1a7838b83216b41e162f7d04ad78f51f65e1c0bcad4bb7720e797def5
hy_vla,attribute_select,3,100025,color:blue,success,1,88,400,task_success,Reach for the blue block and lift it.,reused,hy_vla/attribute_select/attribute_select_ep100025_result.json,76025b80c1ef9f7191adc0e5f6526b2e85c493aeeec1399a5789612e8f344497
hy_vla,attribute_select,3,100026,decal:cat,success,1,31,400,task_success,Fetch the block with a cat on it.,reused,hy_vla/attribute_select/attribute_select_ep100026_result.json,f620b5561203b14b6df5b241caba2fd7444e297fa43696a9456de4e9e2d0dc59
hy_vla,attribute_select,3,100027,decal:dog,success,1,89,400,task_success,Reach for the block with a dog on it and lift it.,reused,hy_vla/attribute_select/attribute_select_ep100027_result.json,439879642860e4db5e5c8ddf4658425b05906ecdb847e719f6f52dc1e8206d92
hy_vla,attribute_select,3,100028,shape:block,success,1,93,400,task_success,Reach for the cube and lift it.,reused,hy_vla/attribute_select/attribute_select_ep100028_result.json,f879b8efd751c4bb8e047d22f7ccb859b5609082ccbff70c766b5bdab80fe24e
hy_vla,attribute_select,3,100029,shape:bar,success,1,32,400,task_success,Reach for the long bar and lift it.,reused,hy_vla/attribute_select/attribute_select_ep100029_result.json,177f8ef5879249b64c9e3fa2ff3b1debb31759be959afbcaf24943168a25e091
hy_vla,attribute_select,3,100030,size:big,success,1,149,400,task_success,Fetch the big block.,reused,hy_vla/attribute_select/attribute_select_ep100030_result.json,666abc5dd879fdb15977aade059ca517eeae816fbdfa4b732369e940e8c69230
hy_vla,attribute_select,3,100031,size:small,success,1,31,400,task_success,Fetch the small block.,reused,hy_vla/attribute_select/attribute_select_ep100031_result.json,ebaa026b0192d896a558cca70095e13d21b77dc43f6a7e3cbe57af102867a11b
hy_vla,attribute_select,4,100032,color:red,success,1,31,400,task_success,Fetch the red block.,reused,hy_vla/attribute_select/attribute_select_ep100032_result.json,040d42c3562f5a09f8b3cb8347325546cf79f21cdbc3e2d8a28c1dd75e039252
hy_vla,attribute_select,4,100033,color:blue,success,1,87,400,task_success,Fetch the blue block.,reused,hy_vla/attribute_select/attribute_select_ep100033_result.json,9080a100da87a5766b3b30973194085a6cebdfb02b8b0ff38320c864fcc62dbd
hy_vla,attribute_select,4,100034,decal:cat,success,1,89,400,task_success,Fetch the block with a cat on it.,reused,hy_vla/attribute_select/attribute_select_ep100034_result.json,c21a2366ae033bb857f8f19d37bdd4b86819d4d81ec0d79fd71e9a2cf6168b31
hy_vla,attribute_select,4,100035,decal:dog,success,1,31,400,task_success,Fetch the block with a dog on it.,reused,hy_vla/attribute_select/attribute_select_ep100035_result.json,02e714df9abac6b7147e0e86f7ffb8d90be7e1761fb0ab4962b738c731d31207
hy_vla,attribute_select,4,100036,shape:block,success,1,31,400,task_success,Fetch the cube.,reused,hy_vla/attribute_select/attribute_select_ep100036_result.json,c23c8767ed4f150941b77357620f8eafef281c5e558461cd4544932d8e047887
hy_vla,attribute_select,4,100037,shape:bar,success,1,32,400,task_success,Fetch the long bar.,reused,hy_vla/attribute_select/attribute_select_ep100037_result.json,91e309371664672fa77da4b34d399c4cfa291b53611d39712e351c4fae1e3dab
hy_vla,attribute_select,4,100038,size:big,success,1,300,400,task_success,Fetch the big block.,reused,hy_vla/attribute_select/attribute_select_ep100038_result.json,3f38cd47025fe10d26d417a2a0dc3198f191b2a4417d080c0e67c3ec4daa01f1
hy_vla,attribute_select,4,100039,size:small,success,1,31,400,task_success,Reach for the small block and lift it.,reused,hy_vla/attribute_select/attribute_select_ep100039_result.json,57204394e5fc7dee43964640ecab3a0096079f5df3b5120877b305fe514630aa
hy_vla,attribute_select,5,100040,color:red,success,1,31,400,task_success,Fetch the red block.,reused,hy_vla/attribute_select/attribute_select_ep100040_result.json,b30f0255b686b4ebe1ea25d78de6dc5bee075a17f3c312b25c26e3d19995c02a
hy_vla,attribute_select,5,100041,color:blue,success,1,88,400,task_success,Fetch the blue block.,reused,hy_vla/attribute_select/attribute_select_ep100041_result.json,cb100c5cae993ebff5f5e1842e8cf41d87c760ba9abdee90539dfe50175f9afe
hy_vla,attribute_select,5,100042,decal:cat,success,1,31,400,task_success,Reach for the block with a cat on it and lift it.,reused,hy_vla/attribute_select/attribute_select_ep100042_result.json,9eec252ff771f2a1a4b0e4df139597e296e8ff8d243d5dd4df0a2444cee0acf4
hy_vla,attribute_select,5,100043,decal:dog,success,1,135,400,task_success,Reach for the block with a dog on it and lift it.,reused,hy_vla/attribute_select/attribute_select_ep100043_result.json,3aec2509d8641e828e300ed88b04e18b2f0a8ea56535fe1454b59cd025db63d3
hy_vla,attribute_select,5,100044,shape:block,failure,0,400,400,action_limit,Reach for the cube and lift it.,reused,hy_vla/attribute_select/attribute_select_ep100044_result.json,c61bf414dda7d80507ddcc0339c2c139c313242506a258f08627a8e16a78712d
hy_vla,attribute_select,5,100045,shape:bar,success,1,31,400,task_success,Fetch the long bar.,reused,hy_vla/attribute_select/attribute_select_ep100045_result.json,8af5fc749105266db73054e5b732747c3a5b65e3fe22c229cead8c66d8e17142
hy_vla,attribute_select,5,100046,size:big,success,1,143,400,task_success,Fetch the big block.,reused,hy_vla/attribute_select/attribute_select_ep100046_result.json,5ed960b190d01279d1507265284de69d122b729d021844dc286b9c71d4794b39
hy_vla,attribute_select,5,100047,size:small,success,1,31,400,task_success,Fetch the small block.,reused,hy_vla/attribute_select/attribute_select_ep100047_result.json,d436eb8b6a8eea966e3b83af38bbc30ec82ce54c82c31f66dd2df4f93e0f5bf4
hy_vla,attribute_select,6,100048,color:red,success,1,31,400,task_success,Fetch the red block.,reused,hy_vla/attribute_select/attribute_select_ep100048_result.json,3af903cff9febe9354c3ec7e5e7b52e08d34c3b6014fed017e44bc5c9eae0358
hy_vla,attribute_select,6,100049,color:blue,success,1,89,400,task_success,Fetch the blue block.,reused,hy_vla/attribute_select/attribute_select_ep100049_result.json,bb548e75983e78f0b3e2d8d1a44ca77defe87d143535b2a0bf6f5f5ff733be39
hy_vla,attribute_select,6,100050,decal:cat,success,1,31,400,task_success,Reach for the block with a cat on it and lift it.,reused,hy_vla/attribute_select/attribute_select_ep100050_result.json,979791d5043be569994c65d31e94de00e3629ba100e00cd7e4e00f7001d5c3d9
hy_vla,attribute_select,6,100051,decal:dog,failure,0,400,400,action_limit,Fetch the block with a dog on it.,reused,hy_vla/attribute_select/attribute_select_ep100051_result.json,e105edf03bcaf52085f7446571369e08c3beddc92225fc4b2c3af60e074842c7
hy_vla,attribute_select,6,100052,shape:block,success,1,94,400,task_success,Reach for the cube and lift it.,reused,hy_vla/attribute_select/attribute_select_ep100052_result.json,c7141f8657f0afa2b5cefcbf4b4d2e90c6dbfa7df19d0b64d579b0466171d008
hy_vla,attribute_select,6,100053,shape:bar,success,1,32,400,task_success,Fetch the long bar.,reused,hy_vla/attribute_select/attribute_select_ep100053_result.json,aa190677f7d92b1fdf04842723bda95c7c08f2786f1a110d2ecc4619c1005922
hy_vla,attribute_select,6,100054,size:big,success,1,150,400,task_success,Fetch the big block.,reused,hy_vla/attribute_select/attribute_select_ep100054_result.json,a09f3c6569d436f9011dcf7351efa23816b0fe524182150128ba3f2ea2b9b55f
hy_vla,attribute_select,6,100055,size:small,success,1,31,400,task_success,Reach for the small block and lift it.,reused,hy_vla/attribute_select/attribute_select_ep100055_result.json,6b9a689e225c23fbbac10fb395bb50a47ee044498db52d288c521a7561ab5b56
hy_vla,attribute_select,7,100064,color:red,success,1,31,400,task_success,Fetch the red block.,reused,hy_vla/attribute_select/attribute_select_ep100064_result.json,565261dc8dd448bf4d347f945f96ff8a5d5a6517408b58f121c779dd3bd5e933
hy_vla,attribute_select,7,100065,color:blue,success,1,89,400,task_success,Reach for the blue block and lift it.,reused,hy_vla/attribute_select/attribute_select_ep100065_result.json,91b48f9473cb82b480a1b69cdf449317cb4efdd020c01af7bfeca78f13287a9d
hy_vla,attribute_select,7,100066,decal:cat,failure,0,400,400,action_limit,Reach for the block with a cat on it and lift it.,reused,hy_vla/attribute_select/attribute_select_ep100066_result.json,ec29d318b4b1a96b8ff4b2ed1a135a0390f55554d24d2384e9d97024b014f246
hy_vla,attribute_select,7,100067,decal:dog,success,1,31,400,task_success,Reach for the block with a dog on it and lift it.,reused,hy_vla/attribute_select/attribute_select_ep100067_result.json,82f33395f9e3954f4b9533eabd76263184c3869848bd602581c7111c37178ecc
hy_vla,attribute_select,7,100068,shape:block,failure,0,400,400,action_limit,Reach for the cube and lift it.,reused,hy_vla/attribute_select/attribute_select_ep100068_result.json,3985afde3f84083e191662e6eb88a2956607f8bef9d5f7f3b8ee417a388458c8
hy_vla,attribute_select,7,100069,shape:bar,success,1,32,400,task_success,Fetch the long bar.,reused,hy_vla/attribute_select/attribute_select_ep100069_result.json,62a3adc6c80c45477df9ae135e8402f5f1f5c4c4f416f77f99b54e4dceb89dfe
hy_vla,attribute_select,7,100070,size:big,success,1,143,400,task_success,Reach for the big block and lift it.,reused,hy_vla/attribute_select/attribute_select_ep100070_result.json,9bfbef18945c57ba8e9a6668387325c4abdf118256422e44250af15142f282e6
hy_vla,attribute_select,7,100071,size:small,success,1,31,400,task_success,Fetch the small block.,reused,hy_vla/attribute_select/attribute_select_ep100071_result.json,7da2d7e708b4eabc6f74c3da0f31a744ccfb452da1c617cdb1573ebda272f93a
hy_vla,attribute_select,8,100072,color:red,success,1,31,400,task_success,Reach for the red block and lift it.,reused,hy_vla/attribute_select/attribute_select_ep100072_result.json,220e1d77a01c7a9fdfa35896c95921df597a9741b73040d077433d8c6e5939b3
hy_vla,attribute_select,8,100073,color:blue,failure,0,400,400,action_limit,Reach for the blue block and lift it.,reused,hy_vla/attribute_select/attribute_select_ep100073_result.json,bd8ad3fa43cb6c4c609d14cf059c1e72441921cb9bafab92f44a0fadee149d56
hy_vla,attribute_select,8,100074,decal:cat,success,1,87,400,task_success,Fetch the block with a cat on it.,reused,hy_vla/attribute_select/attribute_select_ep100074_result.json,6a13e62f335f981f5cac6a63ba8d925e6e00f126adb2932a8753b2d66d028d46
hy_vla,attribute_select,8,100075,decal:dog,success,1,31,400,task_success,Reach for the block with a dog on it and lift it.,reused,hy_vla/attribute_select/attribute_select_ep100075_result.json,a9d7b612b9058066470bed9e3fe92973378bf05f6b8e054a7fd512051066a869
hy_vla,attribute_select,8,100076,shape:block,success,1,194,400,task_success,Fetch the cube.,reused,hy_vla/attribute_select/attribute_select_ep100076_result.json,d863d8955704d3300140ef666cdf45ebf7a2f7b1cd831a2f5f92fa8a01275c20
hy_vla,attribute_select,8,100077,shape:bar,success,1,32,400,task_success,Reach for the long bar and lift it.,reused,hy_vla/attribute_select/attribute_select_ep100077_result.json,68512bad59083c83e3acc8fccd4b9f2088f0bf4bf8a8e2ffc3c3f0e54135889c
hy_vla,attribute_select,8,100078,size:big,success,1,143,400,task_success,Fetch the big block.,reused,hy_vla/attribute_select/attribute_select_ep100078_result.json,80f9eebf2b6d5328dd579a14a60aea9cad3051b49366d8b5856ff3f77a99cf3e
hy_vla,attribute_select,8,100079,size:small,success,1,31,400,task_success,Fetch the small block.,reused,hy_vla/attribute_select/attribute_select_ep100079_result.json,006b47f3c5d35f875f50395167c6b060df8da7c0658fce3cac0735bffa09730b
hy_vla,attribute_select,9,100080,color:red,success,1,31,400,task_success,Fetch the red block.,reused,hy_vla/attribute_select/attribute_select_ep100080_result.json,1695e9c45b8f704255cd48a707ec370af1489bc7bdd10f75b471f179b651ccdc
hy_vla,attribute_select,9,100081,color:blue,success,1,89,400,task_success,Reach for the blue block and lift it.,reused,hy_vla/attribute_select/attribute_select_ep100081_result.json,bff04105febc467ecbff49199335bb71a42268e7d0f4e89b80d96458e1a5d864
hy_vla,attribute_select,9,100082,decal:cat,success,1,31,400,task_success,Reach for the block with a cat on it and lift it.,reused,hy_vla/attribute_select/attribute_select_ep100082_result.json,8a0a3bdd0f2b044c7412fd4819940fdac37f05e44f8359ba797363355afb4c04
hy_vla,attribute_select,9,100083,decal:dog,success,1,87,400,task_success,Reach for the block with a dog on it and lift it.,reused,hy_vla/attribute_select/attribute_select_ep100083_result.json,4c48e8a701d8d6563b4ad57f64a3f0a81a0e4c898c7a2d824e131f31f330bf24
hy_vla,attribute_select,9,100084,shape:block,success,1,31,400,task_success,Fetch the cube.,reused,hy_vla/attribute_select/attribute_select_ep100084_result.json,4cf1a9bdff7074af4eaf45ae5155ee4ebbd3b8c87a87a3d1390c8c75659b1fc4
hy_vla,attribute_select,9,100085,shape:bar,success,1,32,400,task_success,Fetch the long bar.,reused,hy_vla/attribute_select/attribute_select_ep100085_result.json,cae6dd4c07acfa73f7e0dcbe0f95c6b085b5834c606f1cd3155b68267d0826c3
hy_vla,attribute_select,9,100086,size:big,success,1,150,400,task_success,Fetch the big block.,reused,hy_vla/attribute_select/attribute_select_ep100086_result.json,95ce0ce66ac0b5dcfcefe4813f264c0d63a3c51f2cf5d8291d66b94e79d93dd5
hy_vla,attribute_select,9,100087,size:small,success,1,31,400,task_success,Reach for the small block and lift it.,reused,hy_vla/attribute_select/attribute_select_ep100087_result.json,ef26479fe284b787375ef1f55df4b0d4ac1745c6e6e4e5778cfa6ac50a87340f
hy_vla,attribute_select,10,100088,color:red,success,1,32,400,task_success,Fetch the red block.,reused,hy_vla/attribute_select/attribute_select_ep100088_result.json,456f888611cc53f0bfd8198a154231bf1b63421c7235914b0aa856a85b2aff30
hy_vla,attribute_select,10,100089,color:blue,success,1,89,400,task_success,Fetch the blue block.,reused,hy_vla/attribute_select/attribute_select_ep100089_result.json,df847c43850a3439323118cd7e638adda49699c7404dd911f2d2eb811fca05fe
hy_vla,attribute_select,10,100090,decal:cat,success,1,31,400,task_success,Reach for the block with a cat on it and lift it.,reused,hy_vla/attribute_select/attribute_select_ep100090_result.json,44aade13e0dceb943490db39dd6533bacc379ae45323ff8b71820054bcbc6b56
hy_vla,attribute_select,10,100091,decal:dog,success,1,89,400,task_success,Fetch the block with a dog on it.,reused,hy_vla/attribute_select/attribute_select_ep100091_result.json,6d37388a0bb420a33d9017986b2e7b50b93964c5e707a5e21e33bd77181c7c7b
hy_vla,attribute_select,10,100092,shape:block,success,1,91,400,task_success,Reach for the cube and lift it.,reused,hy_vla/attribute_select/attribute_select_ep100092_result.json,72ca81abdbdd84fcc8339fa4082cf29531d597003d0cdcdf6fee6befddd48440
hy_vla,attribute_select,10,100093,shape:bar,success,1,32,400,task_success,Reach for the long bar and lift it.,reused,hy_vla/attribute_select/attribute_select_ep100093_result.json,570c9fda0e1874ccafcac6d9810b593fa5cfa8c3392caf8d085605f16734a603
hy_vla,attribute_select,10,100094,size:big,success,1,150,400,task_success,Reach for the big block and lift it.,reused,hy_vla/attribute_select/attribute_select_ep100094_result.json,a738b11a387cf628838478ead6ff64959f614a0d5b33ad63999d0cd3859fe4a5
hy_vla,attribute_select,10,100095,size:small,success,1,31,400,task_success,Reach for the small block and lift it.,reused,hy_vla/attribute_select/attribute_select_ep100095_result.json,c4dca8af4a33ac38dfd7665c886f48260736f9ca0af7af7b3e4e527f6bc83e48
hy_vla,attribute_select,11,100096,color:red,success,1,31,400,task_success,Reach for the red block and lift it.,reused,hy_vla/attribute_select/attribute_select_ep100096_result.json,daf7e538598032ae0e326f38abf439e7d3bb86351dfa190e89d6c5c22bca711d
hy_vla,attribute_select,11,100097,color:blue,failure,0,400,400,action_limit,Fetch the blue block.,reused,hy_vla/attribute_select/attribute_select_ep100097_result.json,a09e7129ec1bf72ffff9c46cef4cc2de3fe9547cfed289c6a5ddd12ba47f312c
hy_vla,attribute_select,11,100098,decal:cat,success,1,31,400,task_success,Fetch the block with a cat on it.,reused,hy_vla/attribute_select/attribute_select_ep100098_result.json,a4b7ba16dcd9ddb7ebd7746d74d102dcf39636bea384a0b61e84c49c02ab30de
hy_vla,attribute_select,11,100099,decal:dog,success,1,89,400,task_success,Fetch the block with a dog on it.,reused,hy_vla/attribute_select/attribute_select_ep100099_result.json,e0aac2aa3e056b048a6ffd078f333c572c86f1edcf220538a24b56d68300e66f
hy_vla,attribute_select,11,100100,shape:block,success,1,156,400,task_success,Reach for the cube and lift it.,reused,hy_vla/attribute_select/attribute_select_ep100100_result.json,8df00d18815b935ed591704a0b5ef452948994bb05ba802dbffc962729c22fd6
hy_vla,attribute_select,11,100101,shape:bar,success,1,32,400,task_success,Reach for the long bar and lift it.,reused,hy_vla/attribute_select/attribute_select_ep100101_result.json,e40f9e2b9958c41606f233478f67398bdb7d7be5ef8a67e958f9d14b41f49e24
hy_vla,attribute_select,11,100102,size:big,success,1,150,400,task_success,Fetch the big block.,reused,hy_vla/attribute_select/attribute_select_ep100102_result.json,61b5b8faae5d6988876aba52af497cba537daae28a9fc5b39978c204de73da1b
hy_vla,attribute_select,11,100103,size:small,success,1,31,400,task_success,Fetch the small block.,reused,hy_vla/attribute_select/attribute_select_ep100103_result.json,009d0ea872c732b91ce796ee918d7484d5fc22637886733c063692b6536ec514
hy_vla,attribute_select,12,100104,color:red,success,1,31,400,task_success,Reach for the red block and lift it.,reused,hy_vla/attribute_select/attribute_select_ep100104_result.json,ee700f903b8a7e713417985ebc6e7dfe0bffb8be7b83b7d7bc81aded98c5c60b
hy_vla,attribute_select,12,100105,color:blue,success,1,89,400,task_success,Reach for the blue block and lift it.,reused,hy_vla/attribute_select/attribute_select_ep100105_result.json,40c4069fc238e9b69ef02566d90275aa85528fb8996b2a97721dbe0da635931a
hy_vla,attribute_select,12,100106,decal:cat,success,1,88,400,task_success,Reach for the block with a cat on it and lift it.,reused,hy_vla/attribute_select/attribute_select_ep100106_result.json,652d278d35dbc93aa5e08591591ff3b0700ef12bb99cbe49466de29a92cbf4ac
hy_vla,attribute_select,12,100107,decal:dog,success,1,31,400,task_success,Reach for the block with a dog on it and lift it.,reused,hy_vla/attribute_select/attribute_select_ep100107_result.json,b54b904a17af66a7414a7ad0c425113b6154d72df915209e9b4aa577d7cc5f3e
hy_vla,attribute_select,12,100108,shape:block,failure,0,400,400,action_limit,Reach for the cube and lift it.,reused,hy_vla/attribute_select/attribute_select_ep100108_result.json,498ec5fdcb12c7e2d733c44c40f2b81d685c1dd1a3aaa497155cf83cfd575e3f
hy_vla,attribute_select,12,100109,shape:bar,success,1,32,400,task_success,Fetch the long bar.,reused,hy_vla/attribute_select/attribute_select_ep100109_result.json,a99d20c85cd6cd24cd20ac3e9f880665efb34ff907bd0930604a366a6c298454
hy_vla,attribute_select,12,100110,size:big,success,1,143,400,task_success,Reach for the big block and lift it.,reused,hy_vla/attribute_select/attribute_select_ep100110_result.json,516c11d4f646b26cc55472f59d6294109b8d8013a2bcdd216d979bbc09759c6e
hy_vla,attribute_select,12,100111,size:small,success,1,31,400,task_success,Reach for the small block and lift it.,reused,hy_vla/attribute_select/attribute_select_ep100111_result.json,146116a1137e9e34e4f3b67c53425c9523960baf5d85c11c6cb5b02840ebea9f
hy_vla,attribute_select,13,100112,color:red,success,1,31,400,task_success,Reach for the red block and lift it.,reused,hy_vla/attribute_select/attribute_select_ep100112_result.json,55f49330488c15f7b81d64fed464abe9e3327ed98a885efd2479ec7be125a916
hy_vla,attribute_select,13,100113,color:blue,success,1,94,400,task_success,Fetch the blue block.,reused,hy_vla/attribute_select/attribute_select_ep100113_result.json,ba689f549bd2235e6ae21f9d30e7c680b082dd9fa100601c66746ef584398f17
hy_vla,attribute_select,13,100114,decal:cat,success,1,31,400,task_success,Reach for the block with a cat on it and lift it.,reused,hy_vla/attribute_select/attribute_select_ep100114_result.json,a1f115546cf63248b8e63393bc512919fed3d35c42c2062809a04a3649bfe02c
hy_vla,attribute_select,13,100115,decal:dog,success,1,201,400,task_success,Fetch the block with a dog on it.,reused,hy_vla/attribute_select/attribute_select_ep100115_result.json,10878a6d52173a71128a0d4cdc33e4f4a1ead4416fcabd25aee3001ae8a70ba5
hy_vla,attribute_select,13,100116,shape:block,success,1,94,400,task_success,Fetch the cube.,reused,hy_vla/attribute_select/attribute_select_ep100116_result.json,9cba7d7adcf2f4a225f203605ca8f19309ee41b70e0264bf54679c8be54ab62e
hy_vla,attribute_select,13,100117,shape:bar,success,1,32,400,task_success,Fetch the long bar.,reused,hy_vla/attribute_select/attribute_select_ep100117_result.json,46002dd0ecb8b87af59c7981260d95ba5230297674a554ab760a588b14533b88
hy_vla,attribute_select,13,100118,size:big,success,1,250,400,task_success,Reach for the big block and lift it.,reused,hy_vla/attribute_select/attribute_select_ep100118_result.json,c5083f10bcbe870336f7fed11130d851ba03248aabf6207ed6b6e21904ef5f98
hy_vla,attribute_select,13,100119,size:small,success,1,31,400,task_success,Reach for the small block and lift it.,reused,hy_vla/attribute_select/attribute_select_ep100119_result.json,66b426e7e8f11d6655867c5aada5284dabe6dc54af11837e6729ee3e89fd9425
hy_vla,attribute_select,14,100120,color:red,success,1,31,400,task_success,Reach for the red block and lift it.,reused,hy_vla/attribute_select/attribute_select_ep100120_result.json,a29d4c49cb24f864cc9eb80c22f80970b8c6113483d7a7c082c50920e994cae6
hy_vla,attribute_select,14,100121,color:blue,success,1,94,400,task_success,Fetch the blue block.,reused,hy_vla/attribute_select/attribute_select_ep100121_result.json,c812580d930f39251c4930eed2f58db2a4c2237276294d7e0a851e42d227f454
hy_vla,attribute_select,14,100122,decal:cat,success,1,89,400,task_success,Fetch the block with a cat on it.,reused,hy_vla/attribute_select/attribute_select_ep100122_result.json,2b1e0cfe101faa046ead13a0683badc70f51fd5c6b9cbf23161f6bfb2841148f
hy_vla,attribute_select,14,100123,decal:dog,success,1,31,400,task_success,Fetch the block with a dog on it.,reused,hy_vla/attribute_select/attribute_select_ep100123_result.json,f66c876b626809032de4087e39fa29fe4ea4ab1b068e784bac8351b806e3d993
hy_vla,attribute_select,14,100124,shape:block,success,1,94,400,task_success,Fetch the cube.,reused,hy_vla/attribute_select/attribute_select_ep100124_result.json,f72646845702a48f6ee4109d3c7ea67c0cc21baa68223f7591ce094ee6dbaa16
hy_vla,attribute_select,14,100125,shape:bar,success,1,32,400,task_success,Reach for the long bar and lift it.,reused,hy_vla/attribute_select/attribute_select_ep100125_result.json,950cecb704244167abe608c2ed8dbd9de9db664b6233a24ae77abab48530fd08
hy_vla,attribute_select,14,100126,size:big,success,1,143,400,task_success,Reach for the big block and lift it.,reused,hy_vla/attribute_select/attribute_select_ep100126_result.json,eb7ea1bf130e007f892d86e122ee7e607b9d01904dd57e0d36202812844ffc3b
hy_vla,attribute_select,14,100127,size:small,success,1,31,400,task_success,Fetch the small block.,reused,hy_vla/attribute_select/attribute_select_ep100127_result.json,355c1061bf1e7f068ce33a502608ba76f907fcd6cb7bd78fa3f195910576bb94
hy_vla,attribute_select,15,100128,color:red,success,1,31,400,task_success,Fetch the red block.,reused,hy_vla/attribute_select/attribute_select_ep100128_result.json,0b01eba098127dc8b8600f767ab3084332c358fc2c6414231a54b23e6eaaf160
hy_vla,attribute_select,15,100129,color:blue,success,1,87,400,task_success,Fetch the blue block.,reused,hy_vla/attribute_select/attribute_select_ep100129_result.json,776236231532af2c03bf9af4ba74e5d561c1ef5d1b975e24a5f46a4c40ea6ced
hy_vla,attribute_select,15,100130,decal:cat,success,1,31,400,task_success,Reach for the block with a cat on it and lift it.,reused,hy_vla/attribute_select/attribute_select_ep100130_result.json,093ea5a76c28d9ad1bb36b8b5fc8127a5e2466af84d91132caf26c63eea62e45
hy_vla,attribute_select,15,100131,decal:dog,success,1,89,400,task_success,Fetch the block with a dog on it.,reused,hy_vla/attribute_select/attribute_select_ep100131_result.json,ac371388388f60c83f7a5da00704eedb81c17a251a04f8079dfd4b73cb3cbf3d
hy_vla,attribute_select,15,100132,shape:block,failure,0,400,400,action_limit,Reach for the cube and lift it.,reused,hy_vla/attribute_select/attribute_select_ep100132_result.json,73ca45698c89fdeb996faa085b2dbf01074e43441fc0aac43e01bf3c4f29dfc3
hy_vla,attribute_select,15,100133,shape:bar,success,1,33,400,task_success,Fetch the long bar.,reused,hy_vla/attribute_select/attribute_select_ep100133_result.json,2a4dd614201ba9300373a14af64aa6d4101846ccacd3bf42cd5665aa626051b0
hy_vla,attribute_select,15,100134,size:big,success,1,143,400,task_success,Fetch the big block.,reused,hy_vla/attribute_select/attribute_select_ep100134_result.json,68a4af9ea8fef50c0b862ec5f636d718f83c6277a888651a9da4e84ada68e7e4
hy_vla,attribute_select,15,100135,size:small,success,1,31,400,task_success,Reach for the small block and lift it.,reused,hy_vla/attribute_select/attribute_select_ep100135_result.json,69167cede8a14a935d1ad7123483a669280f66ef28af3fac9712a441424b001f
hy_vla,attribute_select,16,100144,color:red,success,1,31,400,task_success,Reach for the red block and lift it.,reused,hy_vla/attribute_select/attribute_select_ep100144_result.json,afd2ea7006dd12c5db8b275890426f9fa4e419b07e11545bae0367790ab9bd49
hy_vla,attribute_select,16,100145,color:blue,success,1,87,400,task_success,Fetch the blue block.,reused,hy_vla/attribute_select/attribute_select_ep100145_result.json,9a23aefe3eae8bc110e33c193bc79196b7bcb66d4b3417b1532f3a2b118b973e
hy_vla,attribute_select,16,100146,decal:cat,failure,0,400,400,action_limit,Reach for the block with a cat on it and lift it.,reused,hy_vla/attribute_select/attribute_select_ep100146_result.json,4c68dccb0cd1bff3238f2782857153ace6c659ff7ab5749db019dfdb0547a602
hy_vla,attribute_select,16,100147,decal:dog,success,1,31,400,task_success,Fetch the block with a dog on it.,reused,hy_vla/attribute_select/attribute_select_ep100147_result.json,05416af4496a2e336645172aa0336b62dbc9cf1417a522af52aa21f1ea51eb75
hy_vla,attribute_select,16,100148,shape:block,success,1,94,400,task_success,Fetch the cube.,reused,hy_vla/attribute_select/attribute_select_ep100148_result.json,6fc13e4f5fed8bd436a10c70ea24bad4fc24f9a0a12303173fb740a34691811e
hy_vla,attribute_select,16,100149,shape:bar,success,1,33,400,task_success,Reach for the long bar and lift it.,reused,hy_vla/attribute_select/attribute_select_ep100149_result.json,15c9e5d34b662fc2d6c58552fd9d032f1726568f79a0b376eedde43e932b6abf
hy_vla,attribute_select,16,100150,size:big,failure,0,400,400,action_limit,Fetch the big block.,reused,hy_vla/attribute_select/attribute_select_ep100150_result.json,eca434369535837364e89cbc5f0f5f1d8f59802e5a4e9977e70801af10675733
hy_vla,attribute_select,16,100151,size:small,success,1,31,400,task_success,Fetch the small block.,reused,hy_vla/attribute_select/attribute_select_ep100151_result.json,00f32f8033a2f4c23208dae6726476d26c269dc97a2098408bcf69f4f516a7a0
hy_vla,attribute_select,17,100152,color:red,success,1,31,400,task_success,Reach for the red block and lift it.,reused,hy_vla/attribute_select/attribute_select_ep100152_result.json,2fdab2820a1f09e846dd28b303a255511273f31d485e733f2967af2b5fb070c2
hy_vla,attribute_select,17,100153,color:blue,failure,0,400,400,action_limit,Fetch the blue block.,reused,hy_vla/attribute_select/attribute_select_ep100153_result.json,416a345561c08c1f2766e771bb6d8981834abec789505dfdfcbabdacd17cbabe
hy_vla,attribute_select,17,100154,decal:cat,success,1,31,400,task_success,Reach for the block with a cat on it and lift it.,reused,hy_vla/attribute_select/attribute_select_ep100154_result.json,6189e165abd20982d4facdb4fdf93e4e7f75e756eb801f0f7221354d229cfba6
hy_vla,attribute_select,17,100155,decal:dog,success,1,31,400,task_success,Fetch the block with a dog on it.,reused,hy_vla/attribute_select/attribute_select_ep100155_result.json,61d6ef2287c01dced6eb5b38e4b60ab9c4e12a43ac71a624194cb196e9e1e1a9
hy_vla,attribute_select,17,100156,shape:block,success,1,31,400,task_success,Reach for the cube and lift it.,reused,hy_vla/attribute_select/attribute_select_ep100156_result.json,b65ac4f129377da5a0f92a2b8c9247587decdc5e7f76ebe10b7d81709403e82c
hy_vla,attribute_select,17,100157,shape:bar,success,1,90,400,task_success,Reach for the long bar and lift it.,reused,hy_vla/attribute_select/attribute_select_ep100157_result.json,773c63e994b744dc6dd360f189a36b0f6a3c644ba42448237397285226bb27ed
hy_vla,attribute_select,17,100158,size:big,success,1,146,400,task_success,Fetch the big block.,reused,hy_vla/attribute_select/attribute_select_ep100158_result.json,be3bcedacfd6174587e95f7fc7d6e720cd3f43719902f3f32388cdc634affa6f
hy_vla,attribute_select,17,100159,size:small,success,1,31,400,task_success,Fetch the small block.,reused,hy_vla/attribute_select/attribute_select_ep100159_result.json,90d8d00789f04b64da2b7aca9ab1b067858a023cf28426ee84e91a2f00845769
hy_vla,attribute_select,18,100160,color:red,success,1,31,400,task_success,Fetch the red block.,reused,hy_vla/attribute_select/attribute_select_ep100160_result.json,03d2e8a9735dd63e4574a7ea77577b86fa31da34cc0e9f0b12a7f886b80d0b27
hy_vla,attribute_select,18,100161,color:blue,failure,0,400,400,action_limit,Reach for the blue block and lift it.,reused,hy_vla/attribute_select/attribute_select_ep100161_result.json,c6580dbcf3d18e5e40013eb86243fa23d71656a8baa47fc04b9936a5684eec44
hy_vla,attribute_select,18,100162,decal:cat,success,1,31,400,task_success,Reach for the block with a cat on it and lift it.,reused,hy_vla/attribute_select/attribute_select_ep100162_result.json,dcbb91a81658446f09329baba34fb469c230134f80d0d8f13a33597ad970c2ad
hy_vla,attribute_select,18,100163,decal:dog,success,1,89,400,task_success,Fetch the block with a dog on it.,reused,hy_vla/attribute_select/attribute_select_ep100163_result.json,4bd200debaa8a4a942a4b734bdc8f3ecabec4d2fa6939f675856a16175bba1af
hy_vla,attribute_select,18,100164,shape:block,failure,0,400,400,action_limit,Reach for the cube and lift it.,reused,hy_vla/attribute_select/attribute_select_ep100164_result.json,85d40ae1929357845f4a88a3a5135433ce3c26a43e02404fb9d0d5fb19f2a21e
hy_vla,attribute_select,18,100165,shape:bar,success,1,32,400,task_success,Fetch the long bar.,reused,hy_vla/attribute_select/attribute_select_ep100165_result.json,bf38bcea93099b5e805a95a22aeee5a78d4d8dcbec7702a6e0b61249f674627d
hy_vla,attribute_select,18,100166,size:big,success,1,143,400,task_success,Fetch the big block.,reused,hy_vla/attribute_select/attribute_select_ep100166_result.json,2898e9f2f1e13196a2d046322cb8236982676ad31706b514f0b9fba4ff7fdee9
hy_vla,attribute_select,18,100167,size:small,success,1,31,400,task_success,Reach for the small block and lift it.,reused,hy_vla/attribute_select/attribute_select_ep100167_result.json,2d169876c6e649710de7a80b24e6c68341853e624550b5272e35311c4ad95784
hy_vla,attribute_select,19,100168,color:red,success,1,31,400,task_success,Fetch the red block.,reused,hy_vla/attribute_select/attribute_select_ep100168_result.json,74d0d620c9217942f5b5ba17abe38d438ff6ca6d01724467a3021543ae203f29
hy_vla,attribute_select,19,100169,color:blue,success,1,88,400,task_success,Reach for the blue block and lift it.,reused,hy_vla/attribute_select/attribute_select_ep100169_result.json,d103254bdbf1f9582de7dc0d23f8e6a862241ef100e5d1d657c52f903095530d
hy_vla,attribute_select,19,100170,decal:cat,success,1,145,400,task_success,Fetch the block with a cat on it.,reused,hy_vla/attribute_select/attribute_select_ep100170_result.json,c7d9487ee0c4c823937ac6e1eede7c540a7b7b61bf4e70bae763a764cb191a90
hy_vla,attribute_select,19,100171,decal:dog,success,1,31,400,task_success,Reach for the block with a dog on it and lift it.,reused,hy_vla/attribute_select/attribute_select_ep100171_result.json,6581e80643531fc5e2b3e6c88bb5bdac59066ff65b9a59739c8a895892a76e75
hy_vla,attribute_select,19,100172,shape:block,failure,0,400,400,action_limit,Reach for the cube and lift it.,reused,hy_vla/attribute_select/attribute_select_ep100172_result.json,fab0acbe7ca15124366c935604747d52609b6d2f74253b8ec0d3dc931d80d88d
hy_vla,attribute_select,19,100173,shape:bar,success,1,32,400,task_success,Fetch the long bar.,reused,hy_vla/attribute_select/attribute_select_ep100173_result.json,3b96c197dc264b6592544ec841e07b3985ec8fc514c9cb7fc401fb021eb43f8e
hy_vla,attribute_select,19,100174,size:big,success,1,145,400,task_success,Reach for the big block and lift it.,reused,hy_vla/attribute_select/attribute_select_ep100174_result.json,6822e46a47a8c21834a45d55b584ff804f2d7dafc147c8b55d555029ff5c68e2
hy_vla,attribute_select,19,100175,size:small,success,1,32,400,task_success,Fetch the small block.,reused,hy_vla/attribute_select/attribute_select_ep100175_result.json,89e82a51e7d1b0fad04f64840e44f4d2168f61f1a3f015bc288554aba97c1e68
hy_vla,arm_select,0,200000,left,failure,0,400,400,action_limit,Have the left arm take the block.,reused,hy_vla/arm_select/arm_select_ep200000_result.json,ac0608a36000d058b85bfe44b3fc180dc1a1e92d36cc592e066487de4930dbf9
hy_vla,arm_select,0,200001,right,failure,0,400,400,action_limit,Have the right arm take the block.,reused,hy_vla/arm_select/arm_select_ep200001_result.json,a4e6450d6f173aabd964e4e12f777b6f06d1d4d30895ea09af555cd42b8f46b8
hy_vla,arm_select,1,200002,left,failure,0,400,400,action_limit,Use the left arm to retrieve the block.,reused,hy_vla/arm_select/arm_select_ep200002_result.json,1a6b393610596eed2133981d13c6528636644dbbdf8bee1f95f257bb622dfc82
hy_vla,arm_select,1,200003,right,failure,0,400,400,action_limit,Use the right arm to retrieve the block.,reused,hy_vla/arm_select/arm_select_ep200003_result.json,1dd3af3567a246935db2629e45b25a1f84d90c84b586796cdf9c4a9becdc582e
hy_vla,arm_select,2,200004,left,failure,0,400,400,action_limit,Let the left arm grab the block.,reused,hy_vla/arm_select/arm_select_ep200004_result.json,787f91850ae28b2ad057564727d45ee48c754a9287690ec342d0e6af15798d81
hy_vla,arm_select,2,200005,right,failure,0,400,400,action_limit,Let the right arm grab the block.,reused,hy_vla/arm_select/arm_select_ep200005_result.json,8d19be615176f3d0aac65f6bcf90744b50fbac7fe46cc48f09e8225c8093e262
hy_vla,arm_select,3,200006,left,failure,0,400,400,action_limit,Have the left arm take the block.,reused,hy_vla/arm_select/arm_select_ep200006_result.json,2b7f1a3ef7f8f801761b260ea637a658fcc70b06e517fb92b5c9415f8e93d998
hy_vla,arm_select,3,200007,right,success,1,33,400,task_success,Have the right arm take the block.,reused,hy_vla/arm_select/arm_select_ep200007_result.json,925e8b36d3e2f0ddc32bbe35241a5589ad4f2ab5f46caae1558d1dc0775df63a
hy_vla,arm_select,4,200008,left,failure,0,400,400,action_limit,"With the left arm, grab the block.",reused,hy_vla/arm_select/arm_select_ep200008_result.json,6e2c68464df9a374cba3052f387dca7377fb7ad92cad6fda847b08330968650c
hy_vla,arm_select,4,200009,right,success,1,34,400,task_success,"With the right arm, grab the block.",reused,hy_vla/arm_select/arm_select_ep200009_result.json,c33079ac7b838249fd74ecf0697cd93b065e0d650c15aef8c2da69d9227fde22
hy_vla,arm_select,5,200010,left,failure,0,400,400,action_limit,Employ the left arm to lift the block.,reused,hy_vla/arm_select/arm_select_ep200010_result.json,1162bab9bd1f21e7e08832c85d69825911eb6cd3e8ac71b4ac133fae35d3da9f
hy_vla,arm_select,5,200011,right,success,1,76,400,task_success,Employ the right arm to lift the block.,reused,hy_vla/arm_select/arm_select_ep200011_result.json,35d168e8ea586111e191ddf499a336e66b703fd8c3315f3a3ee2c006f757f2be
hy_vla,arm_select,6,200012,left,failure,0,400,400,action_limit,Use the left arm to hold the block.,reused,hy_vla/arm_select/arm_select_ep200012_result.json,e1088ac8720ac0120f2f303591b979c5f4552eb107fbd7481aafaf9d1cd64fa2
hy_vla,arm_select,6,200013,right,success,1,33,400,task_success,Use the right arm to hold the block.,reused,hy_vla/arm_select/arm_select_ep200013_result.json,7f1d6ad214a2810ff10a06fada90c0cceb431937a6120a4c2e7198c99a4288c1
hy_vla,arm_select,7,200016,left,success,1,32,400,task_success,Employ the left arm to lift the block.,reused,hy_vla/arm_select/arm_select_ep200016_result.json,9fbb66fe53359d5a61741ef6b7ebea58b1168c9cbe0678d259a9065055f469d4
hy_vla,arm_select,7,200017,right,failure,0,400,400,action_limit,Employ the right arm to lift the block.,reused,hy_vla/arm_select/arm_select_ep200017_result.json,55d27cddcf02da07ef05dc0e979fb668c8202904faeaa52753fbe1d1dbbec925
hy_vla,arm_select,8,200018,left,failure,0,400,400,action_limit,Collect the block using the left arm.,reused,hy_vla/arm_select/arm_select_ep200018_result.json,2136bc1a69dabceee893ee15fc0d410e09d806202e215bb9ef341e087b9cae26
hy_vla,arm_select,8,200019,right,success,1,34,400,task_success,Collect the block using the right arm.,reused,hy_vla/arm_select/arm_select_ep200019_result.json,5de3cf7fc1ea74291b513878aedf4cb4667a04d21637429868029f4ef1da182a
hy_vla,arm_select,9,200020,left,failure,0,400,400,action_limit,Pick up the block carefully with the left arm.,reused,hy_vla/arm_select/arm_select_ep200020_result.json,c8aa9b62519b78e25cf52797b215c3cfecd225bab87e0c65d6c3fb76e2304661
hy_vla,arm_select,9,200021,right,success,1,35,400,task_success,Pick up the block carefully with the right arm.,reused,hy_vla/arm_select/arm_select_ep200021_result.json,d9b3e7e7ab1642f38e7a40e521ef0bab2d64ed063607fa264dc6ceeddb0886cc
hy_vla,arm_select,10,200022,left,failure,0,400,400,action_limit,Scoop up the block with the left arm.,reused,hy_vla/arm_select/arm_select_ep200022_result.json,feca251b3ac29d4fc4d2a047f3c3f965e35d96f22eddbe7539687e14050a969e
hy_vla,arm_select,10,200023,right,failure,0,400,400,action_limit,Scoop up the block with the right arm.,reused,hy_vla/arm_select/arm_select_ep200023_result.json,7bf0d448d62dc6ae31116476284e564c95e1d77339b66c501e18ce46474d7417
hy_vla,arm_select,11,200026,left,failure,0,400,400,action_limit,Let the left arm grab the block.,reused,hy_vla/arm_select/arm_select_ep200026_result.json,5f16dea9f206a2b61dbda1f0f99df4cc2c0d5935b612f946b34c9abfefd7110c
hy_vla,arm_select,11,200027,right,failure,0,400,400,action_limit,Let the right arm grab the block.,reused,hy_vla/arm_select/arm_select_ep200027_result.json,41f3d66a26b1a6cd1fbe6a5c3d97c577ce216ce1d3d27d2d6c71ebe8a4953a95
hy_vla,arm_select,12,200028,left,failure,0,400,400,action_limit,Scoop up the block with the left arm.,reused,hy_vla/arm_select/arm_select_ep200028_result.json,94b96dbc232a1b8d9deb8e08921a1197500fb286cf625a92d71aac885927fd8e
hy_vla,arm_select,12,200029,right,failure,0,400,400,action_limit,Scoop up the block with the right arm.,reused,hy_vla/arm_select/arm_select_ep200029_result.json,f3275eff98e46e3fb5ea0aa17ca5afd781cd1e6108f1f7b87f4f029cbcdb9287
hy_vla,arm_select,13,200030,left,failure,0,400,400,action_limit,Pick up the block carefully with the left arm.,reused,hy_vla/arm_select/arm_select_ep200030_result.json,2f284422ec2ba745ec9a68fcdcf8a2e48880f85f6bed70a59eb5a832507557b1
hy_vla,arm_select,13,200031,right,success,1,34,400,task_success,Pick up the block carefully with the right arm.,reused,hy_vla/arm_select/arm_select_ep200031_result.json,8760ef3710d37257dbd34c460b976eac474463e7683848710d8d747bd4733bb8
hy_vla,arm_select,14,200032,left,failure,0,400,400,action_limit,Employ the left arm to lift the block.,reused,hy_vla/arm_select/arm_select_ep200032_result.json,95d207503dc28abe3de9ddede70bf94e582101085e7c2522f565cc1ba46f8220
hy_vla,arm_select,14,200033,right,failure,0,400,400,action_limit,Employ the right arm to lift the block.,reused,hy_vla/arm_select/arm_select_ep200033_result.json,2ce16fc6619fc058f4aad02ed74813228c91a22db22120647b7a4525ce813de3
hy_vla,arm_select,15,200034,left,failure,0,400,400,action_limit,Employ the left arm to lift the block.,reused,hy_vla/arm_select/arm_select_ep200034_result.json,a03d412cd4ac35bb6db29e00172570ff3e57fafc9d609a115fb3b88c63230fea
hy_vla,arm_select,15,200035,right,failure,0,400,400,action_limit,Employ the right arm to lift the block.,reused,hy_vla/arm_select/arm_select_ep200035_result.json,07aa2a23cfc1f21c499a37c2fdf548376124406196b612e32c2f7dad273cf9c5
hy_vla,arm_select,16,200036,left,failure,0,400,400,action_limit,Pick up the block carefully with the left arm.,reused,hy_vla/arm_select/arm_select_ep200036_result.json,1cbcc7d9e93654f7b0c0c7fdd8d9e1f774186832aadf64466ce3511ead86e024
hy_vla,arm_select,16,200037,right,failure,0,400,400,action_limit,Pick up the block carefully with the right arm.,reused,hy_vla/arm_select/arm_select_ep200037_result.json,b7e628f5d1b1db0c4679006687dddafeddf061441cecfbd1b63ab4dafcb9c226
hy_vla,arm_select,17,200038,left,failure,0,400,400,action_limit,Retrieve the block with the left arm.,reused,hy_vla/arm_select/arm_select_ep200038_result.json,27201b7d9842e4b6badf573478dff4b03e3210be3faf0396703a985e32f2469b
hy_vla,arm_select,17,200039,right,failure,0,400,400,action_limit,Retrieve the block with the right arm.,reused,hy_vla/arm_select/arm_select_ep200039_result.json,dcf528d10a93132b0813ef5527565a970d1615cad4c6fba3ecb6c8c47d1f910e
hy_vla,arm_select,18,200040,left,failure,0,400,400,action_limit,Scoop up the block with the left arm.,reused,hy_vla/arm_select/arm_select_ep200040_result.json,706aa9db7e46835f886d57a7041c91e2e52570ae58b316a7985301310c9b37b3
hy_vla,arm_select,18,200041,right,failure,0,400,400,action_limit,Scoop up the block with the right arm.,reused,hy_vla/arm_select/arm_select_ep200041_result.json,b2fe3f052a4e3e5367e8d9471e1481f5b6066e6ad1b7ed443fb8a452bd42ee7b
hy_vla,arm_select,19,200042,left,failure,0,400,400,action_limit,Use the left arm to hold the block.,reused,hy_vla/arm_select/arm_select_ep200042_result.json,e2043c642001e5e196da781479b8cd5f11aedb6dc6e87875dfd053df7e8e681d
hy_vla,arm_select,19,200043,right,failure,0,400,400,action_limit,Use the right arm to hold the block.,reused,hy_vla/arm_select/arm_select_ep200043_result.json,f3ce30b2c3aa93f133dd780ddf579a4fdce52571f3937fe35a25124404655ef2
hy_vla,stack_sequence,0,100008,red>green>blue,success,1,161,1200,task_success,"Put red block down, green block on red block, blue block on green block.",reused,hy_vla/stack_sequence/stack_sequence_ep100008_result.json,39181649c4a0feca58c021bb8e83fd3950a80c2ad4343959ffbb44e0de80e92e
hy_vla,stack_sequence,0,100009,red>blue>green,failure,0,1200,1200,action_limit,Stack green block over blue block and blue block over red block.,reused,hy_vla/stack_sequence/stack_sequence_ep100009_result.json,6c567ec01ae1da3423e3a956584c0715c8c56aa033d4c6757b96219dc7dc99c4
hy_vla,stack_sequence,0,100010,green>red>blue,failure,0,1200,1200,action_limit,"From the bottom up: green block, then red block, then blue block.",reused,hy_vla/stack_sequence/stack_sequence_ep100010_result.json,910784fd1483c65211b2b0a8901cdf78f2c9651ce3ff1eb024fd7754aecda9d6
hy_vla,stack_sequence,0,100011,green>blue>red,failure,0,1200,1200,action_limit,"Bottom to top, the order is green block, blue block, red block.",reused,hy_vla/stack_sequence/stack_sequence_ep100011_result.json,76407ab175237df04b5bf0e0bae06093000dd346ef42f280f339eb858eae2bef
hy_vla,stack_sequence,0,100012,blue>red>green,failure,0,1200,1200,action_limit,"Place blue block at the base, add red block, and top it with green block.",reused,hy_vla/stack_sequence/stack_sequence_ep100012_result.json,fca774520635ce995accbd2650a6ce01c61b72de5c5606b0194c96ce8e779e13
hy_vla,stack_sequence,0,100013,blue>green>red,failure,0,1200,1200,action_limit,"First set blue block, then green block, then red block at the very top.",reused,hy_vla/stack_sequence/stack_sequence_ep100013_result.json,e6bf67c1f8662af4775fab8116c6020570f0de64d0d3a343902b03813584906b
hy_vla,stack_sequence,1,100014,red>green>blue,failure,0,1200,1200,action_limit,"First set red block, then green block, then blue block at the very top.",reused,hy_vla/stack_sequence/stack_sequence_ep100014_result.json,f044e5f77673cebd1d6f819ce3d9ec48167789e01b09b97660de10bdb7bb2079
hy_vla,stack_sequence,1,100015,red>blue>green,failure,0,1200,1200,action_limit,"From the bottom up: red block, then blue block, then green block.",reused,hy_vla/stack_sequence/stack_sequence_ep100015_result.json,3576e2f861ee1a8bcc095ba7e984077f36f3328ea74793307a1a34fbe2d9efa8
hy_vla,stack_sequence,1,100016,green>red>blue,failure,0,1200,1200,action_limit,"Build a column: green block lowest, then red block, then blue block on top.",reused,hy_vla/stack_sequence/stack_sequence_ep100016_result.json,634c6191da7e8d9cb2341e99e2cd1ab279c8d9503cad7d64ae3c37dfb532e228
hy_vla,stack_sequence,1,100017,green>blue>red,failure,0,1200,1200,action_limit,"Put green block down, blue block on green block, red block on blue block.",reused,hy_vla/stack_sequence/stack_sequence_ep100017_result.json,0484e5c49d6a1eb0f6e07658c2d4475d447af4f4c43a4404842da3a9eb91313f
hy_vla,stack_sequence,1,100018,blue>red>green,failure,0,1200,1200,action_limit,"From the bottom up: blue block, then red block, then green block.",reused,hy_vla/stack_sequence/stack_sequence_ep100018_result.json,04324ab6f008c5f17651cc771add06e4e733678f314d45bcc1abb720236f95a5
hy_vla,stack_sequence,1,100019,blue>green>red,failure,0,1200,1200,action_limit,"Rest green block on blue block, then rest red block on green block.",reused,hy_vla/stack_sequence/stack_sequence_ep100019_result.json,bce986c268ec108fd0ed4f250141080d164a92451bf74fae65f359b3143ac0a2
hy_vla,stack_sequence,2,100020,red>green>blue,failure,0,1200,1200,action_limit,"Lay red block first, green block second, blue block third, each on the last.",reused,hy_vla/stack_sequence/stack_sequence_ep100020_result.json,7f8ec62ab2cbdcc5b07703a906afdb00464795815ce0723570d7784f046cc32f
hy_vla,stack_sequence,2,100021,red>blue>green,failure,0,1200,1200,action_limit,"Order the tower red block, blue block, green block from bottom to top.",reused,hy_vla/stack_sequence/stack_sequence_ep100021_result.json,07c45e8fe949873319713523cf73f13dc7cadd90f52cd963e2f43c6fbbabd7f0
hy_vla,stack_sequence,2,100022,green>red>blue,failure,0,1200,1200,action_limit,"Put green block down, red block on green block, blue block on red block.",reused,hy_vla/stack_sequence/stack_sequence_ep100022_result.json,60e5e16f0cb47261189e17628562790eae8ace38c2025d7ec72af0f3524593d2
hy_vla,stack_sequence,2,100023,green>blue>red,failure,0,1200,1200,action_limit,"Place green block at the base, add blue block, and top it with red block.",reused,hy_vla/stack_sequence/stack_sequence_ep100023_result.json,6bec764fc3023fcf0dec90b994d666b02251e5f88a4259ab2f6049611a2e7691
hy_vla,stack_sequence,2,100024,blue>red>green,failure,0,1200,1200,action_limit,"Place blue block at the base, add red block, and top it with green block.",reused,hy_vla/stack_sequence/stack_sequence_ep100024_result.json,7d4eb20656d35111c509656e92ba1c9bfd5b8046e7b3ac4dbbe2def20a039838
hy_vla,stack_sequence,2,100025,blue>green>red,failure,0,1200,1200,action_limit,"First set blue block, then green block, then red block at the very top.",reused,hy_vla/stack_sequence/stack_sequence_ep100025_result.json,b0878b73c683120d27693c1bd5f4ee05000554abca4ea6f6d3b74497e5d37265
hy_vla,stack_sequence,3,100026,red>green>blue,success,1,167,1200,task_success,"From the bottom up: red block, then green block, then blue block.",reused,hy_vla/stack_sequence/stack_sequence_ep100026_result.json,d56496f13351663db0a3eeb8e32a7713ece59b7063373ac8ca85da3bbbdb90ff
hy_vla,stack_sequence,3,100027,red>blue>green,failure,0,1200,1200,action_limit,"Put red block down, blue block on red block, green block on blue block.",reused,hy_vla/stack_sequence/stack_sequence_ep100027_result.json,2fde00dfe597edde61c1052edcab108cd7da3fdee6f8fa4d88b573546c016635
hy_vla,stack_sequence,3,100028,green>red>blue,failure,0,1200,1200,action_limit,"Bottom to top, the order is green block, red block, blue block.",reused,hy_vla/stack_sequence/stack_sequence_ep100028_result.json,3a90b4b0fcc56eca5b1d0b89dfe34586f2650f7c1144c52c06d997f5d4a4351f
hy_vla,stack_sequence,3,100029,green>blue>red,failure,0,1200,1200,action_limit,"Lay green block first, blue block second, red block third, each on the last.",reused,hy_vla/stack_sequence/stack_sequence_ep100029_result.json,2ab6d42142b5af8a87615588e5d086e3c474bb5f6134a7ed18b76ecfcdc91cd3
hy_vla,stack_sequence,3,100030,blue>red>green,failure,0,1200,1200,action_limit,"Put blue block down, red block on blue block, green block on red block.",reused,hy_vla/stack_sequence/stack_sequence_ep100030_result.json,b6b26fbdcaa528a911e1f13f1debfa49a50e604826bbe66d5068dee8d1fd0c62
hy_vla,stack_sequence,3,100031,blue>green>red,failure,0,1200,1200,action_limit,Stack red block over green block and green block over blue block.,reused,hy_vla/stack_sequence/stack_sequence_ep100031_result.json,6a424fd26d01ea65b020c4fce456b4a7bd18ce83066269bec55666579ee4696d
hy_vla,stack_sequence,4,100032,red>green>blue,success,1,173,1200,task_success,"From the bottom up: red block, then green block, then blue block.",reused,hy_vla/stack_sequence/stack_sequence_ep100032_result.json,17e470b7d21f6e7eabb4a58960264f413da17e77dc38e7b6b7f815b6632736c6
hy_vla,stack_sequence,4,100033,red>blue>green,failure,0,1200,1200,action_limit,"Order the tower red block, blue block, green block from bottom to top.",reused,hy_vla/stack_sequence/stack_sequence_ep100033_result.json,50d98e151e84c6fbf87c921c66cd953b54531ba5c4dd088ec66ef38ec6ae4fad
hy_vla,stack_sequence,4,100034,green>red>blue,failure,0,1200,1200,action_limit,"Rest red block on green block, then rest blue block on red block.",reused,hy_vla/stack_sequence/stack_sequence_ep100034_result.json,493de71c4208ba309013352e1ac319ffb933bf7d0b04853cbc2676615afa76cd
hy_vla,stack_sequence,4,100035,green>blue>red,failure,0,1200,1200,action_limit,"Build a column: green block lowest, then blue block, then red block on top.",reused,hy_vla/stack_sequence/stack_sequence_ep100035_result.json,3811a3ecdef4b73c32f5997a2cbda4e8847b398f5bc5646de68f17b57b49bb4d
hy_vla,stack_sequence,4,100036,blue>red>green,failure,0,1200,1200,action_limit,"Lay blue block first, red block second, green block third, each on the last.",reused,hy_vla/stack_sequence/stack_sequence_ep100036_result.json,f651dc0ea608501da85df9feefc8705efd4ed5dd4482ff27d1eca9d06d390e8d
hy_vla,stack_sequence,4,100037,blue>green>red,failure,0,1200,1200,action_limit,"Bottom to top, the order is blue block, green block, red block.",reused,hy_vla/stack_sequence/stack_sequence_ep100037_result.json,fd6cc7660664099326d3f2c4dcdb0daefae6ff13f869fdc6af81f3667692ae98
hy_vla,stack_sequence,5,100038,red>green>blue,success,1,172,1200,task_success,Stack blue block over green block and green block over red block.,reused,hy_vla/stack_sequence/stack_sequence_ep100038_result.json,c1148cebc5d6133c61cacb187d630bfc65143bb60411b5cfcb3862ddba5351ee
hy_vla,stack_sequence,5,100039,red>blue>green,failure,0,1200,1200,action_limit,"Build a column: red block lowest, then blue block, then green block on top.",reused,hy_vla/stack_sequence/stack_sequence_ep100039_result.json,e69820816eef5ad37dfc13ee49ab77ed3ba46f1e80472959e8475ad050a7d0bb
hy_vla,stack_sequence,5,100040,green>red>blue,failure,0,1200,1200,action_limit,"Bottom to top, the order is green block, red block, blue block.",reused,hy_vla/stack_sequence/stack_sequence_ep100040_result.json,c6d11a097985ea3871b1e5c0949c460886bba44489c11fc026f74cfc028d83d7
hy_vla,stack_sequence,5,100041,green>blue>red,failure,0,1200,1200,action_limit,"Order the tower green block, blue block, red block from bottom to top.",reused,hy_vla/stack_sequence/stack_sequence_ep100041_result.json,55ce917b74d2d081a429356d98b3b6475967b74f4f7b8477bb119d2788978997
hy_vla,stack_sequence,5,100042,blue>red>green,failure,0,1200,1200,action_limit,Stack green block over red block and red block over blue block.,reused,hy_vla/stack_sequence/stack_sequence_ep100042_result.json,fba7aa2e7ae45aa3d4754d70fd8a7d383db09ecd49b1dcb1405d53a2078b2bae
hy_vla,stack_sequence,5,100043,blue>green>red,failure,0,1200,1200,action_limit,"Place blue block at the base, add green block, and top it with red block.",reused,hy_vla/stack_sequence/stack_sequence_ep100043_result.json,0ce8b3efd68e20d316716a406a6d94dc5fc92d6e55fdea7554d069a688b8e8b9
hy_vla,stack_sequence,6,100050,red>green>blue,success,1,170,1200,task_success,"Put red block down, green block on red block, blue block on green block.",reused,hy_vla/stack_sequence/stack_sequence_ep100050_result.json,986f84c4f830d2702221946f56462b166365ff3c75819d07101b69ce8d61b3b2
hy_vla,stack_sequence,6,100051,red>blue>green,failure,0,1200,1200,action_limit,"Rest blue block on red block, then rest green block on blue block.",reused,hy_vla/stack_sequence/stack_sequence_ep100051_result.json,65c7245829f110d3eb6e37b2d0b607e0ed1c237f76295c6c1e7ece195afea9f1
hy_vla,stack_sequence,6,100052,green>red>blue,failure,0,1200,1200,action_limit,"Bottom to top, the order is green block, red block, blue block.",reused,hy_vla/stack_sequence/stack_sequence_ep100052_result.json,65b8c7fce3d4162af9e3bce4163665a214a1de4e7f4032fbf722dd85d191b9d5
hy_vla,stack_sequence,6,100053,green>blue>red,failure,0,1200,1200,action_limit,"Bottom to top, the order is green block, blue block, red block.",reused,hy_vla/stack_sequence/stack_sequence_ep100053_result.json,fee519adc828233fd1fd21977c1e3b356f6ce3667b94fa0e5aa6bf2f6a88ec0f
hy_vla,stack_sequence,6,100054,blue>red>green,failure,0,1200,1200,action_limit,"First set blue block, then red block, then green block at the very top.",reused,hy_vla/stack_sequence/stack_sequence_ep100054_result.json,5a621b589f4d97a9f39256faca297fbbd9c5caedd05741df0ce118a72404eabb
hy_vla,stack_sequence,6,100055,blue>green>red,failure,0,1200,1200,action_limit,"Put blue block down, green block on blue block, red block on green block.",reused,hy_vla/stack_sequence/stack_sequence_ep100055_result.json,2cde4c1ac9958885621ee8bfcc408843b2291c00582ede56d8337aa33abdf374
hy_vla,stack_sequence,7,100062,red>green>blue,success,1,172,1200,task_success,"Put red block down, green block on red block, blue block on green block.",reused,hy_vla/stack_sequence/stack_sequence_ep100062_result.json,2684186901f2b64516c5b1cbf3a3f8b3c5d7e1f0842ec4bef84ecf68c36b0649
hy_vla,stack_sequence,7,100063,red>blue>green,failure,0,1200,1200,action_limit,"Order the tower red block, blue block, green block from bottom to top.",reused,hy_vla/stack_sequence/stack_sequence_ep100063_result.json,502733c07709017089104e896aaa3e1d383b6cb7f511c8899d33bfd7691dfc1a
hy_vla,stack_sequence,7,100064,green>red>blue,failure,0,1200,1200,action_limit,"Rest red block on green block, then rest blue block on red block.",reused,hy_vla/stack_sequence/stack_sequence_ep100064_result.json,0e0b21ee4545f637476105ccd77697abefb2f7df78b2fcdd90b1e2e189c2ea32
hy_vla,stack_sequence,7,100065,green>blue>red,failure,0,1200,1200,action_limit,"Build a column: green block lowest, then blue block, then red block on top.",reused,hy_vla/stack_sequence/stack_sequence_ep100065_result.json,68fd3d39629e96800020bab416eaa22b4fa88923fd06003941e72ed13bbf69cc
hy_vla,stack_sequence,7,100066,blue>red>green,failure,0,1200,1200,action_limit,"Put blue block down, red block on blue block, green block on red block.",reused,hy_vla/stack_sequence/stack_sequence_ep100066_result.json,228856f5cfad8f0afa83a6480e79cf1f3da1f1df7450d6f41bcb9b2eed365366
hy_vla,stack_sequence,7,100067,blue>green>red,failure,0,1200,1200,action_limit,"Order the tower blue block, green block, red block from bottom to top.",reused,hy_vla/stack_sequence/stack_sequence_ep100067_result.json,42f842ae93a6010d1a0664a8116a155ddf2ea34ea8c3595eeb465abb9eec046c
hy_vla,stack_sequence,8,100068,red>green>blue,success,1,166,1200,task_success,"From the bottom up: red block, then green block, then blue block.",reused,hy_vla/stack_sequence/stack_sequence_ep100068_result.json,78d1213596458fe609ff4be0e57d27cee5dc41480e25eae9f64fc0083c270cc7
hy_vla,stack_sequence,8,100069,red>blue>green,failure,0,1200,1200,action_limit,"Build a column: red block lowest, then blue block, then green block on top.",reused,hy_vla/stack_sequence/stack_sequence_ep100069_result.json,8a3465d93d961d16940fc84b447126ffe71dc0fcbc6b8e3fede822b94ba3a45e
hy_vla,stack_sequence,8,100070,green>red>blue,failure,0,1200,1200,action_limit,"Lay green block first, red block second, blue block third, each on the last.",reused,hy_vla/stack_sequence/stack_sequence_ep100070_result.json,04d62ac757b0614131e047099fab3b9d87484989b13d7206d6a53353242fcd5f
hy_vla,stack_sequence,8,100071,green>blue>red,failure,0,1200,1200,action_limit,"Rest blue block on green block, then rest red block on blue block.",reused,hy_vla/stack_sequence/stack_sequence_ep100071_result.json,f7eed128eef931509944a3236245c7055f35da643f2d62aa5b189c336f26a9bf
hy_vla,stack_sequence,8,100072,blue>red>green,failure,0,1200,1200,action_limit,"Lay blue block first, red block second, green block third, each on the last.",reused,hy_vla/stack_sequence/stack_sequence_ep100072_result.json,c7a8a7ae66881c2ab3941c686b68b4a4b75ccafd3fe5943c51ce09eb16d57f3c
hy_vla,stack_sequence,8,100073,blue>green>red,failure,0,1200,1200,action_limit,"First set blue block, then green block, then red block at the very top.",reused,hy_vla/stack_sequence/stack_sequence_ep100073_result.json,55f00df37314bc0664edf113b466c43ca08b448d9bbbe9eb6f3a528e9254abe4
hy_vla,stack_sequence,9,100080,red>green>blue,failure,0,1200,1200,action_limit,"Build a column: red block lowest, then green block, then blue block on top.",reused,hy_vla/stack_sequence/stack_sequence_ep100080_result.json,174af3cadd6026164a0b72422176a8e5046b3afedc88ba2d33c2ef0e6be1f1c3
hy_vla,stack_sequence,9,100081,red>blue>green,failure,0,1200,1200,action_limit,Stack green block over blue block and blue block over red block.,reused,hy_vla/stack_sequence/stack_sequence_ep100081_result.json,66e0c4e814e223e46fc6f917ad0b1ca57fbc5a9de6e8f2c3ca84d4b0f9aef375
hy_vla,stack_sequence,9,100082,green>red>blue,failure,0,1200,1200,action_limit,Stack blue block over red block and red block over green block.,reused,hy_vla/stack_sequence/stack_sequence_ep100082_result.json,427de0c7192a5705d8d3210d807bfa09010c10757dc2ebee3ab962b1c0fbc9ef
hy_vla,stack_sequence,9,100083,green>blue>red,failure,0,1200,1200,action_limit,"Lay green block first, blue block second, red block third, each on the last.",reused,hy_vla/stack_sequence/stack_sequence_ep100083_result.json,29f03e931136edde8b1e3b1929050e7895fbc7af9f0620a92635fb23b6e73dde
hy_vla,stack_sequence,9,100084,blue>red>green,failure,0,1200,1200,action_limit,"Rest red block on blue block, then rest green block on red block.",reused,hy_vla/stack_sequence/stack_sequence_ep100084_result.json,2535c0759267b9d3c037350a200db42de0722597164ab9137455e51e6dc69f3e
hy_vla,stack_sequence,9,100085,blue>green>red,failure,0,1200,1200,action_limit,"Place blue block at the base, add green block, and top it with red block.",reused,hy_vla/stack_sequence/stack_sequence_ep100085_result.json,3eec67b6aed004272f86a96233819a0ecccfae31b6b2365ab8805d3d11459a18
hy_vla,stack_sequence,10,100092,red>green>blue,failure,0,1200,1200,action_limit,"Rest green block on red block, then rest blue block on green block.",reused,hy_vla/stack_sequence/stack_sequence_ep100092_result.json,66fe8ca89bdb62426d098050f8dcc77bf23e21c813e6b74e119c83bcbaa93a42
hy_vla,stack_sequence,10,100093,red>blue>green,failure,0,1200,1200,action_limit,"Rest blue block on red block, then rest green block on blue block.",reused,hy_vla/stack_sequence/stack_sequence_ep100093_result.json,40c0e391961e4d051ef1ea2f0a24a4ab848a844174b3eb3268aa1fc3a00d70be
hy_vla,stack_sequence,10,100094,green>red>blue,failure,0,1200,1200,action_limit,"Rest red block on green block, then rest blue block on red block.",reused,hy_vla/stack_sequence/stack_sequence_ep100094_result.json,ea617514b2bb2c4190f1bdacc465abbff44b84a2557b906983c9005b72afe4e6
hy_vla,stack_sequence,10,100095,green>blue>red,failure,0,1200,1200,action_limit,"Rest blue block on green block, then rest red block on blue block.",reused,hy_vla/stack_sequence/stack_sequence_ep100095_result.json,289be5e34bb4daa7d1b1018d4b17a5a7e176a28e1d68559c3098bab6c843be5b
hy_vla,stack_sequence,10,100096,blue>red>green,failure,0,1200,1200,action_limit,"Lay blue block first, red block second, green block third, each on the last.",reused,hy_vla/stack_sequence/stack_sequence_ep100096_result.json,4461c459cc3f196f11c9be6ce3f019f7eddfe8dae301c96a22fdcecb78443fe7
hy_vla,stack_sequence,10,100097,blue>green>red,failure,0,1200,1200,action_limit,"Rest green block on blue block, then rest red block on green block.",reused,hy_vla/stack_sequence/stack_sequence_ep100097_result.json,b66919d5a662703abe887fa4b2c4301d84cf89b85900a25c58f9ef1d8cee951e
hy_vla,stack_sequence,11,100098,red>green>blue,success,1,165,1200,task_success,"Rest green block on red block, then rest blue block on green block.",reused,hy_vla/stack_sequence/stack_sequence_ep100098_result.json,107d45515e726575a693ce421a28318392536d687c0f59e34e7798864f0ddbde
hy_vla,stack_sequence,11,100099,red>blue>green,failure,0,1200,1200,action_limit,"Order the tower red block, blue block, green block from bottom to top.",reused,hy_vla/stack_sequence/stack_sequence_ep100099_result.json,a73dbfceaabcb7b953404f55c94642b4dfb893e5d0aa4033e0a42af315d309b4
hy_vla,stack_sequence,11,100100,green>red>blue,failure,0,1200,1200,action_limit,"Put green block down, red block on green block, blue block on red block.",reused,hy_vla/stack_sequence/stack_sequence_ep100100_result.json,f9eb8b7d104b4db33ff1a3738facf6c129ea170153c169d732d78346daaf39c7
hy_vla,stack_sequence,11,100101,green>blue>red,failure,0,1200,1200,action_limit,"Lay green block first, blue block second, red block third, each on the last.",reused,hy_vla/stack_sequence/stack_sequence_ep100101_result.json,e678336ccee9c127ee97afc7f8e13eec67e6b50715d591b96d5846a1e4166e9a
hy_vla,stack_sequence,11,100102,blue>red>green,failure,0,1200,1200,action_limit,"Rest red block on blue block, then rest green block on red block.",reused,hy_vla/stack_sequence/stack_sequence_ep100102_result.json,85939c88409dc3012da95c77ec827d86397c155eb790b6716f4474880db55aec
hy_vla,stack_sequence,11,100103,blue>green>red,failure,0,1200,1200,action_limit,Stack red block over green block and green block over blue block.,reused,hy_vla/stack_sequence/stack_sequence_ep100103_result.json,ec38f7ef320f0e7fa1caef62cc2f3476e0fe49dd9f5ab05fe188c2ef22651eca
hy_vla,stack_sequence,12,100104,red>green>blue,success,1,168,1200,task_success,"Bottom to top, the order is red block, green block, blue block.",reused,hy_vla/stack_sequence/stack_sequence_ep100104_result.json,7e437a82815f11c8e360a525bdd283ff3e7c3de409d30d477504252e0dd465d8
hy_vla,stack_sequence,12,100105,red>blue>green,failure,0,1200,1200,action_limit,"Rest blue block on red block, then rest green block on blue block.",reused,hy_vla/stack_sequence/stack_sequence_ep100105_result.json,07cfe5d97f873fb71f62e0620ca0f47d2bf0f45d2b1d62fdc3694c205c6a1568
hy_vla,stack_sequence,12,100106,green>red>blue,failure,0,1200,1200,action_limit,"From the bottom up: green block, then red block, then blue block.",reused,hy_vla/stack_sequence/stack_sequence_ep100106_result.json,d252fda7e29ee911c98b3834d94b50cbba5d07d8a50dc15d089812f11927f2b4
hy_vla,stack_sequence,12,100107,green>blue>red,failure,0,1200,1200,action_limit,"First set green block, then blue block, then red block at the very top.",reused,hy_vla/stack_sequence/stack_sequence_ep100107_result.json,8b80c211e8815b235099c6aaf2ccbcb9eb83998f6169b05d64f2f51cfa563ec1
hy_vla,stack_sequence,12,100108,blue>red>green,failure,0,1200,1200,action_limit,"Put blue block down, red block on blue block, green block on red block.",reused,hy_vla/stack_sequence/stack_sequence_ep100108_result.json,2a2b5a757b0ff23c80bfcc254846f7c0ec459758b924a91760a2dc48657e1ae1
hy_vla,stack_sequence,12,100109,blue>green>red,failure,0,1200,1200,action_limit,"Build a column: blue block lowest, then green block, then red block on top.",reused,hy_vla/stack_sequence/stack_sequence_ep100109_result.json,ee87376b28e9c3163af03176a764d1886a6e485c6056495ab70833097b1bffe1
hy_vla,stack_sequence,13,100110,red>green>blue,failure,0,1200,1200,action_limit,"Place red block at the base, add green block, and top it with blue block.",reused,hy_vla/stack_sequence/stack_sequence_ep100110_result.json,1fac51c9676d7e941932436a1fbaa5fe8b68bfba521dbe01612587c9a629d686
hy_vla,stack_sequence,13,100111,red>blue>green,failure,0,1200,1200,action_limit,Stack green block over blue block and blue block over red block.,reused,hy_vla/stack_sequence/stack_sequence_ep100111_result.json,3a45a6541adbef8d12baedfe5e4516f4037f7f588c761c006c414df84750d183
hy_vla,stack_sequence,13,100112,green>red>blue,failure,0,1200,1200,action_limit,"Put green block down, red block on green block, blue block on red block.",reused,hy_vla/stack_sequence/stack_sequence_ep100112_result.json,6eae465a826be40acb533be13864b5e1cdd50a4bf53101f096ac4a68941d169e
hy_vla,stack_sequence,13,100113,green>blue>red,failure,0,1200,1200,action_limit,"Lay green block first, blue block second, red block third, each on the last.",reused,hy_vla/stack_sequence/stack_sequence_ep100113_result.json,53399c744c5555dd6efcbe1f536d00ecb19039392b76c7a323902c7043076e74
hy_vla,stack_sequence,13,100114,blue>red>green,failure,0,1200,1200,action_limit,"Place blue block at the base, add red block, and top it with green block.",reused,hy_vla/stack_sequence/stack_sequence_ep100114_result.json,b01e52bc59c1f285ed561773ce119372a068c9a8d478a1c8ced409b1d884f78b
hy_vla,stack_sequence,13,100115,blue>green>red,failure,0,1200,1200,action_limit,"First set blue block, then green block, then red block at the very top.",reused,hy_vla/stack_sequence/stack_sequence_ep100115_result.json,999ef3912b17035f315b4522986b3d788991a5157260bed06644ca0f7b18d062
hy_vla,stack_sequence,14,100116,red>green>blue,success,1,172,1200,task_success,"Place red block at the base, add green block, and top it with blue block.",reused,hy_vla/stack_sequence/stack_sequence_ep100116_result.json,757433b20d4b4214e0586e1f96efc2c2882e688f631b942180987d0fd3f871de
hy_vla,stack_sequence,14,100117,red>blue>green,failure,0,1200,1200,action_limit,"Build a column: red block lowest, then blue block, then green block on top.",reused,hy_vla/stack_sequence/stack_sequence_ep100117_result.json,17709ffaecc7c3633586dee36b0fb9f8c09fddb67760d2f52ec18db8ecee7b35
hy_vla,stack_sequence,14,100118,green>red>blue,failure,0,1200,1200,action_limit,"Build a column: green block lowest, then red block, then blue block on top.",reused,hy_vla/stack_sequence/stack_sequence_ep100118_result.json,a008bcb4b2f76c13f74ac2d10bbab8c15c0f98302f9d2d603659168ddf81072d
hy_vla,stack_sequence,14,100119,green>blue>red,failure,0,1200,1200,action_limit,Stack red block over blue block and blue block over green block.,reused,hy_vla/stack_sequence/stack_sequence_ep100119_result.json,5e35271e702e8d8b69049f6e97a69f3a3bcf6350c4e87531ce1de9c41ccb3bda
hy_vla,stack_sequence,14,100120,blue>red>green,failure,0,1200,1200,action_limit,"Order the tower blue block, red block, green block from bottom to top.",reused,hy_vla/stack_sequence/stack_sequence_ep100120_result.json,f97cfe952fec66496df218849e8bd9842ef9b1b0882775c21254a550748e8cd1
hy_vla,stack_sequence,14,100121,blue>green>red,failure,0,1200,1200,action_limit,"Order the tower blue block, green block, red block from bottom to top.",reused,hy_vla/stack_sequence/stack_sequence_ep100121_result.json,0b2bb66852712867cdf61c9351159c0fad0074a01c3e6369c8f06515c8b29b59
hy_vla,stack_sequence,15,100140,red>green>blue,success,1,178,1200,task_success,"Rest green block on red block, then rest blue block on green block.",reused,hy_vla/stack_sequence/stack_sequence_ep100140_result.json,ff57d94191c46dbc18c2226eb3b007bdb57af1cfaddad371199b6959904cb8a6
hy_vla,stack_sequence,15,100141,red>blue>green,failure,0,1200,1200,action_limit,"Place red block at the base, add blue block, and top it with green block.",reused,hy_vla/stack_sequence/stack_sequence_ep100141_result.json,3e1ee51bab08fa6a86692625ab94feef8210141147d2016350a14458c216e810
hy_vla,stack_sequence,15,100142,green>red>blue,failure,0,1200,1200,action_limit,"Put green block down, red block on green block, blue block on red block.",reused,hy_vla/stack_sequence/stack_sequence_ep100142_result.json,2ecbd20301f086bbf19f43bf19a135b73f569ffe7230717053a28dea8d966968
hy_vla,stack_sequence,15,100143,green>blue>red,failure,0,1200,1200,action_limit,"Bottom to top, the order is green block, blue block, red block.",reused,hy_vla/stack_sequence/stack_sequence_ep100143_result.json,8f9aa95cfdcc37c11a6ef617d9b9812a4910043795b7e1abe0734e2e5b38de7b
hy_vla,stack_sequence,15,100144,blue>red>green,failure,0,1200,1200,action_limit,"First set blue block, then red block, then green block at the very top.",reused,hy_vla/stack_sequence/stack_sequence_ep100144_result.json,5f8f34dc78f2a6f255ffccfe26ce1eed0d4346cd3b475cc46bb10dbd27d2cd3b
hy_vla,stack_sequence,15,100145,blue>green>red,failure,0,1200,1200,action_limit,"Lay blue block first, green block second, red block third, each on the last.",reused,hy_vla/stack_sequence/stack_sequence_ep100145_result.json,f658752f3bdef734e317bd245fc0fee26c4ed8110f149718808df9adecc89a72
hy_vla,stack_sequence,16,100146,red>green>blue,success,1,174,1200,task_success,"From the bottom up: red block, then green block, then blue block.",reused,hy_vla/stack_sequence/stack_sequence_ep100146_result.json,706424fbaa729a2e5c3eedc5e9bd2faa5e136c72fcc29c972d9b62ff77b36979
hy_vla,stack_sequence,16,100147,red>blue>green,failure,0,1200,1200,action_limit,Stack green block over blue block and blue block over red block.,reused,hy_vla/stack_sequence/stack_sequence_ep100147_result.json,f5789f50ccbdc87854d727faef6178d26063185320c4568222ddf48d2a56a1fc
hy_vla,stack_sequence,16,100148,green>red>blue,failure,0,1200,1200,action_limit,"Lay green block first, red block second, blue block third, each on the last.",reused,hy_vla/stack_sequence/stack_sequence_ep100148_result.json,7beead560e7a44e1c9f3d7cc3ea66deb568b1697eca96feee1967fea39e2e804
hy_vla,stack_sequence,16,100149,green>blue>red,failure,0,1200,1200,action_limit,"Build a column: green block lowest, then blue block, then red block on top.",reused,hy_vla/stack_sequence/stack_sequence_ep100149_result.json,7cf98f5460c977daacd6685f0badc60dd7c9d7453f3fba796bf88af367125058
hy_vla,stack_sequence,16,100150,blue>red>green,failure,0,1200,1200,action_limit,"Bottom to top, the order is blue block, red block, green block.",reused,hy_vla/stack_sequence/stack_sequence_ep100150_result.json,1911cc5d772b68b18133c600979133ef1936f142540229fabc6c77d1f32d2d40
hy_vla,stack_sequence,16,100151,blue>green>red,failure,0,1200,1200,action_limit,"Place blue block at the base, add green block, and top it with red block.",reused,hy_vla/stack_sequence/stack_sequence_ep100151_result.json,d16dda636cc7786f9a8b9fa17124eeb8cbffc20cccdfd814f82b601c8c312f5e
hy_vla,stack_sequence,17,100152,red>green>blue,success,1,161,1200,task_success,"Place red block at the base, add green block, and top it with blue block.",reused,hy_vla/stack_sequence/stack_sequence_ep100152_result.json,eb9b2c041ee80006aa1e035cc6f8820a9293fc2921b4860ae6548695e4e3fb95
hy_vla,stack_sequence,17,100153,red>blue>green,failure,0,1200,1200,action_limit,"Lay red block first, blue block second, green block third, each on the last.",reused,hy_vla/stack_sequence/stack_sequence_ep100153_result.json,2c447a23148326f89327e5009b55effa48878859814f8023087c765b7b434d3d
hy_vla,stack_sequence,17,100154,green>red>blue,failure,0,1200,1200,action_limit,Stack blue block over red block and red block over green block.,reused,hy_vla/stack_sequence/stack_sequence_ep100154_result.json,0e11945d8a6e44413cb934be429655037962831409798508b8ecec65b5849d27
hy_vla,stack_sequence,17,100155,green>blue>red,failure,0,1200,1200,action_limit,"From the bottom up: green block, then blue block, then red block.",reused,hy_vla/stack_sequence/stack_sequence_ep100155_result.json,39afe98cebdaf6447e835805f7fb1d3cb477f8fde8856a8adac6179d8a891ea3
hy_vla,stack_sequence,17,100156,blue>red>green,failure,0,1200,1200,action_limit,"From the bottom up: blue block, then red block, then green block.",reused,hy_vla/stack_sequence/stack_sequence_ep100156_result.json,0c22b783c64a12b532b1f330b5d13e33268775fb2fec164291ecff53f01790ad
hy_vla,stack_sequence,17,100157,blue>green>red,failure,0,1200,1200,action_limit,"Build a column: blue block lowest, then green block, then red block on top.",reused,hy_vla/stack_sequence/stack_sequence_ep100157_result.json,d0a052044288bef4a45db9945805ef66554f916285c71aa3f1bab8eddb582816
hy_vla,stack_sequence,18,100158,red>green>blue,success,1,170,1200,task_success,"Bottom to top, the order is red block, green block, blue block.",reused,hy_vla/stack_sequence/stack_sequence_ep100158_result.json,6fd6b44bb8544f2f847b5f487b9bd49752b0ef8b86723d93b2f33e2d87462c4f
hy_vla,stack_sequence,18,100159,red>blue>green,failure,0,1200,1200,action_limit,"Order the tower red block, blue block, green block from bottom to top.",reused,hy_vla/stack_sequence/stack_sequence_ep100159_result.json,9e2492a77da23e56b427ef97cfeb1ae735a6bd3ae7f95251ec3c2f30852e1435
hy_vla,stack_sequence,18,100160,green>red>blue,failure,0,1200,1200,action_limit,"Lay green block first, red block second, blue block third, each on the last.",reused,hy_vla/stack_sequence/stack_sequence_ep100160_result.json,5d4f35fca42526087aad85967d983e6658cfb9e9b20e3dd642a0e9d348715335
hy_vla,stack_sequence,18,100161,green>blue>red,failure,0,1200,1200,action_limit,"From the bottom up: green block, then blue block, then red block.",reused,hy_vla/stack_sequence/stack_sequence_ep100161_result.json,726e1bc68330588c44b73fc58c06baf43c5a4cd78d47948c43a4b9bf72927e11
hy_vla,stack_sequence,18,100162,blue>red>green,failure,0,1200,1200,action_limit,"Put blue block down, red block on blue block, green block on red block.",reused,hy_vla/stack_sequence/stack_sequence_ep100162_result.json,b7479fd4509a36d8e035ed9af9ff177b0937c5f73fbb265c16b1ba499e07685e
hy_vla,stack_sequence,18,100163,blue>green>red,failure,0,1200,1200,action_limit,Stack red block over green block and green block over blue block.,reused,hy_vla/stack_sequence/stack_sequence_ep100163_result.json,3f071ab875e8c6d37e42a4d1a9ca713816a4fa5a237ba55bb6b2a4f685119c12
hy_vla,stack_sequence,19,100170,red>green>blue,success,1,173,1200,task_success,"First set red block, then green block, then blue block at the very top.",reused,hy_vla/stack_sequence/stack_sequence_ep100170_result.json,63ab1c514079b8f9f9a5d6a16d223d592fc2179b545cd1b07d8a90bfbcc6571a
hy_vla,stack_sequence,19,100171,red>blue>green,failure,0,1200,1200,action_limit,"From the bottom up: red block, then blue block, then green block.",reused,hy_vla/stack_sequence/stack_sequence_ep100171_result.json,ebaf42a5bcf6b9d8005b411f51da767f8cf01fd31bd6a95999474952a60fcaa0
hy_vla,stack_sequence,19,100172,green>red>blue,failure,0,1200,1200,action_limit,"From the bottom up: green block, then red block, then blue block.",reused,hy_vla/stack_sequence/stack_sequence_ep100172_result.json,ea0c25475e33c8a4ab1a12d5412943b221ec6556372f104c1a407885bc0cf3bb
hy_vla,stack_sequence,19,100173,green>blue>red,failure,0,1200,1200,action_limit,"Bottom to top, the order is green block, blue block, red block.",reused,hy_vla/stack_sequence/stack_sequence_ep100173_result.json,40523260fc49fe7f0081d0bf09745200868a521c9c167ea73fa5fde34c23df5c
hy_vla,stack_sequence,19,100174,blue>red>green,failure,0,1200,1200,action_limit,"Rest red block on blue block, then rest green block on red block.",reused,hy_vla/stack_sequence/stack_sequence_ep100174_result.json,e208a6fc610298f0ca2d491e2ad758b0fdbbcce636231dce206939c8a06d5653
hy_vla,stack_sequence,19,100175,blue>green>red,failure,0,1200,1200,action_limit,"Put blue block down, green block on blue block, red block on green block.",reused,hy_vla/stack_sequence/stack_sequence_ep100175_result.json,82752b33e1cf240796f51246ff51e7eb13d75f809a9c0fa744e19ee77ffcfc63
hy_vla,place_relative,0,100005,left,failure,0,400,400,action_limit,Grab the black remotecontrol and set it to the left of the red tea-box,reused,hy_vla/place_relative/place_relative_ep100005_result.json,b21de63f868ef10ec3e09193e473d536780eab7a4eb36b5bde6b0b918ad25a66
hy_vla,place_relative,0,100006,right,success,1,157,400,task_success,Grab the black remotecontrol and set it to the right of the red tea-box,reused,hy_vla/place_relative/place_relative_ep100006_result.json,cdf1ee4ba29437b8be4b5f09598445aa2d534098059a79c461ec2bd2af70fb82
hy_vla,place_relative,0,100009,on_top,failure,0,400,400,action_limit,Grab the black remotecontrol and set it on top of the red tea-box,reused,hy_vla/place_relative/place_relative_ep100009_result.json,e886c60ce3cf0249d87597d5cc0ff0315ccd2401028e5c546f0e11a1f1a1a491
hy_vla,place_relative,1,100010,left,failure,0,400,400,action_limit,Pick up the red can and move it to the left of the red tea-box,reused,hy_vla/place_relative/place_relative_ep100010_result.json,a5468dea76f94e6c60dad4b8ecd95ffd2618c8eb1db1e366030bc3e1bea2e48b
hy_vla,place_relative,1,100011,right,failure,0,400,400,action_limit,Pick up the red can and move it to the right of the red tea-box,reused,hy_vla/place_relative/place_relative_ep100011_result.json,f8ce17f013cbb89d453f130bf88608a49570a04f51ed56d1b0a05c2f722144f8
hy_vla,place_relative,1,100014,on_top,failure,0,400,400,action_limit,Use the left arm to grab the red can and place it on top of the red tea-box,reused,hy_vla/place_relative/place_relative_ep100014_result.json,375d115cc13ad9e6a427c626aa488a91b31059367be5056644bce83e2c48bd6b
hy_vla,place_relative,2,100015,left,failure,0,400,400,action_limit,Use the left arm to grab the blue soap and place it to the left of the red tea-box,reused,hy_vla/place_relative/place_relative_ep100015_result.json,5dd308cf80ff920aebbb02026e4aa1b447c115e34f5b526932f3f94a86cf672b
hy_vla,place_relative,2,100016,right,failure,0,400,400,action_limit,Lift the blue soap and set it to the right of the red tea-box,reused,hy_vla/place_relative/place_relative_ep100016_result.json,76778eb0bbec35a057d4c34cef8a388d3f5aec2e1dc093112f05104c2d4dc0b5
hy_vla,place_relative,2,100019,on_top,failure,0,400,400,action_limit,"Use the left arm to pick up the blue soap, set it on top of the red tea-box",reused,hy_vla/place_relative/place_relative_ep100019_result.json,39ee23385781c86d1e14bffc2e68ef5f8a040fd26ad6daaff29bbef7d125cb46
hy_vla,place_relative,3,100020,left,failure,0,400,400,action_limit,Lift the gray mouse and set it to the left of the brown coffee-box,reused,hy_vla/place_relative/place_relative_ep100020_result.json,c7daf2f9892bf9dbffd2bc1fbca5c476a76c702387bea176a54d155a478a6b74
hy_vla,place_relative,3,100021,right,failure,0,400,400,action_limit,Use the left arm to grab the gray mouse and place it to the right of the brown coffee-box,reused,hy_vla/place_relative/place_relative_ep100021_result.json,903e8c6a5b4dedab09b5b05e2ec28112560f49cf8840cc2161306f7836f91651
hy_vla,place_relative,3,100024,on_top,failure,0,400,400,action_limit,Grab the gray mouse and set it on top of the brown coffee-box,reused,hy_vla/place_relative/place_relative_ep100024_result.json,b6b39d16f1aa15e4ad609a68373f469190d481e01cc36c92e383234520931229
hy_vla,place_relative,4,100025,left,failure,0,400,400,action_limit,Pick up the green toycar and move it to the left of the brown coffee-box,reused,hy_vla/place_relative/place_relative_ep100025_result.json,72bee085f5c8ea327fa07b15e28177a431a9bbf16ea081ec945bce612e3f5791
hy_vla,place_relative,4,100026,right,failure,0,400,400,action_limit,Pick up the green toycar and move it to the right of the brown coffee-box,reused,hy_vla/place_relative/place_relative_ep100026_result.json,0c4619d7379cdc1ac0e8a7f82a237b6d8f8d18dfe995ed141f58bfca39674b7a
hy_vla,place_relative,4,100029,on_top,failure,0,400,400,action_limit,Use the left arm to grab the green toycar and place it on top of the brown coffee-box,reused,hy_vla/place_relative/place_relative_ep100029_result.json,e363d440a4cf5f7621c5170fd6e85fc641e0a30241a79ff35657cecde6ca4ede
hy_vla,place_relative,5,100030,left,failure,0,400,400,action_limit,Use the right arm to grab the red stapler and place it to the left of the brown coffee-box,reused,hy_vla/place_relative/place_relative_ep100030_result.json,23bdf401a7647fe7a8fa35c1939f31efc48d678ee22d2e599f022970f62549b2
hy_vla,place_relative,5,100031,right,failure,0,400,400,action_limit,"Use the right arm to pick up the red stapler, set it to the right of the brown coffee-box",reused,hy_vla/place_relative/place_relative_ep100031_result.json,291edffd3420ef3fb5a89f254f88c4656140b3d8f7f9bbb78aa6766c682d80bb
hy_vla,place_relative,5,100034,on_top,failure,0,400,400,action_limit,Grab the red stapler and set it on top of the brown coffee-box,reused,hy_vla/place_relative/place_relative_ep100034_result.json,00d885538d9dae5f0d292949aa6c64127cd94e9864cd509d85d7eebbb4968c03
hy_vla,place_relative,6,100040,left,failure,0,400,400,action_limit,Pick up the red can and move it to the left of the brown coffee-box,reused,hy_vla/place_relative/place_relative_ep100040_result.json,cdcfaaadb1e0dc91ea87eea6d25033912f8a2464c515a5005e8bf34e1af848f3
hy_vla,place_relative,6,100041,right,failure,0,400,400,action_limit,Relocate the red can to the right of the brown coffee-box,reused,hy_vla/place_relative/place_relative_ep100041_result.json,b1a1192869d17c36c4caa8d8b834393298dd83a11037632481aeecdc0f24b911
hy_vla,place_relative,6,100044,on_top,failure,0,400,400,action_limit,Relocate the red can on top of the brown coffee-box,reused,hy_vla/place_relative/place_relative_ep100044_result.json,179a4ad096ef093600b2eee288bc9fab83a71fc9d2dc2ae10f20efc3c3483893
hy_vla,place_relative,7,100045,left,failure,0,400,400,action_limit,Grab the blue soap and set it to the left of the brown coffee-box,reused,hy_vla/place_relative/place_relative_ep100045_result.json,9f78cd71dbfd23049ffdaec8507a861c0fdf4a60e9ee5a06a976e69fbf001761
hy_vla,place_relative,7,100046,right,failure,0,400,400,action_limit,"Use the left arm to pick up the blue soap, set it to the right of the brown coffee-box",reused,hy_vla/place_relative/place_relative_ep100046_result.json,c559ebdc20ed42357a241c14db67066b774f50a0434ba911e413b80aaa0a52cd
hy_vla,place_relative,7,100049,on_top,failure,0,400,400,action_limit,Lift the blue soap and set it on top of the brown coffee-box,reused,hy_vla/place_relative/place_relative_ep100049_result.json,48cc4029cdcf5963f3a8e5932e955aa6616f0281962b9e437ba3803aa751261a
hy_vla,place_relative,8,100050,left,failure,0,400,400,action_limit,Use the right arm to grab the gray mouse and place it to the left of the red tea-box,reused,hy_vla/place_relative/place_relative_ep100050_result.json,e8c21d4d2ee3bf8ee49beb3aede3fc4e47c106f98f48889da5e71cf150b02211
hy_vla,place_relative,8,100051,right,success,1,50,400,task_success,Lift the gray mouse and set it to the right of the red tea-box,reused,hy_vla/place_relative/place_relative_ep100051_result.json,20d489b8e47aeb6253da3992b3aa74b314f89ba607576f8c4f79ec9c6fadb856
hy_vla,place_relative,8,100054,on_top,failure,0,400,400,action_limit,Lift the gray mouse and set it on top of the red tea-box,reused,hy_vla/place_relative/place_relative_ep100054_result.json,9a79932acc884c062ddf7d13d939b85b81a905d2c44d9fdf64de56481f0e414e
hy_vla,place_relative,9,100055,left,success,1,52,400,task_success,Grab the green toycar and set it to the left of the red tea-box,reused,hy_vla/place_relative/place_relative_ep100055_result.json,163d08c220a4ec62b76b34bc1c4d38d8289d00e1cafa72c5c3ce744f90b9bb68
hy_vla,place_relative,9,100056,right,failure,0,400,400,action_limit,Grab the green toycar and set it to the right of the red tea-box,reused,hy_vla/place_relative/place_relative_ep100056_result.json,39bab4e55f1bf9de2ef2454127a00f5f65579b4ec0bf3916c608dca1d6b303e6
hy_vla,place_relative,9,100059,on_top,failure,0,400,400,action_limit,Pick up the green toycar and move it on top of the red tea-box,reused,hy_vla/place_relative/place_relative_ep100059_result.json,74e0dbf50624cf46fd3bbc59220d02a58cb17bcbaa949ad15842f680e9264195
hy_vla,place_relative,10,100060,left,failure,0,400,400,action_limit,Use the left arm to grab the red stapler and place it to the left of the red tea-box,reused,hy_vla/place_relative/place_relative_ep100060_result.json,81108cb66816ac16c59bd56369a52caf412d5b1a9e8655fdcdde36d54be2cd48
hy_vla,place_relative,10,100061,right,failure,0,400,400,action_limit,Pick up the red stapler and move it to the right of the red tea-box,reused,hy_vla/place_relative/place_relative_ep100061_result.json,db19fa0491aac033272ae4da95d0c4ec6bb0b14e3c0311b6302bcf04396246bb
hy_vla,place_relative,10,100064,on_top,failure,0,400,400,action_limit,"Use the left arm to pick up the red stapler, set it on top of the red tea-box",reused,hy_vla/place_relative/place_relative_ep100064_result.json,47baa3f9fc9218a03174624890b437d1616d56a6d77d1e3aff095cb31a69d929
hy_vla,place_relative,11,100065,left,failure,0,400,400,action_limit,Grab the black remotecontrol and set it to the left of the red tea-box,reused,hy_vla/place_relative/place_relative_ep100065_result.json,5785788d97431259f42619d4fc7083378c9d4d030d1dae6a7b7d960b731ec1e0
hy_vla,place_relative,11,100066,right,failure,0,400,400,action_limit,"Use the left arm to pick up the black remotecontrol, set it to the right of the red tea-box",reused,hy_vla/place_relative/place_relative_ep100066_result.json,1fc89ee12a2b5b72435a03efa8f69ad67df4fc8226e80cf43666dd888a8c10a5
hy_vla,place_relative,11,100069,on_top,failure,0,400,400,action_limit,Pick up the black remotecontrol and move it on top of the red tea-box,reused,hy_vla/place_relative/place_relative_ep100069_result.json,52405b9e00a9c515a030a857924bfa2bc0251994491f07206e501bc6638dfcbb
hy_vla,place_relative,12,100070,left,failure,0,400,400,action_limit,Relocate the red can to the left of the red tea-box,reused,hy_vla/place_relative/place_relative_ep100070_result.json,92c5f1de3e8c87562856644d042d56b06ce433b96dc29b55de783c74cdf60766
hy_vla,place_relative,12,100071,right,success,1,107,400,task_success,Relocate the red can to the right of the red tea-box,reused,hy_vla/place_relative/place_relative_ep100071_result.json,28c5132cd4d7db10ed90190d793a7ba64c2e0ed9fcb7f21ad5995e338adb34a2
hy_vla,place_relative,12,100074,on_top,failure,0,400,400,action_limit,Relocate the red can on top of the red tea-box,reused,hy_vla/place_relative/place_relative_ep100074_result.json,ed5b37d499d99a78354a5ad214e0e1a5bf18147b3f2cfb14846c60301730a1a6
hy_vla,place_relative,13,100075,left,failure,0,400,400,action_limit,"Use the right arm to pick up the blue soap, set it to the left of the red tea-box",reused,hy_vla/place_relative/place_relative_ep100075_result.json,32b3431834496ae9b31b861302ae39c259fe73768518313b8644402265d43328
hy_vla,place_relative,13,100076,right,success,1,52,400,task_success,Pick up the blue soap and move it to the right of the red tea-box,reused,hy_vla/place_relative/place_relative_ep100076_result.json,1d399df4a5e274cab0e06185a9bd016fc7be846f91a0e483f4e728b3628e2653
hy_vla,place_relative,13,100079,on_top,failure,0,400,400,action_limit,Grab the blue soap and set it on top of the red tea-box,reused,hy_vla/place_relative/place_relative_ep100079_result.json,745a67b74454f7a833153fb95def73578340d66a34fb100022f0daed3fb157b7
hy_vla,place_relative,14,100080,left,success,1,51,400,task_success,Grab the gray mouse and set it to the left of the brown coffee-box,reused,hy_vla/place_relative/place_relative_ep100080_result.json,c423ddea745316faec64f6a3864783d0fc85fc12e2101d15a65e695faca14fec
hy_vla,place_relative,14,100081,right,failure,0,400,400,action_limit,"Use the left arm to pick up the gray mouse, set it to the right of the brown coffee-box",reused,hy_vla/place_relative/place_relative_ep100081_result.json,a4a8bf0b9ea830f90cb8e8dba96042898c04687cf366dd1dcf3682af5d3d0d56
hy_vla,place_relative,14,100084,on_top,failure,0,400,400,action_limit,Grab the gray mouse and set it on top of the brown coffee-box,reused,hy_vla/place_relative/place_relative_ep100084_result.json,eb685f78f5fa93b5d45c1faf09d952e76db6937edc4ef19ec86f9abd7eb00ea4
hy_vla,place_relative,15,100085,left,failure,0,400,400,action_limit,Lift the green toycar and set it to the left of the brown coffee-box,reused,hy_vla/place_relative/place_relative_ep100085_result.json,16c3e2fd1c491f98cfe646d7583ad5901435438b46a3d7ecdc039783f1f61438
hy_vla,place_relative,15,100086,right,success,1,53,400,task_success,"Use the right arm to pick up the green toycar, set it to the right of the brown coffee-box",reused,hy_vla/place_relative/place_relative_ep100086_result.json,54d008a42534ae69eec737eba89b9e814bf8feba6ac5e34594f43a588246cc4a
hy_vla,place_relative,15,100089,on_top,failure,0,400,400,action_limit,Lift the green toycar and set it on top of the brown coffee-box,reused,hy_vla/place_relative/place_relative_ep100089_result.json,4ce493a12079187ae8ddf79876a2458ad50316bface7a82ee091c027369f94c7
hy_vla,place_relative,16,100095,left,failure,0,400,400,action_limit,"Use the right arm to pick up the black remotecontrol, set it to the left of the brown coffee-box",reused,hy_vla/place_relative/place_relative_ep100095_result.json,ca92c78bad8eadb5e721dbbe08dd9f494d67090b49a45eb2a0952783f1609429
hy_vla,place_relative,16,100096,right,failure,0,400,400,action_limit,Relocate the black remotecontrol to the right of the brown coffee-box,reused,hy_vla/place_relative/place_relative_ep100096_result.json,bb6223102d382130d3da7527e4576a0ac7c122f15c2935964445b076a1464fda
hy_vla,place_relative,16,100099,on_top,failure,0,400,400,action_limit,Lift the black remotecontrol and set it on top of the brown coffee-box,reused,hy_vla/place_relative/place_relative_ep100099_result.json,101c7aa6e1f61b597e7127f9d44cf80f64e75787c50374874b7a38813680a09f
hy_vla,place_relative,17,100100,left,failure,0,400,400,action_limit,"Use the right arm to pick up the red can, set it to the left of the brown coffee-box",reused,hy_vla/place_relative/place_relative_ep100100_result.json,ec2cf5473cba6550e97d904da2d08238bdac13e4cb9180fe4f811c1eb5df3ec5
hy_vla,place_relative,17,100101,right,failure,0,400,400,action_limit,"Use the right arm to pick up the red can, set it to the right of the brown coffee-box",reused,hy_vla/place_relative/place_relative_ep100101_result.json,5d1b7cbabaac0966318bb7bc9e5c0f1853fad9b0d78339292fe2734256d0799e
hy_vla,place_relative,17,100104,on_top,failure,0,400,400,action_limit,Pick up the red can and move it on top of the brown coffee-box,reused,hy_vla/place_relative/place_relative_ep100104_result.json,2dfc95c35bc2ec06237abe4827792b8e90b442486d0ee81309a30c8d8ab8c0e8
hy_vla,place_relative,18,100105,left,failure,0,400,400,action_limit,Use the right arm to grab the blue soap and place it to the left of the brown coffee-box,reused,hy_vla/place_relative/place_relative_ep100105_result.json,1fa0e746761375a607482e790e4a9e294387efab5303fe1a5227aa95feb6b35a
hy_vla,place_relative,18,100106,right,failure,0,400,400,action_limit,Grab the blue soap and set it to the right of the brown coffee-box,reused,hy_vla/place_relative/place_relative_ep100106_result.json,aa6f10c86d3dd28426296166c468141fdf95e046040f706d74740d207224d1d6
hy_vla,place_relative,18,100109,on_top,failure,0,400,400,action_limit,Relocate the blue soap on top of the brown coffee-box,reused,hy_vla/place_relative/place_relative_ep100109_result.json,f2fb8d9407cdfcbf823e87fa1313ca6b76eb0eb0d83e7f987801229b88f278b9
hy_vla,place_relative,19,100110,left,failure,0,400,400,action_limit,Use the left arm to grab the gray mouse and place it to the left of the red tea-box,reused,hy_vla/place_relative/place_relative_ep100110_result.json,ffc133ef5339933a7d745c206f44337df7bcce1e10e09c8b9f00c4159e3576e9
hy_vla,place_relative,19,100111,right,failure,0,400,400,action_limit,Grab the gray mouse and set it to the right of the red tea-box,reused,hy_vla/place_relative/place_relative_ep100111_result.json,a5c157fb555b65842b58cb23bd74d2ec7236111ee6ff9da99473ae1452fc9b2c
hy_vla,place_relative,19,100114,on_top,failure,0,400,400,action_limit,Use the left arm to grab the gray mouse and place it on top of the red tea-box,reused,hy_vla/place_relative/place_relative_ep100114_result.json,04688c5959ec3d59b42257e4a09a6aa8f4f7f20c8543ecdfdac27a55aeb8d71b
