policy,seed,mode,previous_success,success,first_lifted,distractor_lifted_ever,first_distractor_lift_action,target_lift_m,distractor_lift_m,distractor_peak_lift_m,video
xvla,100000,color:red,0,1,target,False,,0.05011075735092163,0.0,0.0,xvla/attribute_select/attribute_select_ep100000_1.mp4
xvla,100001,color:blue,1,0,distractor,True,74,0.060000479221343994,0.0,0.08611845970153809,xvla/attribute_select/attribute_select_ep100001_0.mp4
xvla,100002,decal:cat,1,1,target,False,,0.05006939172744751,0.0,0.0,xvla/attribute_select/attribute_select_ep100002_1.mp4
xvla,100003,decal:dog,0,0,distractor,True,95,0.0,-1.1920928955078125e-07,0.08541595935821533,xvla/attribute_select/attribute_select_ep100003_0.mp4
xvla,100004,shape:block,0,0,distractor,True,93,0.0,-5.960464477539063e-08,0.0954141616821289,xvla/attribute_select/attribute_select_ep100004_0.mp4
xvla,100005,shape:bar,1,1,target,False,,0.050053536891937256,0.0,0.0,xvla/attribute_select/attribute_select_ep100005_1.mp4
xvla,100006,size:big,1,0,distractor,True,96,0.0,1.7881393432617188e-07,0.08836919069290161,xvla/attribute_select/attribute_select_ep100006_0.mp4
xvla,100007,size:small,1,1,target,False,,0.05008125305175781,0.0,0.0,xvla/attribute_select/attribute_select_ep100007_1.mp4
xvla,100008,color:red,1,1,target,False,,0.0501132607460022,0.0,0.0,xvla/attribute_select/attribute_select_ep100008_1.mp4
xvla,100009,color:blue,1,0,distractor,True,96,-1.1920928955078125e-07,-5.960464477539063e-08,0.09030210971832275,xvla/attribute_select/attribute_select_ep100009_0.mp4
xvla,100010,decal:cat,0,0,,False,,5.960464477539063e-08,0.0,0.0,xvla/attribute_select/attribute_select_ep100010_0.mp4
xvla,100011,decal:dog,0,0,,False,,0.0,-1.1920928955078125e-07,0.005198419094085693,xvla/attribute_select/attribute_select_ep100011_0.mp4
xvla,100012,shape:block,0,0,distractor,True,160,0.0,-5.960464477539062e-07,0.1068618893623352,xvla/attribute_select/attribute_select_ep100012_0.mp4
xvla,100013,shape:bar,0,0,,False,,-0.010999739170074463,0.0,0.0,xvla/attribute_select/attribute_select_ep100013_0.mp4
xvla,100014,size:big,0,0,distractor,True,95,0.0004950165748596191,-2.384185791015625e-07,0.09204041957855225,xvla/attribute_select/attribute_select_ep100014_0.mp4
xvla,100015,size:small,1,1,target,False,,0.050063371658325195,0.0,0.0,xvla/attribute_select/attribute_select_ep100015_1.mp4
xvla,100016,color:red,1,1,target,False,,0.05014467239379883,0.0,0.0,xvla/attribute_select/attribute_select_ep100016_1.mp4
xvla,100017,color:blue,1,0,distractor,True,96,5.960464477539063e-08,0.0,0.07961922883987427,xvla/attribute_select/attribute_select_ep100017_0.mp4
xvla,100018,decal:cat,0,0,,False,,-1.7881393432617188e-07,0.0,0.012479066848754883,xvla/attribute_select/attribute_select_ep100018_0.mp4
xvla,100019,decal:dog,0,0,,False,,2.980232238769531e-07,0.00026798248291015625,0.006361842155456543,xvla/attribute_select/attribute_select_ep100019_0.mp4
xvla,100020,shape:block,0,0,distractor,True,93,5.960464477539063e-08,0.13892602920532227,0.13892602920532227,xvla/attribute_select/attribute_select_ep100020_0.mp4
xvla,100021,shape:bar,1,1,target,False,,0.05007046461105347,0.0,0.0,xvla/attribute_select/attribute_select_ep100021_1.mp4
xvla,100022,size:big,0,0,distractor,True,95,0.0,1.7881393432617188e-07,0.08886808156967163,xvla/attribute_select/attribute_select_ep100022_0.mp4
xvla,100023,size:small,1,1,target,False,,0.05010896921157837,0.0,0.0,xvla/attribute_select/attribute_select_ep100023_1.mp4
xvla,100024,color:red,1,1,target,False,,0.05015295743942261,0.0,0.0,xvla/attribute_select/attribute_select_ep100024_1.mp4
xvla,100025,color:blue,1,0,distractor,True,96,-3.5762786865234375e-07,5.960464477539063e-08,0.08011555671691895,xvla/attribute_select/attribute_select_ep100025_0.mp4
xvla,100026,decal:cat,1,1,target,False,,0.05000525712966919,0.0,0.0,xvla/attribute_select/attribute_select_ep100026_1.mp4
xvla,100027,decal:dog,0,0,distractor,True,97,0.0,0.0,0.08160388469696045,xvla/attribute_select/attribute_select_ep100027_0.mp4
xvla,100028,shape:block,1,1,target,False,,0.05006372928619385,0.0,0.0,xvla/attribute_select/attribute_select_ep100028_1.mp4
xvla,100029,shape:bar,0,0,distractor,True,75,0.0,-5.960464477539063e-08,0.09377723932266235,xvla/attribute_select/attribute_select_ep100029_0.mp4
xvla,100030,size:big,0,0,distractor,True,68,4.76837158203125e-07,-3.5762786865234375e-07,0.09704548120498657,xvla/attribute_select/attribute_select_ep100030_0.mp4
xvla,100031,size:small,1,1,target,False,,0.050003111362457275,0.0,0.0,xvla/attribute_select/attribute_select_ep100031_1.mp4
xvla,100032,color:red,1,1,target,False,,0.05006515979766846,0.0,0.0,xvla/attribute_select/attribute_select_ep100032_1.mp4
xvla,100033,color:blue,1,0,distractor,True,106,5.960464477539063e-08,5.960464477539063e-08,0.08059662580490112,xvla/attribute_select/attribute_select_ep100033_0.mp4
xvla,100034,decal:cat,0,0,distractor,True,92,-1.7881393432617188e-07,0.14139395952224731,0.16242825984954834,xvla/attribute_select/attribute_select_ep100034_0.mp4
xvla,100035,decal:dog,1,1,target,False,,0.050006330013275146,-2.384185791015625e-07,0.0008757114410400391,xvla/attribute_select/attribute_select_ep100035_1.mp4
xvla,100036,shape:block,0,0,distractor,True,94,0.0,0.0,0.06164443492889404,xvla/attribute_select/attribute_select_ep100036_0.mp4
xvla,100037,shape:bar,1,1,target,False,,0.050111591815948486,0.0,0.0,xvla/attribute_select/attribute_select_ep100037_1.mp4
xvla,100038,size:big,0,0,distractor,True,96,0.0016646981239318848,1.1920928955078125e-07,0.08740502595901489,xvla/attribute_select/attribute_select_ep100038_0.mp4
xvla,100039,size:small,1,1,target,False,,0.05001586675643921,0.0,0.0,xvla/attribute_select/attribute_select_ep100039_1.mp4
xvla,100040,color:red,1,1,target,False,,0.05004209280014038,0.0,0.0,xvla/attribute_select/attribute_select_ep100040_1.mp4
xvla,100041,color:blue,1,0,distractor,True,77,-1.1920928955078125e-07,-5.960464477539063e-08,0.08992493152618408,xvla/attribute_select/attribute_select_ep100041_0.mp4
xvla,100042,decal:cat,0,0,distractor,True,96,1.1920928955078125e-07,-1.7881393432617188e-07,0.11317592859268188,xvla/attribute_select/attribute_select_ep100042_0.mp4
xvla,100043,decal:dog,1,1,target,False,,0.05006164312362671,-0.7399999741464853,0.01449441909790039,xvla/attribute_select/attribute_select_ep100043_1.mp4
xvla,100044,shape:block,1,1,target,False,,0.050190865993499756,0.046987295150756836,0.046987295150756836,xvla/attribute_select/attribute_select_ep100044_1.mp4
xvla,100045,shape:bar,1,1,target,False,,0.05007898807525635,0.0,0.0,xvla/attribute_select/attribute_select_ep100045_1.mp4
xvla,100046,size:big,0,0,distractor,True,97,1.1920928955078125e-06,1.7881393432617188e-07,0.08999931812286377,xvla/attribute_select/attribute_select_ep100046_0.mp4
xvla,100047,size:small,1,1,target,False,,0.05005931854248047,0.0,0.0,xvla/attribute_select/attribute_select_ep100047_1.mp4
xvla,100048,color:red,1,1,target,False,,0.05007857084274292,0.0,0.0,xvla/attribute_select/attribute_select_ep100048_1.mp4
xvla,100049,color:blue,0,0,distractor,True,70,0.0,-5.960464477539063e-08,0.08313208818435669,xvla/attribute_select/attribute_select_ep100049_0.mp4
xvla,100050,decal:cat,0,0,distractor,True,95,-0.7399997748434544,0.16288942098617554,0.1651461124420166,xvla/attribute_select/attribute_select_ep100050_0.mp4
xvla,100051,decal:dog,1,1,target,False,,0.0500788688659668,-0.7399998120963573,0.01664137840270996,xvla/attribute_select/attribute_select_ep100051_1.mp4
xvla,100052,shape:block,1,1,target,False,,0.05001485347747803,0.0,0.0,xvla/attribute_select/attribute_select_ep100052_1.mp4
xvla,100053,shape:bar,1,0,distractor,True,66,0.0,-1.1920928955078125e-07,0.08744966983795166,xvla/attribute_select/attribute_select_ep100053_0.mp4
xvla,100054,size:big,0,0,distractor,True,69,0.0,-2.980232238769531e-07,0.09931480884552002,xvla/attribute_select/attribute_select_ep100054_0.mp4
xvla,100055,size:small,1,1,target,False,,0.050001561641693115,0.0,0.0,xvla/attribute_select/attribute_select_ep100055_1.mp4
xvla,100064,color:red,1,1,target,False,,0.0500677227973938,0.0,0.0,xvla/attribute_select/attribute_select_ep100064_1.mp4
xvla,100065,color:blue,1,0,distractor,True,96,5.960464477539063e-08,1.1920928955078125e-07,0.08493000268936157,xvla/attribute_select/attribute_select_ep100065_0.mp4
xvla,100066,decal:cat,1,1,target,False,,0.05011183023452759,0.043386995792388916,0.043386995792388916,xvla/attribute_select/attribute_select_ep100066_1.mp4
xvla,100067,decal:dog,1,0,distractor,True,93,0.1146649718284607,0.0,0.11696130037307739,xvla/attribute_select/attribute_select_ep100067_0.mp4
xvla,100068,shape:block,0,0,,False,,0.0,0.0,0.032941341400146484,xvla/attribute_select/attribute_select_ep100068_0.mp4
xvla,100069,shape:bar,0,1,target,False,,0.05003845691680908,0.0,0.0,xvla/attribute_select/attribute_select_ep100069_1.mp4
xvla,100070,size:big,0,0,distractor,True,96,0.0,-5.364418029785156e-07,0.08586418628692627,xvla/attribute_select/attribute_select_ep100070_0.mp4
xvla,100071,size:small,1,1,target,False,,0.05013608932495117,0.0,0.0,xvla/attribute_select/attribute_select_ep100071_1.mp4
xvla,100072,color:red,0,1,target,False,,0.05001610517501831,0.0,0.0,xvla/attribute_select/attribute_select_ep100072_1.mp4
xvla,100073,color:blue,1,0,distractor,True,97,0.011369287967681885,0.0,0.07925665378570557,xvla/attribute_select/attribute_select_ep100073_0.mp4
xvla,100074,decal:cat,0,0,distractor,True,94,-5.960464477539063e-08,0.15474653244018555,0.16588729619979858,xvla/attribute_select/attribute_select_ep100074_0.mp4
xvla,100075,decal:dog,1,1,target,False,,0.05016058683395386,-1.7881393432617188e-07,0.0001665353775024414,xvla/attribute_select/attribute_select_ep100075_1.mp4
xvla,100076,shape:block,0,0,distractor,True,98,0.0,-6.556510925292969e-07,0.06474113464355469,xvla/attribute_select/attribute_select_ep100076_0.mp4
xvla,100077,shape:bar,1,1,target,False,,0.0500217080116272,0.0,0.0,xvla/attribute_select/attribute_select_ep100077_1.mp4
xvla,100078,size:big,1,0,distractor,True,96,0.0,0.06283318996429443,0.09265637397766113,xvla/attribute_select/attribute_select_ep100078_0.mp4
xvla,100079,size:small,1,1,target,False,,0.05012160539627075,0.0,0.0,xvla/attribute_select/attribute_select_ep100079_1.mp4
xvla,100080,color:red,1,1,target,False,,0.0500258207321167,0.0,0.0,xvla/attribute_select/attribute_select_ep100080_1.mp4
xvla,100081,color:blue,1,0,distractor,True,94,0.0,-1.7881393432617188e-07,0.08702874183654785,xvla/attribute_select/attribute_select_ep100081_0.mp4
xvla,100082,decal:cat,1,1,target,False,,0.050105512142181396,0.0,0.0,xvla/attribute_select/attribute_select_ep100082_1.mp4
xvla,100083,decal:dog,0,0,,False,,3.49879264831543e-05,-5.960464477539063e-08,0.013120770454406738,xvla/attribute_select/attribute_select_ep100083_0.mp4
xvla,100084,shape:block,0,0,distractor,True,94,0.050000667572021484,5.960464477539062e-07,0.0980520248413086,xvla/attribute_select/attribute_select_ep100084_0.mp4
xvla,100085,shape:bar,1,1,target,False,,0.05001628398895264,0.0,0.0,xvla/attribute_select/attribute_select_ep100085_1.mp4
xvla,100086,size:big,1,0,distractor,True,70,-1.7881393432617188e-07,-1.1920928955078125e-07,0.09741365909576416,xvla/attribute_select/attribute_select_ep100086_0.mp4
xvla,100087,size:small,1,1,target,False,,0.050103724002838135,0.0,0.0,xvla/attribute_select/attribute_select_ep100087_1.mp4
xvla,100088,color:red,1,0,distractor,True,221,-1.7881393432617188e-07,0.02242732048034668,0.08837652206420898,xvla/attribute_select/attribute_select_ep100088_0.mp4
xvla,100089,color:blue,1,0,distractor,True,92,0.0022804737091064453,-4.172325134277344e-07,0.09139257669448853,xvla/attribute_select/attribute_select_ep100089_0.mp4
xvla,100090,decal:cat,1,1,target,False,,0.050050318241119385,5.960464477539063e-08,0.012430727481842041,xvla/attribute_select/attribute_select_ep100090_1.mp4
xvla,100091,decal:dog,1,1,target,False,,0.050138771533966064,0.046211302280426025,0.046211302280426025,xvla/attribute_select/attribute_select_ep100091_1.mp4
xvla,100092,shape:block,0,0,distractor,True,93,0.0,0.0,0.0905185341835022,xvla/attribute_select/attribute_select_ep100092_0.mp4
xvla,100093,shape:bar,1,1,target,False,,0.05000483989715576,0.0,0.0,xvla/attribute_select/attribute_select_ep100093_1.mp4
xvla,100094,size:big,0,0,distractor,True,71,7.748603820800781e-07,-2.980232238769531e-07,0.09543925523757935,xvla/attribute_select/attribute_select_ep100094_0.mp4
xvla,100095,size:small,1,1,target,False,,0.05003887414932251,0.0,0.0,xvla/attribute_select/attribute_select_ep100095_1.mp4
xvla,100096,color:red,0,0,distractor,True,308,5.960464477539063e-08,0.2880958318710327,0.2880958318710327,xvla/attribute_select/attribute_select_ep100096_0.mp4
xvla,100097,color:blue,1,0,distractor,True,186,0.060067594051361084,0.00024265050888061523,0.08385568857192993,xvla/attribute_select/attribute_select_ep100097_0.mp4
xvla,100098,decal:cat,1,1,target,False,,0.05006253719329834,1.1920928955078125e-07,0.017694413661956787,xvla/attribute_select/attribute_select_ep100098_1.mp4
xvla,100099,decal:dog,1,0,distractor,True,95,-2.384185791015625e-07,1.1920928955078125e-07,0.1053890585899353,xvla/attribute_select/attribute_select_ep100099_0.mp4
xvla,100100,shape:block,1,1,target,False,,0.050137877464294434,0.0,0.0,xvla/attribute_select/attribute_select_ep100100_1.mp4
xvla,100101,shape:bar,0,0,distractor,True,77,5.960464477539063e-08,-1.7881393432617188e-07,0.09163600206375122,xvla/attribute_select/attribute_select_ep100101_0.mp4
xvla,100102,size:big,0,0,distractor,True,96,0.03744417428970337,4.76837158203125e-07,0.0960460901260376,xvla/attribute_select/attribute_select_ep100102_0.mp4
xvla,100103,size:small,1,1,target,False,,0.050032973289489746,0.0,0.0,xvla/attribute_select/attribute_select_ep100103_1.mp4
xvla,100104,color:red,1,1,target,False,,0.05000060796737671,0.0,0.0,xvla/attribute_select/attribute_select_ep100104_1.mp4
xvla,100105,color:blue,1,0,distractor,True,96,0.0,1.1920928955078125e-07,0.08446937799453735,xvla/attribute_select/attribute_select_ep100105_0.mp4
xvla,100106,decal:cat,1,1,target,False,,0.050060927867889404,0.049353063106536865,0.049353063106536865,xvla/attribute_select/attribute_select_ep100106_1.mp4
xvla,100107,decal:dog,1,0,distractor,True,94,-5.960464477539063e-08,5.960464477539063e-08,0.1155957579612732,xvla/attribute_select/attribute_select_ep100107_0.mp4
xvla,100108,shape:block,1,0,distractor,True,92,0.050119757652282715,7.933378219604492e-05,0.09914684295654297,xvla/attribute_select/attribute_select_ep100108_0.mp4
xvla,100109,shape:bar,1,1,target,False,,0.05001550912857056,0.0,0.0,xvla/attribute_select/attribute_select_ep100109_1.mp4
xvla,100110,size:big,0,0,distractor,True,95,0.0,0.0,0.08681023120880127,xvla/attribute_select/attribute_select_ep100110_0.mp4
xvla,100111,size:small,1,1,target,False,,0.050074756145477295,0.0,0.0,xvla/attribute_select/attribute_select_ep100111_1.mp4
xvla,100112,color:red,1,1,target,False,,0.050045549869537354,0.0,0.0,xvla/attribute_select/attribute_select_ep100112_1.mp4
xvla,100113,color:blue,0,0,distractor,True,98,-2.980232238769531e-07,1.5497207641601562e-06,0.07903546094894409,xvla/attribute_select/attribute_select_ep100113_0.mp4
xvla,100114,decal:cat,1,1,target,False,,0.050007760524749756,0.0,0.0,xvla/attribute_select/attribute_select_ep100114_1.mp4
xvla,100115,decal:dog,0,0,distractor,True,95,0.0,1.1920928955078125e-07,0.09282344579696655,xvla/attribute_select/attribute_select_ep100115_0.mp4
xvla,100116,shape:block,1,1,target,False,,0.05005735158920288,0.0,0.0,xvla/attribute_select/attribute_select_ep100116_1.mp4
xvla,100117,shape:bar,1,0,distractor,True,94,-1.1920928955078125e-07,1.7881393432617188e-07,0.08674675226211548,xvla/attribute_select/attribute_select_ep100117_0.mp4
xvla,100118,size:big,0,0,distractor,True,96,1.1920928955078125e-06,-1.1920928955078125e-07,0.09470880031585693,xvla/attribute_select/attribute_select_ep100118_0.mp4
xvla,100119,size:small,1,1,target,False,,0.05007559061050415,0.0,0.0,xvla/attribute_select/attribute_select_ep100119_1.mp4
xvla,100120,color:red,1,1,target,False,,0.050079286098480225,0.0,0.0,xvla/attribute_select/attribute_select_ep100120_1.mp4
xvla,100121,color:blue,0,0,distractor,True,98,2.384185791015625e-07,1.9073486328125e-06,0.08055371046066284,xvla/attribute_select/attribute_select_ep100121_0.mp4
xvla,100122,decal:cat,0,0,distractor,True,96,0.0,1.1920928955078125e-07,0.12035268545150757,xvla/attribute_select/attribute_select_ep100122_0.mp4
xvla,100123,decal:dog,1,1,target,False,,0.050029635429382324,-1.1920928955078125e-07,0.01441282033920288,xvla/attribute_select/attribute_select_ep100123_1.mp4
xvla,100124,shape:block,0,0,distractor,True,217,0.0,0.0,0.07921624183654785,xvla/attribute_select/attribute_select_ep100124_0.mp4
xvla,100125,shape:bar,1,0,,False,,0.0,0.0,0.0,xvla/attribute_select/attribute_select_ep100125_0.mp4
xvla,100126,size:big,0,0,distractor,True,95,0.0,-4.172325134277344e-07,0.08626264333724976,xvla/attribute_select/attribute_select_ep100126_0.mp4
xvla,100127,size:small,1,1,target,False,,0.050115346908569336,0.0,0.0,xvla/attribute_select/attribute_select_ep100127_1.mp4
xvla,100128,color:red,1,1,target,False,,0.0501248836517334,0.0,0.0,xvla/attribute_select/attribute_select_ep100128_1.mp4
xvla,100129,color:blue,1,0,distractor,True,91,1.1920928955078125e-07,-1.7881393432617188e-07,0.08882570266723633,xvla/attribute_select/attribute_select_ep100129_0.mp4
xvla,100130,decal:cat,1,1,target,False,,0.050012171268463135,0.0,0.0,xvla/attribute_select/attribute_select_ep100130_1.mp4
xvla,100131,decal:dog,0,0,distractor,True,96,0.0,5.960464477539063e-08,0.07960516214370728,xvla/attribute_select/attribute_select_ep100131_0.mp4
xvla,100132,shape:block,0,0,distractor,True,104,0.0,0.0,0.0960853099822998,xvla/attribute_select/attribute_select_ep100132_0.mp4
xvla,100133,shape:bar,0,0,,False,,0.0,4.172325134277344e-07,0.01654517650604248,xvla/attribute_select/attribute_select_ep100133_0.mp4
xvla,100134,size:big,1,0,distractor,True,97,0.013949334621429443,-1.1920928955078125e-07,0.09248441457748413,xvla/attribute_select/attribute_select_ep100134_0.mp4
xvla,100135,size:small,1,1,target,False,,0.05000394582748413,0.0,0.0,xvla/attribute_select/attribute_select_ep100135_1.mp4
xvla,100144,color:red,1,0,,False,,1.1920928955078125e-07,0.0,0.0,xvla/attribute_select/attribute_select_ep100144_0.mp4
xvla,100145,color:blue,1,0,distractor,True,96,1.1920928955078125e-07,0.0,0.08267587423324585,xvla/attribute_select/attribute_select_ep100145_0.mp4
xvla,100146,decal:cat,1,1,target,False,,0.05012291669845581,5.960464477539063e-08,0.013843834400177002,xvla/attribute_select/attribute_select_ep100146_1.mp4
xvla,100147,decal:dog,1,0,distractor,True,95,-1.7881393432617188e-07,0.12789690494537354,0.14918720722198486,xvla/attribute_select/attribute_select_ep100147_0.mp4
xvla,100148,shape:block,1,1,target,False,,0.05012202262878418,0.0,0.0,xvla/attribute_select/attribute_select_ep100148_1.mp4
xvla,100149,shape:bar,0,0,distractor,True,66,-0.010999739170074463,0.0,0.08805352449417114,xvla/attribute_select/attribute_select_ep100149_0.mp4
xvla,100150,size:big,0,0,distractor,True,77,5.364418029785156e-07,0.0,0.1026948094367981,xvla/attribute_select/attribute_select_ep100150_0.mp4
xvla,100151,size:small,1,1,target,False,,0.05002862215042114,0.0,0.0,xvla/attribute_select/attribute_select_ep100151_1.mp4
xvla,100152,color:red,0,0,,False,,5.960464477539063e-08,0.0,0.0,xvla/attribute_select/attribute_select_ep100152_0.mp4
xvla,100153,color:blue,0,0,,False,,-1.7881393432617188e-07,5.960464477539063e-08,0.013158142566680908,xvla/attribute_select/attribute_select_ep100153_0.mp4
xvla,100154,decal:cat,1,1,target,False,,0.05001664161682129,0.0,0.0,xvla/attribute_select/attribute_select_ep100154_1.mp4
xvla,100155,decal:dog,0,0,distractor,True,96,0.0,2.980232238769531e-07,0.08352416753768921,xvla/attribute_select/attribute_select_ep100155_0.mp4
xvla,100156,shape:block,1,1,target,False,,0.050039052963256836,0.045181214809417725,0.045181214809417725,xvla/attribute_select/attribute_select_ep100156_1.mp4
xvla,100157,shape:bar,1,1,target,False,,0.050026774406433105,0.0,0.0,xvla/attribute_select/attribute_select_ep100157_1.mp4
xvla,100158,size:big,1,0,distractor,True,70,5.960464477539063e-08,5.960464477539063e-08,0.10357916355133057,xvla/attribute_select/attribute_select_ep100158_0.mp4
xvla,100159,size:small,1,1,target,False,,0.05010044574737549,0.0,0.0,xvla/attribute_select/attribute_select_ep100159_1.mp4
xvla,100160,color:red,0,1,target,False,,0.0500490665435791,0.0,0.0,xvla/attribute_select/attribute_select_ep100160_1.mp4
xvla,100161,color:blue,1,0,distractor,True,70,0.06061136722564697,0.00027436017990112305,0.08553451299667358,xvla/attribute_select/attribute_select_ep100161_0.mp4
xvla,100162,decal:cat,1,1,target,False,,0.05005568265914917,0.0,0.0,xvla/attribute_select/attribute_select_ep100162_1.mp4
xvla,100163,decal:dog,0,0,distractor,True,96,0.0,1.7881393432617188e-07,0.07775753736495972,xvla/attribute_select/attribute_select_ep100163_0.mp4
xvla,100164,shape:block,0,0,distractor,True,99,0.0,-6.556510925292969e-07,0.09807038307189941,xvla/attribute_select/attribute_select_ep100164_0.mp4
xvla,100165,shape:bar,0,0,distractor,True,366,-5.960464477539063e-08,0.06157416105270386,0.09614372253417969,xvla/attribute_select/attribute_select_ep100165_0.mp4
xvla,100166,size:big,0,0,distractor,True,95,0.0,0.0,0.09504377841949463,xvla/attribute_select/attribute_select_ep100166_0.mp4
xvla,100167,size:small,1,1,target,False,,0.050001323223114014,0.0,0.0,xvla/attribute_select/attribute_select_ep100167_1.mp4
xvla,100168,color:red,1,1,target,False,,0.050100624561309814,0.0,0.0,xvla/attribute_select/attribute_select_ep100168_1.mp4
xvla,100169,color:blue,1,0,distractor,True,95,-1.7881393432617188e-07,-1.1920928955078125e-07,0.08950275182723999,xvla/attribute_select/attribute_select_ep100169_0.mp4
xvla,100170,decal:cat,1,1,target,False,,0.05014735460281372,2.384185791015625e-07,0.0022693872451782227,xvla/attribute_select/attribute_select_ep100170_1.mp4
xvla,100171,decal:dog,1,1,target,False,,0.05002659559249878,0.0,0.013751626014709473,xvla/attribute_select/attribute_select_ep100171_1.mp4
xvla,100172,shape:block,0,0,,False,,0.0,-0.011000096797943115,0.029018700122833252,xvla/attribute_select/attribute_select_ep100172_0.mp4
xvla,100173,shape:bar,0,0,,False,,0.0,0.0,0.0,xvla/attribute_select/attribute_select_ep100173_0.mp4
xvla,100174,size:big,0,0,distractor,True,77,0.0,2.384185791015625e-07,0.09854215383529663,xvla/attribute_select/attribute_select_ep100174_0.mp4
xvla,100175,size:small,1,1,target,False,,0.05000638961791992,0.0,0.0,xvla/attribute_select/attribute_select_ep100175_1.mp4
lingbot_va,100000,color:red,1,1,target,False,,0.050024569034576416,0.0,0.0,lingbot_va/attribute_select/attribute_select_ep100000_1.mp4
lingbot_va,100001,color:blue,1,1,target,False,,0.050024211406707764,0.0,0.0,lingbot_va/attribute_select/attribute_select_ep100001_1.mp4
lingbot_va,100002,decal:cat,1,1,target,False,,0.05009692907333374,0.0,0.0,lingbot_va/attribute_select/attribute_select_ep100002_1.mp4
lingbot_va,100003,decal:dog,1,0,distractor,True,79,-1.7881393432617188e-07,-1.7881393432617188e-07,0.13364315032958984,lingbot_va/attribute_select/attribute_select_ep100003_0.mp4
lingbot_va,100004,shape:block,1,1,target,False,,0.05007439851760864,0.0,0.0,lingbot_va/attribute_select/attribute_select_ep100004_1.mp4
lingbot_va,100005,shape:bar,0,0,distractor,True,227,0.08478891849517822,0.0,0.09803152084350586,lingbot_va/attribute_select/attribute_select_ep100005_0.mp4
lingbot_va,100006,size:big,1,0,distractor,True,81,1.1920928955078125e-06,2.384185791015625e-07,0.08898848295211792,lingbot_va/attribute_select/attribute_select_ep100006_0.mp4
lingbot_va,100007,size:small,1,1,target,False,,0.050068199634552,0.0,0.0,lingbot_va/attribute_select/attribute_select_ep100007_1.mp4
lingbot_va,100008,color:red,1,1,target,False,,0.05001479387283325,0.0,0.0,lingbot_va/attribute_select/attribute_select_ep100008_1.mp4
lingbot_va,100009,color:blue,1,1,target,False,,0.05003863573074341,0.0,0.0,lingbot_va/attribute_select/attribute_select_ep100009_1.mp4
lingbot_va,100010,decal:cat,0,0,distractor,True,81,-1.7881393432617188e-07,5.960464477539063e-08,0.09299474954605103,lingbot_va/attribute_select/attribute_select_ep100010_0.mp4
lingbot_va,100011,decal:dog,1,1,target,False,,0.050003230571746826,0.0,0.0,lingbot_va/attribute_select/attribute_select_ep100011_1.mp4
lingbot_va,100012,shape:block,1,1,target,False,,0.05002039670944214,0.0,0.0,lingbot_va/attribute_select/attribute_select_ep100012_1.mp4
lingbot_va,100013,shape:bar,1,1,target,False,,0.05004531145095825,0.0,0.0,lingbot_va/attribute_select/attribute_select_ep100013_1.mp4
lingbot_va,100014,size:big,0,0,distractor,True,80,4.76837158203125e-07,5.960464477539063e-08,0.08888113498687744,lingbot_va/attribute_select/attribute_select_ep100014_0.mp4
lingbot_va,100015,size:small,1,1,target,False,,0.05003553628921509,0.0,0.0,lingbot_va/attribute_select/attribute_select_ep100015_1.mp4
lingbot_va,100016,color:red,1,1,target,False,,0.05014514923095703,0.0,0.0,lingbot_va/attribute_select/attribute_select_ep100016_1.mp4
lingbot_va,100017,color:blue,1,1,target,False,,0.05000782012939453,0.0,0.0,lingbot_va/attribute_select/attribute_select_ep100017_1.mp4
lingbot_va,100018,decal:cat,1,1,target,False,,0.05005359649658203,0.0,0.0,lingbot_va/attribute_select/attribute_select_ep100018_1.mp4
lingbot_va,100019,decal:dog,1,1,target,False,,0.0501742959022522,0.0,0.0,lingbot_va/attribute_select/attribute_select_ep100019_1.mp4
lingbot_va,100020,shape:block,1,1,target,False,,0.05010247230529785,0.0,0.0,lingbot_va/attribute_select/attribute_select_ep100020_1.mp4
lingbot_va,100021,shape:bar,1,0,distractor,True,80,0.0,0.0004655122756958008,0.09963607788085938,lingbot_va/attribute_select/attribute_select_ep100021_0.mp4
lingbot_va,100022,size:big,1,0,distractor,True,81,0.08068174123764038,0.0,0.08732718229293823,lingbot_va/attribute_select/attribute_select_ep100022_0.mp4
lingbot_va,100023,size:small,1,1,target,False,,0.05004078149795532,0.0,0.0,lingbot_va/attribute_select/attribute_select_ep100023_1.mp4
lingbot_va,100024,color:red,1,1,target,False,,0.05006289482116699,0.0,0.0,lingbot_va/attribute_select/attribute_select_ep100024_1.mp4
lingbot_va,100025,color:blue,1,1,target,False,,0.050048887729644775,0.0,0.0,lingbot_va/attribute_select/attribute_select_ep100025_1.mp4
lingbot_va,100026,decal:cat,1,1,target,False,,0.05000823736190796,0.0,0.0,lingbot_va/attribute_select/attribute_select_ep100026_1.mp4
lingbot_va,100027,decal:dog,0,0,distractor,True,81,-2.384185791015625e-07,0.07157105207443237,0.10161370038986206,lingbot_va/attribute_select/attribute_select_ep100027_0.mp4
lingbot_va,100028,shape:block,1,1,target,False,,0.05015760660171509,0.0,0.0,lingbot_va/attribute_select/attribute_select_ep100028_1.mp4
lingbot_va,100029,shape:bar,1,1,target,False,,0.05007588863372803,0.0,0.0,lingbot_va/attribute_select/attribute_select_ep100029_1.mp4
lingbot_va,100030,size:big,0,0,distractor,True,79,6.556510925292969e-07,-5.960464477539063e-08,0.09414499998092651,lingbot_va/attribute_select/attribute_select_ep100030_0.mp4
lingbot_va,100031,size:small,1,1,target,False,,0.05007791519165039,0.0,0.0,lingbot_va/attribute_select/attribute_select_ep100031_1.mp4
lingbot_va,100032,color:red,1,1,target,False,,0.05010253190994263,0.0,0.0,lingbot_va/attribute_select/attribute_select_ep100032_1.mp4
lingbot_va,100033,color:blue,1,1,target,False,,0.050034403800964355,0.0,0.0,lingbot_va/attribute_select/attribute_select_ep100033_1.mp4
lingbot_va,100034,decal:cat,1,1,target,False,,0.05002719163894653,0.0,0.0,lingbot_va/attribute_select/attribute_select_ep100034_1.mp4
lingbot_va,100035,decal:dog,1,1,target,False,,0.05011266469955444,0.0,0.0,lingbot_va/attribute_select/attribute_select_ep100035_1.mp4
lingbot_va,100036,shape:block,1,1,target,False,,0.05006909370422363,0.0,0.0,lingbot_va/attribute_select/attribute_select_ep100036_1.mp4
lingbot_va,100037,shape:bar,1,1,target,False,,0.050132155418395996,0.0,0.0,lingbot_va/attribute_select/attribute_select_ep100037_1.mp4
lingbot_va,100038,size:big,1,0,distractor,True,79,0.06858652830123901,-5.960464477539063e-08,0.08930855989456177,lingbot_va/attribute_select/attribute_select_ep100038_0.mp4
lingbot_va,100039,size:small,1,1,target,False,,0.05005788803100586,0.0,0.0,lingbot_va/attribute_select/attribute_select_ep100039_1.mp4
lingbot_va,100040,color:red,1,1,target,False,,0.05008417367935181,0.0,0.0,lingbot_va/attribute_select/attribute_select_ep100040_1.mp4
lingbot_va,100041,color:blue,1,1,target,False,,0.05004352331161499,0.0,0.0,lingbot_va/attribute_select/attribute_select_ep100041_1.mp4
lingbot_va,100042,decal:cat,0,0,distractor,True,82,1.1920928955078125e-07,-5.960464477539063e-08,0.2187403440475464,lingbot_va/attribute_select/attribute_select_ep100042_0.mp4
lingbot_va,100043,decal:dog,0,1,target,False,,0.05003201961517334,0.0,0.0,lingbot_va/attribute_select/attribute_select_ep100043_1.mp4
lingbot_va,100044,shape:block,1,1,target,False,,0.05015552043914795,0.0,0.0,lingbot_va/attribute_select/attribute_select_ep100044_1.mp4
lingbot_va,100045,shape:bar,1,0,distractor,True,82,0.03515779972076416,-1.1920928955078125e-07,0.10571658611297607,lingbot_va/attribute_select/attribute_select_ep100045_0.mp4
lingbot_va,100046,size:big,1,0,distractor,True,79,7.748603820800781e-07,0.0004674196243286133,0.0865975022315979,lingbot_va/attribute_select/attribute_select_ep100046_0.mp4
lingbot_va,100047,size:small,1,1,target,False,,0.05005568265914917,0.0,0.0,lingbot_va/attribute_select/attribute_select_ep100047_1.mp4
lingbot_va,100048,color:red,1,1,target,False,,0.050110697746276855,0.0,0.0,lingbot_va/attribute_select/attribute_select_ep100048_1.mp4
lingbot_va,100049,color:blue,1,1,target,False,,0.05000203847885132,0.0,0.0,lingbot_va/attribute_select/attribute_select_ep100049_1.mp4
lingbot_va,100050,decal:cat,0,0,distractor,True,81,0.00010192394256591797,0.0,0.09980243444442749,lingbot_va/attribute_select/attribute_select_ep100050_0.mp4
lingbot_va,100051,decal:dog,1,1,target,False,,0.050054073333740234,0.0,0.0,lingbot_va/attribute_select/attribute_select_ep100051_1.mp4
lingbot_va,100052,shape:block,1,1,target,False,,0.05006760358810425,0.0,0.0,lingbot_va/attribute_select/attribute_select_ep100052_1.mp4
lingbot_va,100053,shape:bar,1,0,distractor,True,81,0.0007385015487670898,-2.384185791015625e-07,0.11473846435546875,lingbot_va/attribute_select/attribute_select_ep100053_0.mp4
lingbot_va,100054,size:big,0,0,distractor,True,80,0.0005595088005065918,-5.960464477539063e-08,0.09890967607498169,lingbot_va/attribute_select/attribute_select_ep100054_0.mp4
lingbot_va,100055,size:small,1,1,target,False,,0.05008047819137573,0.0,0.0,lingbot_va/attribute_select/attribute_select_ep100055_1.mp4
lingbot_va,100064,color:red,1,1,target,False,,0.050161540508270264,0.0,0.0,lingbot_va/attribute_select/attribute_select_ep100064_1.mp4
lingbot_va,100065,color:blue,1,1,target,False,,0.050076842308044434,0.0,0.0,lingbot_va/attribute_select/attribute_select_ep100065_1.mp4
lingbot_va,100066,decal:cat,1,1,target,False,,0.05007505416870117,0.0,0.0,lingbot_va/attribute_select/attribute_select_ep100066_1.mp4
lingbot_va,100067,decal:dog,1,1,target,False,,0.05000150203704834,0.0,0.0,lingbot_va/attribute_select/attribute_select_ep100067_1.mp4
lingbot_va,100068,shape:block,1,1,target,False,,0.05001115798950195,0.0,0.0,lingbot_va/attribute_select/attribute_select_ep100068_1.mp4
lingbot_va,100069,shape:bar,0,0,distractor,True,80,0.05047076940536499,1.1920928955078125e-07,0.09738200902938843,lingbot_va/attribute_select/attribute_select_ep100069_0.mp4
lingbot_va,100070,size:big,1,0,distractor,True,81,0.03532123565673828,-2.384185791015625e-07,0.08744937181472778,lingbot_va/attribute_select/attribute_select_ep100070_0.mp4
lingbot_va,100071,size:small,1,1,target,False,,0.05002164840698242,0.0,0.0,lingbot_va/attribute_select/attribute_select_ep100071_1.mp4
lingbot_va,100072,color:red,1,1,target,False,,0.050011396408081055,0.0,0.0,lingbot_va/attribute_select/attribute_select_ep100072_1.mp4
lingbot_va,100073,color:blue,0,0,,False,,5.960464477539063e-08,5.960464477539063e-08,0.015294551849365234,lingbot_va/attribute_select/attribute_select_ep100073_0.mp4
lingbot_va,100074,decal:cat,1,0,distractor,True,80,-1.1920928955078125e-07,-1.7881393432617188e-07,0.09318393468856812,lingbot_va/attribute_select/attribute_select_ep100074_0.mp4
lingbot_va,100075,decal:dog,1,1,target,False,,0.05002856254577637,0.0,0.0,lingbot_va/attribute_select/attribute_select_ep100075_1.mp4
lingbot_va,100076,shape:block,1,1,target,False,,0.050110459327697754,0.0,0.0,lingbot_va/attribute_select/attribute_select_ep100076_1.mp4
lingbot_va,100077,shape:bar,1,1,target,False,,0.05003601312637329,0.0,0.0,lingbot_va/attribute_select/attribute_select_ep100077_1.mp4
lingbot_va,100078,size:big,0,0,distractor,True,79,0.0,-3.5762786865234375e-07,0.0868406891822815,lingbot_va/attribute_select/attribute_select_ep100078_0.mp4
lingbot_va,100079,size:small,1,1,target,False,,0.05015617609024048,0.0,0.0,lingbot_va/attribute_select/attribute_select_ep100079_1.mp4
lingbot_va,100080,color:red,1,1,target,False,,0.05000656843185425,0.0,0.0,lingbot_va/attribute_select/attribute_select_ep100080_1.mp4
lingbot_va,100081,color:blue,1,1,target,False,,0.05010730028152466,0.0,0.0,lingbot_va/attribute_select/attribute_select_ep100081_1.mp4
lingbot_va,100082,decal:cat,1,0,distractor,True,87,0.00012642145156860352,-5.960464477539063e-08,0.09501433372497559,lingbot_va/attribute_select/attribute_select_ep100082_0.mp4
lingbot_va,100083,decal:dog,1,1,target,False,,0.05007404088973999,0.0,0.0,lingbot_va/attribute_select/attribute_select_ep100083_1.mp4
lingbot_va,100084,shape:block,1,1,target,False,,0.05005049705505371,0.0,0.0,lingbot_va/attribute_select/attribute_select_ep100084_1.mp4
lingbot_va,100085,shape:bar,1,0,distractor,True,80,-6.556510925292969e-07,-1.1920928955078125e-07,0.6713393330574036,lingbot_va/attribute_select/attribute_select_ep100085_0.mp4
lingbot_va,100086,size:big,0,0,distractor,True,79,-6.556510925292969e-07,1.7881393432617188e-07,0.09062975645065308,lingbot_va/attribute_select/attribute_select_ep100086_0.mp4
lingbot_va,100087,size:small,1,1,target,False,,0.050051093101501465,0.0,0.0,lingbot_va/attribute_select/attribute_select_ep100087_1.mp4
lingbot_va,100088,color:red,1,1,target,False,,0.05008351802825928,0.0,0.0,lingbot_va/attribute_select/attribute_select_ep100088_1.mp4
lingbot_va,100089,color:blue,1,1,target,False,,0.050041019916534424,0.0,0.0,lingbot_va/attribute_select/attribute_select_ep100089_1.mp4
lingbot_va,100090,decal:cat,1,0,distractor,True,85,-1.7881393432617188e-07,1.1920928955078125e-07,0.08853107690811157,lingbot_va/attribute_select/attribute_select_ep100090_0.mp4
lingbot_va,100091,decal:dog,1,1,target,False,,0.050121426582336426,0.0,0.0,lingbot_va/attribute_select/attribute_select_ep100091_1.mp4
lingbot_va,100092,shape:block,1,1,target,False,,0.05010688304901123,0.0,0.0,lingbot_va/attribute_select/attribute_select_ep100092_1.mp4
lingbot_va,100093,shape:bar,1,1,target,False,,0.050044357776641846,0.0,0.0,lingbot_va/attribute_select/attribute_select_ep100093_1.mp4
lingbot_va,100094,size:big,1,0,distractor,True,81,0.00029671192169189453,-2.384185791015625e-07,0.09181773662567139,lingbot_va/attribute_select/attribute_select_ep100094_0.mp4
lingbot_va,100095,size:small,1,1,target,False,,0.050101399421691895,0.0,0.0,lingbot_va/attribute_select/attribute_select_ep100095_1.mp4
lingbot_va,100096,color:red,1,1,target,False,,0.05003410577774048,0.0,0.0,lingbot_va/attribute_select/attribute_select_ep100096_1.mp4
lingbot_va,100097,color:blue,1,1,target,False,,0.05007779598236084,0.0,0.0,lingbot_va/attribute_select/attribute_select_ep100097_1.mp4
lingbot_va,100098,decal:cat,1,0,distractor,True,82,-5.960464477539063e-08,0.0,0.09827709197998047,lingbot_va/attribute_select/attribute_select_ep100098_0.mp4
lingbot_va,100099,decal:dog,1,1,target,False,,0.05004459619522095,0.0,0.0,lingbot_va/attribute_select/attribute_select_ep100099_1.mp4
lingbot_va,100100,shape:block,1,1,target,False,,0.05000120401382446,0.0,0.0,lingbot_va/attribute_select/attribute_select_ep100100_1.mp4
lingbot_va,100101,shape:bar,1,0,distractor,True,80,0.14753329753875732,1.1920928955078125e-07,0.09843313694000244,lingbot_va/attribute_select/attribute_select_ep100101_0.mp4
lingbot_va,100102,size:big,1,0,distractor,True,81,0.07726430892944336,0.0,0.09618455171585083,lingbot_va/attribute_select/attribute_select_ep100102_0.mp4
lingbot_va,100103,size:small,1,1,target,False,,0.05017280578613281,0.0,0.0,lingbot_va/attribute_select/attribute_select_ep100103_1.mp4
lingbot_va,100104,color:red,1,1,target,False,,0.05002647638320923,0.0,0.0,lingbot_va/attribute_select/attribute_select_ep100104_1.mp4
lingbot_va,100105,color:blue,0,1,target,False,,0.05014753341674805,1.7881393432617188e-07,0.00024443864822387695,lingbot_va/attribute_select/attribute_select_ep100105_1.mp4
lingbot_va,100106,decal:cat,1,1,target,False,,0.05011248588562012,0.0,0.0,lingbot_va/attribute_select/attribute_select_ep100106_1.mp4
lingbot_va,100107,decal:dog,1,0,distractor,True,82,-2.384185791015625e-07,-2.384185791015625e-07,0.09037011861801147,lingbot_va/attribute_select/attribute_select_ep100107_0.mp4
lingbot_va,100108,shape:block,1,1,target,False,,0.050029754638671875,0.0,0.0,lingbot_va/attribute_select/attribute_select_ep100108_1.mp4
lingbot_va,100109,shape:bar,1,0,distractor,True,81,-6.556510925292969e-07,0.0,0.09435570240020752,lingbot_va/attribute_select/attribute_select_ep100109_0.mp4
lingbot_va,100110,size:big,1,0,distractor,True,80,0.0,-1.1920928955078125e-07,0.08710247278213501,lingbot_va/attribute_select/attribute_select_ep100110_0.mp4
lingbot_va,100111,size:small,1,1,target,False,,0.050138115882873535,0.0,0.0,lingbot_va/attribute_select/attribute_select_ep100111_1.mp4
lingbot_va,100112,color:red,1,1,target,False,,0.050022244453430176,0.0,0.0,lingbot_va/attribute_select/attribute_select_ep100112_1.mp4
lingbot_va,100113,color:blue,1,1,target,False,,0.050028085708618164,0.0,0.0,lingbot_va/attribute_select/attribute_select_ep100113_1.mp4
lingbot_va,100114,decal:cat,1,0,distractor,True,84,-1.7881393432617188e-07,4.607439041137695e-05,0.09199768304824829,lingbot_va/attribute_select/attribute_select_ep100114_0.mp4
lingbot_va,100115,decal:dog,1,1,target,False,,0.05013769865036011,0.0,0.0,lingbot_va/attribute_select/attribute_select_ep100115_1.mp4
lingbot_va,100116,shape:block,1,1,target,False,,0.05016493797302246,0.0,0.0,lingbot_va/attribute_select/attribute_select_ep100116_1.mp4
lingbot_va,100117,shape:bar,0,0,distractor,True,85,-5.960464477539063e-08,1.7881393432617188e-07,0.10722017288208008,lingbot_va/attribute_select/attribute_select_ep100117_0.mp4
lingbot_va,100118,size:big,1,0,distractor,True,80,4.76837158203125e-07,5.960464477539063e-08,0.08541989326477051,lingbot_va/attribute_select/attribute_select_ep100118_0.mp4
lingbot_va,100119,size:small,1,1,target,False,,0.05003213882446289,0.0,0.0,lingbot_va/attribute_select/attribute_select_ep100119_1.mp4
lingbot_va,100120,color:red,1,1,target,False,,0.05003321170806885,0.0,0.0,lingbot_va/attribute_select/attribute_select_ep100120_1.mp4
lingbot_va,100121,color:blue,1,1,target,False,,0.050013959407806396,0.0,0.0,lingbot_va/attribute_select/attribute_select_ep100121_1.mp4
lingbot_va,100122,decal:cat,1,0,distractor,True,80,-5.960464477539063e-08,-1.1920928955078125e-07,0.1550084352493286,lingbot_va/attribute_select/attribute_select_ep100122_0.mp4
lingbot_va,100123,decal:dog,1,1,target,False,,0.050094664096832275,0.0,0.0,lingbot_va/attribute_select/attribute_select_ep100123_1.mp4
lingbot_va,100124,shape:block,1,1,target,False,,0.050085484981536865,0.0,0.0,lingbot_va/attribute_select/attribute_select_ep100124_1.mp4
lingbot_va,100125,shape:bar,1,1,target,False,,0.05004173517227173,0.0,0.0,lingbot_va/attribute_select/attribute_select_ep100125_1.mp4
lingbot_va,100126,size:big,1,0,distractor,True,79,0.04090982675552368,0.0,0.0876917839050293,lingbot_va/attribute_select/attribute_select_ep100126_0.mp4
lingbot_va,100127,size:small,1,1,target,False,,0.05005979537963867,0.0,0.0,lingbot_va/attribute_select/attribute_select_ep100127_1.mp4
lingbot_va,100128,color:red,1,1,target,False,,0.050034403800964355,0.0,0.0,lingbot_va/attribute_select/attribute_select_ep100128_1.mp4
lingbot_va,100129,color:blue,1,1,target,False,,0.0500410795211792,0.0,0.0,lingbot_va/attribute_select/attribute_select_ep100129_1.mp4
lingbot_va,100130,decal:cat,1,1,target,False,,0.05010312795639038,0.0,0.0,lingbot_va/attribute_select/attribute_select_ep100130_1.mp4
lingbot_va,100131,decal:dog,1,0,distractor,True,82,-2.384185791015625e-07,-1.7881393432617188e-07,0.09200572967529297,lingbot_va/attribute_select/attribute_select_ep100131_0.mp4
lingbot_va,100132,shape:block,1,1,target,False,,0.05009472370147705,0.0,0.0,lingbot_va/attribute_select/attribute_select_ep100132_1.mp4
lingbot_va,100133,shape:bar,1,0,distractor,True,87,0.0,-1.7881393432617188e-07,0.0981295108795166,lingbot_va/attribute_select/attribute_select_ep100133_0.mp4
lingbot_va,100134,size:big,1,0,distractor,True,79,2.384185791015625e-07,-1.1920928955078125e-07,0.09054148197174072,lingbot_va/attribute_select/attribute_select_ep100134_0.mp4
lingbot_va,100135,size:small,1,1,target,False,,0.05001699924468994,0.0,0.0,lingbot_va/attribute_select/attribute_select_ep100135_1.mp4
lingbot_va,100144,color:red,1,1,target,False,,0.050076186656951904,0.0,0.0,lingbot_va/attribute_select/attribute_select_ep100144_1.mp4
lingbot_va,100145,color:blue,1,1,target,False,,0.05016815662384033,0.0,0.0,lingbot_va/attribute_select/attribute_select_ep100145_1.mp4
lingbot_va,100146,decal:cat,1,0,distractor,True,80,0.08426332473754883,1.1920928955078125e-07,0.09159678220748901,lingbot_va/attribute_select/attribute_select_ep100146_0.mp4
lingbot_va,100147,decal:dog,1,0,distractor,True,81,2.384185791015625e-07,-2.384185791015625e-07,0.09508252143859863,lingbot_va/attribute_select/attribute_select_ep100147_0.mp4
lingbot_va,100148,shape:block,1,1,target,False,,0.05015081167221069,0.0,0.0,lingbot_va/attribute_select/attribute_select_ep100148_1.mp4
lingbot_va,100149,shape:bar,1,1,target,False,,0.05001753568649292,0.0,0.0,lingbot_va/attribute_select/attribute_select_ep100149_1.mp4
lingbot_va,100150,size:big,1,0,distractor,True,80,0.010394573211669922,0.0,0.0978514552116394,lingbot_va/attribute_select/attribute_select_ep100150_0.mp4
lingbot_va,100151,size:small,1,1,target,False,,0.050008535385131836,0.0,0.0,lingbot_va/attribute_select/attribute_select_ep100151_1.mp4
lingbot_va,100152,color:red,1,1,target,False,,0.05002152919769287,0.0,0.0,lingbot_va/attribute_select/attribute_select_ep100152_1.mp4
lingbot_va,100153,color:blue,1,1,target,False,,0.05020701885223389,0.0,0.0,lingbot_va/attribute_select/attribute_select_ep100153_1.mp4
lingbot_va,100154,decal:cat,1,0,distractor,True,86,2.384185791015625e-07,0.00045120716094970703,0.08207178115844727,lingbot_va/attribute_select/attribute_select_ep100154_0.mp4
lingbot_va,100155,decal:dog,1,0,distractor,True,82,-1.7881393432617188e-07,0.0815894603729248,0.09856182336807251,lingbot_va/attribute_select/attribute_select_ep100155_0.mp4
lingbot_va,100156,shape:block,1,1,target,False,,0.05001324415206909,0.0,0.0,lingbot_va/attribute_select/attribute_select_ep100156_1.mp4
lingbot_va,100157,shape:bar,1,1,target,False,,0.050007522106170654,0.0,0.0,lingbot_va/attribute_select/attribute_select_ep100157_1.mp4
lingbot_va,100158,size:big,1,0,distractor,True,80,5.364418029785156e-07,-1.1920928955078125e-07,0.09047913551330566,lingbot_va/attribute_select/attribute_select_ep100158_0.mp4
lingbot_va,100159,size:small,1,1,target,False,,0.05007690191268921,0.0,0.0,lingbot_va/attribute_select/attribute_select_ep100159_1.mp4
lingbot_va,100160,color:red,1,1,target,False,,0.05004960298538208,0.0,0.0,lingbot_va/attribute_select/attribute_select_ep100160_1.mp4
lingbot_va,100161,color:blue,1,1,target,False,,0.05001574754714966,0.0,0.0,lingbot_va/attribute_select/attribute_select_ep100161_1.mp4
lingbot_va,100162,decal:cat,1,0,distractor,True,81,2.384185791015625e-07,-1.1920928955078125e-07,0.09172558784484863,lingbot_va/attribute_select/attribute_select_ep100162_0.mp4
lingbot_va,100163,decal:dog,1,0,distractor,True,82,-3.5762786865234375e-07,-5.960464477539063e-08,0.0907561182975769,lingbot_va/attribute_select/attribute_select_ep100163_0.mp4
lingbot_va,100164,shape:block,1,1,target,False,,0.05014002323150635,0.0,0.0,lingbot_va/attribute_select/attribute_select_ep100164_1.mp4
lingbot_va,100165,shape:bar,1,0,distractor,True,83,0.035000622272491455,-2.384185791015625e-07,0.08918166160583496,lingbot_va/attribute_select/attribute_select_ep100165_0.mp4
lingbot_va,100166,size:big,1,0,distractor,True,80,0.08161038160324097,4.76837158203125e-07,0.08478903770446777,lingbot_va/attribute_select/attribute_select_ep100166_0.mp4
lingbot_va,100167,size:small,1,1,target,False,,0.050007164478302,0.0,0.0,lingbot_va/attribute_select/attribute_select_ep100167_1.mp4
lingbot_va,100168,color:red,1,1,target,False,,0.05008667707443237,0.0,0.0,lingbot_va/attribute_select/attribute_select_ep100168_1.mp4
lingbot_va,100169,color:blue,1,1,target,False,,0.050030291080474854,0.0,0.0,lingbot_va/attribute_select/attribute_select_ep100169_1.mp4
lingbot_va,100170,decal:cat,1,1,target,False,,0.05004006624221802,0.0,0.0,lingbot_va/attribute_select/attribute_select_ep100170_1.mp4
lingbot_va,100171,decal:dog,1,1,target,False,,0.0501103401184082,0.0,0.0,lingbot_va/attribute_select/attribute_select_ep100171_1.mp4
lingbot_va,100172,shape:block,1,1,target,False,,0.05020618438720703,0.0,0.0,lingbot_va/attribute_select/attribute_select_ep100172_1.mp4
lingbot_va,100173,shape:bar,1,0,distractor,True,80,0.0,1.1920928955078125e-07,0.10665827989578247,lingbot_va/attribute_select/attribute_select_ep100173_0.mp4
lingbot_va,100174,size:big,1,0,distractor,True,80,-5.364418029785156e-07,2.384185791015625e-07,0.09244310855865479,lingbot_va/attribute_select/attribute_select_ep100174_0.mp4
lingbot_va,100175,size:small,1,1,target,False,,0.05000489950180054,0.0,0.0,lingbot_va/attribute_select/attribute_select_ep100175_1.mp4
lingbot_vla,100000,color:red,1,1,target,False,,0.05008232593536377,0.0,0.0,lingbot_vla/attribute_select/attribute_select_ep100000_1.mp4
lingbot_vla,100001,color:blue,1,0,distractor,True,81,0.05637705326080322,0.0005716085433959961,0.08296877145767212,lingbot_vla/attribute_select/attribute_select_ep100001_0.mp4
lingbot_vla,100002,decal:cat,0,0,distractor,True,80,0.0,0.06753075122833252,0.0912507176399231,lingbot_vla/attribute_select/attribute_select_ep100002_0.mp4
lingbot_vla,100003,decal:dog,1,1,target,False,,0.050247132778167725,0.0,0.0,lingbot_vla/attribute_select/attribute_select_ep100003_1.mp4
lingbot_vla,100004,shape:block,0,0,distractor,True,81,0.0,0.04811811447143555,0.10075682401657104,lingbot_vla/attribute_select/attribute_select_ep100004_0.mp4
lingbot_vla,100005,shape:bar,1,1,target,False,,0.050132691860198975,0.0,0.0,lingbot_vla/attribute_select/attribute_select_ep100005_1.mp4
lingbot_vla,100006,size:big,0,0,distractor,True,82,0.0,0.08066964149475098,0.085269033908844,lingbot_vla/attribute_select/attribute_select_ep100006_0.mp4
lingbot_vla,100007,size:small,1,1,target,False,,0.0500788688659668,0.0,0.0,lingbot_vla/attribute_select/attribute_select_ep100007_1.mp4
lingbot_vla,100008,color:red,0,0,distractor,True,81,0.0,0.06782442331314087,0.09295058250427246,lingbot_vla/attribute_select/attribute_select_ep100008_0.mp4
lingbot_vla,100009,color:blue,1,1,target,False,,0.05008453130722046,0.0,0.0,lingbot_vla/attribute_select/attribute_select_ep100009_1.mp4
lingbot_vla,100010,decal:cat,1,1,target,False,,0.0500032901763916,0.0,0.0,lingbot_vla/attribute_select/attribute_select_ep100010_1.mp4
lingbot_vla,100011,decal:dog,0,0,distractor,True,81,0.0,0.00534588098526001,0.08098059892654419,lingbot_vla/attribute_select/attribute_select_ep100011_0.mp4
lingbot_vla,100012,shape:block,0,0,distractor,True,83,0.0,0.052709341049194336,0.1032373309135437,lingbot_vla/attribute_select/attribute_select_ep100012_0.mp4
lingbot_vla,100013,shape:bar,1,1,target,False,,0.05011618137359619,0.0,0.0,lingbot_vla/attribute_select/attribute_select_ep100013_1.mp4
lingbot_vla,100014,size:big,0,0,distractor,True,82,0.0,0.07773500680923462,0.09041011333465576,lingbot_vla/attribute_select/attribute_select_ep100014_0.mp4
lingbot_vla,100015,size:small,1,1,target,False,,0.050013720989227295,0.0,0.0,lingbot_vla/attribute_select/attribute_select_ep100015_1.mp4
lingbot_vla,100016,color:red,1,1,target,False,,0.05004870891571045,0.0,0.0,lingbot_vla/attribute_select/attribute_select_ep100016_1.mp4
lingbot_vla,100017,color:blue,1,0,distractor,True,81,2.980232238769531e-07,5.960464477539063e-08,0.0755537748336792,lingbot_vla/attribute_select/attribute_select_ep100017_0.mp4
lingbot_vla,100018,decal:cat,0,0,distractor,True,81,0.0,2.980232238769531e-07,0.09205228090286255,lingbot_vla/attribute_select/attribute_select_ep100018_0.mp4
lingbot_vla,100019,decal:dog,1,1,target,False,,0.05001264810562134,0.0,0.0,lingbot_vla/attribute_select/attribute_select_ep100019_1.mp4
lingbot_vla,100020,shape:block,0,0,distractor,True,80,0.0,0.09749466180801392,0.10520261526107788,lingbot_vla/attribute_select/attribute_select_ep100020_0.mp4
lingbot_vla,100021,shape:bar,0,0,,False,,0.031226754188537598,0.0,0.0,lingbot_vla/attribute_select/attribute_select_ep100021_0.mp4
lingbot_vla,100022,size:big,0,0,distractor,True,81,0.0,-4.172325134277344e-07,0.09308379888534546,lingbot_vla/attribute_select/attribute_select_ep100022_0.mp4
lingbot_vla,100023,size:small,1,1,target,False,,0.05005347728729248,0.0,0.0,lingbot_vla/attribute_select/attribute_select_ep100023_1.mp4
lingbot_vla,100024,color:red,1,0,distractor,True,80,0.0,-2.384185791015625e-07,0.07827579975128174,lingbot_vla/attribute_select/attribute_select_ep100024_0.mp4
lingbot_vla,100025,color:blue,1,1,target,False,,0.05001574754714966,0.0,0.0,lingbot_vla/attribute_select/attribute_select_ep100025_1.mp4
lingbot_vla,100026,decal:cat,1,1,target,False,,0.05013173818588257,0.0,0.0,lingbot_vla/attribute_select/attribute_select_ep100026_1.mp4
lingbot_vla,100027,decal:dog,0,0,distractor,True,81,0.0,0.006490111351013184,0.08727926015853882,lingbot_vla/attribute_select/attribute_select_ep100027_0.mp4
lingbot_vla,100028,shape:block,0,0,distractor,True,82,0.0,0.03242158889770508,0.09813064336776733,lingbot_vla/attribute_select/attribute_select_ep100028_0.mp4
lingbot_vla,100029,shape:bar,1,1,target,False,,0.05003887414932251,0.0,0.0,lingbot_vla/attribute_select/attribute_select_ep100029_1.mp4
lingbot_vla,100030,size:big,0,0,distractor,True,80,5.960464477539062e-07,5.960464477539063e-08,0.083293616771698,lingbot_vla/attribute_select/attribute_select_ep100030_0.mp4
lingbot_vla,100031,size:small,1,1,target,False,,0.050075531005859375,0.0,0.0,lingbot_vla/attribute_select/attribute_select_ep100031_1.mp4
lingbot_vla,100032,color:red,1,0,distractor,True,81,-1.1920928955078125e-07,3.5762786865234375e-07,0.08030080795288086,lingbot_vla/attribute_select/attribute_select_ep100032_0.mp4
lingbot_vla,100033,color:blue,1,1,target,False,,0.05002927780151367,0.0,0.0,lingbot_vla/attribute_select/attribute_select_ep100033_1.mp4
lingbot_vla,100034,decal:cat,0,0,distractor,True,80,0.0,0.0,0.09585785865783691,lingbot_vla/attribute_select/attribute_select_ep100034_0.mp4
lingbot_vla,100035,decal:dog,1,1,target,False,,0.0500415563583374,0.0,0.0,lingbot_vla/attribute_select/attribute_select_ep100035_1.mp4
lingbot_vla,100036,shape:block,0,0,distractor,True,81,0.0,0.08521389961242676,0.10315197706222534,lingbot_vla/attribute_select/attribute_select_ep100036_0.mp4
lingbot_vla,100037,shape:bar,1,1,target,False,,0.05024755001068115,0.0,0.0,lingbot_vla/attribute_select/attribute_select_ep100037_1.mp4
lingbot_vla,100038,size:big,0,0,distractor,True,79,0.0,0.04872804880142212,0.0925360918045044,lingbot_vla/attribute_select/attribute_select_ep100038_0.mp4
lingbot_vla,100039,size:small,1,1,target,False,,0.05012601613998413,0.0,0.0,lingbot_vla/attribute_select/attribute_select_ep100039_1.mp4
lingbot_vla,100040,color:red,1,1,target,False,,0.05025613307952881,0.0,0.0,lingbot_vla/attribute_select/attribute_select_ep100040_1.mp4
lingbot_vla,100041,color:blue,1,0,distractor,True,81,0.05999147891998291,4.76837158203125e-07,0.07317960262298584,lingbot_vla/attribute_select/attribute_select_ep100041_0.mp4
lingbot_vla,100042,decal:cat,1,1,target,False,,0.05014830827713013,0.0,0.0,lingbot_vla/attribute_select/attribute_select_ep100042_1.mp4
lingbot_vla,100043,decal:dog,0,0,distractor,True,82,0.0,2.384185791015625e-07,0.08233773708343506,lingbot_vla/attribute_select/attribute_select_ep100043_0.mp4
lingbot_vla,100044,shape:block,1,1,target,False,,0.05001676082611084,0.0,0.0,lingbot_vla/attribute_select/attribute_select_ep100044_1.mp4
lingbot_vla,100045,shape:bar,0,0,distractor,True,81,0.0,0.003786802291870117,0.10669028759002686,lingbot_vla/attribute_select/attribute_select_ep100045_0.mp4
lingbot_vla,100046,size:big,0,0,distractor,True,80,0.0,0.08598458766937256,0.08859151601791382,lingbot_vla/attribute_select/attribute_select_ep100046_0.mp4
lingbot_vla,100047,size:small,1,1,target,False,,0.05003857612609863,0.0,0.0,lingbot_vla/attribute_select/attribute_select_ep100047_1.mp4
lingbot_vla,100048,color:red,1,1,target,False,,0.050123512744903564,0.0,0.0,lingbot_vla/attribute_select/attribute_select_ep100048_1.mp4
lingbot_vla,100049,color:blue,1,0,distractor,True,80,0.05439382791519165,0.000713646411895752,0.08516192436218262,lingbot_vla/attribute_select/attribute_select_ep100049_0.mp4
lingbot_vla,100050,decal:cat,1,1,target,False,,0.05002337694168091,0.0,0.0,lingbot_vla/attribute_select/attribute_select_ep100050_1.mp4
lingbot_vla,100051,decal:dog,0,0,,False,,0.0,2.384185791015625e-07,0.019995450973510742,lingbot_vla/attribute_select/attribute_select_ep100051_0.mp4
lingbot_vla,100052,shape:block,0,0,,False,,0.0,0.005880117416381836,0.007986068725585938,lingbot_vla/attribute_select/attribute_select_ep100052_0.mp4
lingbot_vla,100053,shape:bar,1,1,target,False,,0.05029618740081787,0.0,0.0,lingbot_vla/attribute_select/attribute_select_ep100053_1.mp4
lingbot_vla,100054,size:big,0,0,distractor,True,79,7.152557373046875e-07,1.1920928955078125e-07,0.08910566568374634,lingbot_vla/attribute_select/attribute_select_ep100054_0.mp4
lingbot_vla,100055,size:small,1,1,target,False,,0.050031065940856934,0.0,0.0,lingbot_vla/attribute_select/attribute_select_ep100055_1.mp4
lingbot_vla,100064,color:red,1,1,target,False,,0.05008333921432495,0.0,0.0,lingbot_vla/attribute_select/attribute_select_ep100064_1.mp4
lingbot_vla,100065,color:blue,1,0,distractor,True,81,-1.1920928955078125e-07,0.006865024566650391,0.08268743753433228,lingbot_vla/attribute_select/attribute_select_ep100065_0.mp4
lingbot_vla,100066,decal:cat,1,1,target,False,,0.050019800662994385,0.0,0.0,lingbot_vla/attribute_select/attribute_select_ep100066_1.mp4
lingbot_vla,100067,decal:dog,0,0,distractor,True,80,-5.960464477539063e-08,5.960464477539063e-08,0.09146302938461304,lingbot_vla/attribute_select/attribute_select_ep100067_0.mp4
lingbot_vla,100068,shape:block,0,0,distractor,True,81,0.0,0.022032618522644043,0.09160405397415161,lingbot_vla/attribute_select/attribute_select_ep100068_0.mp4
lingbot_vla,100069,shape:bar,1,1,target,False,,0.05004572868347168,0.0,0.0,lingbot_vla/attribute_select/attribute_select_ep100069_1.mp4
lingbot_vla,100070,size:big,0,0,distractor,True,81,0.0,-1.1920928955078125e-07,0.09449076652526855,lingbot_vla/attribute_select/attribute_select_ep100070_0.mp4
lingbot_vla,100071,size:small,1,1,target,False,,0.05017572641372681,0.0,0.0,lingbot_vla/attribute_select/attribute_select_ep100071_1.mp4
lingbot_vla,100072,color:red,1,1,target,False,,0.050163984298706055,0.0,0.0,lingbot_vla/attribute_select/attribute_select_ep100072_1.mp4
lingbot_vla,100073,color:blue,0,0,distractor,True,80,0.0,0.07545822858810425,0.09056466817855835,lingbot_vla/attribute_select/attribute_select_ep100073_0.mp4
lingbot_vla,100074,decal:cat,0,0,distractor,True,80,-6.556510925292969e-07,-1.1920928955078125e-07,0.09483975172042847,lingbot_vla/attribute_select/attribute_select_ep100074_0.mp4
lingbot_vla,100075,decal:dog,1,1,target,False,,0.050103962421417236,0.0,0.0,lingbot_vla/attribute_select/attribute_select_ep100075_1.mp4
lingbot_vla,100076,shape:block,0,0,distractor,True,81,0.0,0.04617941379547119,0.10355323553085327,lingbot_vla/attribute_select/attribute_select_ep100076_0.mp4
lingbot_vla,100077,shape:bar,1,1,target,False,,0.0500490665435791,0.0,0.0,lingbot_vla/attribute_select/attribute_select_ep100077_1.mp4
lingbot_vla,100078,size:big,0,0,distractor,True,81,0.0,5.960464477539063e-08,0.09196192026138306,lingbot_vla/attribute_select/attribute_select_ep100078_0.mp4
lingbot_vla,100079,size:small,1,1,target,False,,0.05003386735916138,0.0,0.0,lingbot_vla/attribute_select/attribute_select_ep100079_1.mp4
lingbot_vla,100080,color:red,1,1,target,False,,0.05008983612060547,0.0,0.0,lingbot_vla/attribute_select/attribute_select_ep100080_1.mp4
lingbot_vla,100081,color:blue,1,0,distractor,True,80,-5.960464477539063e-08,5.960464477539063e-08,0.09467488527297974,lingbot_vla/attribute_select/attribute_select_ep100081_0.mp4
lingbot_vla,100082,decal:cat,1,1,target,False,,0.050079524517059326,0.0,0.0,lingbot_vla/attribute_select/attribute_select_ep100082_1.mp4
lingbot_vla,100083,decal:dog,0,0,distractor,True,81,0.0,-5.960464477539063e-08,0.0955805778503418,lingbot_vla/attribute_select/attribute_select_ep100083_0.mp4
lingbot_vla,100084,shape:block,0,0,distractor,True,109,-5.960464477539063e-08,0.03912478685379028,0.11593437194824219,lingbot_vla/attribute_select/attribute_select_ep100084_0.mp4
lingbot_vla,100085,shape:bar,1,1,target,False,,0.050029754638671875,0.0,0.0,lingbot_vla/attribute_select/attribute_select_ep100085_1.mp4
lingbot_vla,100086,size:big,1,0,distractor,True,80,0.0840836763381958,-1.1920928955078125e-07,0.0854337215423584,lingbot_vla/attribute_select/attribute_select_ep100086_0.mp4
lingbot_vla,100087,size:small,1,1,target,False,,0.050036847591400146,0.0,0.0,lingbot_vla/attribute_select/attribute_select_ep100087_1.mp4
lingbot_vla,100088,color:red,1,1,target,False,,0.0501633882522583,0.0,0.0,lingbot_vla/attribute_select/attribute_select_ep100088_1.mp4
lingbot_vla,100089,color:blue,0,0,distractor,True,80,0.0,-5.960464477539063e-08,0.09586364030838013,lingbot_vla/attribute_select/attribute_select_ep100089_0.mp4
lingbot_vla,100090,decal:cat,0,0,distractor,True,80,-2.384185791015625e-07,0.00021272897720336914,0.08896780014038086,lingbot_vla/attribute_select/attribute_select_ep100090_0.mp4
lingbot_vla,100091,decal:dog,1,1,target,False,,0.05013406276702881,0.0,0.0,lingbot_vla/attribute_select/attribute_select_ep100091_1.mp4
lingbot_vla,100092,shape:block,0,0,,False,,0.0,0.014875948429107666,0.038823068141937256,lingbot_vla/attribute_select/attribute_select_ep100092_0.mp4
lingbot_vla,100093,shape:bar,0,0,,False,,0.015387952327728271,0.0,0.0,lingbot_vla/attribute_select/attribute_select_ep100093_0.mp4
lingbot_vla,100094,size:big,0,0,distractor,True,79,1.1920928955078125e-07,-2.384185791015625e-07,0.09245061874389648,lingbot_vla/attribute_select/attribute_select_ep100094_0.mp4
lingbot_vla,100095,size:small,1,1,target,False,,0.05003613233566284,0.0,0.0,lingbot_vla/attribute_select/attribute_select_ep100095_1.mp4
lingbot_vla,100096,color:red,1,1,target,False,,0.05014634132385254,0.0,0.0,lingbot_vla/attribute_select/attribute_select_ep100096_1.mp4
lingbot_vla,100097,color:blue,1,0,distractor,True,82,5.960464477539063e-08,-1.1920928955078125e-07,0.09283143281936646,lingbot_vla/attribute_select/attribute_select_ep100097_0.mp4
lingbot_vla,100098,decal:cat,1,1,target,False,,0.05013161897659302,0.0,0.0,lingbot_vla/attribute_select/attribute_select_ep100098_1.mp4
lingbot_vla,100099,decal:dog,1,1,target,False,,0.05017894506454468,0.0,0.0,lingbot_vla/attribute_select/attribute_select_ep100099_1.mp4
lingbot_vla,100100,shape:block,1,1,target,False,,0.050182044506073,0.0,0.0,lingbot_vla/attribute_select/attribute_select_ep100100_1.mp4
lingbot_vla,100101,shape:bar,0,0,distractor,True,79,-5.960464477539063e-08,0.09133404493331909,0.11368715763092041,lingbot_vla/attribute_select/attribute_select_ep100101_0.mp4
lingbot_vla,100102,size:big,0,0,distractor,True,80,5.960464477539063e-08,5.960464477539063e-08,0.08348619937896729,lingbot_vla/attribute_select/attribute_select_ep100102_0.mp4
lingbot_vla,100103,size:small,1,1,target,False,,0.050009071826934814,0.0,0.0,lingbot_vla/attribute_select/attribute_select_ep100103_1.mp4
lingbot_vla,100104,color:red,1,1,target,False,,0.050048828125,0.0,0.0,lingbot_vla/attribute_select/attribute_select_ep100104_1.mp4
lingbot_vla,100105,color:blue,1,0,distractor,True,80,0.05999636650085449,1.2516975402832031e-06,0.07418179512023926,lingbot_vla/attribute_select/attribute_select_ep100105_0.mp4
lingbot_vla,100106,decal:cat,0,0,distractor,True,81,0.0,0.0035088658332824707,0.0788758397102356,lingbot_vla/attribute_select/attribute_select_ep100106_0.mp4
lingbot_vla,100107,decal:dog,1,1,target,False,,0.050248920917510986,0.0,0.0,lingbot_vla/attribute_select/attribute_select_ep100107_1.mp4
lingbot_vla,100108,shape:block,1,1,target,False,,0.050006985664367676,0.0,0.0,lingbot_vla/attribute_select/attribute_select_ep100108_1.mp4
lingbot_vla,100109,shape:bar,0,0,distractor,True,81,0.0,0.007355093955993652,0.08936125040054321,lingbot_vla/attribute_select/attribute_select_ep100109_0.mp4
lingbot_vla,100110,size:big,0,0,distractor,True,80,0.0,-1.1920928955078125e-07,0.09674108028411865,lingbot_vla/attribute_select/attribute_select_ep100110_0.mp4
lingbot_vla,100111,size:small,1,1,target,False,,0.0500643253326416,0.0,0.0,lingbot_vla/attribute_select/attribute_select_ep100111_1.mp4
lingbot_vla,100112,color:red,1,0,distractor,True,81,-5.960464477539063e-08,0.0002695918083190918,0.08733844757080078,lingbot_vla/attribute_select/attribute_select_ep100112_0.mp4
lingbot_vla,100113,color:blue,1,1,target,False,,0.050031960010528564,0.0,0.0,lingbot_vla/attribute_select/attribute_select_ep100113_1.mp4
lingbot_vla,100114,decal:cat,1,1,target,False,,0.05002325773239136,0.0,0.0,lingbot_vla/attribute_select/attribute_select_ep100114_1.mp4
lingbot_vla,100115,decal:dog,0,0,distractor,True,80,-1.7881393432617188e-07,-1.1920928955078125e-07,0.10057234764099121,lingbot_vla/attribute_select/attribute_select_ep100115_0.mp4
lingbot_vla,100116,shape:block,1,1,target,False,,0.05000758171081543,0.0,0.0,lingbot_vla/attribute_select/attribute_select_ep100116_1.mp4
lingbot_vla,100117,shape:bar,0,0,distractor,True,81,0.0,0.014293909072875977,0.10743623971939087,lingbot_vla/attribute_select/attribute_select_ep100117_0.mp4
lingbot_vla,100118,size:big,0,0,distractor,True,81,6.556510925292969e-07,-1.7881393432617188e-07,0.08592784404754639,lingbot_vla/attribute_select/attribute_select_ep100118_0.mp4
lingbot_vla,100119,size:small,1,1,target,False,,0.05011439323425293,0.0,0.0,lingbot_vla/attribute_select/attribute_select_ep100119_1.mp4
lingbot_vla,100120,color:red,1,0,distractor,True,81,-5.960464477539063e-08,0.000225067138671875,0.09034222364425659,lingbot_vla/attribute_select/attribute_select_ep100120_0.mp4
lingbot_vla,100121,color:blue,1,1,target,False,,0.05012714862823486,0.0,0.0,lingbot_vla/attribute_select/attribute_select_ep100121_1.mp4
lingbot_vla,100122,decal:cat,0,0,distractor,True,80,-5.960464477539063e-08,0.000853121280670166,0.08885979652404785,lingbot_vla/attribute_select/attribute_select_ep100122_0.mp4
lingbot_vla,100123,decal:dog,1,1,target,False,,0.05002748966217041,0.0,0.0,lingbot_vla/attribute_select/attribute_select_ep100123_1.mp4
lingbot_vla,100124,shape:block,0,0,,False,,0.0,0.0,0.01568847894668579,lingbot_vla/attribute_select/attribute_select_ep100124_0.mp4
lingbot_vla,100125,shape:bar,1,1,target,False,,0.050020813941955566,0.0,0.0,lingbot_vla/attribute_select/attribute_select_ep100125_1.mp4
lingbot_vla,100126,size:big,0,0,distractor,True,80,0.0,0.0,0.09256792068481445,lingbot_vla/attribute_select/attribute_select_ep100126_0.mp4
lingbot_vla,100127,size:small,1,1,target,False,,0.050177693367004395,0.0,0.0,lingbot_vla/attribute_select/attribute_select_ep100127_1.mp4
lingbot_vla,100128,color:red,1,0,distractor,True,81,0.07566869258880615,5.960464477539063e-08,0.08670055866241455,lingbot_vla/attribute_select/attribute_select_ep100128_0.mp4
lingbot_vla,100129,color:blue,1,1,target,False,,0.05003190040588379,0.0,0.0,lingbot_vla/attribute_select/attribute_select_ep100129_1.mp4
lingbot_vla,100130,decal:cat,1,1,target,False,,0.05020958185195923,0.0,0.0,lingbot_vla/attribute_select/attribute_select_ep100130_1.mp4
lingbot_vla,100131,decal:dog,0,0,distractor,True,80,0.0,0.0,0.0971987247467041,lingbot_vla/attribute_select/attribute_select_ep100131_0.mp4
lingbot_vla,100132,shape:block,1,1,target,False,,0.05000382661819458,0.0,0.0,lingbot_vla/attribute_select/attribute_select_ep100132_1.mp4
lingbot_vla,100133,shape:bar,0,0,distractor,True,80,0.0,0.0033712387084960938,0.11051040887832642,lingbot_vla/attribute_select/attribute_select_ep100133_0.mp4
lingbot_vla,100134,size:big,0,0,distractor,True,81,0.0,0.03384387493133545,0.08230304718017578,lingbot_vla/attribute_select/attribute_select_ep100134_0.mp4
lingbot_vla,100135,size:small,1,1,target,False,,0.0501062273979187,0.0,0.0,lingbot_vla/attribute_select/attribute_select_ep100135_1.mp4
lingbot_vla,100144,color:red,1,0,distractor,True,81,0.06651949882507324,-1.7881393432617188e-07,0.08170020580291748,lingbot_vla/attribute_select/attribute_select_ep100144_0.mp4
lingbot_vla,100145,color:blue,1,1,target,False,,0.05007213354110718,0.0,0.0,lingbot_vla/attribute_select/attribute_select_ep100145_1.mp4
lingbot_vla,100146,decal:cat,0,0,distractor,True,80,5.960464477539063e-08,0.0001087188720703125,0.0903279185295105,lingbot_vla/attribute_select/attribute_select_ep100146_0.mp4
lingbot_vla,100147,decal:dog,1,1,target,False,,0.05014246702194214,0.0,0.0,lingbot_vla/attribute_select/attribute_select_ep100147_1.mp4
lingbot_vla,100148,shape:block,0,0,distractor,True,82,0.0,0.034451186656951904,0.1004592776298523,lingbot_vla/attribute_select/attribute_select_ep100148_0.mp4
lingbot_vla,100149,shape:bar,0,0,,False,,0.015879333019256592,0.0,0.0,lingbot_vla/attribute_select/attribute_select_ep100149_0.mp4
lingbot_vla,100150,size:big,0,0,distractor,True,80,-1.1920928955078125e-07,4.035234451293945e-05,0.09374910593032837,lingbot_vla/attribute_select/attribute_select_ep100150_0.mp4
lingbot_vla,100151,size:small,1,1,target,False,,0.05003315210342407,0.0,0.0,lingbot_vla/attribute_select/attribute_select_ep100151_1.mp4
lingbot_vla,100152,color:red,0,0,distractor,True,81,0.0,0.15379983186721802,0.15380287170410156,lingbot_vla/attribute_select/attribute_select_ep100152_0.mp4
lingbot_vla,100153,color:blue,1,1,target,False,,0.05014479160308838,0.0,0.0,lingbot_vla/attribute_select/attribute_select_ep100153_1.mp4
lingbot_vla,100154,decal:cat,1,1,target,False,,0.050018370151519775,0.0,0.0,lingbot_vla/attribute_select/attribute_select_ep100154_1.mp4
lingbot_vla,100155,decal:dog,0,0,distractor,True,81,0.0,1.7881393432617188e-07,0.09367305040359497,lingbot_vla/attribute_select/attribute_select_ep100155_0.mp4
lingbot_vla,100156,shape:block,0,0,distractor,True,80,0.0,0.09450650215148926,0.10757672786712646,lingbot_vla/attribute_select/attribute_select_ep100156_0.mp4
lingbot_vla,100157,shape:bar,1,1,target,False,,0.050009727478027344,0.0,0.0,lingbot_vla/attribute_select/attribute_select_ep100157_1.mp4
lingbot_vla,100158,size:big,0,0,distractor,True,80,7.152557373046875e-07,-3.5762786865234375e-07,0.0903540849685669,lingbot_vla/attribute_select/attribute_select_ep100158_0.mp4
lingbot_vla,100159,size:small,1,1,target,False,,0.05005455017089844,0.0,0.0,lingbot_vla/attribute_select/attribute_select_ep100159_1.mp4
lingbot_vla,100160,color:red,0,0,distractor,True,82,0.0,-2.980232238769531e-07,0.08332943916320801,lingbot_vla/attribute_select/attribute_select_ep100160_0.mp4
lingbot_vla,100161,color:blue,1,1,target,False,,0.05000978708267212,0.0,0.0,lingbot_vla/attribute_select/attribute_select_ep100161_1.mp4
lingbot_vla,100162,decal:cat,1,1,target,False,,0.05022627115249634,0.0,0.0,lingbot_vla/attribute_select/attribute_select_ep100162_1.mp4
lingbot_vla,100163,decal:dog,0,0,distractor,True,81,0.0,4.76837158203125e-07,0.09850150346755981,lingbot_vla/attribute_select/attribute_select_ep100163_0.mp4
lingbot_vla,100164,shape:block,0,0,,False,,0.0,0.010692417621612549,0.014636397361755371,lingbot_vla/attribute_select/attribute_select_ep100164_0.mp4
lingbot_vla,100165,shape:bar,0,0,,False,,0.013548970222473145,0.0,0.0,lingbot_vla/attribute_select/attribute_select_ep100165_0.mp4
lingbot_vla,100166,size:big,0,0,distractor,True,82,0.0,0.057212114334106445,0.08766156435012817,lingbot_vla/attribute_select/attribute_select_ep100166_0.mp4
lingbot_vla,100167,size:small,1,1,target,False,,0.050002217292785645,0.0,0.0,lingbot_vla/attribute_select/attribute_select_ep100167_1.mp4
lingbot_vla,100168,color:red,1,1,target,False,,0.05011707544326782,0.0,0.0,lingbot_vla/attribute_select/attribute_select_ep100168_1.mp4
lingbot_vla,100169,color:blue,1,0,distractor,True,80,1.1920928955078125e-07,-1.7881393432617188e-07,0.08555912971496582,lingbot_vla/attribute_select/attribute_select_ep100169_0.mp4
lingbot_vla,100170,decal:cat,1,1,target,False,,0.05011779069900513,0.0,0.0,lingbot_vla/attribute_select/attribute_select_ep100170_1.mp4
lingbot_vla,100171,decal:dog,0,0,distractor,True,80,1.1920928955078125e-07,5.960464477539063e-08,0.09767121076583862,lingbot_vla/attribute_select/attribute_select_ep100171_0.mp4
lingbot_vla,100172,shape:block,0,0,,False,,0.0,0.011622786521911621,0.03919637203216553,lingbot_vla/attribute_select/attribute_select_ep100172_0.mp4
lingbot_vla,100173,shape:bar,1,1,target,False,,0.050166964530944824,0.0,0.0,lingbot_vla/attribute_select/attribute_select_ep100173_1.mp4
lingbot_vla,100174,size:big,0,0,distractor,True,80,-1.1920928955078125e-07,1.1920928955078125e-07,0.08893829584121704,lingbot_vla/attribute_select/attribute_select_ep100174_0.mp4
lingbot_vla,100175,size:small,1,1,target,False,,0.05005753040313721,0.0,0.0,lingbot_vla/attribute_select/attribute_select_ep100175_1.mp4
vlact,100000,color:red,1,1,target,False,,0.050023555755615234,0.0,0.0,vlact/attribute_select/attribute_select_ep100000_1.mp4
vlact,100001,color:blue,1,1,target,False,,0.05004948377609253,0.0,0.0,vlact/attribute_select/attribute_select_ep100001_1.mp4
vlact,100002,decal:cat,1,0,distractor,True,70,0.007880985736846924,0.0008312463760375977,0.08718466758728027,vlact/attribute_select/attribute_select_ep100002_0.mp4
vlact,100003,decal:dog,1,1,target,False,,0.05014503002166748,0.0,0.0,vlact/attribute_select/attribute_select_ep100003_1.mp4
vlact,100004,shape:block,1,1,target,False,,0.0501975417137146,0.0,0.0,vlact/attribute_select/attribute_select_ep100004_1.mp4
vlact,100005,shape:bar,1,1,target,False,,0.0500025749206543,0.0,0.0,vlact/attribute_select/attribute_select_ep100005_1.mp4
vlact,100006,size:big,0,0,distractor,True,73,7.748603820800781e-07,2.980232238769531e-07,0.09149450063705444,vlact/attribute_select/attribute_select_ep100006_0.mp4
vlact,100007,size:small,1,1,target,False,,0.05012136697769165,0.0,0.0,vlact/attribute_select/attribute_select_ep100007_1.mp4
vlact,100008,color:red,1,1,target,False,,0.050163984298706055,0.0,0.0,vlact/attribute_select/attribute_select_ep100008_1.mp4
vlact,100009,color:blue,1,1,target,False,,0.05006515979766846,0.0,0.0,vlact/attribute_select/attribute_select_ep100009_1.mp4
vlact,100010,decal:cat,1,1,target,False,,0.05000436305999756,0.0,0.0,vlact/attribute_select/attribute_select_ep100010_1.mp4
vlact,100011,decal:dog,0,0,distractor,True,71,0.0,0.0,0.09508019685745239,vlact/attribute_select/attribute_select_ep100011_0.mp4
vlact,100012,shape:block,0,0,distractor,True,75,0.0,-5.960464477539062e-07,0.10361987352371216,vlact/attribute_select/attribute_select_ep100012_0.mp4
vlact,100013,shape:bar,1,1,target,False,,0.05002409219741821,0.0,0.0,vlact/attribute_select/attribute_select_ep100013_1.mp4
vlact,100014,size:big,1,0,distractor,True,72,-5.960464477539063e-08,-1.1920928955078125e-07,0.09036260843276978,vlact/attribute_select/attribute_select_ep100014_0.mp4
vlact,100015,size:small,1,1,target,False,,0.050086259841918945,0.0,0.0,vlact/attribute_select/attribute_select_ep100015_1.mp4
vlact,100016,color:red,1,1,target,False,,0.050167858600616455,0.0,0.0,vlact/attribute_select/attribute_select_ep100016_1.mp4
vlact,100017,color:blue,1,0,distractor,True,75,5.960464477539063e-08,1.7881393432617188e-07,0.09389293193817139,vlact/attribute_select/attribute_select_ep100017_0.mp4
vlact,100018,decal:cat,1,1,target,False,,0.05015456676483154,0.0,0.0,vlact/attribute_select/attribute_select_ep100018_1.mp4
vlact,100019,decal:dog,1,1,target,False,,0.05001431703567505,0.0,0.0,vlact/attribute_select/attribute_select_ep100019_1.mp4
vlact,100020,shape:block,1,1,target,False,,0.050128400325775146,0.0,0.0,vlact/attribute_select/attribute_select_ep100020_1.mp4
vlact,100021,shape:bar,1,0,distractor,True,76,0.16805124282836914,0.18075329065322876,0.19601142406463623,vlact/attribute_select/attribute_select_ep100021_0.mp4
vlact,100022,size:big,0,0,distractor,True,72,0.0015361905097961426,5.960464477539063e-08,0.08958077430725098,vlact/attribute_select/attribute_select_ep100022_0.mp4
vlact,100023,size:small,1,1,target,False,,0.05010807514190674,0.0,0.0,vlact/attribute_select/attribute_select_ep100023_1.mp4
vlact,100024,color:red,1,1,target,False,,0.050181686878204346,0.0,0.0,vlact/attribute_select/attribute_select_ep100024_1.mp4
vlact,100025,color:blue,0,0,,False,,-2.384185791015625e-07,0.0,0.0,vlact/attribute_select/attribute_select_ep100025_0.mp4
vlact,100026,decal:cat,1,1,target,False,,0.05004149675369263,0.0,0.0,vlact/attribute_select/attribute_select_ep100026_1.mp4
vlact,100027,decal:dog,0,0,distractor,True,70,0.0,0.0899277925491333,0.0962488055229187,vlact/attribute_select/attribute_select_ep100027_0.mp4
vlact,100028,shape:block,0,0,distractor,True,95,2.384185791015625e-07,0.22113031148910522,0.22344177961349487,vlact/attribute_select/attribute_select_ep100028_0.mp4
vlact,100029,shape:bar,1,1,target,False,,0.05008918046951294,0.0,0.0,vlact/attribute_select/attribute_select_ep100029_1.mp4
vlact,100030,size:big,1,0,distractor,True,72,0.01355600357055664,0.0,0.08443516492843628,vlact/attribute_select/attribute_select_ep100030_0.mp4
vlact,100031,size:small,1,1,target,False,,0.050129592418670654,0.0,0.0,vlact/attribute_select/attribute_select_ep100031_1.mp4
vlact,100032,color:red,1,1,target,False,,0.05008339881896973,0.0,0.0,vlact/attribute_select/attribute_select_ep100032_1.mp4
vlact,100033,color:blue,1,1,target,False,,0.05006366968154907,0.0,0.0,vlact/attribute_select/attribute_select_ep100033_1.mp4
vlact,100034,decal:cat,1,1,target,False,,0.05002015829086304,0.0,0.0,vlact/attribute_select/attribute_select_ep100034_1.mp4
vlact,100035,decal:dog,1,1,target,False,,0.05000472068786621,0.0,0.0,vlact/attribute_select/attribute_select_ep100035_1.mp4
vlact,100036,shape:block,1,1,target,False,,0.050013184547424316,0.0,0.0,vlact/attribute_select/attribute_select_ep100036_1.mp4
vlact,100037,shape:bar,1,0,distractor,True,75,0.15098750591278076,0.15801358222961426,0.16102677583694458,vlact/attribute_select/attribute_select_ep100037_0.mp4
vlact,100038,size:big,0,0,distractor,True,72,0.0,-2.384185791015625e-07,0.08597266674041748,vlact/attribute_select/attribute_select_ep100038_0.mp4
vlact,100039,size:small,1,1,target,False,,0.050121963024139404,0.0,0.0,vlact/attribute_select/attribute_select_ep100039_1.mp4
vlact,100040,color:red,1,1,target,False,,0.050029098987579346,0.0,0.0,vlact/attribute_select/attribute_select_ep100040_1.mp4
vlact,100041,color:blue,1,1,target,False,,0.05007338523864746,0.0,0.0,vlact/attribute_select/attribute_select_ep100041_1.mp4
vlact,100042,decal:cat,1,1,target,False,,0.05006366968154907,0.0,0.0,vlact/attribute_select/attribute_select_ep100042_1.mp4
vlact,100043,decal:dog,0,0,distractor,True,73,0.0,0.00029206275939941406,0.2041112184524536,vlact/attribute_select/attribute_select_ep100043_0.mp4
vlact,100044,shape:block,1,1,target,False,,0.050022125244140625,0.0,0.0,vlact/attribute_select/attribute_select_ep100044_1.mp4
vlact,100045,shape:bar,1,0,distractor,True,75,0.16848158836364746,0.16317349672317505,0.16879308223724365,vlact/attribute_select/attribute_select_ep100045_0.mp4
vlact,100046,size:big,1,0,distractor,True,72,7.152557373046875e-07,-4.172325134277344e-07,0.09741294384002686,vlact/attribute_select/attribute_select_ep100046_0.mp4
vlact,100047,size:small,1,1,target,False,,0.050010859966278076,0.0,0.0,vlact/attribute_select/attribute_select_ep100047_1.mp4
vlact,100048,color:red,1,1,target,False,,0.050092220306396484,0.0,0.0,vlact/attribute_select/attribute_select_ep100048_1.mp4
vlact,100049,color:blue,1,1,target,False,,0.05001288652420044,0.0,0.0,vlact/attribute_select/attribute_select_ep100049_1.mp4
vlact,100050,decal:cat,1,1,target,False,,0.05016827583312988,0.0,0.0,vlact/attribute_select/attribute_select_ep100050_1.mp4
vlact,100051,decal:dog,1,0,distractor,True,73,0.054821670055389404,0.00026404857635498047,0.09429138898849487,vlact/attribute_select/attribute_select_ep100051_0.mp4
vlact,100052,shape:block,1,1,target,False,,0.05005466938018799,0.0,0.0,vlact/attribute_select/attribute_select_ep100052_1.mp4
vlact,100053,shape:bar,1,1,target,False,,0.05007922649383545,0.0,0.0,vlact/attribute_select/attribute_select_ep100053_1.mp4
vlact,100054,size:big,0,0,distractor,True,72,7.748603820800781e-07,1.1920928955078125e-07,0.08208703994750977,vlact/attribute_select/attribute_select_ep100054_0.mp4
vlact,100055,size:small,1,1,target,False,,0.050103843212127686,0.0,0.0,vlact/attribute_select/attribute_select_ep100055_1.mp4
vlact,100064,color:red,1,1,target,False,,0.05003046989440918,0.0,0.0,vlact/attribute_select/attribute_select_ep100064_1.mp4
vlact,100065,color:blue,1,0,distractor,True,75,0.05999666452407837,5.960464477539063e-08,0.0904725193977356,vlact/attribute_select/attribute_select_ep100065_0.mp4
vlact,100066,decal:cat,1,1,target,False,,0.05005747079849243,0.0,0.0,vlact/attribute_select/attribute_select_ep100066_1.mp4
vlact,100067,decal:dog,0,0,distractor,True,70,0.0,0.11864346265792847,0.12186932563781738,vlact/attribute_select/attribute_select_ep100067_0.mp4
vlact,100068,shape:block,1,1,target,False,,0.05010795593261719,0.0,0.0,vlact/attribute_select/attribute_select_ep100068_1.mp4
vlact,100069,shape:bar,1,1,target,False,,0.05005192756652832,1.7881393432617188e-07,0.013996422290802002,vlact/attribute_select/attribute_select_ep100069_1.mp4
vlact,100070,size:big,1,0,distractor,True,72,0.08038318157196045,-4.172325134277344e-07,0.09139317274093628,vlact/attribute_select/attribute_select_ep100070_0.mp4
vlact,100071,size:small,1,1,target,False,,0.050167858600616455,0.0,0.0,vlact/attribute_select/attribute_select_ep100071_1.mp4
vlact,100072,color:red,1,1,target,False,,0.05001002550125122,0.0,0.0,vlact/attribute_select/attribute_select_ep100072_1.mp4
vlact,100073,color:blue,1,1,target,False,,0.05014324188232422,0.0,0.0,vlact/attribute_select/attribute_select_ep100073_1.mp4
vlact,100074,decal:cat,1,1,target,False,,0.05005878210067749,0.0,0.0,vlact/attribute_select/attribute_select_ep100074_1.mp4
vlact,100075,decal:dog,1,1,target,False,,0.05002903938293457,0.00045871734619140625,0.010164916515350342,vlact/attribute_select/attribute_select_ep100075_1.mp4
vlact,100076,shape:block,0,0,distractor,True,72,0.0,-1.1920928955078125e-07,0.09951627254486084,vlact/attribute_select/attribute_select_ep100076_0.mp4
vlact,100077,shape:bar,1,1,target,False,,0.05000662803649902,0.0,0.0,vlact/attribute_select/attribute_select_ep100077_1.mp4
vlact,100078,size:big,0,0,distractor,True,72,0.0,-5.960464477539063e-08,0.09149712324142456,vlact/attribute_select/attribute_select_ep100078_0.mp4
vlact,100079,size:small,1,1,target,False,,0.050038158893585205,0.0,0.0,vlact/attribute_select/attribute_select_ep100079_1.mp4
vlact,100080,color:red,1,1,target,False,,0.05011957883834839,0.0,0.0,vlact/attribute_select/attribute_select_ep100080_1.mp4
vlact,100081,color:blue,1,1,target,False,,0.0500946044921875,0.0,0.0,vlact/attribute_select/attribute_select_ep100081_1.mp4
vlact,100082,decal:cat,0,0,distractor,True,76,0.0,0.06564289331436157,0.08855903148651123,vlact/attribute_select/attribute_select_ep100082_0.mp4
vlact,100083,decal:dog,1,1,target,False,,0.05008423328399658,0.0,0.0,vlact/attribute_select/attribute_select_ep100083_1.mp4
vlact,100084,shape:block,1,1,target,False,,0.05002385377883911,0.0,0.0,vlact/attribute_select/attribute_select_ep100084_1.mp4
vlact,100085,shape:bar,1,0,distractor,True,76,0.14460068941116333,0.17366325855255127,0.17366325855255127,vlact/attribute_select/attribute_select_ep100085_0.mp4
vlact,100086,size:big,1,0,distractor,True,72,-5.960464477539063e-08,-2.980232238769531e-07,0.08763283491134644,vlact/attribute_select/attribute_select_ep100086_0.mp4
vlact,100087,size:small,1,1,target,False,,0.05004405975341797,0.0,0.0,vlact/attribute_select/attribute_select_ep100087_1.mp4
vlact,100088,color:red,1,1,target,False,,0.05016434192657471,0.0,0.0,vlact/attribute_select/attribute_select_ep100088_1.mp4
vlact,100089,color:blue,1,1,target,False,,0.05004262924194336,0.0,0.0,vlact/attribute_select/attribute_select_ep100089_1.mp4
vlact,100090,decal:cat,1,1,target,False,,0.05008178949356079,0.0,0.0,vlact/attribute_select/attribute_select_ep100090_1.mp4
vlact,100091,decal:dog,1,0,distractor,True,72,-1.1920928955078125e-07,1.7881393432617188e-07,0.08909225463867188,vlact/attribute_select/attribute_select_ep100091_0.mp4
vlact,100092,shape:block,1,1,target,False,,0.05016124248504639,0.0,0.0,vlact/attribute_select/attribute_select_ep100092_1.mp4
vlact,100093,shape:bar,1,1,target,False,,0.05011582374572754,0.0,0.013657629489898682,vlact/attribute_select/attribute_select_ep100093_1.mp4
vlact,100094,size:big,0,0,distractor,True,71,2.384185791015625e-07,-2.384185791015625e-07,0.09022217988967896,vlact/attribute_select/attribute_select_ep100094_0.mp4
vlact,100095,size:small,1,1,target,False,,0.050054967403411865,0.0,0.0,vlact/attribute_select/attribute_select_ep100095_1.mp4
vlact,100096,color:red,1,1,target,False,,0.050066471099853516,0.0,0.0,vlact/attribute_select/attribute_select_ep100096_1.mp4
vlact,100097,color:blue,1,1,target,False,,0.05013716220855713,0.0,0.0,vlact/attribute_select/attribute_select_ep100097_1.mp4
vlact,100098,decal:cat,1,1,target,False,,0.050006091594696045,0.0,0.0,vlact/attribute_select/attribute_select_ep100098_1.mp4
vlact,100099,decal:dog,1,1,target,False,,0.05002999305725098,0.0,0.0,vlact/attribute_select/attribute_select_ep100099_1.mp4
vlact,100100,shape:block,1,1,target,False,,0.050051212310791016,0.0,0.0,vlact/attribute_select/attribute_select_ep100100_1.mp4
vlact,100101,shape:bar,1,1,target,False,,0.050040364265441895,0.0,0.0,vlact/attribute_select/attribute_select_ep100101_1.mp4
vlact,100102,size:big,0,0,distractor,True,72,6.556510925292969e-07,3.5762786865234375e-07,0.08712345361709595,vlact/attribute_select/attribute_select_ep100102_0.mp4
vlact,100103,size:small,1,1,target,False,,0.050051093101501465,0.0,0.0,vlact/attribute_select/attribute_select_ep100103_1.mp4
vlact,100104,color:red,1,1,target,False,,0.05002880096435547,0.0,0.0,vlact/attribute_select/attribute_select_ep100104_1.mp4
vlact,100105,color:blue,1,1,target,False,,0.05003857612609863,0.0,0.0,vlact/attribute_select/attribute_select_ep100105_1.mp4
vlact,100106,decal:cat,1,1,target,False,,0.0500413179397583,0.0,0.0,vlact/attribute_select/attribute_select_ep100106_1.mp4
vlact,100107,decal:dog,0,0,distractor,True,74,0.0,0.1498447060585022,0.15713489055633545,vlact/attribute_select/attribute_select_ep100107_0.mp4
vlact,100108,shape:block,1,1,target,False,,0.050058960914611816,0.0,0.0,vlact/attribute_select/attribute_select_ep100108_1.mp4
vlact,100109,shape:bar,1,0,distractor,True,76,0.1806577444076538,0.18139153718948364,0.1872938871383667,vlact/attribute_select/attribute_select_ep100109_0.mp4
vlact,100110,size:big,1,0,distractor,True,73,6.556510925292969e-07,-1.1920928955078125e-07,0.09179133176803589,vlact/attribute_select/attribute_select_ep100110_0.mp4
vlact,100111,size:small,1,1,target,False,,0.0500408411026001,0.0,0.0,vlact/attribute_select/attribute_select_ep100111_1.mp4
vlact,100112,color:red,1,1,target,False,,0.050025343894958496,0.0,0.0,vlact/attribute_select/attribute_select_ep100112_1.mp4
vlact,100113,color:blue,1,1,target,False,,0.05000096559524536,0.0,0.0,vlact/attribute_select/attribute_select_ep100113_1.mp4
vlact,100114,decal:cat,1,1,target,False,,0.05000793933868408,0.0,0.0,vlact/attribute_select/attribute_select_ep100114_1.mp4
vlact,100115,decal:dog,1,0,distractor,True,71,0.06048363447189331,0.0003892183303833008,0.08242839574813843,vlact/attribute_select/attribute_select_ep100115_0.mp4
vlact,100116,shape:block,1,1,target,False,,0.050150513648986816,0.0,0.0,vlact/attribute_select/attribute_select_ep100116_1.mp4
vlact,100117,shape:bar,1,0,distractor,True,76,0.1781061291694641,0.1709110140800476,0.18037360906600952,vlact/attribute_select/attribute_select_ep100117_0.mp4
vlact,100118,size:big,0,0,distractor,True,72,0.016393065452575684,-5.960464477539063e-08,0.09156858921051025,vlact/attribute_select/attribute_select_ep100118_0.mp4
vlact,100119,size:small,1,1,target,False,,0.050037682056427,0.0,0.0,vlact/attribute_select/attribute_select_ep100119_1.mp4
vlact,100120,color:red,1,1,target,False,,0.050022780895233154,0.0,0.0,vlact/attribute_select/attribute_select_ep100120_1.mp4
vlact,100121,color:blue,1,0,distractor,True,83,0.06050729751586914,1.1920928955078125e-07,0.09059929847717285,vlact/attribute_select/attribute_select_ep100121_0.mp4
vlact,100122,decal:cat,1,1,target,False,,0.050067782402038574,0.0,0.0,vlact/attribute_select/attribute_select_ep100122_1.mp4
vlact,100123,decal:dog,1,0,distractor,True,71,0.05967438220977783,0.0002162456512451172,0.09105789661407471,vlact/attribute_select/attribute_select_ep100123_0.mp4
vlact,100124,shape:block,1,1,target,False,,0.050146400928497314,0.0,0.0,vlact/attribute_select/attribute_select_ep100124_1.mp4
vlact,100125,shape:bar,1,1,target,False,,0.050003230571746826,0.0,0.0,vlact/attribute_select/attribute_select_ep100125_1.mp4
vlact,100126,size:big,0,0,distractor,True,72,0.01655787229537964,-2.980232238769531e-07,0.09076696634292603,vlact/attribute_select/attribute_select_ep100126_0.mp4
vlact,100127,size:small,1,1,target,False,,0.05004853010177612,0.0,0.0,vlact/attribute_select/attribute_select_ep100127_1.mp4
vlact,100128,color:red,1,0,distractor,True,73,0.05952298641204834,0.005829274654388428,0.09658634662628174,vlact/attribute_select/attribute_select_ep100128_0.mp4
vlact,100129,color:blue,1,1,target,False,,0.050076067447662354,0.0,0.0,vlact/attribute_select/attribute_select_ep100129_1.mp4
vlact,100130,decal:cat,1,1,target,False,,0.05011850595474243,0.0,0.0,vlact/attribute_select/attribute_select_ep100130_1.mp4
vlact,100131,decal:dog,1,0,distractor,True,72,0.035556256771087646,2.104043960571289e-05,0.09770524501800537,vlact/attribute_select/attribute_select_ep100131_0.mp4
vlact,100132,shape:block,1,1,target,False,,0.05013507604598999,0.0,0.0,vlact/attribute_select/attribute_select_ep100132_1.mp4
vlact,100133,shape:bar,1,1,target,False,,0.05008894205093384,0.0,0.0,vlact/attribute_select/attribute_select_ep100133_1.mp4
vlact,100134,size:big,0,0,distractor,True,72,-0.7383584268391132,0.0,0.08992940187454224,vlact/attribute_select/attribute_select_ep100134_0.mp4
vlact,100135,size:small,1,1,target,False,,0.05004638433456421,0.0,0.0,vlact/attribute_select/attribute_select_ep100135_1.mp4
vlact,100144,color:red,1,1,target,False,,0.05021369457244873,0.0,0.0,vlact/attribute_select/attribute_select_ep100144_1.mp4
vlact,100145,color:blue,1,1,target,False,,0.05016350746154785,0.0,0.0,vlact/attribute_select/attribute_select_ep100145_1.mp4
vlact,100146,decal:cat,1,1,target,False,,0.0500493049621582,0.0,0.0,vlact/attribute_select/attribute_select_ep100146_1.mp4
vlact,100147,decal:dog,1,0,distractor,True,72,-5.960464477539063e-08,-5.960464477539063e-08,0.09740608930587769,vlact/attribute_select/attribute_select_ep100147_0.mp4
vlact,100148,shape:block,0,0,distractor,True,73,0.0,5.960464477539063e-08,0.09461551904678345,vlact/attribute_select/attribute_select_ep100148_0.mp4
vlact,100149,shape:bar,1,1,target,False,,0.050069212913513184,0.0,0.0,vlact/attribute_select/attribute_select_ep100149_1.mp4
vlact,100150,size:big,0,0,distractor,True,71,5.960464477539062e-07,-2.384185791015625e-07,0.08954727649688721,vlact/attribute_select/attribute_select_ep100150_0.mp4
vlact,100151,size:small,1,1,target,False,,0.05000787973403931,0.0,0.0,vlact/attribute_select/attribute_select_ep100151_1.mp4
vlact,100152,color:red,1,0,distractor,True,73,1.1920928955078125e-07,5.960464477539063e-08,0.09212470054626465,vlact/attribute_select/attribute_select_ep100152_0.mp4
vlact,100153,color:blue,1,1,target,False,,0.050021350383758545,0.0,0.0,vlact/attribute_select/attribute_select_ep100153_1.mp4
vlact,100154,decal:cat,1,1,target,False,,0.05001324415206909,0.0,0.0,vlact/attribute_select/attribute_select_ep100154_1.mp4
vlact,100155,decal:dog,1,1,target,False,,0.050035297870635986,0.0,0.0,vlact/attribute_select/attribute_select_ep100155_1.mp4
vlact,100156,shape:block,1,1,target,False,,0.05014908313751221,0.0,0.0,vlact/attribute_select/attribute_select_ep100156_1.mp4
vlact,100157,shape:bar,1,1,target,False,,0.05014294385910034,0.048581838607788086,0.048581838607788086,vlact/attribute_select/attribute_select_ep100157_1.mp4
vlact,100158,size:big,0,0,distractor,True,78,7.152557373046875e-07,-2.980232238769531e-07,0.09889352321624756,vlact/attribute_select/attribute_select_ep100158_0.mp4
vlact,100159,size:small,1,1,target,False,,0.05003732442855835,0.0,0.0,vlact/attribute_select/attribute_select_ep100159_1.mp4
vlact,100160,color:red,1,1,target,False,,0.05004936456680298,0.0,0.0,vlact/attribute_select/attribute_select_ep100160_1.mp4
vlact,100161,color:blue,1,1,target,False,,0.05008620023727417,0.0,0.0,vlact/attribute_select/attribute_select_ep100161_1.mp4
vlact,100162,decal:cat,1,1,target,False,,0.05002683401107788,0.0,0.0,vlact/attribute_select/attribute_select_ep100162_1.mp4
vlact,100163,decal:dog,1,0,distractor,True,71,0.0599973201751709,-1.7881393432617188e-07,0.08629453182220459,vlact/attribute_select/attribute_select_ep100163_0.mp4
vlact,100164,shape:block,1,1,target,False,,0.050054967403411865,0.0,0.0,vlact/attribute_select/attribute_select_ep100164_1.mp4
vlact,100165,shape:bar,1,1,target,False,,0.05001705884933472,0.0,0.0,vlact/attribute_select/attribute_select_ep100165_1.mp4
vlact,100166,size:big,0,0,distractor,True,72,0.0,1.7881393432617188e-07,0.09097546339035034,vlact/attribute_select/attribute_select_ep100166_0.mp4
vlact,100167,size:small,1,1,target,False,,0.05013704299926758,0.0,0.0,vlact/attribute_select/attribute_select_ep100167_1.mp4
vlact,100168,color:red,1,1,target,False,,0.05003708600997925,0.0,0.0,vlact/attribute_select/attribute_select_ep100168_1.mp4
vlact,100169,color:blue,1,1,target,False,,0.05008244514465332,0.0,0.0,vlact/attribute_select/attribute_select_ep100169_1.mp4
vlact,100170,decal:cat,1,1,target,False,,0.05000573396682739,0.0,0.0,vlact/attribute_select/attribute_select_ep100170_1.mp4
vlact,100171,decal:dog,0,0,distractor,True,73,0.0,-5.960464477539063e-08,0.15139591693878174,vlact/attribute_select/attribute_select_ep100171_0.mp4
vlact,100172,shape:block,0,0,distractor,True,73,0.0,0.09647399187088013,0.1027212142944336,vlact/attribute_select/attribute_select_ep100172_0.mp4
vlact,100173,shape:bar,1,1,target,False,,0.05013853311538696,0.0,0.0,vlact/attribute_select/attribute_select_ep100173_1.mp4
vlact,100174,size:big,0,0,,False,,-1.1920928955078125e-07,0.0,0.0,vlact/attribute_select/attribute_select_ep100174_0.mp4
vlact,100175,size:small,1,1,target,False,,0.050057053565979004,0.0,0.0,vlact/attribute_select/attribute_select_ep100175_1.mp4
dm05,100000,color:red,1,1,target,False,,0.050028085708618164,0.0,0.0,dm05/attribute_select/attribute_select_ep100000_1.mp4
dm05,100001,color:blue,1,0,distractor,True,79,-1.7881393432617188e-07,-2.384185791015625e-07,0.0889822244644165,dm05/attribute_select/attribute_select_ep100001_0.mp4
dm05,100002,decal:cat,0,0,,False,,0.0,2.193450927734375e-05,0.008953332901000977,dm05/attribute_select/attribute_select_ep100002_0.mp4
dm05,100003,decal:dog,1,1,target,False,,0.0500757098197937,0.0,0.0,dm05/attribute_select/attribute_select_ep100003_1.mp4
dm05,100004,shape:block,0,0,distractor,True,78,0.0,0.19521677494049072,0.20366805791854858,dm05/attribute_select/attribute_select_ep100004_0.mp4
dm05,100005,shape:bar,1,1,target,False,,0.05018019676208496,0.0,0.0,dm05/attribute_select/attribute_select_ep100005_1.mp4
dm05,100006,size:big,0,0,distractor,True,78,0.0,-5.960464477539063e-08,0.08694338798522949,dm05/attribute_select/attribute_select_ep100006_0.mp4
dm05,100007,size:small,1,1,target,False,,0.05014169216156006,0.0,0.0,dm05/attribute_select/attribute_select_ep100007_1.mp4
dm05,100008,color:red,1,1,target,False,,0.050013184547424316,0.0,0.0,dm05/attribute_select/attribute_select_ep100008_1.mp4
dm05,100009,color:blue,1,0,distractor,True,78,1.1920928955078125e-07,1.1920928955078125e-07,0.09302550554275513,dm05/attribute_select/attribute_select_ep100009_0.mp4
dm05,100010,decal:cat,0,0,distractor,True,80,-1.7881393432617188e-07,0.09022438526153564,0.0911298394203186,dm05/attribute_select/attribute_select_ep100010_0.mp4
dm05,100011,decal:dog,0,0,distractor,True,78,0.0,0.1831788420677185,0.1948378086090088,dm05/attribute_select/attribute_select_ep100011_0.mp4
dm05,100012,shape:block,1,1,target,False,,0.05001145601272583,0.04089701175689697,0.04089701175689697,dm05/attribute_select/attribute_select_ep100012_1.mp4
dm05,100013,shape:bar,1,1,target,False,,0.05004703998565674,0.0,0.0,dm05/attribute_select/attribute_select_ep100013_1.mp4
dm05,100014,size:big,0,0,distractor,True,79,4.172325134277344e-07,-2.980232238769531e-07,0.0899931788444519,dm05/attribute_select/attribute_select_ep100014_0.mp4
dm05,100015,size:small,1,1,target,False,,0.05004376173019409,0.0,0.0,dm05/attribute_select/attribute_select_ep100015_1.mp4
dm05,100016,color:red,1,1,target,False,,0.0501023530960083,0.0,0.0,dm05/attribute_select/attribute_select_ep100016_1.mp4
dm05,100017,color:blue,1,0,distractor,True,78,0.09519839286804199,2.384185791015625e-07,0.09001326560974121,dm05/attribute_select/attribute_select_ep100017_0.mp4
dm05,100018,decal:cat,1,1,target,False,,0.05017465353012085,0.0,0.0,dm05/attribute_select/attribute_select_ep100018_1.mp4
dm05,100019,decal:dog,1,1,target,False,,0.05001276731491089,0.0,0.0,dm05/attribute_select/attribute_select_ep100019_1.mp4
dm05,100020,shape:block,1,1,target,False,,0.050084829330444336,0.0,0.0,dm05/attribute_select/attribute_select_ep100020_1.mp4
dm05,100021,shape:bar,1,1,target,False,,0.05001860857009888,0.0,0.0,dm05/attribute_select/attribute_select_ep100021_1.mp4
dm05,100022,size:big,0,0,distractor,True,78,-1.1920928955078125e-07,5.960464477539063e-08,0.08781248331069946,dm05/attribute_select/attribute_select_ep100022_0.mp4
dm05,100023,size:small,1,1,target,False,,0.05003345012664795,0.0,0.0,dm05/attribute_select/attribute_select_ep100023_1.mp4
dm05,100024,color:red,1,1,target,False,,0.05007535219192505,0.0,0.0,dm05/attribute_select/attribute_select_ep100024_1.mp4
dm05,100025,color:blue,1,0,distractor,True,79,0.059995293617248535,-4.76837158203125e-07,0.07189309597015381,dm05/attribute_select/attribute_select_ep100025_0.mp4
dm05,100026,decal:cat,1,0,distractor,True,79,0.06000107526779175,1.7881393432617188e-07,0.08285361528396606,dm05/attribute_select/attribute_select_ep100026_0.mp4
dm05,100027,decal:dog,1,1,target,False,,0.050005555152893066,0.0,0.0,dm05/attribute_select/attribute_select_ep100027_1.mp4
dm05,100028,shape:block,0,0,distractor,True,78,0.0,0.18248087167739868,0.19818758964538574,dm05/attribute_select/attribute_select_ep100028_0.mp4
dm05,100029,shape:bar,1,1,target,False,,0.05005085468292236,0.0,0.0,dm05/attribute_select/attribute_select_ep100029_1.mp4
dm05,100030,size:big,1,0,distractor,True,79,1.1920928955078125e-06,0.0,0.08660930395126343,dm05/attribute_select/attribute_select_ep100030_0.mp4
dm05,100031,size:small,1,1,target,False,,0.050059378147125244,0.0,0.0,dm05/attribute_select/attribute_select_ep100031_1.mp4
dm05,100032,color:red,1,1,target,False,,0.050084054470062256,0.0,0.0,dm05/attribute_select/attribute_select_ep100032_1.mp4
dm05,100033,color:blue,0,0,distractor,True,78,1.7881393432617188e-07,1.1920928955078125e-07,0.09198755025863647,dm05/attribute_select/attribute_select_ep100033_0.mp4
dm05,100034,decal:cat,0,0,distractor,True,79,0.0,0.0705069899559021,0.08038872480392456,dm05/attribute_select/attribute_select_ep100034_0.mp4
dm05,100035,decal:dog,1,1,target,False,,0.05006909370422363,0.0,0.0,dm05/attribute_select/attribute_select_ep100035_1.mp4
dm05,100036,shape:block,0,0,distractor,True,78,0.0,0.05739694833755493,0.12574410438537598,dm05/attribute_select/attribute_select_ep100036_0.mp4
dm05,100037,shape:bar,1,1,target,False,,0.0500870943069458,0.0,0.0,dm05/attribute_select/attribute_select_ep100037_1.mp4
dm05,100038,size:big,0,0,distractor,True,78,0.0,0.0,0.08810722827911377,dm05/attribute_select/attribute_select_ep100038_0.mp4
dm05,100039,size:small,1,1,target,False,,0.050021588802337646,0.0,0.0,dm05/attribute_select/attribute_select_ep100039_1.mp4
dm05,100040,color:red,1,1,target,False,,0.050025880336761475,0.0,0.0,dm05/attribute_select/attribute_select_ep100040_1.mp4
dm05,100041,color:blue,1,0,distractor,True,79,-2.980232238769531e-07,-5.960464477539063e-08,0.09014445543289185,dm05/attribute_select/attribute_select_ep100041_0.mp4
dm05,100042,decal:cat,1,1,target,False,,0.050079345703125,0.0,0.0,dm05/attribute_select/attribute_select_ep100042_1.mp4
dm05,100043,decal:dog,0,0,distractor,True,80,0.0,0.1901225447654724,0.1950652003288269,dm05/attribute_select/attribute_select_ep100043_0.mp4
dm05,100044,shape:block,0,0,distractor,True,79,0.0,0.09969639778137207,0.16222381591796875,dm05/attribute_select/attribute_select_ep100044_0.mp4
dm05,100045,shape:bar,1,1,target,False,,0.05002111196517944,0.0,0.0,dm05/attribute_select/attribute_select_ep100045_1.mp4
dm05,100046,size:big,0,0,distractor,True,78,0.0,-5.960464477539063e-08,0.08777344226837158,dm05/attribute_select/attribute_select_ep100046_0.mp4
dm05,100047,size:small,1,1,target,False,,0.050085246562957764,0.0,0.0,dm05/attribute_select/attribute_select_ep100047_1.mp4
dm05,100048,color:red,1,1,target,False,,0.050107717514038086,0.0,0.0,dm05/attribute_select/attribute_select_ep100048_1.mp4
dm05,100049,color:blue,1,0,distractor,True,79,5.960464477539063e-08,-1.1920928955078125e-07,0.09263330698013306,dm05/attribute_select/attribute_select_ep100049_0.mp4
dm05,100050,decal:cat,1,1,target,False,,0.05008059740066528,0.0,0.0,dm05/attribute_select/attribute_select_ep100050_1.mp4
dm05,100051,decal:dog,1,1,target,False,,0.05009180307388306,0.0,0.0,dm05/attribute_select/attribute_select_ep100051_1.mp4
dm05,100052,shape:block,0,0,distractor,True,79,0.0,0.18861311674118042,0.1974615454673767,dm05/attribute_select/attribute_select_ep100052_0.mp4
dm05,100053,shape:bar,1,1,target,False,,0.050088703632354736,0.0,0.0,dm05/attribute_select/attribute_select_ep100053_1.mp4
dm05,100054,size:big,0,0,distractor,True,78,7.152557373046875e-07,-1.7881393432617188e-07,0.08956199884414673,dm05/attribute_select/attribute_select_ep100054_0.mp4
dm05,100055,size:small,1,1,target,False,,0.05002486705780029,0.0,0.0,dm05/attribute_select/attribute_select_ep100055_1.mp4
dm05,100064,color:red,1,1,target,False,,0.05010044574737549,0.0,0.0,dm05/attribute_select/attribute_select_ep100064_1.mp4
dm05,100065,color:blue,1,0,distractor,True,78,0.11476302146911621,2.384185791015625e-07,0.07301443815231323,dm05/attribute_select/attribute_select_ep100065_0.mp4
dm05,100066,decal:cat,0,0,distractor,True,79,0.0,0.06817322969436646,0.0999230146408081,dm05/attribute_select/attribute_select_ep100066_0.mp4
dm05,100067,decal:dog,1,1,target,False,,0.05006062984466553,0.0,0.0,dm05/attribute_select/attribute_select_ep100067_1.mp4
dm05,100068,shape:block,0,0,distractor,True,79,0.0,0.11819350719451904,0.11974143981933594,dm05/attribute_select/attribute_select_ep100068_0.mp4
dm05,100069,shape:bar,1,1,target,False,,0.05001640319824219,0.0,0.0,dm05/attribute_select/attribute_select_ep100069_1.mp4
dm05,100070,size:big,0,0,distractor,True,78,0.0,-5.960464477539063e-08,0.08718454837799072,dm05/attribute_select/attribute_select_ep100070_0.mp4
dm05,100071,size:small,1,1,target,False,,0.05005592107772827,0.0,0.0,dm05/attribute_select/attribute_select_ep100071_1.mp4
dm05,100072,color:red,1,1,target,False,,0.05006664991378784,0.0,0.0,dm05/attribute_select/attribute_select_ep100072_1.mp4
dm05,100073,color:blue,1,0,distractor,True,78,0.08644640445709229,2.384185791015625e-07,0.09112882614135742,dm05/attribute_select/attribute_select_ep100073_0.mp4
dm05,100074,decal:cat,0,0,,False,,0.0,5.960464477539063e-08,0.0016279220581054688,dm05/attribute_select/attribute_select_ep100074_0.mp4
dm05,100075,decal:dog,1,1,target,False,,0.05007123947143555,0.0,0.0,dm05/attribute_select/attribute_select_ep100075_1.mp4
dm05,100076,shape:block,1,1,target,False,,0.050032973289489746,0.0,0.0,dm05/attribute_select/attribute_select_ep100076_1.mp4
dm05,100077,shape:bar,1,1,target,False,,0.050135254859924316,0.0,0.0,dm05/attribute_select/attribute_select_ep100077_1.mp4
dm05,100078,size:big,0,0,distractor,True,79,0.0,-5.960464477539063e-08,0.08897215127944946,dm05/attribute_select/attribute_select_ep100078_0.mp4
dm05,100079,size:small,1,1,target,False,,0.050042033195495605,0.0,0.0,dm05/attribute_select/attribute_select_ep100079_1.mp4
dm05,100080,color:red,1,1,target,False,,0.050050556659698486,0.0,0.0,dm05/attribute_select/attribute_select_ep100080_1.mp4
dm05,100081,color:blue,0,0,distractor,True,78,-5.960464477539063e-08,5.960464477539063e-08,0.09256798028945923,dm05/attribute_select/attribute_select_ep100081_0.mp4
dm05,100082,decal:cat,1,1,target,False,,0.05006295442581177,0.0,0.0,dm05/attribute_select/attribute_select_ep100082_1.mp4
dm05,100083,decal:dog,1,1,target,False,,0.05011540651321411,0.0,0.0,dm05/attribute_select/attribute_select_ep100083_1.mp4
dm05,100084,shape:block,1,1,target,False,,0.05007064342498779,0.0,0.0,dm05/attribute_select/attribute_select_ep100084_1.mp4
dm05,100085,shape:bar,1,1,target,False,,0.05008506774902344,0.0,0.0,dm05/attribute_select/attribute_select_ep100085_1.mp4
dm05,100086,size:big,0,0,distractor,True,77,4.172325134277344e-07,1.1920928955078125e-07,0.08361184597015381,dm05/attribute_select/attribute_select_ep100086_0.mp4
dm05,100087,size:small,1,1,target,False,,0.05005604028701782,0.0,0.0,dm05/attribute_select/attribute_select_ep100087_1.mp4
dm05,100088,color:red,1,1,target,False,,0.050017595291137695,0.0,0.0,dm05/attribute_select/attribute_select_ep100088_1.mp4
dm05,100089,color:blue,0,0,,False,,0.0,-1.7881393432617188e-07,5.960464477539063e-08,dm05/attribute_select/attribute_select_ep100089_0.mp4
dm05,100090,decal:cat,1,1,target,False,,0.05009448528289795,0.0,0.0,dm05/attribute_select/attribute_select_ep100090_1.mp4
dm05,100091,decal:dog,1,0,distractor,True,79,0.059998512268066406,-7.152557373046875e-07,0.08098357915878296,dm05/attribute_select/attribute_select_ep100091_0.mp4
dm05,100092,shape:block,0,0,distractor,True,78,0.0,0.10261756181716919,0.11453557014465332,dm05/attribute_select/attribute_select_ep100092_0.mp4
dm05,100093,shape:bar,1,1,target,False,,0.050018370151519775,0.0,0.0,dm05/attribute_select/attribute_select_ep100093_1.mp4
dm05,100094,size:big,1,0,distractor,True,79,2.980232238769531e-07,-2.384185791015625e-07,0.08501124382019043,dm05/attribute_select/attribute_select_ep100094_0.mp4
dm05,100095,size:small,1,1,target,False,,0.05002802610397339,0.0,0.0,dm05/attribute_select/attribute_select_ep100095_1.mp4
dm05,100096,color:red,1,1,target,False,,0.050045669078826904,0.0,0.0,dm05/attribute_select/attribute_select_ep100096_1.mp4
dm05,100097,color:blue,1,0,distractor,True,78,0.06000161170959473,1.430511474609375e-06,0.09251236915588379,dm05/attribute_select/attribute_select_ep100097_0.mp4
dm05,100098,decal:cat,0,0,distractor,True,79,5.960464477539063e-08,5.960464477539063e-08,0.08812522888183594,dm05/attribute_select/attribute_select_ep100098_0.mp4
dm05,100099,decal:dog,1,1,target,False,,0.05002892017364502,0.0,0.0,dm05/attribute_select/attribute_select_ep100099_1.mp4
dm05,100100,shape:block,1,1,target,False,,0.0500030517578125,0.0,0.0,dm05/attribute_select/attribute_select_ep100100_1.mp4
dm05,100101,shape:bar,1,1,target,False,,0.05005371570587158,0.0,0.0,dm05/attribute_select/attribute_select_ep100101_1.mp4
dm05,100102,size:big,0,0,distractor,True,79,0.0,3.5762786865234375e-07,0.08508801460266113,dm05/attribute_select/attribute_select_ep100102_0.mp4
dm05,100103,size:small,1,1,target,False,,0.05002927780151367,0.0,0.0,dm05/attribute_select/attribute_select_ep100103_1.mp4
dm05,100104,color:red,1,1,target,False,,0.050020456314086914,0.0,0.0,dm05/attribute_select/attribute_select_ep100104_1.mp4
dm05,100105,color:blue,1,0,distractor,True,78,0.06000196933746338,1.7881393432617188e-07,0.07438117265701294,dm05/attribute_select/attribute_select_ep100105_0.mp4
dm05,100106,decal:cat,0,0,distractor,True,78,0.0,0.1871485710144043,0.20549488067626953,dm05/attribute_select/attribute_select_ep100106_0.mp4
dm05,100107,decal:dog,1,1,target,False,,0.050073981285095215,0.0,0.0,dm05/attribute_select/attribute_select_ep100107_1.mp4
dm05,100108,shape:block,1,1,target,False,,0.05003559589385986,0.0,0.0,dm05/attribute_select/attribute_select_ep100108_1.mp4
dm05,100109,shape:bar,1,1,target,False,,0.05012369155883789,0.0,0.0,dm05/attribute_select/attribute_select_ep100109_1.mp4
dm05,100110,size:big,0,0,distractor,True,78,0.0,0.0,0.08914172649383545,dm05/attribute_select/attribute_select_ep100110_0.mp4
dm05,100111,size:small,1,1,target,False,,0.050065696239471436,0.0,0.0,dm05/attribute_select/attribute_select_ep100111_1.mp4
dm05,100112,color:red,1,1,target,False,,0.05004596710205078,0.0,0.0,dm05/attribute_select/attribute_select_ep100112_1.mp4
dm05,100113,color:blue,1,0,distractor,True,78,0.05999767780303955,2.980232238769531e-07,0.09462767839431763,dm05/attribute_select/attribute_select_ep100113_0.mp4
dm05,100114,decal:cat,0,0,distractor,True,79,0.0,0.18410760164260864,0.1889476776123047,dm05/attribute_select/attribute_select_ep100114_0.mp4
dm05,100115,decal:dog,1,0,distractor,True,80,-1.7881393432617188e-07,5.960464477539063e-08,0.09930366277694702,dm05/attribute_select/attribute_select_ep100115_0.mp4
dm05,100116,shape:block,0,0,,False,,3.5762786865234375e-07,-5.960464477539063e-08,0.0,dm05/attribute_select/attribute_select_ep100116_0.mp4
dm05,100117,shape:bar,1,1,target,False,,0.050118982791900635,0.0,0.0,dm05/attribute_select/attribute_select_ep100117_1.mp4
dm05,100118,size:big,0,0,distractor,True,78,0.0,-2.980232238769531e-07,0.08632570505142212,dm05/attribute_select/attribute_select_ep100118_0.mp4
dm05,100119,size:small,1,1,target,False,,0.05006009340286255,0.0,0.0,dm05/attribute_select/attribute_select_ep100119_1.mp4
dm05,100120,color:red,1,1,target,False,,0.050140202045440674,0.0,0.0,dm05/attribute_select/attribute_select_ep100120_1.mp4
dm05,100121,color:blue,1,0,distractor,True,78,0.07057726383209229,-5.960464477539063e-08,0.08993726968765259,dm05/attribute_select/attribute_select_ep100121_0.mp4
dm05,100122,decal:cat,1,1,target,False,,0.05004650354385376,0.0,0.0,dm05/attribute_select/attribute_select_ep100122_1.mp4
dm05,100123,decal:dog,1,0,distractor,True,79,0.05999833345413208,-1.7881393432617188e-07,0.08780664205551147,dm05/attribute_select/attribute_select_ep100123_0.mp4
dm05,100124,shape:block,1,1,target,False,,0.050062596797943115,0.0,0.0,dm05/attribute_select/attribute_select_ep100124_1.mp4
dm05,100125,shape:bar,1,1,target,False,,0.05011552572250366,0.0,0.0,dm05/attribute_select/attribute_select_ep100125_1.mp4
dm05,100126,size:big,0,0,distractor,True,78,0.0,-4.172325134277344e-07,0.08852779865264893,dm05/attribute_select/attribute_select_ep100126_0.mp4
dm05,100127,size:small,1,1,target,False,,0.05002838373184204,0.0,0.0,dm05/attribute_select/attribute_select_ep100127_1.mp4
dm05,100128,color:red,1,1,target,False,,0.050064027309417725,0.0,0.0,dm05/attribute_select/attribute_select_ep100128_1.mp4
dm05,100129,color:blue,1,0,distractor,True,79,1.7881393432617188e-07,-2.384185791015625e-07,0.0911870002746582,dm05/attribute_select/attribute_select_ep100129_0.mp4
dm05,100130,decal:cat,0,0,distractor,True,77,0.0,0.1860412359237671,0.18971318006515503,dm05/attribute_select/attribute_select_ep100130_0.mp4
dm05,100131,decal:dog,0,0,distractor,True,79,-1.7881393432617188e-07,0.06775456666946411,0.08331769704818726,dm05/attribute_select/attribute_select_ep100131_0.mp4
dm05,100132,shape:block,0,0,distractor,True,79,0.0,0.18865710496902466,0.1965542435646057,dm05/attribute_select/attribute_select_ep100132_0.mp4
dm05,100133,shape:bar,1,1,target,False,,0.05006986856460571,0.0,0.0,dm05/attribute_select/attribute_select_ep100133_1.mp4
dm05,100134,size:big,0,0,distractor,True,79,0.0,-4.172325134277344e-07,0.087554931640625,dm05/attribute_select/attribute_select_ep100134_0.mp4
dm05,100135,size:small,1,1,target,False,,0.05004364252090454,0.0,0.0,dm05/attribute_select/attribute_select_ep100135_1.mp4
dm05,100144,color:red,1,1,target,False,,0.050178706645965576,0.0,0.0,dm05/attribute_select/attribute_select_ep100144_1.mp4
dm05,100145,color:blue,1,0,distractor,True,78,0.05999785661697388,-4.172325134277344e-07,0.0941893458366394,dm05/attribute_select/attribute_select_ep100145_0.mp4
dm05,100146,decal:cat,1,1,target,False,,0.05005878210067749,0.0,0.0,dm05/attribute_select/attribute_select_ep100146_1.mp4
dm05,100147,decal:dog,1,0,distractor,True,79,0.05999612808227539,5.960464477539063e-08,0.08862519264221191,dm05/attribute_select/attribute_select_ep100147_0.mp4
dm05,100148,shape:block,1,1,target,False,,0.05009758472442627,0.0,0.0,dm05/attribute_select/attribute_select_ep100148_1.mp4
dm05,100149,shape:bar,1,1,target,False,,0.05003523826599121,0.0,0.0,dm05/attribute_select/attribute_select_ep100149_1.mp4
dm05,100150,size:big,0,0,distractor,True,78,5.364418029785156e-07,-5.960464477539063e-08,0.08957874774932861,dm05/attribute_select/attribute_select_ep100150_0.mp4
dm05,100151,size:small,1,1,target,False,,0.0500788688659668,0.0,0.0,dm05/attribute_select/attribute_select_ep100151_1.mp4
dm05,100152,color:red,1,1,target,False,,0.050029218196868896,0.0,0.0,dm05/attribute_select/attribute_select_ep100152_1.mp4
dm05,100153,color:blue,1,0,distractor,True,79,-1.7881393432617188e-07,0.0,0.09190070629119873,dm05/attribute_select/attribute_select_ep100153_0.mp4
dm05,100154,decal:cat,0,0,distractor,True,78,0.0,0.09098345041275024,0.09098345041275024,dm05/attribute_select/attribute_select_ep100154_0.mp4
dm05,100155,decal:dog,1,1,target,False,,0.05001872777938843,0.0,0.0,dm05/attribute_select/attribute_select_ep100155_1.mp4
dm05,100156,shape:block,0,0,distractor,True,77,0.0,0.1498989462852478,0.1810307502746582,dm05/attribute_select/attribute_select_ep100156_0.mp4
dm05,100157,shape:bar,1,1,target,False,,0.05001622438430786,0.0,0.0,dm05/attribute_select/attribute_select_ep100157_1.mp4
dm05,100158,size:big,0,0,distractor,True,79,6.556510925292969e-07,-1.1920928955078125e-07,0.09078192710876465,dm05/attribute_select/attribute_select_ep100158_0.mp4
dm05,100159,size:small,1,1,target,False,,0.05009573698043823,0.0,0.0,dm05/attribute_select/attribute_select_ep100159_1.mp4
dm05,100160,color:red,1,1,target,False,,0.05000513792037964,0.0,0.0,dm05/attribute_select/attribute_select_ep100160_1.mp4
dm05,100161,color:blue,1,0,distractor,True,79,1.1920928955078125e-07,1.1920928955078125e-07,0.09026062488555908,dm05/attribute_select/attribute_select_ep100161_0.mp4
dm05,100162,decal:cat,1,1,target,False,,0.050057947635650635,0.0,0.0,dm05/attribute_select/attribute_select_ep100162_1.mp4
dm05,100163,decal:dog,0,0,distractor,True,117,-1.7881393432617188e-07,1.7881393432617188e-07,0.10355770587921143,dm05/attribute_select/attribute_select_ep100163_0.mp4
dm05,100164,shape:block,0,0,distractor,True,79,0.0,0.09378916025161743,0.20156216621398926,dm05/attribute_select/attribute_select_ep100164_0.mp4
dm05,100165,shape:bar,1,1,target,False,,0.050124168395996094,0.0,0.0,dm05/attribute_select/attribute_select_ep100165_1.mp4
dm05,100166,size:big,0,0,distractor,True,78,0.0,2.980232238769531e-07,0.08934128284454346,dm05/attribute_select/attribute_select_ep100166_0.mp4
dm05,100167,size:small,1,1,target,False,,0.050029873847961426,0.0,0.0,dm05/attribute_select/attribute_select_ep100167_1.mp4
dm05,100168,color:red,1,1,target,False,,0.050025105476379395,0.0,0.0,dm05/attribute_select/attribute_select_ep100168_1.mp4
dm05,100169,color:blue,0,0,distractor,True,79,0.0,-1.1920928955078125e-07,0.09259730577468872,dm05/attribute_select/attribute_select_ep100169_0.mp4
dm05,100170,decal:cat,0,0,distractor,True,78,0.0,5.960464477539063e-08,0.09291452169418335,dm05/attribute_select/attribute_select_ep100170_0.mp4
dm05,100171,decal:dog,1,1,target,False,,0.050052762031555176,0.0,0.0,dm05/attribute_select/attribute_select_ep100171_1.mp4
dm05,100172,shape:block,0,0,distractor,True,78,0.0,0.1881207823753357,0.2031923532485962,dm05/attribute_select/attribute_select_ep100172_0.mp4
dm05,100173,shape:bar,1,1,target,False,,0.050038158893585205,0.0,0.0,dm05/attribute_select/attribute_select_ep100173_1.mp4
dm05,100174,size:big,1,0,distractor,True,79,0.02240443229675293,1.7881393432617188e-07,0.08619129657745361,dm05/attribute_select/attribute_select_ep100174_0.mp4
dm05,100175,size:small,1,1,target,False,,0.050083935260772705,0.0,0.0,dm05/attribute_select/attribute_select_ep100175_1.mp4
hy_vla,100000,color:red,1,1,target,False,,0.05011451244354248,0.0,0.0,hy_vla/attribute_select/attribute_select_ep100000_1.mp4
hy_vla,100001,color:blue,1,0,distractor,True,31,0.060001373291015625,2.980232238769531e-07,0.08404427766799927,hy_vla/attribute_select/attribute_select_ep100001_0.mp4
hy_vla,100002,decal:cat,0,0,distractor,True,31,-0.00041025876998901367,-1.7881393432617188e-07,0.08391308784484863,hy_vla/attribute_select/attribute_select_ep100002_0.mp4
hy_vla,100003,decal:dog,1,1,target,False,,0.05036795139312744,0.0,0.0,hy_vla/attribute_select/attribute_select_ep100003_1.mp4
hy_vla,100004,shape:block,1,0,distractor,True,31,0.07994979619979858,-5.960464477539063e-08,0.09669065475463867,hy_vla/attribute_select/attribute_select_ep100004_0.mp4
hy_vla,100005,shape:bar,1,1,target,False,,0.050090014934539795,0.0,0.0,hy_vla/attribute_select/attribute_select_ep100005_1.mp4
hy_vla,100006,size:big,1,0,distractor,True,31,-0.7399989813566208,-1.1920928955078125e-07,0.08606475591659546,hy_vla/attribute_select/attribute_select_ep100006_0.mp4
hy_vla,100007,size:small,1,1,target,False,,0.050244688987731934,0.0,0.0,hy_vla/attribute_select/attribute_select_ep100007_1.mp4
hy_vla,100008,color:red,1,1,target,False,,0.0500943660736084,0.0,0.0,hy_vla/attribute_select/attribute_select_ep100008_1.mp4
hy_vla,100009,color:blue,1,0,distractor,True,31,1.1920928955078125e-07,5.960464477539063e-08,0.08339637517929077,hy_vla/attribute_select/attribute_select_ep100009_0.mp4
hy_vla,100010,decal:cat,1,1,target,False,,0.05014920234680176,0.0,0.0,hy_vla/attribute_select/attribute_select_ep100010_1.mp4
hy_vla,100011,decal:dog,0,0,distractor,True,31,1.1920928955078125e-07,-1.1920928955078125e-07,0.0845826268196106,hy_vla/attribute_select/attribute_select_ep100011_0.mp4
hy_vla,100012,shape:block,1,0,distractor,True,32,0.0,-0.01100015640258789,0.09277993440628052,hy_vla/attribute_select/attribute_select_ep100012_0.mp4
hy_vla,100013,shape:bar,1,1,target,False,,0.05002850294113159,0.0,0.0,hy_vla/attribute_select/attribute_select_ep100013_1.mp4
hy_vla,100014,size:big,1,0,distractor,True,31,-0.7400004975497723,1.1920928955078125e-07,0.08916550874710083,hy_vla/attribute_select/attribute_select_ep100014_0.mp4
hy_vla,100015,size:small,1,1,target,False,,0.050031065940856934,0.0,0.0,hy_vla/attribute_select/attribute_select_ep100015_1.mp4
hy_vla,100016,color:red,1,1,target,False,,0.05014991760253906,0.0,0.0,hy_vla/attribute_select/attribute_select_ep100016_1.mp4
hy_vla,100017,color:blue,1,0,distractor,True,31,0.03873896598815918,0.0,0.07458478212356567,hy_vla/attribute_select/attribute_select_ep100017_0.mp4
hy_vla,100018,decal:cat,1,0,distractor,True,31,0.0,0.0,0.08277976512908936,hy_vla/attribute_select/attribute_select_ep100018_0.mp4
hy_vla,100019,decal:dog,1,1,target,False,,0.05026865005493164,0.0,0.0,hy_vla/attribute_select/attribute_select_ep100019_1.mp4
hy_vla,100020,shape:block,1,0,distractor,True,31,0.0,-0.010999739170074463,0.09533727169036865,hy_vla/attribute_select/attribute_select_ep100020_0.mp4
hy_vla,100021,shape:bar,1,1,target,False,,0.05003845691680908,0.0,0.0,hy_vla/attribute_select/attribute_select_ep100021_1.mp4
hy_vla,100022,size:big,0,0,distractor,True,31,0.0,-5.960464477539063e-08,0.08843469619750977,hy_vla/attribute_select/attribute_select_ep100022_0.mp4
hy_vla,100023,size:small,1,1,target,False,,0.050065577030181885,0.0,0.0,hy_vla/attribute_select/attribute_select_ep100023_1.mp4
hy_vla,100024,color:red,1,1,target,False,,0.05017918348312378,0.0,0.0,hy_vla/attribute_select/attribute_select_ep100024_1.mp4
hy_vla,100025,color:blue,1,0,distractor,True,32,0.09855425357818604,5.960464477539063e-08,0.07430285215377808,hy_vla/attribute_select/attribute_select_ep100025_0.mp4
hy_vla,100026,decal:cat,1,1,target,False,,0.05013233423233032,0.0,0.0,hy_vla/attribute_select/attribute_select_ep100026_1.mp4
hy_vla,100027,decal:dog,1,0,distractor,True,31,0.005264699459075928,1.7881393432617188e-07,0.08168250322341919,hy_vla/attribute_select/attribute_select_ep100027_0.mp4
hy_vla,100028,shape:block,1,0,distractor,True,31,0.019507944583892822,0.0,0.0937584638595581,hy_vla/attribute_select/attribute_select_ep100028_0.mp4
hy_vla,100029,shape:bar,1,1,target,False,,0.05006295442581177,0.0,0.0,hy_vla/attribute_select/attribute_select_ep100029_1.mp4
hy_vla,100030,size:big,1,0,distractor,True,31,6.556510925292969e-07,-5.960464477539063e-08,0.09069222211837769,hy_vla/attribute_select/attribute_select_ep100030_0.mp4
hy_vla,100031,size:small,1,1,target,False,,0.05016207695007324,0.0,0.0,hy_vla/attribute_select/attribute_select_ep100031_1.mp4
hy_vla,100032,color:red,1,1,target,False,,0.05008876323699951,0.0,0.0,hy_vla/attribute_select/attribute_select_ep100032_1.mp4
hy_vla,100033,color:blue,1,0,distractor,True,31,0.06026947498321533,-1.4901161193847656e-06,0.07743024826049805,hy_vla/attribute_select/attribute_select_ep100033_0.mp4
hy_vla,100034,decal:cat,1,0,,False,,0.0,-1.7881393432617188e-07,7.212162017822266e-06,hy_vla/attribute_select/attribute_select_ep100034_0.mp4
hy_vla,100035,decal:dog,1,1,target,False,,0.05015230178833008,0.0,0.0,hy_vla/attribute_select/attribute_select_ep100035_1.mp4
hy_vla,100036,shape:block,1,1,target,False,,0.05035048723220825,0.0,0.0,hy_vla/attribute_select/attribute_select_ep100036_1.mp4
hy_vla,100037,shape:bar,1,1,target,False,,0.050014495849609375,0.0,0.0,hy_vla/attribute_select/attribute_select_ep100037_1.mp4
hy_vla,100038,size:big,1,0,distractor,True,31,0.0,1.7881393432617188e-07,0.08418822288513184,hy_vla/attribute_select/attribute_select_ep100038_0.mp4
hy_vla,100039,size:small,1,1,target,False,,0.050123751163482666,0.0,0.0,hy_vla/attribute_select/attribute_select_ep100039_1.mp4
hy_vla,100040,color:red,1,1,target,False,,0.050087571144104004,0.0,0.0,hy_vla/attribute_select/attribute_select_ep100040_1.mp4
hy_vla,100041,color:blue,1,0,distractor,True,31,0.05999332666397095,1.1920928955078125e-06,0.08135497570037842,hy_vla/attribute_select/attribute_select_ep100041_0.mp4
hy_vla,100042,decal:cat,1,1,target,False,,0.050238609313964844,0.0,0.0,hy_vla/attribute_select/attribute_select_ep100042_1.mp4
hy_vla,100043,decal:dog,1,0,distractor,True,31,1.7285346984863281e-06,5.960464477539063e-08,0.07537883520126343,hy_vla/attribute_select/attribute_select_ep100043_0.mp4
hy_vla,100044,shape:block,0,0,distractor,True,31,1.1920928955078125e-07,0.0,0.09225451946258545,hy_vla/attribute_select/attribute_select_ep100044_0.mp4
hy_vla,100045,shape:bar,1,1,target,False,,0.05000799894332886,0.0,0.0,hy_vla/attribute_select/attribute_select_ep100045_1.mp4
hy_vla,100046,size:big,1,0,distractor,True,31,5.960464477539063e-08,-2.980232238769531e-07,0.09132415056228638,hy_vla/attribute_select/attribute_select_ep100046_0.mp4
hy_vla,100047,size:small,1,1,target,False,,0.05026000738143921,0.0,0.0,hy_vla/attribute_select/attribute_select_ep100047_1.mp4
hy_vla,100048,color:red,1,1,target,False,,0.05010545253753662,0.0,0.0,hy_vla/attribute_select/attribute_select_ep100048_1.mp4
hy_vla,100049,color:blue,1,0,distractor,True,31,0.060002148151397705,2.980232238769531e-07,0.08258652687072754,hy_vla/attribute_select/attribute_select_ep100049_0.mp4
hy_vla,100050,decal:cat,1,1,target,False,,0.05033320188522339,5.960464477539063e-08,0.012821316719055176,hy_vla/attribute_select/attribute_select_ep100050_1.mp4
hy_vla,100051,decal:dog,0,0,distractor,True,31,-1.7881393432617188e-07,2.384185791015625e-07,0.0976266860961914,hy_vla/attribute_select/attribute_select_ep100051_0.mp4
hy_vla,100052,shape:block,1,0,distractor,True,32,0.07865029573440552,-5.960464477539062e-07,0.09221678972244263,hy_vla/attribute_select/attribute_select_ep100052_0.mp4
hy_vla,100053,shape:bar,1,1,target,False,,0.05025005340576172,0.0,0.0,hy_vla/attribute_select/attribute_select_ep100053_1.mp4
hy_vla,100054,size:big,1,0,distractor,True,31,0.0006290674209594727,-2.384185791015625e-07,0.09181433916091919,hy_vla/attribute_select/attribute_select_ep100054_0.mp4
hy_vla,100055,size:small,1,1,target,False,,0.05036365985870361,0.0,0.0,hy_vla/attribute_select/attribute_select_ep100055_1.mp4
hy_vla,100064,color:red,1,1,target,False,,0.05022925138473511,0.0,0.0,hy_vla/attribute_select/attribute_select_ep100064_1.mp4
hy_vla,100065,color:blue,1,0,distractor,True,31,0.09225022792816162,2.384185791015625e-07,0.07433164119720459,hy_vla/attribute_select/attribute_select_ep100065_0.mp4
hy_vla,100066,decal:cat,0,0,,False,,-0.002249300479888916,-5.960464477539063e-08,0.019298255443572998,hy_vla/attribute_select/attribute_select_ep100066_0.mp4
hy_vla,100067,decal:dog,1,1,target,False,,0.05025649070739746,0.0,0.0,hy_vla/attribute_select/attribute_select_ep100067_1.mp4
hy_vla,100068,shape:block,0,0,distractor,True,32,0.0,5.960464477539063e-08,0.09471416473388672,hy_vla/attribute_select/attribute_select_ep100068_0.mp4
hy_vla,100069,shape:bar,1,1,target,False,,0.050144314765930176,0.0,0.0,hy_vla/attribute_select/attribute_select_ep100069_1.mp4
hy_vla,100070,size:big,1,0,distractor,True,31,5.960464477539063e-08,-1.7881393432617188e-07,0.0880478024482727,hy_vla/attribute_select/attribute_select_ep100070_0.mp4
hy_vla,100071,size:small,1,1,target,False,,0.05004239082336426,0.0,0.0,hy_vla/attribute_select/attribute_select_ep100071_1.mp4
hy_vla,100072,color:red,1,1,target,False,,0.05026727914810181,0.0,0.0,hy_vla/attribute_select/attribute_select_ep100072_1.mp4
hy_vla,100073,color:blue,0,0,distractor,True,31,1.1920928955078125e-07,5.960464477539063e-08,0.07498633861541748,hy_vla/attribute_select/attribute_select_ep100073_0.mp4
hy_vla,100074,decal:cat,1,0,distractor,True,31,-1.1920928955078125e-07,-1.7881393432617188e-07,0.08339637517929077,hy_vla/attribute_select/attribute_select_ep100074_0.mp4
hy_vla,100075,decal:dog,1,1,target,False,,0.05022209882736206,0.0,0.0,hy_vla/attribute_select/attribute_select_ep100075_1.mp4
hy_vla,100076,shape:block,1,0,distractor,True,32,0.0,-6.556510925292969e-07,0.10060793161392212,hy_vla/attribute_select/attribute_select_ep100076_0.mp4
hy_vla,100077,shape:bar,1,1,target,False,,0.050143659114837646,0.0,0.0,hy_vla/attribute_select/attribute_select_ep100077_1.mp4
hy_vla,100078,size:big,1,0,distractor,True,31,4.172325134277344e-07,-4.172325134277344e-07,0.08636295795440674,hy_vla/attribute_select/attribute_select_ep100078_0.mp4
hy_vla,100079,size:small,1,1,target,False,,0.050077617168426514,0.0,0.0,hy_vla/attribute_select/attribute_select_ep100079_1.mp4
hy_vla,100080,color:red,1,1,target,False,,0.050050199031829834,0.0,0.0,hy_vla/attribute_select/attribute_select_ep100080_1.mp4
hy_vla,100081,color:blue,1,0,distractor,True,31,0.07542669773101807,1.1920928955078125e-07,0.08638119697570801,hy_vla/attribute_select/attribute_select_ep100081_0.mp4
hy_vla,100082,decal:cat,1,1,target,False,,0.05017209053039551,0.0,0.0,hy_vla/attribute_select/attribute_select_ep100082_1.mp4
hy_vla,100083,decal:dog,1,0,distractor,True,31,0.0,-5.960464477539063e-08,0.08479458093643188,hy_vla/attribute_select/attribute_select_ep100083_0.mp4
hy_vla,100084,shape:block,1,1,target,False,,0.050101637840270996,0.0,0.0,hy_vla/attribute_select/attribute_select_ep100084_1.mp4
hy_vla,100085,shape:bar,1,1,target,False,,0.05001765489578247,0.0,0.0,hy_vla/attribute_select/attribute_select_ep100085_1.mp4
hy_vla,100086,size:big,1,0,distractor,True,31,-5.960464477539063e-08,-4.172325134277344e-07,0.09110373258590698,hy_vla/attribute_select/attribute_select_ep100086_0.mp4
hy_vla,100087,size:small,1,1,target,False,,0.05010998249053955,0.0,0.0,hy_vla/attribute_select/attribute_select_ep100087_1.mp4
hy_vla,100088,color:red,1,1,target,False,,0.050011396408081055,0.0,0.0,hy_vla/attribute_select/attribute_select_ep100088_1.mp4
hy_vla,100089,color:blue,1,0,distractor,True,32,0.012101173400878906,0.0,0.08585494756698608,hy_vla/attribute_select/attribute_select_ep100089_0.mp4
hy_vla,100090,decal:cat,1,1,target,False,,0.05030721426010132,0.0,0.0,hy_vla/attribute_select/attribute_select_ep100090_1.mp4
hy_vla,100091,decal:dog,1,0,distractor,True,31,0.0,-2.384185791015625e-07,0.07398706674575806,hy_vla/attribute_select/attribute_select_ep100091_0.mp4
hy_vla,100092,shape:block,1,0,distractor,True,32,0.0,-6.556510925292969e-07,0.08837080001831055,hy_vla/attribute_select/attribute_select_ep100092_0.mp4
hy_vla,100093,shape:bar,1,1,target,False,,0.05003386735916138,0.0,0.0,hy_vla/attribute_select/attribute_select_ep100093_1.mp4
hy_vla,100094,size:big,1,0,distractor,True,31,0.0019753575325012207,-1.7881393432617188e-07,0.09058982133865356,hy_vla/attribute_select/attribute_select_ep100094_0.mp4
hy_vla,100095,size:small,1,1,target,False,,0.05026823282241821,0.0,0.0,hy_vla/attribute_select/attribute_select_ep100095_1.mp4
hy_vla,100096,color:red,1,1,target,False,,0.05018991231918335,0.0,0.0,hy_vla/attribute_select/attribute_select_ep100096_1.mp4
hy_vla,100097,color:blue,0,0,distractor,True,31,-0.0018019676208496094,0.0,0.078471839427948,hy_vla/attribute_select/attribute_select_ep100097_0.mp4
hy_vla,100098,decal:cat,1,1,target,False,,0.050143659114837646,0.0,0.0,hy_vla/attribute_select/attribute_select_ep100098_1.mp4
hy_vla,100099,decal:dog,1,0,distractor,True,31,0.002259969711303711,-5.960464477539063e-08,0.08691859245300293,hy_vla/attribute_select/attribute_select_ep100099_0.mp4
hy_vla,100100,shape:block,1,0,distractor,True,32,0.0,5.960464477539063e-08,0.0967831015586853,hy_vla/attribute_select/attribute_select_ep100100_0.mp4
hy_vla,100101,shape:bar,1,1,target,False,,0.05005979537963867,0.0,0.0,hy_vla/attribute_select/attribute_select_ep100101_1.mp4
hy_vla,100102,size:big,1,0,distractor,True,31,1.1920928955078125e-07,3.5762786865234375e-07,0.08995527029037476,hy_vla/attribute_select/attribute_select_ep100102_0.mp4
hy_vla,100103,size:small,1,1,target,False,,0.05016648769378662,0.0,0.0,hy_vla/attribute_select/attribute_select_ep100103_1.mp4
hy_vla,100104,color:red,1,1,target,False,,0.05033421516418457,0.0,0.0,hy_vla/attribute_select/attribute_select_ep100104_1.mp4
hy_vla,100105,color:blue,1,0,distractor,True,31,0.09303086996078491,0.0,0.07173609733581543,hy_vla/attribute_select/attribute_select_ep100105_0.mp4
hy_vla,100106,decal:cat,1,0,distractor,True,31,-5.960464477539063e-08,-2.384185791015625e-07,0.08089804649353027,hy_vla/attribute_select/attribute_select_ep100106_0.mp4
hy_vla,100107,decal:dog,1,1,target,False,,0.0503007173538208,0.0,0.0,hy_vla/attribute_select/attribute_select_ep100107_1.mp4
hy_vla,100108,shape:block,0,0,distractor,True,31,5.960464477539063e-08,5.960464477539063e-08,0.09482544660568237,hy_vla/attribute_select/attribute_select_ep100108_0.mp4
hy_vla,100109,shape:bar,1,1,target,False,,0.05010557174682617,0.0,0.0,hy_vla/attribute_select/attribute_select_ep100109_1.mp4
hy_vla,100110,size:big,1,0,distractor,True,31,0.0,-2.980232238769531e-07,0.08636313676834106,hy_vla/attribute_select/attribute_select_ep100110_0.mp4
hy_vla,100111,size:small,1,1,target,False,,0.05033230781555176,0.0,0.0,hy_vla/attribute_select/attribute_select_ep100111_1.mp4
hy_vla,100112,color:red,1,1,target,False,,0.05022251605987549,0.0,0.0,hy_vla/attribute_select/attribute_select_ep100112_1.mp4
hy_vla,100113,color:blue,1,0,distractor,True,31,0.10195749998092651,1.1920928955078125e-07,0.07325929403305054,hy_vla/attribute_select/attribute_select_ep100113_0.mp4
hy_vla,100114,decal:cat,1,1,target,False,,0.05033940076828003,0.0,0.0,hy_vla/attribute_select/attribute_select_ep100114_1.mp4
hy_vla,100115,decal:dog,1,0,distractor,True,31,-4.172325134277344e-07,3.5762786865234375e-07,0.08293569087982178,hy_vla/attribute_select/attribute_select_ep100115_0.mp4
hy_vla,100116,shape:block,1,0,distractor,True,32,0.0,-0.011000216007232666,0.08767527341842651,hy_vla/attribute_select/attribute_select_ep100116_0.mp4
hy_vla,100117,shape:bar,1,1,target,False,,0.05022132396697998,0.0,0.0,hy_vla/attribute_select/attribute_select_ep100117_1.mp4
hy_vla,100118,size:big,1,0,distractor,True,31,1.3113021850585938e-06,-5.960464477539063e-08,0.08761841058731079,hy_vla/attribute_select/attribute_select_ep100118_0.mp4
hy_vla,100119,size:small,1,1,target,False,,0.05016118288040161,0.0,0.0,hy_vla/attribute_select/attribute_select_ep100119_1.mp4
hy_vla,100120,color:red,1,1,target,False,,0.05013930797576904,0.0,0.0,hy_vla/attribute_select/attribute_select_ep100120_1.mp4
hy_vla,100121,color:blue,1,0,distractor,True,31,1.7881393432617188e-07,-2.980232238769531e-07,0.07654398679733276,hy_vla/attribute_select/attribute_select_ep100121_0.mp4
hy_vla,100122,decal:cat,1,0,distractor,True,31,0.007823348045349121,-5.960464477539063e-08,0.0829196572303772,hy_vla/attribute_select/attribute_select_ep100122_0.mp4
hy_vla,100123,decal:dog,1,1,target,False,,0.05018872022628784,0.0,0.0,hy_vla/attribute_select/attribute_select_ep100123_1.mp4
hy_vla,100124,shape:block,1,0,distractor,True,31,1.1920928955078125e-07,-0.010999739170074463,0.08926153182983398,hy_vla/attribute_select/attribute_select_ep100124_0.mp4
hy_vla,100125,shape:bar,1,1,target,False,,0.050024330615997314,0.0,0.0,hy_vla/attribute_select/attribute_select_ep100125_1.mp4
hy_vla,100126,size:big,1,0,distractor,True,31,0.0,-2.980232238769531e-07,0.08888393640518188,hy_vla/attribute_select/attribute_select_ep100126_0.mp4
hy_vla,100127,size:small,1,1,target,False,,0.05006539821624756,0.0,0.0,hy_vla/attribute_select/attribute_select_ep100127_1.mp4
hy_vla,100128,color:red,1,1,target,False,,0.050270020961761475,0.0,0.0,hy_vla/attribute_select/attribute_select_ep100128_1.mp4
hy_vla,100129,color:blue,1,0,distractor,True,31,0.0599973201751709,-5.364418029785156e-07,0.08346563577651978,hy_vla/attribute_select/attribute_select_ep100129_0.mp4
hy_vla,100130,decal:cat,1,1,target,False,,0.05024099349975586,0.0,0.0,hy_vla/attribute_select/attribute_select_ep100130_1.mp4
hy_vla,100131,decal:dog,1,0,distractor,True,31,0.00518953800201416,-1.1920928955078125e-07,0.07897454500198364,hy_vla/attribute_select/attribute_select_ep100131_0.mp4
hy_vla,100132,shape:block,0,0,distractor,True,32,0.0,-0.01100015640258789,0.0946992039680481,hy_vla/attribute_select/attribute_select_ep100132_0.mp4
hy_vla,100133,shape:bar,1,1,target,False,,0.05018073320388794,0.0,0.0,hy_vla/attribute_select/attribute_select_ep100133_1.mp4
hy_vla,100134,size:big,1,0,distractor,True,31,8.344650268554688e-07,0.0,0.08698230981826782,hy_vla/attribute_select/attribute_select_ep100134_0.mp4
hy_vla,100135,size:small,1,1,target,False,,0.05002617835998535,0.0,0.0,hy_vla/attribute_select/attribute_select_ep100135_1.mp4
hy_vla,100144,color:red,1,1,target,False,,0.0500187873840332,0.0,0.0,hy_vla/attribute_select/attribute_select_ep100144_1.mp4
hy_vla,100145,color:blue,1,0,distractor,True,31,0.06000173091888428,2.5033950805664062e-06,0.0785403847694397,hy_vla/attribute_select/attribute_select_ep100145_0.mp4
hy_vla,100146,decal:cat,0,0,distractor,True,31,0.0,-5.960464477539063e-08,0.08952486515045166,hy_vla/attribute_select/attribute_select_ep100146_0.mp4
hy_vla,100147,decal:dog,1,1,target,False,,0.05001676082611084,0.0,0.0,hy_vla/attribute_select/attribute_select_ep100147_1.mp4
hy_vla,100148,shape:block,1,0,distractor,True,32,-5.960464477539063e-08,5.960464477539063e-08,0.0935056209564209,hy_vla/attribute_select/attribute_select_ep100148_0.mp4
hy_vla,100149,shape:bar,1,1,target,False,,0.05006968975067139,0.0,0.0,hy_vla/attribute_select/attribute_select_ep100149_1.mp4
hy_vla,100150,size:big,0,0,distractor,True,31,-0.5400418043136597,5.960464477539063e-08,0.09482401609420776,hy_vla/attribute_select/attribute_select_ep100150_0.mp4
hy_vla,100151,size:small,1,1,target,False,,0.05022311210632324,0.0,0.0,hy_vla/attribute_select/attribute_select_ep100151_1.mp4
hy_vla,100152,color:red,1,1,target,False,,0.05000048875808716,0.0,0.0,hy_vla/attribute_select/attribute_select_ep100152_1.mp4
hy_vla,100153,color:blue,0,0,distractor,True,31,-1.1920928955078125e-07,0.06920349597930908,0.08333653211593628,hy_vla/attribute_select/attribute_select_ep100153_0.mp4
hy_vla,100154,decal:cat,1,1,target,False,,0.05021238327026367,0.0017191171646118164,0.017366528511047363,hy_vla/attribute_select/attribute_select_ep100154_1.mp4
hy_vla,100155,decal:dog,1,1,target,False,,0.05027800798416138,0.0,0.0,hy_vla/attribute_select/attribute_select_ep100155_1.mp4
hy_vla,100156,shape:block,1,1,target,False,,0.050234973430633545,0.0,0.0,hy_vla/attribute_select/attribute_select_ep100156_1.mp4
hy_vla,100157,shape:bar,1,0,distractor,True,32,-5.960464477539062e-07,0.0,0.07784461975097656,hy_vla/attribute_select/attribute_select_ep100157_0.mp4
hy_vla,100158,size:big,1,0,distractor,True,31,5.960464477539063e-08,-3.5762786865234375e-07,0.093228280544281,hy_vla/attribute_select/attribute_select_ep100158_0.mp4
hy_vla,100159,size:small,1,1,target,False,,0.05031871795654297,0.0,0.0,hy_vla/attribute_select/attribute_select_ep100159_1.mp4
hy_vla,100160,color:red,1,1,target,False,,0.05028843879699707,0.0,0.0,hy_vla/attribute_select/attribute_select_ep100160_1.mp4
hy_vla,100161,color:blue,0,0,distractor,True,31,-1.1920928955078125e-07,0.06872713565826416,0.08612197637557983,hy_vla/attribute_select/attribute_select_ep100161_0.mp4
hy_vla,100162,decal:cat,1,1,target,False,,0.0500606894493103,0.0,0.0,hy_vla/attribute_select/attribute_select_ep100162_1.mp4
hy_vla,100163,decal:dog,1,0,distractor,True,31,-1.7881393432617188e-07,1.7881393432617188e-07,0.07734376192092896,hy_vla/attribute_select/attribute_select_ep100163_0.mp4
hy_vla,100164,shape:block,0,0,distractor,True,32,0.02961552143096924,-5.960464477539063e-08,0.09330534934997559,hy_vla/attribute_select/attribute_select_ep100164_0.mp4
hy_vla,100165,shape:bar,1,1,target,False,,0.05015861988067627,0.0,0.0,hy_vla/attribute_select/attribute_select_ep100165_1.mp4
hy_vla,100166,size:big,1,0,distractor,True,31,-4.76837158203125e-07,-1.1920928955078125e-07,0.08724737167358398,hy_vla/attribute_select/attribute_select_ep100166_0.mp4
hy_vla,100167,size:small,1,1,target,False,,0.050200819969177246,0.0,0.0,hy_vla/attribute_select/attribute_select_ep100167_1.mp4
hy_vla,100168,color:red,1,1,target,False,,0.050128161907196045,0.0,0.0,hy_vla/attribute_select/attribute_select_ep100168_1.mp4
hy_vla,100169,color:blue,1,0,distractor,True,31,0.06053650379180908,5.960464477539062e-07,0.08065038919448853,hy_vla/attribute_select/attribute_select_ep100169_0.mp4
hy_vla,100170,decal:cat,1,0,distractor,True,31,0.0,-1.1920928955078125e-07,0.0884554386138916,hy_vla/attribute_select/attribute_select_ep100170_0.mp4
hy_vla,100171,decal:dog,1,1,target,False,,0.050070762634277344,0.0,0.0,hy_vla/attribute_select/attribute_select_ep100171_1.mp4
hy_vla,100172,shape:block,0,0,distractor,True,31,0.0,0.0993533730506897,0.0993533730506897,hy_vla/attribute_select/attribute_select_ep100172_0.mp4
hy_vla,100173,shape:bar,1,1,target,False,,0.050069570541381836,0.0,0.0,hy_vla/attribute_select/attribute_select_ep100173_1.mp4
hy_vla,100174,size:big,1,0,distractor,True,32,-5.960464477539062e-07,2.384185791015625e-07,0.09084349870681763,hy_vla/attribute_select/attribute_select_ep100174_0.mp4
hy_vla,100175,size:small,1,1,target,False,,0.050025880336761475,0.0,0.0,hy_vla/attribute_select/attribute_select_ep100175_1.mp4
