policy,task,block_index,seed,mode,status,success,action_calls,step_limit,termination,instruction,origin,record_path,record_sha256
xvla,bottle_verb,0,100002,pick,failure,0,700,700,action_limit,pick up the curvy yellow plastic bottle gently.,reused,xvla/bottle_verb/bottle_verb_ep100002_result.json,c692c455cecd2648d47575ac00061b2366ac0211160e69146f98bfbe425f0a8d
xvla,bottle_verb,0,100003,shake,success,1,149,700,task_success,shake the smooth bottle with blue text gently.,reused,xvla/bottle_verb/bottle_verb_ep100003_result.json,89d8c8969f6d7c1e8946990ce0a15791c678b8813b7521119df94f1629138fb6
xvla,bottle_verb,1,100004,pick,failure,0,700,700,action_limit,Please grab the curvy yellow plastic bottle with the left arm.,reused,xvla/bottle_verb/bottle_verb_ep100004_result.json,43c6d367049599cc22b279872689c8391b27a8f5b532fe6603b0c33d43941c71
xvla,bottle_verb,1,100005,shake,success,1,133,700,task_success,shake the yellow bottle with white cap using the left arm.,reused,xvla/bottle_verb/bottle_verb_ep100005_result.json,2a25ee67bbb3a01eb4ef907edc4b03b85221329a4fea6a692a81b7994b41d536
xvla,bottle_verb,2,100006,pick,failure,0,700,700,action_limit,Kindly lift the bottle with printed label.,reused,xvla/bottle_verb/bottle_verb_ep100006_result.json,d057c08b13d2ca8db479eb8e60066679247b9b1b2dfb01eed42de21b003f1984
xvla,bottle_verb,2,100007,shake,success,1,138,700,task_success,Kindly shake the bottle with printed label.,reused,xvla/bottle_verb/bottle_verb_ep100007_result.json,40d3a70c3a737d7f35d33e2bc9751b1b97ca76ab2e72cdac35e78a6f023f9815
xvla,bottle_verb,3,100008,pick,failure,0,700,700,action_limit,Please pick up the yellow bottle for liquid storage with the right arm.,reused,xvla/bottle_verb/bottle_verb_ep100008_result.json,a740c5805f3b2eba86411186834b35d0c3565b866e0b10d141aabb63d1d2c789
xvla,bottle_verb,3,100009,shake,success,1,129,700,task_success,shake the yellow bottle for liquid storage with care.,reused,xvla/bottle_verb/bottle_verb_ep100009_result.json,045b7623c9a2fec1483d6a400f54df95e9ef578f6c1f4ce67c7cdd5576901161
xvla,bottle_verb,4,100010,pick,failure,0,700,700,action_limit,grab the medium-sized plastic bottle with capped top gently.,reused,xvla/bottle_verb/bottle_verb_ep100010_result.json,89f7637a33ecb2828299242e3e42de17a4831a7373b99448df61c877938f2084
xvla,bottle_verb,4,100011,shake,success,1,85,700,task_success,Please shake the medium-sized plastic bottle with capped top with the left arm.,reused,xvla/bottle_verb/bottle_verb_ep100011_result.json,eda1110b8af422bc1f73fe6fd185eec27327f85fdb8812e68f7f1f93a9a18385
xvla,bottle_verb,5,100016,pick,failure,0,700,700,action_limit,Kindly grab the bottle with ridged orange grip.,reused,xvla/bottle_verb/bottle_verb_ep100016_result.json,7de69ab17cceebfd6c3b0bf0395657c6fa794873681660fdd2c88453cd266285
xvla,bottle_verb,5,100017,shake,success,1,184,700,task_success,Please shake the white capped orange plastic bottle with the left arm.,reused,xvla/bottle_verb/bottle_verb_ep100017_result.json,8399fc8aa757fd65942d556cf5da4b63ac320996dd291a3ac98f71667f35d685
xvla,bottle_verb,6,100018,pick,failure,0,700,700,action_limit,Kindly lift the smooth bottle with blue text.,reused,xvla/bottle_verb/bottle_verb_ep100018_result.json,506b2e0c70aa3a73bed17bb53f448b318519f0880f648a4cb19cca393acee6a0
xvla,bottle_verb,6,100019,shake,success,1,201,700,task_success,shake the smooth bottle with blue text gently.,reused,xvla/bottle_verb/bottle_verb_ep100019_result.json,5a26fe8e69d96823e47bdd5e3627e66830f3922fefa9f775092a543b57a850d3
xvla,bottle_verb,7,100020,pick,failure,0,700,700,action_limit,pick up the handheld orange bottle with care.,reused,xvla/bottle_verb/bottle_verb_ep100020_result.json,dcc707ca74828dd960f3d9dcbed500e3918b5b1d2452f91e19934b3cc7dbf29d
xvla,bottle_verb,7,100021,shake,success,1,271,700,task_success,shake the label-covered orange bottle gently.,reused,xvla/bottle_verb/bottle_verb_ep100021_result.json,bc6f41915c5380f232e53cdeb280809b01fba192f9e165886061f9423b3f0e28
xvla,bottle_verb,8,100022,pick,failure,0,700,700,action_limit,grab the bottle with curved body carefully now.,reused,xvla/bottle_verb/bottle_verb_ep100022_result.json,033847f600ea908a7f33430dcb0e5e8437698f63dcb99a1d7ebff0ca663fcfe9
xvla,bottle_verb,8,100023,shake,success,1,149,700,task_success,shake the bottle with curved body gently.,reused,xvla/bottle_verb/bottle_verb_ep100023_result.json,a31496c7c36ad51ca5d4b7513a1424a9df54295dd86939856b9f26df2d09c87f
xvla,bottle_verb,9,100024,pick,failure,0,700,700,action_limit,lift the bottle with curved neck design with the left arm.,reused,xvla/bottle_verb/bottle_verb_ep100024_result.json,1a676c03a645d13a684cfa04e14279cc6646eeb664d39cc41b75e1315ef26c68
xvla,bottle_verb,9,100025,shake,success,1,114,700,task_success,shake the bottle with curved neck design for a moment.,reused,xvla/bottle_verb/bottle_verb_ep100025_result.json,38f2f74b317c7fe654bf37f34e69e2dbae6857ac4aa553f7aaf868980e41db00
xvla,bottle_verb,10,100026,pick,failure,0,700,700,action_limit,pick up the bottle with curved neck design using one arm.,reused,xvla/bottle_verb/bottle_verb_ep100026_result.json,1d3fbe759048f4d6aa19688aa90bfe0a3cc801d4a260e6c1be121bbce42c736c
xvla,bottle_verb,10,100027,shake,success,1,151,700,task_success,shake the blue-capped plastic bottle carefully now.,reused,xvla/bottle_verb/bottle_verb_ep100027_result.json,30372b837c9be2452bf9bd4b9e3cc9089871dee71f826c92d1177782cf12bfe7
xvla,bottle_verb,11,100030,pick,failure,0,700,700,action_limit,lift the blue-capped plastic bottle gently.,reused,xvla/bottle_verb/bottle_verb_ep100030_result.json,cf83cf97c20e7b9233dd7a3af07d95102237b71a96d816dbc711e6ed63a083c4
xvla,bottle_verb,11,100031,shake,success,1,132,700,task_success,shake the bottle with curved neck design gently.,reused,xvla/bottle_verb/bottle_verb_ep100031_result.json,f0293c1a3d2fa0f980fd18a91c0e8c00d7fdab90e2139a703f185a324acf2732
xvla,bottle_verb,12,100032,pick,failure,0,700,700,action_limit,Kindly pick up the bottle with curved body.,reused,xvla/bottle_verb/bottle_verb_ep100032_result.json,c2e8aba2773cc0bb8e5f9cca2072e7289ed60350fa887ea25e6f35cfe8f6f813
xvla,bottle_verb,12,100033,shake,success,1,144,700,task_success,shake the bottle with curved body right away.,reused,xvla/bottle_verb/bottle_verb_ep100033_result.json,37eeb33c8bc2659a9ac560ae50fde60b549f34b116f600cdb24d069d40bbac6b
xvla,bottle_verb,13,100038,pick,failure,0,700,700,action_limit,pick up the liquid container dark brown plastic with the left arm.,reused,xvla/bottle_verb/bottle_verb_ep100038_result.json,7c59ce3b5d43f042bcba7b90596c98b5769a22ae48b82a139448dc7b8b3adbeb
xvla,bottle_verb,13,100039,shake,success,1,161,700,task_success,shake the liquid container dark brown plastic carefully now.,reused,xvla/bottle_verb/bottle_verb_ep100039_result.json,bdd3af0e24bb17c9db54db7bc69ddada5504ccb5553d61a7e07c5b9da9aa3d4e
xvla,bottle_verb,14,100042,pick,failure,0,700,700,action_limit,lift the light gray bottle right away.,reused,xvla/bottle_verb/bottle_verb_ep100042_result.json,65a2b4fbf3dc1b66853c349278418ebcc6b310e35f7894fd9008077fbeadff55
xvla,bottle_verb,14,100043,shake,success,1,179,700,task_success,shake the light gray bottle with care.,reused,xvla/bottle_verb/bottle_verb_ep100043_result.json,ecdd25e7e6ddbbdc99ae979ff60d24b011f701d70e6f841c3b252d4999261fa6
xvla,bottle_verb,15,100048,pick,failure,0,700,700,action_limit,lift the plastic bottle with printed label with the right arm.,reused,xvla/bottle_verb/bottle_verb_ep100048_result.json,7206cebcf079cc17163726e5a538d04784d9b49e3b1e73b41e73da4b460488c5
xvla,bottle_verb,15,100049,shake,success,1,151,700,task_success,shake the bottle with glossy surface right away.,reused,xvla/bottle_verb/bottle_verb_ep100049_result.json,96c003782da751695dd29270129f52c4e0ca75c9e48edfc35521812a024155f2
xvla,bottle_verb,16,100050,pick,failure,0,700,700,action_limit,pick up the label-covered orange bottle with care.,reused,xvla/bottle_verb/bottle_verb_ep100050_result.json,406a743580472958cf5c8e71bbfd3db0e1fda8edf3ab1fe74a23b24bb497f3ed
xvla,bottle_verb,16,100051,shake,success,1,132,700,task_success,shake the handheld orange bottle right away.,reused,xvla/bottle_verb/bottle_verb_ep100051_result.json,3b5d88b7d12e291396895c29bd4a233853e9c22f8f1a71fec6fd927424e63f4e
xvla,bottle_verb,17,100052,pick,failure,0,700,700,action_limit,grab the bottle with red screw cap with the right arm.,reused,xvla/bottle_verb/bottle_verb_ep100052_result.json,dd2990ebae4d4768626628bb0bc17a6c5ca5eb49878debefe508ec02cd5867cf
xvla,bottle_verb,17,100053,shake,success,1,215,700,task_success,shake the bottle with red screw cap with care.,reused,xvla/bottle_verb/bottle_verb_ep100053_result.json,7ce968f1cf5360ec0f727ebecfda9c06f6526b1c474b3953b03d6e03d483b366
xvla,bottle_verb,18,100054,pick,failure,0,700,700,action_limit,lift the medium-sized plastic bottle with capped top gently.,reused,xvla/bottle_verb/bottle_verb_ep100054_result.json,6e22efc05f9f7f4b5d9e8ec592a9ab91a15acb0b9027ef800ad508e3b21f7bc7
xvla,bottle_verb,18,100055,shake,success,1,138,700,task_success,shake the medium-sized plastic bottle with capped top right away.,reused,xvla/bottle_verb/bottle_verb_ep100055_result.json,0ec15713ca2fac64aca58365365b88e346a3d3b07efba3e40a5cadb786689e70
xvla,bottle_verb,19,100056,pick,failure,0,700,700,action_limit,pick up the yellow bottle for liquid storage gently.,reused,xvla/bottle_verb/bottle_verb_ep100056_result.json,2e4d7f310901487489cc08eead1bb7903f4a9446c37ff5e470a52c9b747c86cd
xvla,bottle_verb,19,100057,shake,success,1,149,700,task_success,Please shake the yellow rectangular bottle with the left arm.,reused,xvla/bottle_verb/bottle_verb_ep100057_result.json,f92fe5084500fc387031cbdf6cc122322e51a8d5152cbd48177f18cc95ed8f4a
xvla,pick_diverse_object,0,100002,seen,failure,0,400,400,action_limit,Pick up the bread carefully using the left arm,reused,xvla/pick_diverse_object/pick_diverse_object_ep100002_result.json,76831da5f162f71e007dffd61c4c1a83c8966cd9ad759c6908cb555c9d29c743
xvla,pick_diverse_object,0,100003,unseen,failure,0,400,400,action_limit,Lift the apple from the table using the left arm.,reused,xvla/pick_diverse_object/pick_diverse_object_ep100003_result.json,b921d4cd69c003111562f6460a2304d66f678e632ac02ffa0013d16a441e910e
xvla,pick_diverse_object,1,100004,seen,success,1,73,400,task_success,Pick up the coffee box carefully using the left arm,reused,xvla/pick_diverse_object/pick_diverse_object_ep100004_result.json,c80469ac934ddbadff3f929c8fe3175123b6677a2db88a9ca5a20458aa58d97a
xvla,pick_diverse_object,1,100005,unseen,success,1,124,400,task_success,Pick up the wooden mallet carefully using the left arm,reused,xvla/pick_diverse_object/pick_diverse_object_ep100005_result.json,8b10edcdb3974aae8f05f6c7ac875bacc8974217a37882758ba7fea1007e8634
xvla,pick_diverse_object,2,100006,seen,failure,0,400,400,action_limit,Grab the mouse on the table and raise it.,reused,xvla/pick_diverse_object/pick_diverse_object_ep100006_result.json,0a78721e62d9593f28da0ed9dc371aea957eeba7c41db1ac45ffa36ba4da2d74
xvla,pick_diverse_object,2,100007,unseen,failure,0,400,400,action_limit,Pick up the paintbrush carefully using the left arm,reused,xvla/pick_diverse_object/pick_diverse_object_ep100007_result.json,72e188d2f54e380f4e9c03a044b8d89f7f8afa68cfc514b2650fce6d881d06a2
xvla,pick_diverse_object,3,100008,seen,failure,0,400,400,action_limit,Pick up the bottle using the correct arm,reused,xvla/pick_diverse_object/pick_diverse_object_ep100008_result.json,2472de07bf8ab2b8903b3b66af145007dca42b08afa9ca3f9017554cc6e704a7
xvla,pick_diverse_object,3,100009,unseen,success,1,179,400,task_success,Grab the dumbbell on the table and raise it.,reused,xvla/pick_diverse_object/pick_diverse_object_ep100009_result.json,ddc56f7fe8d0ee31516690eb2b4b5894646cbaf9307e4fefcf35c14a4da3a823
xvla,pick_diverse_object,4,100012,seen,success,1,91,400,task_success,Grab the shoe on the table and raise it.,reused,xvla/pick_diverse_object/pick_diverse_object_ep100012_result.json,2d3fc0e4874b767cf543e2287d57b6209dc9e1d967e83b4841d9f8036b50ff0d
xvla,pick_diverse_object,4,100013,unseen,failure,0,400,400,action_limit,Pick up the wooden mallet using the correct arm,reused,xvla/pick_diverse_object/pick_diverse_object_ep100013_result.json,2d1e40cbe657597bdbabbe3aab429e74a9fa458734e54085a560dac4dae9eac3
xvla,pick_diverse_object,5,100014,seen,failure,0,400,400,action_limit,Pick up the mug carefully using the left arm,reused,xvla/pick_diverse_object/pick_diverse_object_ep100014_result.json,b7b4c9896cbfb9a6fbd5e5f37ffd152a4e4943e960d7453c86db13e84c448826
xvla,pick_diverse_object,5,100015,unseen,failure,0,400,400,action_limit,Lift the paintbrush from the table using the right arm.,reused,xvla/pick_diverse_object/pick_diverse_object_ep100015_result.json,16533ae71b94e3abcf4c63964bd24c23f23972544328b9eaa8c3acd841c76cd2
xvla,pick_diverse_object,6,100018,seen,failure,0,400,400,action_limit,Pick up the toy car carefully using the right arm,reused,xvla/pick_diverse_object/pick_diverse_object_ep100018_result.json,adfb74636b01f5c6e28ee8f31cb8bb78b7e6164d4e81f268d98d5c435b258a1a
xvla,pick_diverse_object,6,100019,unseen,failure,0,400,400,action_limit,Pick up the apple carefully using the right arm,reused,xvla/pick_diverse_object/pick_diverse_object_ep100019_result.json,4cf74b7151df7bbe93acc1c0ef7baa95375b7f10cb99450c2ed3e555c9d805a2
xvla,pick_diverse_object,7,100020,seen,success,1,99,400,task_success,Grab the phone on the table and raise it.,reused,xvla/pick_diverse_object/pick_diverse_object_ep100020_result.json,a7272bc44c9361f777094451b67f3cedd578401d2bc5e7db11513c617c3bf966
xvla,pick_diverse_object,7,100021,unseen,success,1,78,400,task_success,Grab the wooden mallet on the table and raise it.,reused,xvla/pick_diverse_object/pick_diverse_object_ep100021_result.json,41b3ba232b8c4cf2c7083024d7a390039d9d3829f50248a72d332e18972c3613
xvla,pick_diverse_object,8,100024,seen,failure,0,400,400,action_limit,Pick up the hamburger carefully using the right arm,reused,xvla/pick_diverse_object/pick_diverse_object_ep100024_result.json,85c4a538b0653ba21d6ef0367bb95aff06294129b52088ab486dfbadf4de7535
xvla,pick_diverse_object,8,100025,unseen,failure,0,400,400,action_limit,Pick up the dumbbell carefully using the left arm,reused,xvla/pick_diverse_object/pick_diverse_object_ep100025_result.json,844235b8e0acb471ed13c3c69fa3e0a9333576a3bb27160c584a693a9ea17d9a
xvla,pick_diverse_object,9,100034,seen,failure,0,400,400,action_limit,Lift the cup from the table using the left arm.,reused,xvla/pick_diverse_object/pick_diverse_object_ep100034_result.json,cdcd2837466ea17b24824e3334ed29172895e66472b9b99f5c7ead6e8b7b51d8
xvla,pick_diverse_object,9,100035,unseen,success,1,123,400,task_success,Grab the apple on the table and raise it.,reused,xvla/pick_diverse_object/pick_diverse_object_ep100035_result.json,a3e9e973a024bb734b8dd0d25bb7d050224cdf5b4e0ea7c2c313dfc67003a370
xvla,pick_diverse_object,10,100036,seen,success,1,92,400,task_success,Grab the shoe on the table and raise it.,reused,xvla/pick_diverse_object/pick_diverse_object_ep100036_result.json,da54f3da0ec737b7fe345589f760620177b1723124cd1fb5aaf51b417b4f3adb
xvla,pick_diverse_object,10,100037,unseen,failure,0,400,400,action_limit,Lift the wooden mallet from the table using the right arm.,reused,xvla/pick_diverse_object/pick_diverse_object_ep100037_result.json,85e13847b7284360c3f08c3c6d39702f82971562e6398d29423d39836f87e9e4
xvla,pick_diverse_object,11,100038,seen,success,1,94,400,task_success,Lift the mug from the table using the left arm.,reused,xvla/pick_diverse_object/pick_diverse_object_ep100038_result.json,459d2676c8d172371b9612e58eaf76541f998eda70d915be3fff755bf154db4f
xvla,pick_diverse_object,11,100039,unseen,failure,0,400,400,action_limit,Grab the paintbrush on the table and raise it.,reused,xvla/pick_diverse_object/pick_diverse_object_ep100039_result.json,992dc9a9ea10b7107426f2d9db85ac9445930bb5a63d526e8670f2b54713a4b6
xvla,pick_diverse_object,12,100040,seen,failure,0,400,400,action_limit,Grab the can on the table and raise it.,reused,xvla/pick_diverse_object/pick_diverse_object_ep100040_result.json,877514742fa7859c41a7d7c25115d5a130f85a26a49fb34ef7116dbeed595ddd
xvla,pick_diverse_object,12,100041,unseen,success,1,106,400,task_success,Grab the dumbbell on the table and raise it.,reused,xvla/pick_diverse_object/pick_diverse_object_ep100041_result.json,60e47fbc986a43ae44d25a9321ce1e5e3fb6c9662f0ee6f6fe8f0b3872acae18
xvla,pick_diverse_object,13,100042,seen,failure,0,400,400,action_limit,Lift the toy car from the table using the right arm.,reused,xvla/pick_diverse_object/pick_diverse_object_ep100042_result.json,557f3c6c39200c972b12a45f2ee4a84cf16fba65815bd2dfd6abe205630e100c
xvla,pick_diverse_object,13,100043,unseen,failure,0,400,400,action_limit,Pick up the apple using the correct arm,reused,xvla/pick_diverse_object/pick_diverse_object_ep100043_result.json,26e7f11e4a03502576b805ec05464ebb2b2c7bf65c41786ef3131aa73011ca93
xvla,pick_diverse_object,14,100048,seen,success,1,122,400,task_success,Grab the hamburger on the table and raise it.,reused,xvla/pick_diverse_object/pick_diverse_object_ep100048_result.json,6137110116dcf3564de05aa99fcb12be8c2d0d903c57b646ecf787f0211aa15a
xvla,pick_diverse_object,14,100049,unseen,failure,0,400,400,action_limit,Grab the dumbbell on the table and raise it.,reused,xvla/pick_diverse_object/pick_diverse_object_ep100049_result.json,d9e6ef9e7bafbfdb0c643b13cd963cc5b11cd2091b10569233bf48cf376aca18
xvla,pick_diverse_object,15,100052,seen,failure,0,400,400,action_limit,Pick up the coffee box using the correct arm,reused,xvla/pick_diverse_object/pick_diverse_object_ep100052_result.json,a600408a18328cba87da00b28a34c70f9d26490e28b2f6cf833694ca0ad961e7
xvla,pick_diverse_object,15,100053,unseen,success,1,97,400,task_success,Pick up the wooden mallet using the correct arm,reused,xvla/pick_diverse_object/pick_diverse_object_ep100053_result.json,d1213362ad2f85f2ca0cbdaf97ad588cb0f5026ab89fabf2afe607fb2be597f9
xvla,pick_diverse_object,16,100054,seen,failure,0,400,400,action_limit,Grab the mouse on the table and raise it.,reused,xvla/pick_diverse_object/pick_diverse_object_ep100054_result.json,823e3a40cf5e734f680cbce9f587933e2ded0f938bce67e8d53c438b46e5f30a
xvla,pick_diverse_object,16,100055,unseen,success,1,66,400,task_success,Lift the paintbrush from the table using the right arm.,reused,xvla/pick_diverse_object/pick_diverse_object_ep100055_result.json,42f2d34efe815a6c938f5780eea4cf8a11df3bf57bfe9624e97714f8de1cceae
xvla,pick_diverse_object,17,100056,seen,failure,0,400,400,action_limit,Grab the bottle on the table and raise it.,reused,xvla/pick_diverse_object/pick_diverse_object_ep100056_result.json,bdff5af8e7728eb5b30def0c86480060a0cb11cb34bb72dd8dc04820ae53457b
xvla,pick_diverse_object,17,100057,unseen,success,1,45,400,task_success,Pick up the dumbbell carefully using the left arm,reused,xvla/pick_diverse_object/pick_diverse_object_ep100057_result.json,0488a9e8b7d2d65e83313798da2eb30dd63a3bac0f151854cace07b25f032659
xvla,pick_diverse_object,18,100060,seen,failure,0,400,400,action_limit,Pick up the shoe carefully using the right arm,reused,xvla/pick_diverse_object/pick_diverse_object_ep100060_result.json,22f66bd565f8802be749c60212e7c94a2b44abed43176d4b626265446b1e8995
xvla,pick_diverse_object,18,100061,unseen,failure,0,400,400,action_limit,Grab the wooden mallet on the table and raise it.,reused,xvla/pick_diverse_object/pick_diverse_object_ep100061_result.json,7cb34fbd4715992a73715e5adadf031d53f593c2f5eccc1ed42edc6fc4cd3357
xvla,pick_diverse_object,19,100066,seen,success,1,83,400,task_success,Lift the toy car from the table using the right arm.,reused,xvla/pick_diverse_object/pick_diverse_object_ep100066_result.json,65bca80ffc89ced8ec829f503a982131611cc2846611fc477244ce8f2d8ede6d
xvla,pick_diverse_object,19,100067,unseen,failure,0,400,400,action_limit,Lift the apple from the table using the right arm.,reused,xvla/pick_diverse_object/pick_diverse_object_ep100067_result.json,6b2d3a33d5579827f64c145052b73f82573208373bf05cbf7d9ce8dca5990164
xvla,attribute_select,0,100000,color:red,success,1,187,400,task_success,Reach for the red block and lift it.,reused,xvla/attribute_select/attribute_select_ep100000_result.json,331d12eba8d7a32c05364e047c1941b72a663d1c1e8f5d30a999a8e972cc82eb
xvla,attribute_select,0,100001,color:blue,failure,0,400,400,action_limit,Reach for the blue block and lift it.,reused,xvla/attribute_select/attribute_select_ep100001_result.json,e1b8e0acc29b5ea80c657d2ffb6071d55659c0fb8d415d7a390900d49ff835e1
xvla,attribute_select,0,100002,decal:cat,success,1,95,400,task_success,Fetch the block with a cat on it.,reused,xvla/attribute_select/attribute_select_ep100002_result.json,e06fbec1e01490d1568e684440b97379ca2ce13b95dc6bd07ffce27c873442b1
xvla,attribute_select,0,100003,decal:dog,failure,0,400,400,action_limit,Fetch the block with a dog on it.,reused,xvla/attribute_select/attribute_select_ep100003_result.json,5db43729ef5520063eb9a5a7bb6043d48abbc83ddaa11284dbb52b92a2da6e7e
xvla,attribute_select,0,100004,shape:block,failure,0,400,400,action_limit,Reach for the cube and lift it.,reused,xvla/attribute_select/attribute_select_ep100004_result.json,31f6c989c2e2fb32895e06762f6c90a52b72ebf0066c765e033320141e449a6f
xvla,attribute_select,0,100005,shape:bar,success,1,97,400,task_success,Fetch the long bar.,reused,xvla/attribute_select/attribute_select_ep100005_result.json,9bcd942c2b532c0eee8411656552106cc37d576d60123022e10404577a268a20
xvla,attribute_select,0,100006,size:big,failure,0,400,400,action_limit,Reach for the big block and lift it.,reused,xvla/attribute_select/attribute_select_ep100006_result.json,5722e5380f9052c781a7d7325edcfb06607d2935d9db31db2b5bc8f2ec98c7da
xvla,attribute_select,0,100007,size:small,success,1,96,400,task_success,Fetch the small block.,reused,xvla/attribute_select/attribute_select_ep100007_result.json,f62c60b8c886e3c2d4c6dabf698657f8706009440575fdd21b36b56e307c1bb7
xvla,attribute_select,1,100008,color:red,success,1,247,400,task_success,Fetch the red block.,reused,xvla/attribute_select/attribute_select_ep100008_result.json,b74368d822fcae82ad59d8b06db7fbd1dee2e41304afcffc7f4bb3cec8e97c6e
xvla,attribute_select,1,100009,color:blue,failure,0,400,400,action_limit,Fetch the blue block.,reused,xvla/attribute_select/attribute_select_ep100009_result.json,291e32fe3488c5b81d29ac5115ab4dd94fa4001ea7b6185df831123d77271b70
xvla,attribute_select,1,100010,decal:cat,failure,0,400,400,action_limit,Reach for the block with a cat on it and lift it.,reused,xvla/attribute_select/attribute_select_ep100010_result.json,00a13963a5aa141208fb70e604b1f2b7036a0cccffac80c21ff09bd1a58f3f34
xvla,attribute_select,1,100011,decal:dog,failure,0,400,400,action_limit,Reach for the block with a dog on it and lift it.,reused,xvla/attribute_select/attribute_select_ep100011_result.json,5bb558f5e09ce081369778f2d8323da46d33dc914c359e774bc068ea99045da8
xvla,attribute_select,1,100012,shape:block,failure,0,400,400,action_limit,Fetch the cube.,reused,xvla/attribute_select/attribute_select_ep100012_result.json,5aa96a4f27db14233e868778da193e026d0a14cdce38c04a73f248272b87fdcd
xvla,attribute_select,1,100013,shape:bar,failure,0,400,400,action_limit,Reach for the long bar and lift it.,reused,xvla/attribute_select/attribute_select_ep100013_result.json,05b92c97c1eaba6ac26e89942c9e20266db3b8c5a75ba625840de5139bc509c2
xvla,attribute_select,1,100014,size:big,failure,0,400,400,action_limit,Fetch the big block.,reused,xvla/attribute_select/attribute_select_ep100014_result.json,18772bfdd47cf16be753920143aee04357c7d05b28df4614504c89d52d3b19b9
xvla,attribute_select,1,100015,size:small,success,1,96,400,task_success,Fetch the small block.,reused,xvla/attribute_select/attribute_select_ep100015_result.json,ddd3c335fc98371cd2b129842c57a3dbfae331e5b04d00adbe4d7acd15225494
xvla,attribute_select,2,100016,color:red,success,1,96,400,task_success,Reach for the red block and lift it.,reused,xvla/attribute_select/attribute_select_ep100016_result.json,272066fb6c009b37bcaea1eda90efb1df1eb662cf6ed1fb9ad4cf3c3c3fab375
xvla,attribute_select,2,100017,color:blue,failure,0,400,400,action_limit,Fetch the blue block.,reused,xvla/attribute_select/attribute_select_ep100017_result.json,897076d5ee5ab40acac007a5cc1f5e67ab912695222f0549384f0fffbcac5b03
xvla,attribute_select,2,100018,decal:cat,failure,0,400,400,action_limit,Fetch the block with a cat on it.,reused,xvla/attribute_select/attribute_select_ep100018_result.json,b3c256d953c793d1e6301056c62e91832a2b6e54c2ac6be16b68166ebaee6cdb
xvla,attribute_select,2,100019,decal:dog,failure,0,400,400,action_limit,Fetch the block with a dog on it.,reused,xvla/attribute_select/attribute_select_ep100019_result.json,380d9dd11a9558a15307b49a0658efd97026f9415c85ef8ceffc036eb6b73d1d
xvla,attribute_select,2,100020,shape:block,failure,0,400,400,action_limit,Reach for the cube and lift it.,reused,xvla/attribute_select/attribute_select_ep100020_result.json,79b0a888e6866c4a1f29d46ea9ddf205391cb0827224fc04225ca09f84fe0ea5
xvla,attribute_select,2,100021,shape:bar,success,1,77,400,task_success,Fetch the long bar.,reused,xvla/attribute_select/attribute_select_ep100021_result.json,1dab7a1d00135f709eb43d3a34561bc5538fab6c876aed4ef56645710874ebc6
xvla,attribute_select,2,100022,size:big,failure,0,400,400,action_limit,Reach for the big block and lift it.,reused,xvla/attribute_select/attribute_select_ep100022_result.json,b2376a06e33c64d9f6ed84cc444e07a4292011f58868702a93d922ca1c79533f
xvla,attribute_select,2,100023,size:small,success,1,95,400,task_success,Fetch the small block.,reused,xvla/attribute_select/attribute_select_ep100023_result.json,ddfc80b87cba7b8c579a6297a24b2b063ea6edfebb7298ea2a0384e7e0c3ebf7
xvla,attribute_select,3,100024,color:red,success,1,98,400,task_success,Fetch the red block.,reused,xvla/attribute_select/attribute_select_ep100024_result.json,b184fe0337df05fd27d8b198364c136734c9317716612d4ff8bc4cb1c7279ba2
xvla,attribute_select,3,100025,color:blue,failure,0,400,400,action_limit,Reach for the blue block and lift it.,reused,xvla/attribute_select/attribute_select_ep100025_result.json,190f28f82f539ed888fa9897a0d9969b3d38b9bcb65b8e1bfe2b763e71c6aa92
xvla,attribute_select,3,100026,decal:cat,success,1,96,400,task_success,Fetch the block with a cat on it.,reused,xvla/attribute_select/attribute_select_ep100026_result.json,02c67ca9639d53ca5bd1b16b23f2d716da3b02dbe199b38d85a7b1bfa2fdaa31
xvla,attribute_select,3,100027,decal:dog,failure,0,400,400,action_limit,Reach for the block with a dog on it and lift it.,reused,xvla/attribute_select/attribute_select_ep100027_result.json,8bcbedefcee563b763687b8eea070c82b19c0b3a2ba7cfadc409fe0dedfc09a4
xvla,attribute_select,3,100028,shape:block,success,1,94,400,task_success,Reach for the cube and lift it.,reused,xvla/attribute_select/attribute_select_ep100028_result.json,5ca2ac3266e0cdf306132c15755913bb9331fe44f1c492720d22c4f57461c49f
xvla,attribute_select,3,100029,shape:bar,failure,0,400,400,action_limit,Reach for the long bar and lift it.,reused,xvla/attribute_select/attribute_select_ep100029_result.json,af612ed94c5e8203f6ecc6e174be82a4646f06a2ff36606c9b66cba161c22060
xvla,attribute_select,3,100030,size:big,failure,0,400,400,action_limit,Fetch the big block.,reused,xvla/attribute_select/attribute_select_ep100030_result.json,21652406f70f980180b499630429e7d90e64833b9a15aa65c832c5a1efba4342
xvla,attribute_select,3,100031,size:small,success,1,67,400,task_success,Fetch the small block.,reused,xvla/attribute_select/attribute_select_ep100031_result.json,4e1930e09d8f72d19807a0d4f398a1eea0ea08f30e44f2be82b9eec944c59507
xvla,attribute_select,4,100032,color:red,success,1,96,400,task_success,Fetch the red block.,reused,xvla/attribute_select/attribute_select_ep100032_result.json,78e372c5c662c1df98696f2ce7590f1c037b7615fbc7629d8725a5940835daee
xvla,attribute_select,4,100033,color:blue,failure,0,400,400,action_limit,Fetch the blue block.,reused,xvla/attribute_select/attribute_select_ep100033_result.json,b6f4c5b0d373f0257d8405011468fb8c62a7f332b115edf32f7c357925c25cdf
xvla,attribute_select,4,100034,decal:cat,failure,0,400,400,action_limit,Fetch the block with a cat on it.,reused,xvla/attribute_select/attribute_select_ep100034_result.json,2bfb09c14bd8002ad5f79bf912fa5d37759deda90ec6032519a7b369a3b25df6
xvla,attribute_select,4,100035,decal:dog,success,1,92,400,task_success,Fetch the block with a dog on it.,reused,xvla/attribute_select/attribute_select_ep100035_result.json,5ceb2495ab180dfb2b50017c2ce32f51868b889a0d20a4175c9931041b13a482
xvla,attribute_select,4,100036,shape:block,failure,0,400,400,action_limit,Fetch the cube.,reused,xvla/attribute_select/attribute_select_ep100036_result.json,c7d27d4daea2fac0a439e02f4d2e8d637b5d7a5bf0e7ec89424d1766f0e1507f
xvla,attribute_select,4,100037,shape:bar,success,1,92,400,task_success,Fetch the long bar.,reused,xvla/attribute_select/attribute_select_ep100037_result.json,2bd2085683fc7b8fc20e053f70babc2c316363589729f6ef192594b557e884f6
xvla,attribute_select,4,100038,size:big,failure,0,400,400,action_limit,Fetch the big block.,reused,xvla/attribute_select/attribute_select_ep100038_result.json,58793ef9f042eaa73f0236ab6bcea8fb132c01f10cd6e8dad6ad20070bc5ad18
xvla,attribute_select,4,100039,size:small,success,1,95,400,task_success,Reach for the small block and lift it.,reused,xvla/attribute_select/attribute_select_ep100039_result.json,4cec218c7d7837428cb8a66d3beb5d48d30861e4a9e47abe507315ae92ec714d
xvla,attribute_select,5,100040,color:red,success,1,79,400,task_success,Fetch the red block.,reused,xvla/attribute_select/attribute_select_ep100040_result.json,120ad15659b01cad8f8dfef61c0ecb9f401a401ba17fc5fd5146e0b731062c2a
xvla,attribute_select,5,100041,color:blue,failure,0,400,400,action_limit,Fetch the blue block.,reused,xvla/attribute_select/attribute_select_ep100041_result.json,94c36aa247c24cc45a2f19f27fe10b2f70e0315f885cdd0b2c54282354eac591
xvla,attribute_select,5,100042,decal:cat,failure,0,400,400,action_limit,Reach for the block with a cat on it and lift it.,reused,xvla/attribute_select/attribute_select_ep100042_result.json,51467869e176390ae4783fa29ea483a9d4e3b5b8487fc8e105fe31377a52921e
xvla,attribute_select,5,100043,decal:dog,success,1,95,400,task_success,Reach for the block with a dog on it and lift it.,reused,xvla/attribute_select/attribute_select_ep100043_result.json,764f953255e0a2637ffc0945652e648e065829b656ead01f5d6091e2ed7a6367
xvla,attribute_select,5,100044,shape:block,success,1,94,400,task_success,Reach for the cube and lift it.,reused,xvla/attribute_select/attribute_select_ep100044_result.json,93ad3271707ffe306389152d50b25536966a5115155e1ac6a1040ec499c0b45d
xvla,attribute_select,5,100045,shape:bar,success,1,92,400,task_success,Fetch the long bar.,reused,xvla/attribute_select/attribute_select_ep100045_result.json,f1566e1cbca227b077e044b00242c5bf815a473269e48d54c5cc66746abcc7ff
xvla,attribute_select,5,100046,size:big,failure,0,400,400,action_limit,Fetch the big block.,reused,xvla/attribute_select/attribute_select_ep100046_result.json,b7541c983ae1bdd80e88e77c48150855b8dd8ee3f3b29f4ac3cd0db5d3a09fc1
xvla,attribute_select,5,100047,size:small,success,1,245,400,task_success,Fetch the small block.,reused,xvla/attribute_select/attribute_select_ep100047_result.json,376b68ac6c85762ac1865bd0d6fe1dd350bf5d66290af4244822dae3f8c4aa92
xvla,attribute_select,6,100048,color:red,success,1,70,400,task_success,Fetch the red block.,reused,xvla/attribute_select/attribute_select_ep100048_result.json,4f51f09d6c543b28fe1c21d5ad3d40cc68ea203b9de3283ef1cfecebdac14dff
xvla,attribute_select,6,100049,color:blue,failure,0,400,400,action_limit,Fetch the blue block.,reused,xvla/attribute_select/attribute_select_ep100049_result.json,a0e62404310f9d8d4f4c5c7d6b2858588a28904bcb3cbea02cb476862d2bd5bb
xvla,attribute_select,6,100050,decal:cat,failure,0,400,400,action_limit,Reach for the block with a cat on it and lift it.,reused,xvla/attribute_select/attribute_select_ep100050_result.json,4c076f4a1eb5204f0a124af3ed0f99cc07bfb2e6fc98f4befa5b411239d8a862
xvla,attribute_select,6,100051,decal:dog,success,1,94,400,task_success,Fetch the block with a dog on it.,reused,xvla/attribute_select/attribute_select_ep100051_result.json,d78cd315ec5ac9effe8d53b47821de7262df8c6bc45e66a054b8ba4af56f0279
xvla,attribute_select,6,100052,shape:block,success,1,68,400,task_success,Reach for the cube and lift it.,reused,xvla/attribute_select/attribute_select_ep100052_result.json,d3740f136929326f680f16aed44800aa715c4d40180b66dd5d8166e8d5a289e1
xvla,attribute_select,6,100053,shape:bar,failure,0,400,400,action_limit,Fetch the long bar.,reused,xvla/attribute_select/attribute_select_ep100053_result.json,6e116db53eae32551d9a6e334a0ab1509ff29a8cde3ba512fd6bf204b650106b
xvla,attribute_select,6,100054,size:big,failure,0,400,400,action_limit,Fetch the big block.,reused,xvla/attribute_select/attribute_select_ep100054_result.json,3c7ca6323876f2b172d3aaad1f5159bd4bb55b2e6172a2a5310350a3dd616579
xvla,attribute_select,6,100055,size:small,success,1,70,400,task_success,Reach for the small block and lift it.,reused,xvla/attribute_select/attribute_select_ep100055_result.json,f87b02f93726ddf1d5a06ee35cd90bf98160b70460b16a7ba7daa2a189026179
xvla,attribute_select,7,100064,color:red,success,1,98,400,task_success,Fetch the red block.,reused,xvla/attribute_select/attribute_select_ep100064_result.json,4eae2e9d1540983ae585a01c653b8d494b5057bd941d28c99c03670575c41113
xvla,attribute_select,7,100065,color:blue,failure,0,400,400,action_limit,Reach for the blue block and lift it.,reused,xvla/attribute_select/attribute_select_ep100065_result.json,217060972fdb224c9391ff0abd2dd9df343ba9453374311c15ff05b8651ffc10
xvla,attribute_select,7,100066,decal:cat,success,1,92,400,task_success,Reach for the block with a cat on it and lift it.,reused,xvla/attribute_select/attribute_select_ep100066_result.json,a5a18c7c65a5fc847ba22135b952be0835ce391115d1d41897a2059b058b8389
xvla,attribute_select,7,100067,decal:dog,failure,0,400,400,action_limit,Reach for the block with a dog on it and lift it.,reused,xvla/attribute_select/attribute_select_ep100067_result.json,a259781617dd16b63a3144eeeee10218ec17a1539503831de8bc6fb38085c429
xvla,attribute_select,7,100068,shape:block,failure,0,400,400,action_limit,Reach for the cube and lift it.,reused,xvla/attribute_select/attribute_select_ep100068_result.json,8cfe420c9392403cbb6a110e09a04688c2ef345b10b575d554dd7206d38144eb
xvla,attribute_select,7,100069,shape:bar,success,1,66,400,task_success,Fetch the long bar.,reused,xvla/attribute_select/attribute_select_ep100069_result.json,851ef2596d3f2d70ee4fb5364a6270834303682338f479cf12d644cc3a694e9e
xvla,attribute_select,7,100070,size:big,failure,0,400,400,action_limit,Reach for the big block and lift it.,reused,xvla/attribute_select/attribute_select_ep100070_result.json,590c5db94476585f13dbb64596a8ce185556eb7341b1017f563ef3d10857547e
xvla,attribute_select,7,100071,size:small,success,1,95,400,task_success,Fetch the small block.,reused,xvla/attribute_select/attribute_select_ep100071_result.json,d91602f741945ea9413d9653fd32d03360f278e1938599214096db7604c7193f
xvla,attribute_select,8,100072,color:red,success,1,97,400,task_success,Reach for the red block and lift it.,reused,xvla/attribute_select/attribute_select_ep100072_result.json,dca9e4b4dc24d7c8b6ff1d639b05a1062ff68f12d53299df5bb818c948453360
xvla,attribute_select,8,100073,color:blue,failure,0,400,400,action_limit,Reach for the blue block and lift it.,reused,xvla/attribute_select/attribute_select_ep100073_result.json,3827af87bffe9175c387abba6074702becd695258a1c0b5d3bb04281085cd53c
xvla,attribute_select,8,100074,decal:cat,failure,0,400,400,action_limit,Fetch the block with a cat on it.,reused,xvla/attribute_select/attribute_select_ep100074_result.json,add24037fb47da12dca47d921841e412f5d70623e912938c74c570ccf7a660cb
xvla,attribute_select,8,100075,decal:dog,success,1,91,400,task_success,Reach for the block with a dog on it and lift it.,reused,xvla/attribute_select/attribute_select_ep100075_result.json,9e1f5f9784b967ad52e831fd5e020724278078abaaaa9ac2c4c76eb59fb4264d
xvla,attribute_select,8,100076,shape:block,failure,0,400,400,action_limit,Fetch the cube.,reused,xvla/attribute_select/attribute_select_ep100076_result.json,4ef26f0ff3ff4d42c9ea51c116be32bbb95c34f847ecea77797a5aba091948b3
xvla,attribute_select,8,100077,shape:bar,success,1,77,400,task_success,Reach for the long bar and lift it.,reused,xvla/attribute_select/attribute_select_ep100077_result.json,327c5eb3cfdc45ecb9a92ea2d61ea3f9a16d51f64a90e21930a925f9ea0960ab
xvla,attribute_select,8,100078,size:big,failure,0,400,400,action_limit,Fetch the big block.,reused,xvla/attribute_select/attribute_select_ep100078_result.json,535d223767e3ba9c487f17d22b5dd4f5f57ff66ee6f833bb071035257136e79c
xvla,attribute_select,8,100079,size:small,success,1,95,400,task_success,Fetch the small block.,reused,xvla/attribute_select/attribute_select_ep100079_result.json,ca434e7ff5753817c5fc84dbc08b7b205394c29b8d02c234d195eeee88160f3d
xvla,attribute_select,9,100080,color:red,success,1,94,400,task_success,Fetch the red block.,reused,xvla/attribute_select/attribute_select_ep100080_result.json,f6e894f1d4aabf244fdf47cd46c4fd1ff8248459dc91e9a85792b2e675bd6d6a
xvla,attribute_select,9,100081,color:blue,failure,0,400,400,action_limit,Reach for the blue block and lift it.,reused,xvla/attribute_select/attribute_select_ep100081_result.json,e9ca255c04552b50df599455c64e2c006d156f3e4679eb08b0f933ac9e91b645
xvla,attribute_select,9,100082,decal:cat,success,1,127,400,task_success,Reach for the block with a cat on it and lift it.,reused,xvla/attribute_select/attribute_select_ep100082_result.json,ac9171801fe3fd314eb904147f2f8d6b1c64511b7ad64e9d9ece3e37f7a3c615
xvla,attribute_select,9,100083,decal:dog,failure,0,400,400,action_limit,Reach for the block with a dog on it and lift it.,reused,xvla/attribute_select/attribute_select_ep100083_result.json,fb2683bea9e369a22258adbdae18440c4390face2b752933f17df93db431bf9d
xvla,attribute_select,9,100084,shape:block,failure,0,400,400,action_limit,Fetch the cube.,reused,xvla/attribute_select/attribute_select_ep100084_result.json,a5174ed6a5304b3e062c125025016ed3d787debe788aea6c6c70663b265672eb
xvla,attribute_select,9,100085,shape:bar,success,1,93,400,task_success,Fetch the long bar.,reused,xvla/attribute_select/attribute_select_ep100085_result.json,5852619929b522a254e23253a99537f40d90aab1106a00ad13eed610b68c03cb
xvla,attribute_select,9,100086,size:big,failure,0,400,400,action_limit,Fetch the big block.,reused,xvla/attribute_select/attribute_select_ep100086_result.json,f0b119fac5d3c866103ac1d4544cb8fd7ddc3344245a331da7e0c9ea08bb17a3
xvla,attribute_select,9,100087,size:small,success,1,69,400,task_success,Reach for the small block and lift it.,reused,xvla/attribute_select/attribute_select_ep100087_result.json,9dbc983543b0da565ed4f3dacb5ad5147d610fe07f0e1dfea59fa70d986d6229
xvla,attribute_select,10,100088,color:red,failure,0,400,400,action_limit,Fetch the red block.,reused,xvla/attribute_select/attribute_select_ep100088_result.json,99da1c0a31d4e5ec3a2a5520897fdffc7ded3da99f7d0953693c281d63cad6ab
xvla,attribute_select,10,100089,color:blue,failure,0,400,400,action_limit,Fetch the blue block.,reused,xvla/attribute_select/attribute_select_ep100089_result.json,f55de8c5539f93d4ef5b3cc00a38da4745e423df5944a19508bea56f8938a350
xvla,attribute_select,10,100090,decal:cat,success,1,94,400,task_success,Reach for the block with a cat on it and lift it.,reused,xvla/attribute_select/attribute_select_ep100090_result.json,12853129f8dbae652634dc1b796e3b1f2a137dc8903c39d0afeceda0a8997ce8
xvla,attribute_select,10,100091,decal:dog,success,1,93,400,task_success,Fetch the block with a dog on it.,reused,xvla/attribute_select/attribute_select_ep100091_result.json,39da3d62ad323508dfdab8eb7325e3012f86fa78496fd4b073abedf2605e820e
xvla,attribute_select,10,100092,shape:block,failure,0,400,400,action_limit,Reach for the cube and lift it.,reused,xvla/attribute_select/attribute_select_ep100092_result.json,54e5b327a010eb961ea467f2bc6de3502dec073cefe395275d9d38fed53aee20
xvla,attribute_select,10,100093,shape:bar,success,1,76,400,task_success,Reach for the long bar and lift it.,reused,xvla/attribute_select/attribute_select_ep100093_result.json,99c841ef1ed2f6c13c3eb13d343845c3ad03acae4909c2a80334edead0c8964d
xvla,attribute_select,10,100094,size:big,failure,0,400,400,action_limit,Reach for the big block and lift it.,reused,xvla/attribute_select/attribute_select_ep100094_result.json,ffb4399c0140eeda6b90b9c933a2ff07e3cec299764b8e9bae507a45e9439642
xvla,attribute_select,10,100095,size:small,success,1,76,400,task_success,Reach for the small block and lift it.,reused,xvla/attribute_select/attribute_select_ep100095_result.json,498f03f4edb28c98adc640ef49ebb2862278100f0986a7064873b8dd02c49ad2
xvla,attribute_select,11,100096,color:red,failure,0,400,400,action_limit,Reach for the red block and lift it.,reused,xvla/attribute_select/attribute_select_ep100096_result.json,1db87de1a076d0a14c94ae45dc111360f94a6943fcdde490c284181e9cf4b2ef
xvla,attribute_select,11,100097,color:blue,failure,0,400,400,action_limit,Fetch the blue block.,reused,xvla/attribute_select/attribute_select_ep100097_result.json,7976c1e0141febb1e1e542aa3318246f7b00866a2238cfb44772855b3ab8e67b
xvla,attribute_select,11,100098,decal:cat,success,1,95,400,task_success,Fetch the block with a cat on it.,reused,xvla/attribute_select/attribute_select_ep100098_result.json,e1e0d89f7d10c0eaca84fe04975308586f3c3b6c20e2bf7539d98b9474291375
xvla,attribute_select,11,100099,decal:dog,failure,0,400,400,action_limit,Fetch the block with a dog on it.,reused,xvla/attribute_select/attribute_select_ep100099_result.json,52940e8b3279e6f9d53d9412da4accc95e96be713d1ed0ca74284f2abc3ac528
xvla,attribute_select,11,100100,shape:block,success,1,67,400,task_success,Reach for the cube and lift it.,reused,xvla/attribute_select/attribute_select_ep100100_result.json,b757c5803ab30d112d7a3512a9df5b7c862ee01cceb0c5291b85aaaa6e448856
xvla,attribute_select,11,100101,shape:bar,failure,0,400,400,action_limit,Reach for the long bar and lift it.,reused,xvla/attribute_select/attribute_select_ep100101_result.json,bc4f3481d22bf94299c0db54a9bdbdf0ec9aead48c4cf473ec2876cb8f8246fc
xvla,attribute_select,11,100102,size:big,failure,0,400,400,action_limit,Fetch the big block.,reused,xvla/attribute_select/attribute_select_ep100102_result.json,441da4662aac1e9f2d92fb2f915e75ef966f6c4e8187c7bdc6d15b723efe0111
xvla,attribute_select,11,100103,size:small,success,1,95,400,task_success,Fetch the small block.,reused,xvla/attribute_select/attribute_select_ep100103_result.json,afa4f673a23d1aa4d9cb4a51f67a2d09864d99d159867881bc38f7bf9daa1933
xvla,attribute_select,12,100104,color:red,success,1,96,400,task_success,Reach for the red block and lift it.,reused,xvla/attribute_select/attribute_select_ep100104_result.json,8d183cb04b18fce3230faecc15180c96d21c7383662310dbdbc1994a04e6c694
xvla,attribute_select,12,100105,color:blue,failure,0,400,400,action_limit,Reach for the blue block and lift it.,reused,xvla/attribute_select/attribute_select_ep100105_result.json,8ebd04421684b0646439dabb984ac333a89d695bc5bc657639529e57f94e777d
xvla,attribute_select,12,100106,decal:cat,success,1,94,400,task_success,Reach for the block with a cat on it and lift it.,reused,xvla/attribute_select/attribute_select_ep100106_result.json,cb290ca90092597adb5be5539db7dc4accec320b617215825a63d60b94940d5e
xvla,attribute_select,12,100107,decal:dog,failure,0,400,400,action_limit,Reach for the block with a dog on it and lift it.,reused,xvla/attribute_select/attribute_select_ep100107_result.json,124ec1f4d5f52e3285ffcc1e39cab02d74d54e0299d0b85d90d615e77c5cc1bd
xvla,attribute_select,12,100108,shape:block,failure,0,400,400,action_limit,Reach for the cube and lift it.,reused,xvla/attribute_select/attribute_select_ep100108_result.json,27dc5e7262fd78cef82e785d1f8dea040bb5879bc4d0dfde7e20ccdb596c179a
xvla,attribute_select,12,100109,shape:bar,success,1,92,400,task_success,Fetch the long bar.,reused,xvla/attribute_select/attribute_select_ep100109_result.json,19b3f2b2634f5e3591727788342ef1f3512fb2977d40d7265ec48086e5f37cb0
xvla,attribute_select,12,100110,size:big,failure,0,400,400,action_limit,Reach for the big block and lift it.,reused,xvla/attribute_select/attribute_select_ep100110_result.json,964b301a5f916d15737f4611b946e7a3221cb16c14596b5c425c145b03c8ee17
xvla,attribute_select,12,100111,size:small,success,1,95,400,task_success,Reach for the small block and lift it.,reused,xvla/attribute_select/attribute_select_ep100111_result.json,148e7c4db733e1d4de9c5230ad522683ad41e582d7548030be02d32ad47e4b30
xvla,attribute_select,13,100112,color:red,success,1,99,400,task_success,Reach for the red block and lift it.,reused,xvla/attribute_select/attribute_select_ep100112_result.json,48f2c0d5f4f5bee90c006932eee9892ee4c1a8ce3b24783a63e026ec24a84c9b
xvla,attribute_select,13,100113,color:blue,failure,0,400,400,action_limit,Fetch the blue block.,reused,xvla/attribute_select/attribute_select_ep100113_result.json,dbaea7e319082d0d39480b49cd1b56c6441ac5df471128e43820a71f732a41ac
xvla,attribute_select,13,100114,decal:cat,success,1,96,400,task_success,Reach for the block with a cat on it and lift it.,reused,xvla/attribute_select/attribute_select_ep100114_result.json,2733763bb86b3cdc707ca20edb5e5cca02eb24f4c6ef443d34dbb439f71a92ab
xvla,attribute_select,13,100115,decal:dog,failure,0,400,400,action_limit,Fetch the block with a dog on it.,reused,xvla/attribute_select/attribute_select_ep100115_result.json,5d13b4ee2b6a793fd9aff695f74a515ee575fe054c41fb4074c1361bd407840c
xvla,attribute_select,13,100116,shape:block,success,1,95,400,task_success,Fetch the cube.,reused,xvla/attribute_select/attribute_select_ep100116_result.json,af99c957c652736e50c64bf35d43756e2f5265487ffc66984127ad9f34b2dbd1
xvla,attribute_select,13,100117,shape:bar,failure,0,400,400,action_limit,Fetch the long bar.,reused,xvla/attribute_select/attribute_select_ep100117_result.json,1bae7ee25b4cee77d26b8f556a3066bfc0b57e5ef5a6083913234281de4c99d2
xvla,attribute_select,13,100118,size:big,failure,0,400,400,action_limit,Reach for the big block and lift it.,reused,xvla/attribute_select/attribute_select_ep100118_result.json,6c46c4e257706f5ef0541b8b01a1e333c2bc91416f7bd5d63926ef36d8a9acc4
xvla,attribute_select,13,100119,size:small,success,1,96,400,task_success,Reach for the small block and lift it.,reused,xvla/attribute_select/attribute_select_ep100119_result.json,9cc72a9971aafa9dd588a6e559eca25df4dc95a226f6486c986fae754c3f23dd
xvla,attribute_select,14,100120,color:red,success,1,97,400,task_success,Reach for the red block and lift it.,reused,xvla/attribute_select/attribute_select_ep100120_result.json,0c5f354625c1fc764670b5b73bb180cee9d3f3bb3be4ce3eeeb1ada1811c1937
xvla,attribute_select,14,100121,color:blue,failure,0,400,400,action_limit,Fetch the blue block.,reused,xvla/attribute_select/attribute_select_ep100121_result.json,53e4433e31efa9b48cbaa464af0a43ec0f900e9ceb37edd1b091c0abb615c4ec
xvla,attribute_select,14,100122,decal:cat,failure,0,400,400,action_limit,Fetch the block with a cat on it.,reused,xvla/attribute_select/attribute_select_ep100122_result.json,33547a8074d88bcbcaca29409ac21b423d15d340a06ab5f3b293fb3a48457db3
xvla,attribute_select,14,100123,decal:dog,success,1,96,400,task_success,Fetch the block with a dog on it.,reused,xvla/attribute_select/attribute_select_ep100123_result.json,09bb0eadd467fae54cb838da0a070121989002392d1a550a076abbb7a2c203d9
xvla,attribute_select,14,100124,shape:block,failure,0,400,400,action_limit,Fetch the cube.,reused,xvla/attribute_select/attribute_select_ep100124_result.json,cc068d8214563cd2b3320eb42c76f2adf0eb612ab6a9ebfb19d304e70f108f5a
xvla,attribute_select,14,100125,shape:bar,failure,0,400,400,action_limit,Reach for the long bar and lift it.,reused,xvla/attribute_select/attribute_select_ep100125_result.json,e23e7b8f51e163834202a109ac46f928b30fd442d1921b7f8a4063226e512ae4
xvla,attribute_select,14,100126,size:big,failure,0,400,400,action_limit,Reach for the big block and lift it.,reused,xvla/attribute_select/attribute_select_ep100126_result.json,80b8fd062af5357cf224102e1fe613d0f6d3b9b28cb0ffad0af12c0a4d465fd7
xvla,attribute_select,14,100127,size:small,success,1,96,400,task_success,Fetch the small block.,reused,xvla/attribute_select/attribute_select_ep100127_result.json,fbe35215c25aea052846f047d2e5923abe06b8a71701a48ec8a4358afd46b408
xvla,attribute_select,15,100128,color:red,success,1,95,400,task_success,Fetch the red block.,reused,xvla/attribute_select/attribute_select_ep100128_result.json,9e0dd9747b037b872ff4d5796df7e958584d581693beda881e8bd69aed89bc3b
xvla,attribute_select,15,100129,color:blue,failure,0,400,400,action_limit,Fetch the blue block.,reused,xvla/attribute_select/attribute_select_ep100129_result.json,f8aec601b26dc0965ae4c24165689f02ce978a3e5bdaa72b808c7cc43d08169e
xvla,attribute_select,15,100130,decal:cat,success,1,96,400,task_success,Reach for the block with a cat on it and lift it.,reused,xvla/attribute_select/attribute_select_ep100130_result.json,903f8b681116e69a8a29ea1d0bdf98daaa49b4f7b3b0436c5adb826032589ee7
xvla,attribute_select,15,100131,decal:dog,failure,0,400,400,action_limit,Fetch the block with a dog on it.,reused,xvla/attribute_select/attribute_select_ep100131_result.json,3e2d7fa07a3c9019a588cbc11133db7ae6e72fbda07992ec513b4024928a4eac
xvla,attribute_select,15,100132,shape:block,failure,0,400,400,action_limit,Reach for the cube and lift it.,reused,xvla/attribute_select/attribute_select_ep100132_result.json,5e766fed0a811b4af1bededf95bf71ab2390333d900e8552fdd4b8472d438654
xvla,attribute_select,15,100133,shape:bar,failure,0,400,400,action_limit,Fetch the long bar.,reused,xvla/attribute_select/attribute_select_ep100133_result.json,ea46660eb6934d2509f3ed97703194065b72664d5f13e1aa11b05683e714b49e
xvla,attribute_select,15,100134,size:big,failure,0,400,400,action_limit,Fetch the big block.,reused,xvla/attribute_select/attribute_select_ep100134_result.json,0de3ab129ad124b615daf54551575acb2588187b761efd1333cd04aa4f1da40a
xvla,attribute_select,15,100135,size:small,success,1,96,400,task_success,Reach for the small block and lift it.,reused,xvla/attribute_select/attribute_select_ep100135_result.json,d3c32adb08263c57ffcfd73190150df3087b29f01bd4191a6206bce9ac652cec
xvla,attribute_select,16,100144,color:red,failure,0,400,400,action_limit,Reach for the red block and lift it.,reused,xvla/attribute_select/attribute_select_ep100144_result.json,ffa5f3873d53b3ddd76cbd3543bad182ccee9d945aed6565e0fd1cb286c97f39
xvla,attribute_select,16,100145,color:blue,failure,0,400,400,action_limit,Fetch the blue block.,reused,xvla/attribute_select/attribute_select_ep100145_result.json,cabb6a9c9766e8fee7f2eb562421814e38f71c634b80374f7589b54b43f0d2e8
xvla,attribute_select,16,100146,decal:cat,success,1,95,400,task_success,Reach for the block with a cat on it and lift it.,reused,xvla/attribute_select/attribute_select_ep100146_result.json,12cc4b9781aa9f7af1017c8eeeb597c79da9ed212a5cb88be59d7b661491aa58
xvla,attribute_select,16,100147,decal:dog,failure,0,400,400,action_limit,Fetch the block with a dog on it.,reused,xvla/attribute_select/attribute_select_ep100147_result.json,72eee6e0882066e202ce405e4b07939ebed03c517615ecca9c0e16ce30c86b83
xvla,attribute_select,16,100148,shape:block,success,1,94,400,task_success,Fetch the cube.,reused,xvla/attribute_select/attribute_select_ep100148_result.json,f94f4ad23feac8baa1e1b260da11cad7e81d6cb2a882093c16815a9bae3d92b2
xvla,attribute_select,16,100149,shape:bar,failure,0,400,400,action_limit,Reach for the long bar and lift it.,reused,xvla/attribute_select/attribute_select_ep100149_result.json,1103aa316f62fe384d186b821b96543d85eaee5a74d1a5d172a06f24efcb72d0
xvla,attribute_select,16,100150,size:big,failure,0,400,400,action_limit,Fetch the big block.,reused,xvla/attribute_select/attribute_select_ep100150_result.json,75fec5bd59378d0b0035fce13ea15a06c10c5118ac96a977e2daefc2a21131e8
xvla,attribute_select,16,100151,size:small,success,1,67,400,task_success,Fetch the small block.,reused,xvla/attribute_select/attribute_select_ep100151_result.json,1ef872f35719bef1a0bded432f06bee2d6786333b33976228d8244895a175fb3
xvla,attribute_select,17,100152,color:red,failure,0,400,400,action_limit,Reach for the red block and lift it.,reused,xvla/attribute_select/attribute_select_ep100152_result.json,a8b953a20f0fb57dd8dc9f994410f5a6aac5ec80aa5820a58331eafcd37babd6
xvla,attribute_select,17,100153,color:blue,failure,0,400,400,action_limit,Fetch the blue block.,reused,xvla/attribute_select/attribute_select_ep100153_result.json,a7ffeaea82aa31857b62b11dc93cc64f1fe79cd36ea68b318e4bb3f77df74746
xvla,attribute_select,17,100154,decal:cat,success,1,97,400,task_success,Reach for the block with a cat on it and lift it.,reused,xvla/attribute_select/attribute_select_ep100154_result.json,b14aacc472bb267a4ce818c6d9afd8ecb2326a45c78acefb6a21242205798a8c
xvla,attribute_select,17,100155,decal:dog,failure,0,400,400,action_limit,Fetch the block with a dog on it.,reused,xvla/attribute_select/attribute_select_ep100155_result.json,30b3a3cba100ab8b7a224b7a5471845ca79e76e12a50ca8282ec4c0965d008ad
xvla,attribute_select,17,100156,shape:block,success,1,93,400,task_success,Reach for the cube and lift it.,reused,xvla/attribute_select/attribute_select_ep100156_result.json,ddc892ca354d1bb6a34765675e029359baaa6e99629200cd18eec937703cb333
xvla,attribute_select,17,100157,shape:bar,success,1,68,400,task_success,Reach for the long bar and lift it.,reused,xvla/attribute_select/attribute_select_ep100157_result.json,2511a25cad618b9ae2d56cd58aefc37283415894aaedeb99c5fbed73ed7af6f4
xvla,attribute_select,17,100158,size:big,failure,0,400,400,action_limit,Fetch the big block.,reused,xvla/attribute_select/attribute_select_ep100158_result.json,405af9756a26f039b1ddaa2db626ecd99d8ce3216f411a8e21645f1b964f9e2a
xvla,attribute_select,17,100159,size:small,success,1,70,400,task_success,Fetch the small block.,reused,xvla/attribute_select/attribute_select_ep100159_result.json,a5da6d8880fd380dbbd8385914414f80d280c23b1e20ed5e3fbc05aa05762732
xvla,attribute_select,18,100160,color:red,success,1,69,400,task_success,Fetch the red block.,reused,xvla/attribute_select/attribute_select_ep100160_result.json,ee86834c814f6b0235807687875b46c9c245e04bf8dea2acaf1f5e477a7ec3eb
xvla,attribute_select,18,100161,color:blue,failure,0,400,400,action_limit,Reach for the blue block and lift it.,reused,xvla/attribute_select/attribute_select_ep100161_result.json,9115bed308a483063d6937408677c55ca1510c5fea30d88fa783615c169107e3
xvla,attribute_select,18,100162,decal:cat,success,1,98,400,task_success,Reach for the block with a cat on it and lift it.,reused,xvla/attribute_select/attribute_select_ep100162_result.json,e6f3283870a361facc481c09aabb8ee2f2ce9c7e5ec2b6edaa5747b69ec94582
xvla,attribute_select,18,100163,decal:dog,failure,0,400,400,action_limit,Fetch the block with a dog on it.,reused,xvla/attribute_select/attribute_select_ep100163_result.json,52de27cfa443e897f9615c1f672e8e2e5474ca40448a1069923501d0d7aba401
xvla,attribute_select,18,100164,shape:block,failure,0,400,400,action_limit,Reach for the cube and lift it.,reused,xvla/attribute_select/attribute_select_ep100164_result.json,2c4bc4a77798ee12c45495a9b08d2a507da98d6836f2b78c0ea83b8e0ac5afb4
xvla,attribute_select,18,100165,shape:bar,failure,0,400,400,action_limit,Fetch the long bar.,reused,xvla/attribute_select/attribute_select_ep100165_result.json,0c4c69b31163d2f3882f850a09ef1beef57649620a24e1e21108a4234f4b233c
xvla,attribute_select,18,100166,size:big,failure,0,400,400,action_limit,Fetch the big block.,reused,xvla/attribute_select/attribute_select_ep100166_result.json,ae64a3ac2df4e5cfcde884311c72e0d9440ebf98a23a8c120e1b4c4f145815de
xvla,attribute_select,18,100167,size:small,success,1,94,400,task_success,Reach for the small block and lift it.,reused,xvla/attribute_select/attribute_select_ep100167_result.json,a7541ca9f642a24df3f62302a9c8723153acf0a8654f0395439442e8dbd130ee
xvla,attribute_select,19,100168,color:red,success,1,95,400,task_success,Fetch the red block.,reused,xvla/attribute_select/attribute_select_ep100168_result.json,46ea2a22e7aca59ea31696a0b6b1b3b0426b6de8429b119966ecf58de38af6ff
xvla,attribute_select,19,100169,color:blue,failure,0,400,400,action_limit,Reach for the blue block and lift it.,reused,xvla/attribute_select/attribute_select_ep100169_result.json,5d4a4bf8e720668c5635ec51ec1a280685eaac254a4fd7618ade15104488a7ef
xvla,attribute_select,19,100170,decal:cat,success,1,94,400,task_success,Fetch the block with a cat on it.,reused,xvla/attribute_select/attribute_select_ep100170_result.json,2911025626fb078064fba07ae7728b4936f7f7d46a470f95b7a4c3b948385139
xvla,attribute_select,19,100171,decal:dog,success,1,94,400,task_success,Reach for the block with a dog on it and lift it.,reused,xvla/attribute_select/attribute_select_ep100171_result.json,fe52374ceafc7ab5c74d2d9c6731a6ae92a2cfd5cb09c373829662c58b056a10
xvla,attribute_select,19,100172,shape:block,failure,0,400,400,action_limit,Reach for the cube and lift it.,reused,xvla/attribute_select/attribute_select_ep100172_result.json,673c2e0339f1df96396cff339068483a23db19b8f4c36ae74d964f8737aa7b2e
xvla,attribute_select,19,100173,shape:bar,failure,0,400,400,action_limit,Fetch the long bar.,reused,xvla/attribute_select/attribute_select_ep100173_result.json,8946daaa3bbdb9f1ff49ac2f888d2787d0917ea1882f26421453e7357113a931
xvla,attribute_select,19,100174,size:big,failure,0,400,400,action_limit,Reach for the big block and lift it.,reused,xvla/attribute_select/attribute_select_ep100174_result.json,fd9576fe9c417a129d77cf9518d0b5051aac1d38e2d255740c2527a9c6388c51
xvla,attribute_select,19,100175,size:small,success,1,92,400,task_success,Fetch the small block.,reused,xvla/attribute_select/attribute_select_ep100175_result.json,6810d9a8e38b486b33a92c344875b499ae602efa8468674439dbe37625bed931
xvla,arm_select,0,500000,left,success,1,218,400,task_success,Use the left arm to retrieve the block.,new,xvla/arm_select/arm_select_ep500000_result.json,106d4b526d461959fff5e3a62860f70f9e48f69a7f0bd1aa988acb464f8985fa
xvla,arm_select,0,500001,right,failure,0,400,400,action_limit,Use the right arm to retrieve the block.,new,xvla/arm_select/arm_select_ep500001_result.json,b8d79571e2c48f33ef59f5b1b83adb2104aeb5deeb32deae172818955bd0ee87
xvla,arm_select,1,500002,left,failure,0,400,400,action_limit,"With the left arm, grab the block.",new,xvla/arm_select/arm_select_ep500002_result.json,fc884f24d75acb904ef35032ba473b4c4dda304e5a23fa5b8acc0f9e51fee315
xvla,arm_select,1,500003,right,failure,0,400,400,action_limit,"With the right arm, grab the block.",new,xvla/arm_select/arm_select_ep500003_result.json,0e612b0784950d517a6caa177cd51b6b3ae3b4e9ccb2ccd6b86e3a5b1ba3f704
xvla,arm_select,2,500004,left,failure,0,400,400,action_limit,Retrieve the block with the left arm.,new,xvla/arm_select/arm_select_ep500004_result.json,935ef9f46a428749008616cc212816bfde5852e4cbe4dbdbb20d1869218ded49
xvla,arm_select,2,500005,right,failure,0,400,400,action_limit,Retrieve the block with the right arm.,new,xvla/arm_select/arm_select_ep500005_result.json,fb8a33de727c3b57752c3b372f9ceda5ca614dad366a56fd48304ce7c76dbde1
xvla,arm_select,3,500006,left,failure,0,400,400,action_limit,Have the left arm take the block.,new,xvla/arm_select/arm_select_ep500006_result.json,549939825c2c4b1acec7a3726b38f0e82d6d79c6f43db044cdd96408b0a1145e
xvla,arm_select,3,500007,right,failure,0,400,400,action_limit,Have the right arm take the block.,new,xvla/arm_select/arm_select_ep500007_result.json,676a0a5b9b564e4be98fd5cfc858f1f61b09146cf929d2464a5a7d6bb3f0bce4
xvla,arm_select,4,500008,left,failure,0,400,400,action_limit,Pick up the block carefully with the left arm.,new,xvla/arm_select/arm_select_ep500008_result.json,d9be61b53f35d0e9e6958969b29735ba3f93e4972567335b60e297dc6b15f2fa
xvla,arm_select,4,500009,right,failure,0,400,400,action_limit,Pick up the block carefully with the right arm.,new,xvla/arm_select/arm_select_ep500009_result.json,f94a7943efd85854d28e6b024a841f1ff41b6672f8443aea2e7ecb8bf00afced
xvla,arm_select,5,500010,left,failure,0,400,400,action_limit,"With the left arm, grab the block.",new,xvla/arm_select/arm_select_ep500010_result.json,99e516c90b379c97e1f18fe9e24daad1c2ef75908153d5bda595ab7bc8ff5823
xvla,arm_select,5,500011,right,failure,0,400,400,action_limit,"With the right arm, grab the block.",new,xvla/arm_select/arm_select_ep500011_result.json,eed8d7efa3249197f33318ffecccf77b1b3f623980106a96d03bc9d15e4d4667
xvla,arm_select,6,500012,left,failure,0,400,400,action_limit,Collect the block using the left arm.,new,xvla/arm_select/arm_select_ep500012_result.json,a48a776b16b01da1ca767db6f02199c0968ba62e7fd4678e8579c523db5a330c
xvla,arm_select,6,500013,right,failure,0,400,400,action_limit,Collect the block using the right arm.,new,xvla/arm_select/arm_select_ep500013_result.json,95347b429fb143a5ded628a65f94bb7d316611d68cd12f8aee21a94ad6ee9ffb
xvla,arm_select,7,500014,left,failure,0,400,400,action_limit,Retrieve the block with the left arm.,new,xvla/arm_select/arm_select_ep500014_result.json,09a15b3036752f20993c701a1d538d1d99ed72b74b0edac1b2239416b8afd91b
xvla,arm_select,7,500015,right,success,1,96,400,task_success,Retrieve the block with the right arm.,new,xvla/arm_select/arm_select_ep500015_result.json,657337972df17a0ca64838c8443448bcbf1d2c94430f44214a15f301c2dd55b8
xvla,arm_select,8,500016,left,success,1,96,400,task_success,Employ the left arm to lift the block.,new,xvla/arm_select/arm_select_ep500016_result.json,c3a68aaefa7b74425cba63bb23384892524b947a8f9ef051be333d2d2304ed75
xvla,arm_select,8,500017,right,failure,0,400,400,action_limit,Employ the right arm to lift the block.,new,xvla/arm_select/arm_select_ep500017_result.json,ec1ac6ee3dfc554cd289e57ddca46f31f4ea93e150c4feb5ca0b6552a427e26b
xvla,arm_select,9,500018,left,failure,0,400,400,action_limit,Pick up the block carefully with the left arm.,new,xvla/arm_select/arm_select_ep500018_result.json,a594bcf1d2db5a8fadc9ec42cc8c223e8ec51bbe3efa2915334b6636b21092a0
xvla,arm_select,9,500019,right,failure,0,400,400,action_limit,Pick up the block carefully with the right arm.,new,xvla/arm_select/arm_select_ep500019_result.json,afdcc6abdc0e73a216b84726494d5fc18a15e3c3dc8542aa9ff9b68fe4e3e20d
xvla,arm_select,10,500020,left,failure,0,400,400,action_limit,Employ the left arm to lift the block.,new,xvla/arm_select/arm_select_ep500020_result.json,e568caed0e6938451e1348eec76d1582157c31b135993060c17359b530518d6b
xvla,arm_select,10,500021,right,success,1,97,400,task_success,Employ the right arm to lift the block.,new,xvla/arm_select/arm_select_ep500021_result.json,6ffa1106f3a774c8523549d6cc869ba747f1841f8afdb5bcfc0f65b7983d92bb
xvla,arm_select,11,500022,left,failure,0,400,400,action_limit,Have the left arm take the block.,new,xvla/arm_select/arm_select_ep500022_result.json,f2e5d81e8dac06fc87e3a3773c5b6710578afb360b1727c947502cba7338c48d
xvla,arm_select,11,500023,right,failure,0,400,400,action_limit,Have the right arm take the block.,new,xvla/arm_select/arm_select_ep500023_result.json,c20a54df30a3f3a91bcef42775474fefec2154ca8bcecdf75edbaedc15f108bc
xvla,arm_select,12,500024,left,failure,0,400,400,action_limit,Employ the left arm to lift the block.,new,xvla/arm_select/arm_select_ep500024_result.json,05ec2d3f38204347e9d0010f0af7d04e85531a180e5ed9168f58356481a201dd
xvla,arm_select,12,500025,right,failure,0,400,400,action_limit,Employ the right arm to lift the block.,new,xvla/arm_select/arm_select_ep500025_result.json,4d1fe8775a63ae82478f28e977130f604090807a520f78cb75b33e4c910c9b5f
xvla,arm_select,13,500026,left,failure,0,400,400,action_limit,Use the left arm to retrieve the block.,new,xvla/arm_select/arm_select_ep500026_result.json,63bea55b1390fcec2b2aa74760e11fda4818f323ef6a1e44dd37932be1fa0644
xvla,arm_select,13,500027,right,failure,0,400,400,action_limit,Use the right arm to retrieve the block.,new,xvla/arm_select/arm_select_ep500027_result.json,608c0d0155e4458d07dd556c9cd3c3592c986fdbc94041f63cd5ec6a21d7504c
xvla,arm_select,14,500028,left,failure,0,400,400,action_limit,Pick up the block carefully with the left arm.,new,xvla/arm_select/arm_select_ep500028_result.json,d3a32b6246140082a1f0e893603e40979ee3ef720016553eac2dd8bb9b881938
xvla,arm_select,14,500029,right,failure,0,400,400,action_limit,Pick up the block carefully with the right arm.,new,xvla/arm_select/arm_select_ep500029_result.json,ededc975b64745db361c9dcb5d3dae3ebbd2b2693107b4d118e03e8fe7d9c8fe
xvla,arm_select,15,500030,left,failure,0,400,400,action_limit,Collect the block using the left arm.,new,xvla/arm_select/arm_select_ep500030_result.json,009542c500c44fe967afbb064b581db0505cafcae8be4428a55c886a147ea80c
xvla,arm_select,15,500031,right,failure,0,400,400,action_limit,Collect the block using the right arm.,new,xvla/arm_select/arm_select_ep500031_result.json,8b69defedeed7dcb9ad1aabc156c0b5a6834c1abc18e5cac3c51736c0e30281e
xvla,arm_select,16,500032,left,failure,0,400,400,action_limit,Let the left arm grab the block.,new,xvla/arm_select/arm_select_ep500032_result.json,7518fc96fb191e8ce64bec9ca01fba11b25fd8abb1013d205d1e7d9b32311ce9
xvla,arm_select,16,500033,right,failure,0,400,400,action_limit,Let the right arm grab the block.,new,xvla/arm_select/arm_select_ep500033_result.json,14cfb457e0669ab19b2ef784f73db4b47bc4f18e3e013f0073765c7fd58c7abe
xvla,arm_select,17,500034,left,failure,0,400,400,action_limit,Use the left arm to hold the block.,new,xvla/arm_select/arm_select_ep500034_result.json,99768f1973982c33a8032f1a088980628cda29e812561f8792c34bf5a31962ee
xvla,arm_select,17,500035,right,failure,0,400,400,action_limit,Use the right arm to hold the block.,new,xvla/arm_select/arm_select_ep500035_result.json,0a1a1e2e94cdfe6244fb71087c13bc7761f84d4e3c5630bac3f5e0860e599a83
xvla,arm_select,18,500036,left,failure,0,400,400,action_limit,Have the left arm take the block.,new,xvla/arm_select/arm_select_ep500036_result.json,3cdf37b0853a6b838671401a230b63f291de966f6b1ad89e9b1e502147872307
xvla,arm_select,18,500037,right,failure,0,400,400,action_limit,Have the right arm take the block.,new,xvla/arm_select/arm_select_ep500037_result.json,5ca33d834e68fb58b1c8160b3e2ffa453958c2b5d42542a263ddf5bc43158890
xvla,arm_select,19,500038,left,failure,0,400,400,action_limit,"With the left arm, grab the block.",new,xvla/arm_select/arm_select_ep500038_result.json,147f4193d09ce5a83c56cca1b5558869a61cf8573e881b58e12b6461dacd56c6
xvla,arm_select,19,500039,right,success,1,97,400,task_success,"With the right arm, grab the block.",new,xvla/arm_select/arm_select_ep500039_result.json,ca172db855cf810d16fadd1b3dba84b5a2640b7f33939931294a0a55ba8a88e9
xvla,stack_sequence,0,100008,red>green>blue,failure,0,1200,1200,action_limit,"Put red block down, green block on red block, blue block on green block.",reused,xvla/stack_sequence/stack_sequence_ep100008_result.json,453f270fed497f82ebbc604d703e768efd808b2630cb150666ccf069f10efb7d
xvla,stack_sequence,0,100009,red>blue>green,failure,0,1200,1200,action_limit,Stack green block over blue block and blue block over red block.,reused,xvla/stack_sequence/stack_sequence_ep100009_result.json,c0fe20baf422538a40b729e6dc85f9eb46146236458934dec00c0513b2ade443
xvla,stack_sequence,0,100010,green>red>blue,failure,0,1200,1200,action_limit,"From the bottom up: green block, then red block, then blue block.",reused,xvla/stack_sequence/stack_sequence_ep100010_result.json,0559a2e12d8b3e7c58bf5d888069b6a5a2ecc56a97683b2e00dd93abd68f4a24
xvla,stack_sequence,0,100011,green>blue>red,failure,0,1200,1200,action_limit,"Bottom to top, the order is green block, blue block, red block.",reused,xvla/stack_sequence/stack_sequence_ep100011_result.json,a1260a0a4aaea6879d70e4dbb6b09a50922962b3a2f2dd4eb75909f1947a6734
xvla,stack_sequence,0,100012,blue>red>green,failure,0,1200,1200,action_limit,"Place blue block at the base, add red block, and top it with green block.",reused,xvla/stack_sequence/stack_sequence_ep100012_result.json,49e642502e32a89b5eb404be6da4493a79882b89395a43852f0217466da7e9da
xvla,stack_sequence,0,100013,blue>green>red,failure,0,1200,1200,action_limit,"First set blue block, then green block, then red block at the very top.",reused,xvla/stack_sequence/stack_sequence_ep100013_result.json,765a48859406f20f588ac3d5636cd05b295292b04d6d30d3cae1900e718a3bad
xvla,stack_sequence,1,100014,red>green>blue,failure,0,1200,1200,action_limit,"First set red block, then green block, then blue block at the very top.",reused,xvla/stack_sequence/stack_sequence_ep100014_result.json,94ea97ae9851371753f8bb0c4dcd65ebe2e16b322adb2e83568bb60c939154e2
xvla,stack_sequence,1,100015,red>blue>green,failure,0,1200,1200,action_limit,"From the bottom up: red block, then blue block, then green block.",reused,xvla/stack_sequence/stack_sequence_ep100015_result.json,33e726648f331ff08ee32929d29e0dd3ad92d36cebfa822c069eb4d3687d0840
xvla,stack_sequence,1,100016,green>red>blue,failure,0,1200,1200,action_limit,"Build a column: green block lowest, then red block, then blue block on top.",reused,xvla/stack_sequence/stack_sequence_ep100016_result.json,99a8ddba45f1539bc68388fcb9cf8fa61092ac0e9cfcda4f8ef214af3bd22d09
xvla,stack_sequence,1,100017,green>blue>red,failure,0,1200,1200,action_limit,"Put green block down, blue block on green block, red block on blue block.",reused,xvla/stack_sequence/stack_sequence_ep100017_result.json,260a349809f1a75b92b6801a301d56058f67a924e986d040c994879441dbbff6
xvla,stack_sequence,1,100018,blue>red>green,failure,0,1200,1200,action_limit,"From the bottom up: blue block, then red block, then green block.",reused,xvla/stack_sequence/stack_sequence_ep100018_result.json,e03b2f5d1f6c6dea697f7b09df18f31ba885899f6840c22c348c536a5cafa200
xvla,stack_sequence,1,100019,blue>green>red,failure,0,1200,1200,action_limit,"Rest green block on blue block, then rest red block on green block.",reused,xvla/stack_sequence/stack_sequence_ep100019_result.json,6df00ea1f78e942538f5d67d19365c98dcf6d16054082c06701aeb904208e59d
xvla,stack_sequence,2,100020,red>green>blue,failure,0,1200,1200,action_limit,"Lay red block first, green block second, blue block third, each on the last.",reused,xvla/stack_sequence/stack_sequence_ep100020_result.json,b048bfc30bc29fbdfc50c6b1a2af7ab430cea396d723317eb6789d5a4dc98935
xvla,stack_sequence,2,100021,red>blue>green,failure,0,1200,1200,action_limit,"Order the tower red block, blue block, green block from bottom to top.",reused,xvla/stack_sequence/stack_sequence_ep100021_result.json,01affd17a5446ba3cc291b848b8c03feed62095ac30e44f4b10777adc30117cc
xvla,stack_sequence,2,100022,green>red>blue,failure,0,1200,1200,action_limit,"Put green block down, red block on green block, blue block on red block.",reused,xvla/stack_sequence/stack_sequence_ep100022_result.json,f15a7d0b4c08b9d6f230b70eaae8ad20fbe26442f2f32e67065b63523fc972e1
xvla,stack_sequence,2,100023,green>blue>red,failure,0,1200,1200,action_limit,"Place green block at the base, add blue block, and top it with red block.",reused,xvla/stack_sequence/stack_sequence_ep100023_result.json,8f99c69f37c5fee8505a95aa30c06cfe3583a241b741794ab39798b8025dceb1
xvla,stack_sequence,2,100024,blue>red>green,failure,0,1200,1200,action_limit,"Place blue block at the base, add red block, and top it with green block.",reused,xvla/stack_sequence/stack_sequence_ep100024_result.json,ce3638c0cbeab3afe76d7ac3cef84e53d9e7852494397db12921438c0d4b7cf8
xvla,stack_sequence,2,100025,blue>green>red,failure,0,1200,1200,action_limit,"First set blue block, then green block, then red block at the very top.",reused,xvla/stack_sequence/stack_sequence_ep100025_result.json,b2b808280766d0c3fb95beb22530c72aa88bd3bac9f5cb0c28b0d769290e2647
xvla,stack_sequence,3,100026,red>green>blue,failure,0,1200,1200,action_limit,"From the bottom up: red block, then green block, then blue block.",reused,xvla/stack_sequence/stack_sequence_ep100026_result.json,7de90c9d30c35be5655b2f5b4e9d11a98389d5884ca829ae8f7a38422c098272
xvla,stack_sequence,3,100027,red>blue>green,failure,0,1200,1200,action_limit,"Put red block down, blue block on red block, green block on blue block.",reused,xvla/stack_sequence/stack_sequence_ep100027_result.json,951582d4eca6776321eb8e780e908c0a16ce7194c855deab507a5c70205f752e
xvla,stack_sequence,3,100028,green>red>blue,failure,0,1200,1200,action_limit,"Bottom to top, the order is green block, red block, blue block.",reused,xvla/stack_sequence/stack_sequence_ep100028_result.json,1170b167720220cf9a92eff9204cd1126ab4dd8fc8554fa6eae54d1d11c2d30f
xvla,stack_sequence,3,100029,green>blue>red,failure,0,1200,1200,action_limit,"Lay green block first, blue block second, red block third, each on the last.",reused,xvla/stack_sequence/stack_sequence_ep100029_result.json,b743ecacf07f0e1510eecf5d56ba77233761e62187b174c2ba15b91996ccc3f6
xvla,stack_sequence,3,100030,blue>red>green,failure,0,1200,1200,action_limit,"Put blue block down, red block on blue block, green block on red block.",reused,xvla/stack_sequence/stack_sequence_ep100030_result.json,a0b347763faa2ac63be4b73bae8e7b5408664318a57f2034228d08bd358ade83
xvla,stack_sequence,3,100031,blue>green>red,failure,0,1200,1200,action_limit,Stack red block over green block and green block over blue block.,reused,xvla/stack_sequence/stack_sequence_ep100031_result.json,c3ab21b1e807991a685c71796ef0597bbfdb53e2ef841aa784d8b9ee958590af
xvla,stack_sequence,4,100032,red>green>blue,failure,0,1200,1200,action_limit,"From the bottom up: red block, then green block, then blue block.",reused,xvla/stack_sequence/stack_sequence_ep100032_result.json,9f4c39da2d26bee31b865a1ede6d59a0c01ed0bd77fcf30374aa02fff75bd670
xvla,stack_sequence,4,100033,red>blue>green,failure,0,1200,1200,action_limit,"Order the tower red block, blue block, green block from bottom to top.",reused,xvla/stack_sequence/stack_sequence_ep100033_result.json,38354f44e225f7323047fe8b7e844442484f393a1b43162245fc2347e90ecc7c
xvla,stack_sequence,4,100034,green>red>blue,failure,0,1200,1200,action_limit,"Rest red block on green block, then rest blue block on red block.",reused,xvla/stack_sequence/stack_sequence_ep100034_result.json,4f28022e1e4a826f48dcee2edb453542ccdd983388c594c62dcaeb86ec380acd
xvla,stack_sequence,4,100035,green>blue>red,failure,0,1200,1200,action_limit,"Build a column: green block lowest, then blue block, then red block on top.",reused,xvla/stack_sequence/stack_sequence_ep100035_result.json,945d91a24b97a972d28bd40edca27eb40183482eac8f7a73bef8a42bef3ad5c3
xvla,stack_sequence,4,100036,blue>red>green,failure,0,1200,1200,action_limit,"Lay blue block first, red block second, green block third, each on the last.",reused,xvla/stack_sequence/stack_sequence_ep100036_result.json,e8fd99812eb00ca25b730a5ce88b51e5fbead0432367672c8820da1efb2a649a
xvla,stack_sequence,4,100037,blue>green>red,failure,0,1200,1200,action_limit,"Bottom to top, the order is blue block, green block, red block.",reused,xvla/stack_sequence/stack_sequence_ep100037_result.json,3d8ecac08d42c40709aa8189b660154bf641ce781bb823fcf15bc8a95344352a
xvla,stack_sequence,5,100038,red>green>blue,failure,0,1200,1200,action_limit,Stack blue block over green block and green block over red block.,reused,xvla/stack_sequence/stack_sequence_ep100038_result.json,2142da695abb540d2ce14d5152fcf07222105bfe5efb035ba1ef4a5f538dcc1b
xvla,stack_sequence,5,100039,red>blue>green,failure,0,1200,1200,action_limit,"Build a column: red block lowest, then blue block, then green block on top.",reused,xvla/stack_sequence/stack_sequence_ep100039_result.json,4858dbc7722e1e8fef49318fe3eef871985b8b3c43c5525c8b66b21b53cbf8c8
xvla,stack_sequence,5,100040,green>red>blue,failure,0,1200,1200,action_limit,"Bottom to top, the order is green block, red block, blue block.",reused,xvla/stack_sequence/stack_sequence_ep100040_result.json,703eabc0fda69fc891432901b042f238602ee1e54537053cacce29f14251c029
xvla,stack_sequence,5,100041,green>blue>red,failure,0,1200,1200,action_limit,"Order the tower green block, blue block, red block from bottom to top.",reused,xvla/stack_sequence/stack_sequence_ep100041_result.json,89aa453eaa7d32ca661fc1d50ece46ca63040ea00eca63363a8a6ad1aa253458
xvla,stack_sequence,5,100042,blue>red>green,failure,0,1200,1200,action_limit,Stack green block over red block and red block over blue block.,reused,xvla/stack_sequence/stack_sequence_ep100042_result.json,e71153a40b95ad255a1617925e8791c3548faeaa4967fd17cc447825e935515c
xvla,stack_sequence,5,100043,blue>green>red,failure,0,1200,1200,action_limit,"Place blue block at the base, add green block, and top it with red block.",reused,xvla/stack_sequence/stack_sequence_ep100043_result.json,eff67ff34b0acca5e38164ab301d36d46cecbaf21f09f431bb873c4864588ae6
xvla,stack_sequence,6,100050,red>green>blue,failure,0,1200,1200,action_limit,"Put red block down, green block on red block, blue block on green block.",reused,xvla/stack_sequence/stack_sequence_ep100050_result.json,6a1551701eea2d532342dabb06864d65bf65580f4e1f1e6a01bc2a20bc459b34
xvla,stack_sequence,6,100051,red>blue>green,failure,0,1200,1200,action_limit,"Rest blue block on red block, then rest green block on blue block.",reused,xvla/stack_sequence/stack_sequence_ep100051_result.json,420716266a7bd12f35b7d9e4b10b8bbdb90f28e76996d443f9488d18fd98d592
xvla,stack_sequence,6,100052,green>red>blue,failure,0,1200,1200,action_limit,"Bottom to top, the order is green block, red block, blue block.",reused,xvla/stack_sequence/stack_sequence_ep100052_result.json,6cbac8133ec24bf854663e99ecd02f2d46fbaff9fa603218acd40dda2485d745
xvla,stack_sequence,6,100053,green>blue>red,failure,0,1200,1200,action_limit,"Bottom to top, the order is green block, blue block, red block.",reused,xvla/stack_sequence/stack_sequence_ep100053_result.json,be7e432ff61c24bae491c0d9b5916485c84ad7e0a9eda465f1180143242e8a23
xvla,stack_sequence,6,100054,blue>red>green,failure,0,1200,1200,action_limit,"First set blue block, then red block, then green block at the very top.",reused,xvla/stack_sequence/stack_sequence_ep100054_result.json,ec870a48e4b0fefcff051256fa0cc2e54a87c4412c81ff6e73cb4c8ad31bd05c
xvla,stack_sequence,6,100055,blue>green>red,failure,0,1200,1200,action_limit,"Put blue block down, green block on blue block, red block on green block.",reused,xvla/stack_sequence/stack_sequence_ep100055_result.json,bf7f20b489b152f786f1ece83cbf44f0fd5f44bafe3328869677bc07ee34ad5a
xvla,stack_sequence,7,100062,red>green>blue,failure,0,1200,1200,action_limit,"Put red block down, green block on red block, blue block on green block.",reused,xvla/stack_sequence/stack_sequence_ep100062_result.json,17b4a9d2e55581a7fa2c8822530aff626e83a1cee350580756bcf417ec5d9e10
xvla,stack_sequence,7,100063,red>blue>green,failure,0,1200,1200,action_limit,"Order the tower red block, blue block, green block from bottom to top.",reused,xvla/stack_sequence/stack_sequence_ep100063_result.json,a1f062bdcaae2d996d974c163e5a38f837be7dcc1beefa55597062342e95a9ea
xvla,stack_sequence,7,100064,green>red>blue,failure,0,1200,1200,action_limit,"Rest red block on green block, then rest blue block on red block.",reused,xvla/stack_sequence/stack_sequence_ep100064_result.json,e718cabedd961be3cb2706547a37fa545b5e09f17db436793fbf04847113f7b2
xvla,stack_sequence,7,100065,green>blue>red,failure,0,1200,1200,action_limit,"Build a column: green block lowest, then blue block, then red block on top.",reused,xvla/stack_sequence/stack_sequence_ep100065_result.json,b2e538ede81ca5bac2f190d69789a105cbb9f178c18106c7eed70e9ca66b7fa9
xvla,stack_sequence,7,100066,blue>red>green,failure,0,1200,1200,action_limit,"Put blue block down, red block on blue block, green block on red block.",reused,xvla/stack_sequence/stack_sequence_ep100066_result.json,5c5f88676b9310f975e03f50a29db5a012f0f1ab91ae3778f2246d149629d46b
xvla,stack_sequence,7,100067,blue>green>red,failure,0,1200,1200,action_limit,"Order the tower blue block, green block, red block from bottom to top.",reused,xvla/stack_sequence/stack_sequence_ep100067_result.json,7f9f248ca250ada50be8a970495494cfcfd31593e8960ae0ba56fed6e7ec75b8
xvla,stack_sequence,8,100068,red>green>blue,failure,0,1200,1200,action_limit,"From the bottom up: red block, then green block, then blue block.",reused,xvla/stack_sequence/stack_sequence_ep100068_result.json,f63454bc8e01d386ca1eabd1cdc4cf4ee6ef6d0b737e9e30a013d0293ec38710
xvla,stack_sequence,8,100069,red>blue>green,failure,0,1200,1200,action_limit,"Build a column: red block lowest, then blue block, then green block on top.",reused,xvla/stack_sequence/stack_sequence_ep100069_result.json,b49dbad0d17ef27d7722e4accacfca4e6acf60b0ffa813bf8e9904e7bef4c78d
xvla,stack_sequence,8,100070,green>red>blue,failure,0,1200,1200,action_limit,"Lay green block first, red block second, blue block third, each on the last.",reused,xvla/stack_sequence/stack_sequence_ep100070_result.json,860040a8ff18a3e158ae919e951e8a62fa51e142079549a950fbfc265c7558b4
xvla,stack_sequence,8,100071,green>blue>red,failure,0,1200,1200,action_limit,"Rest blue block on green block, then rest red block on blue block.",reused,xvla/stack_sequence/stack_sequence_ep100071_result.json,0189db6b08f3a8a044901eeacc0c0209c5702c3e26533163eb71cd33a7dd6a0b
xvla,stack_sequence,8,100072,blue>red>green,failure,0,1200,1200,action_limit,"Lay blue block first, red block second, green block third, each on the last.",reused,xvla/stack_sequence/stack_sequence_ep100072_result.json,ab3a5a2c903bdaffbe1febd53e6b605daf096f2f677054af3bb41953c703c556
xvla,stack_sequence,8,100073,blue>green>red,failure,0,1200,1200,action_limit,"First set blue block, then green block, then red block at the very top.",reused,xvla/stack_sequence/stack_sequence_ep100073_result.json,337abf6c3d95dde4848540e80eeefed8143f45e707a63208b93287d707f312b1
xvla,stack_sequence,9,100080,red>green>blue,failure,0,1200,1200,action_limit,"Build a column: red block lowest, then green block, then blue block on top.",reused,xvla/stack_sequence/stack_sequence_ep100080_result.json,9085d72c4e11889aea16784e21613ced34edcee2d7f35686b4c22fd44bb9d2d5
xvla,stack_sequence,9,100081,red>blue>green,failure,0,1200,1200,action_limit,Stack green block over blue block and blue block over red block.,reused,xvla/stack_sequence/stack_sequence_ep100081_result.json,f8709ba9d00c5cf9a36dbfc33c399e8d27b50ba7ac81d6fe851db1f16316e51c
xvla,stack_sequence,9,100082,green>red>blue,failure,0,1200,1200,action_limit,Stack blue block over red block and red block over green block.,reused,xvla/stack_sequence/stack_sequence_ep100082_result.json,2afbfb041702901c2dbed92a01f99f0ea44be9c2858e1dba65ba81501f9389c6
xvla,stack_sequence,9,100083,green>blue>red,failure,0,1200,1200,action_limit,"Lay green block first, blue block second, red block third, each on the last.",reused,xvla/stack_sequence/stack_sequence_ep100083_result.json,411b9de7d06aea4aa4ab0bd6fe8370b6671210180fbb824d379007f66ba8f2b4
xvla,stack_sequence,9,100084,blue>red>green,failure,0,1200,1200,action_limit,"Rest red block on blue block, then rest green block on red block.",reused,xvla/stack_sequence/stack_sequence_ep100084_result.json,97a59b432e7c05d5faa401791e8a49f7bb2869773dc937d277afe8c7b19cd176
xvla,stack_sequence,9,100085,blue>green>red,failure,0,1200,1200,action_limit,"Place blue block at the base, add green block, and top it with red block.",reused,xvla/stack_sequence/stack_sequence_ep100085_result.json,4f63c3d3bd41b7a69cc4827a499c0959b38f9e3291bfdf16b43d88c05f1fe161
xvla,stack_sequence,10,100092,red>green>blue,failure,0,1200,1200,action_limit,"Rest green block on red block, then rest blue block on green block.",reused,xvla/stack_sequence/stack_sequence_ep100092_result.json,da15cefffe7ef34b96ac62955371ef429022e3cbec9f87ebdf1700cf3a754575
xvla,stack_sequence,10,100093,red>blue>green,failure,0,1200,1200,action_limit,"Rest blue block on red block, then rest green block on blue block.",reused,xvla/stack_sequence/stack_sequence_ep100093_result.json,d3fea10d5bb563285e215afc5bf86eca978a1ff128c0febf09830b2d53980047
xvla,stack_sequence,10,100094,green>red>blue,failure,0,1200,1200,action_limit,"Rest red block on green block, then rest blue block on red block.",reused,xvla/stack_sequence/stack_sequence_ep100094_result.json,29cae2a3ac4c35265f6b86f7459df54882d9deec9cc9643da94815923fdb2518
xvla,stack_sequence,10,100095,green>blue>red,failure,0,1200,1200,action_limit,"Rest blue block on green block, then rest red block on blue block.",reused,xvla/stack_sequence/stack_sequence_ep100095_result.json,c25a0969105dee3374c17184bf1b73f9454ccdd8f299f38ccc63f750b8190a6c
xvla,stack_sequence,10,100096,blue>red>green,failure,0,1200,1200,action_limit,"Lay blue block first, red block second, green block third, each on the last.",reused,xvla/stack_sequence/stack_sequence_ep100096_result.json,54a91c610ed0a6fdcfad9720f6df2aea9bd27b74915d5250d6f443a37b9caaed
xvla,stack_sequence,10,100097,blue>green>red,failure,0,1200,1200,action_limit,"Rest green block on blue block, then rest red block on green block.",reused,xvla/stack_sequence/stack_sequence_ep100097_result.json,b2fd1f18d4d29e4d47277db4478217cb4fab510219ee188bdd8aaac40071af0e
xvla,stack_sequence,11,100098,red>green>blue,failure,0,1200,1200,action_limit,"Rest green block on red block, then rest blue block on green block.",reused,xvla/stack_sequence/stack_sequence_ep100098_result.json,360b55462ac5d5a86922745ba145c1036049c7ae13d52e740337287dfebaadbf
xvla,stack_sequence,11,100099,red>blue>green,failure,0,1200,1200,action_limit,"Order the tower red block, blue block, green block from bottom to top.",reused,xvla/stack_sequence/stack_sequence_ep100099_result.json,ff52323c1f73b2366f93919e8737a3eb179ec3bd5575e0acfc085008ab9192c8
xvla,stack_sequence,11,100100,green>red>blue,failure,0,1200,1200,action_limit,"Put green block down, red block on green block, blue block on red block.",reused,xvla/stack_sequence/stack_sequence_ep100100_result.json,454e2861e158a0f36789286d415483a9ccee3cdb7c4502cea06d685fdfd7ee16
xvla,stack_sequence,11,100101,green>blue>red,failure,0,1200,1200,action_limit,"Lay green block first, blue block second, red block third, each on the last.",reused,xvla/stack_sequence/stack_sequence_ep100101_result.json,dec8d795377013306a3bede621fa86bcc5c7ad1b837d76319c344d7fc7ee372b
xvla,stack_sequence,11,100102,blue>red>green,failure,0,1200,1200,action_limit,"Rest red block on blue block, then rest green block on red block.",reused,xvla/stack_sequence/stack_sequence_ep100102_result.json,4a0a7c53463a97b3fa953c4efa06ac2b0470a8e73edbd7103b6a40b840162502
xvla,stack_sequence,11,100103,blue>green>red,failure,0,1200,1200,action_limit,Stack red block over green block and green block over blue block.,reused,xvla/stack_sequence/stack_sequence_ep100103_result.json,c259bf8fe72cbd5f87ade2501803d33928786655680c151f7ab34c7590368474
xvla,stack_sequence,12,100104,red>green>blue,failure,0,1200,1200,action_limit,"Bottom to top, the order is red block, green block, blue block.",reused,xvla/stack_sequence/stack_sequence_ep100104_result.json,5e704dfc07189889ebb07a0741e2fc71956cdb7247718ede08664e6dee2e5d64
xvla,stack_sequence,12,100105,red>blue>green,failure,0,1200,1200,action_limit,"Rest blue block on red block, then rest green block on blue block.",reused,xvla/stack_sequence/stack_sequence_ep100105_result.json,11362da574006dff7d64c2dce72505f2e51689642dafdd41e1689f5c701b4a4d
xvla,stack_sequence,12,100106,green>red>blue,failure,0,1200,1200,action_limit,"From the bottom up: green block, then red block, then blue block.",reused,xvla/stack_sequence/stack_sequence_ep100106_result.json,b542ba3b13f8283e388d79c2eee16536fd8560c38c1503d62bab7ff42cd5bfdc
xvla,stack_sequence,12,100107,green>blue>red,failure,0,1200,1200,action_limit,"First set green block, then blue block, then red block at the very top.",reused,xvla/stack_sequence/stack_sequence_ep100107_result.json,58b9de4f37b3943a24e35ec4c89c20affb406b32801f348c79fe5e6b43db5a51
xvla,stack_sequence,12,100108,blue>red>green,failure,0,1200,1200,action_limit,"Put blue block down, red block on blue block, green block on red block.",reused,xvla/stack_sequence/stack_sequence_ep100108_result.json,7cce96a6f6b7a978a26bac7f14898db1f4a7adcdc39acf6b0ae4d16a382b7fa3
xvla,stack_sequence,12,100109,blue>green>red,failure,0,1200,1200,action_limit,"Build a column: blue block lowest, then green block, then red block on top.",reused,xvla/stack_sequence/stack_sequence_ep100109_result.json,0b42bd8bef37a4363d0ad98ec140d651cfe094ba81fc2084dd786ace142cb6fa
xvla,stack_sequence,13,100110,red>green>blue,failure,0,1200,1200,action_limit,"Place red block at the base, add green block, and top it with blue block.",reused,xvla/stack_sequence/stack_sequence_ep100110_result.json,33f85384b342091d4a3d9190b11142676eec3199fbd359b639d93d182596e46f
xvla,stack_sequence,13,100111,red>blue>green,failure,0,1200,1200,action_limit,Stack green block over blue block and blue block over red block.,reused,xvla/stack_sequence/stack_sequence_ep100111_result.json,e92f99d965994b81c460a15e1b7ad90885a9eb31765298cb748771eec8ec6655
xvla,stack_sequence,13,100112,green>red>blue,failure,0,1200,1200,action_limit,"Put green block down, red block on green block, blue block on red block.",reused,xvla/stack_sequence/stack_sequence_ep100112_result.json,e8b7126d5ac6ba6c451fe5a78e82701e5394ce2db1ae3e657afd8c027a109776
xvla,stack_sequence,13,100113,green>blue>red,failure,0,1200,1200,action_limit,"Lay green block first, blue block second, red block third, each on the last.",reused,xvla/stack_sequence/stack_sequence_ep100113_result.json,5c8f2c487199261b4988af5e298ac216d3b008faa4a5bcda9c6dbc3ce4367e85
xvla,stack_sequence,13,100114,blue>red>green,failure,0,1200,1200,action_limit,"Place blue block at the base, add red block, and top it with green block.",reused,xvla/stack_sequence/stack_sequence_ep100114_result.json,108f39fe7dc2850602751f174b704facb13c4bff9abe49d516d220dc11ce1f94
xvla,stack_sequence,13,100115,blue>green>red,failure,0,1200,1200,action_limit,"First set blue block, then green block, then red block at the very top.",reused,xvla/stack_sequence/stack_sequence_ep100115_result.json,0225ae137aab99875d01dc6318764b3a3f662198fd4858b14bbf6cccaca67d23
xvla,stack_sequence,14,100116,red>green>blue,failure,0,1200,1200,action_limit,"Place red block at the base, add green block, and top it with blue block.",reused,xvla/stack_sequence/stack_sequence_ep100116_result.json,9991f8f02e8418dfd93c392f3d4625c1ce0f4066a7094ad0cae47f4b3af612de
xvla,stack_sequence,14,100117,red>blue>green,failure,0,1200,1200,action_limit,"Build a column: red block lowest, then blue block, then green block on top.",reused,xvla/stack_sequence/stack_sequence_ep100117_result.json,1fc38bfdfff5b1f4c7bb0614a31dad3dc0fd39cc3ed2ea9133761d36be268a8d
xvla,stack_sequence,14,100118,green>red>blue,failure,0,1200,1200,action_limit,"Build a column: green block lowest, then red block, then blue block on top.",reused,xvla/stack_sequence/stack_sequence_ep100118_result.json,d62c36adb00813b53eb777fe58277ca8ad3a649a8cd429f0299d432537ff9714
xvla,stack_sequence,14,100119,green>blue>red,failure,0,1200,1200,action_limit,Stack red block over blue block and blue block over green block.,reused,xvla/stack_sequence/stack_sequence_ep100119_result.json,aa9e81b425f00ed117b1002445313b44e4f1ad06da475928ecc21695bb94e620
xvla,stack_sequence,14,100120,blue>red>green,failure,0,1200,1200,action_limit,"Order the tower blue block, red block, green block from bottom to top.",reused,xvla/stack_sequence/stack_sequence_ep100120_result.json,573af3044d8ba5ea2c2b0624987ce6184571ca0a297338cc2112e63509e66264
xvla,stack_sequence,14,100121,blue>green>red,failure,0,1200,1200,action_limit,"Order the tower blue block, green block, red block from bottom to top.",reused,xvla/stack_sequence/stack_sequence_ep100121_result.json,a288e1982b0e8027c8a3f65e819259a3d68ae0340f8ad8a5f6a0ffb7b5a33af8
xvla,stack_sequence,15,100140,red>green>blue,failure,0,1200,1200,action_limit,"Rest green block on red block, then rest blue block on green block.",reused,xvla/stack_sequence/stack_sequence_ep100140_result.json,e73576fe2783181f09a26c7f9fe7b272b555ad4993da7f3c4bddc9adbdb70584
xvla,stack_sequence,15,100141,red>blue>green,failure,0,1200,1200,action_limit,"Place red block at the base, add blue block, and top it with green block.",reused,xvla/stack_sequence/stack_sequence_ep100141_result.json,31ed7613a2cd0967e26d39e42f87da479713fb6af2d645326d0603c18b303f54
xvla,stack_sequence,15,100142,green>red>blue,failure,0,1200,1200,action_limit,"Put green block down, red block on green block, blue block on red block.",reused,xvla/stack_sequence/stack_sequence_ep100142_result.json,63bcdfaf403330d1435f4527bc4f2d666afa902f1a3b88aa020b307f501e6b9f
xvla,stack_sequence,15,100143,green>blue>red,failure,0,1200,1200,action_limit,"Bottom to top, the order is green block, blue block, red block.",reused,xvla/stack_sequence/stack_sequence_ep100143_result.json,4deb21b910fb7dface853800900266851ca9b639bdf077c3df61f58c7002a0f7
xvla,stack_sequence,15,100144,blue>red>green,failure,0,1200,1200,action_limit,"First set blue block, then red block, then green block at the very top.",reused,xvla/stack_sequence/stack_sequence_ep100144_result.json,57cb915908e5deb970e7e98409baea145b0da5f7b03d24db6d3908a2ac3413fd
xvla,stack_sequence,15,100145,blue>green>red,failure,0,1200,1200,action_limit,"Lay blue block first, green block second, red block third, each on the last.",reused,xvla/stack_sequence/stack_sequence_ep100145_result.json,ac9bf841b7d7957577c428a0f4c6681f8f76e2db61a9f908211810af9df0fc07
xvla,stack_sequence,16,100146,red>green>blue,failure,0,1200,1200,action_limit,"From the bottom up: red block, then green block, then blue block.",reused,xvla/stack_sequence/stack_sequence_ep100146_result.json,1f4aade164426e11e26d5a70646c7ed76f915214f4487d2969bbf59ec4d4fca2
xvla,stack_sequence,16,100147,red>blue>green,failure,0,1200,1200,action_limit,Stack green block over blue block and blue block over red block.,reused,xvla/stack_sequence/stack_sequence_ep100147_result.json,320a451105e41b9f2cb7700c30e6b1be4d5698fda9c533f5ef252855e8a0cdaf
xvla,stack_sequence,16,100148,green>red>blue,failure,0,1200,1200,action_limit,"Lay green block first, red block second, blue block third, each on the last.",reused,xvla/stack_sequence/stack_sequence_ep100148_result.json,0ea8225d5453a5db61fda92e4cb4ff582bdb5c331d574444ff43ec9464d35105
xvla,stack_sequence,16,100149,green>blue>red,failure,0,1200,1200,action_limit,"Build a column: green block lowest, then blue block, then red block on top.",reused,xvla/stack_sequence/stack_sequence_ep100149_result.json,2569a862338bed35d14495b84bf144934e7fb330552dbb13497481c65085eb46
xvla,stack_sequence,16,100150,blue>red>green,failure,0,1200,1200,action_limit,"Bottom to top, the order is blue block, red block, green block.",reused,xvla/stack_sequence/stack_sequence_ep100150_result.json,6506d9f95dda8c1b871579cdd4453d7a28d8c441e614d2398e870f44ac20ebd1
xvla,stack_sequence,16,100151,blue>green>red,failure,0,1200,1200,action_limit,"Place blue block at the base, add green block, and top it with red block.",reused,xvla/stack_sequence/stack_sequence_ep100151_result.json,02af3fc41fd34b66b34e1b9cf6c7a60fd6fe4e63490d0b876612d25264b01512
xvla,stack_sequence,17,100152,red>green>blue,failure,0,1200,1200,action_limit,"Place red block at the base, add green block, and top it with blue block.",reused,xvla/stack_sequence/stack_sequence_ep100152_result.json,8e1f019021bf65773f42f1afbb8549cabf2bca6da6acd99a0fa1de8857c9fa82
xvla,stack_sequence,17,100153,red>blue>green,failure,0,1200,1200,action_limit,"Lay red block first, blue block second, green block third, each on the last.",reused,xvla/stack_sequence/stack_sequence_ep100153_result.json,8631c87521c203a343cb7972f36e4080388bf6fe699fb651b22a92bb6003f0de
xvla,stack_sequence,17,100154,green>red>blue,failure,0,1200,1200,action_limit,Stack blue block over red block and red block over green block.,reused,xvla/stack_sequence/stack_sequence_ep100154_result.json,11b92a2e42aeae71a02a635d7fa6da7716a22bc475e07faec7512fddc466604d
xvla,stack_sequence,17,100155,green>blue>red,failure,0,1200,1200,action_limit,"From the bottom up: green block, then blue block, then red block.",reused,xvla/stack_sequence/stack_sequence_ep100155_result.json,67bd109f7e281d4cf0c8f9d0951175137a497ceb56f60c9767ccc11c2430a11b
xvla,stack_sequence,17,100156,blue>red>green,failure,0,1200,1200,action_limit,"From the bottom up: blue block, then red block, then green block.",reused,xvla/stack_sequence/stack_sequence_ep100156_result.json,1453dbf268f7c6da10f47e75b4fd3183ff21fa85262f7eab73513fbbea0bc8cd
xvla,stack_sequence,17,100157,blue>green>red,failure,0,1200,1200,action_limit,"Build a column: blue block lowest, then green block, then red block on top.",reused,xvla/stack_sequence/stack_sequence_ep100157_result.json,2d9c6e10bc20072c50e5e389cd990309ddf078db6486e5e2af8e0abcb26b5fef
xvla,stack_sequence,18,100158,red>green>blue,failure,0,1200,1200,action_limit,"Bottom to top, the order is red block, green block, blue block.",reused,xvla/stack_sequence/stack_sequence_ep100158_result.json,befee3bd1548622e9e27c15da40125b31ced801b0b3d6dff4f1530b0f587342c
xvla,stack_sequence,18,100159,red>blue>green,failure,0,1200,1200,action_limit,"Order the tower red block, blue block, green block from bottom to top.",reused,xvla/stack_sequence/stack_sequence_ep100159_result.json,c575df3a323e6200a9fa427823d86bc8009a5c809b69267a1562ec2d49837663
xvla,stack_sequence,18,100160,green>red>blue,failure,0,1200,1200,action_limit,"Lay green block first, red block second, blue block third, each on the last.",reused,xvla/stack_sequence/stack_sequence_ep100160_result.json,0e2e25fecf408ceb66fef3edd11a102ddde4a6918891c3ffad50189fb916144c
xvla,stack_sequence,18,100161,green>blue>red,failure,0,1200,1200,action_limit,"From the bottom up: green block, then blue block, then red block.",reused,xvla/stack_sequence/stack_sequence_ep100161_result.json,71d49fa023ed4cc69056f204ce31287dd5b0097f602855d6f20276465e414955
xvla,stack_sequence,18,100162,blue>red>green,failure,0,1200,1200,action_limit,"Put blue block down, red block on blue block, green block on red block.",reused,xvla/stack_sequence/stack_sequence_ep100162_result.json,1aeead13ada27195bf87a7e751547d98a9eabd0af17eed890cd13c4c7fbaa2cf
xvla,stack_sequence,18,100163,blue>green>red,failure,0,1200,1200,action_limit,Stack red block over green block and green block over blue block.,reused,xvla/stack_sequence/stack_sequence_ep100163_result.json,343f115f105db67ba1fd399803fdd6abe970cfb1756e9fa935c04c218ccd5e2a
xvla,stack_sequence,19,100170,red>green>blue,failure,0,1200,1200,action_limit,"First set red block, then green block, then blue block at the very top.",reused,xvla/stack_sequence/stack_sequence_ep100170_result.json,c3b58b65cd8af738c72c3b9738d0f6182daa699c41c08245bee303358b1d88c5
xvla,stack_sequence,19,100171,red>blue>green,failure,0,1200,1200,action_limit,"From the bottom up: red block, then blue block, then green block.",reused,xvla/stack_sequence/stack_sequence_ep100171_result.json,a959578346e77eb8e267d7af9b60dc055e9e74b3b46c8cc1ac2d097091ae7e42
xvla,stack_sequence,19,100172,green>red>blue,failure,0,1200,1200,action_limit,"From the bottom up: green block, then red block, then blue block.",reused,xvla/stack_sequence/stack_sequence_ep100172_result.json,91e3049ba7a9b1ff4cc1a1636380b81c986e0a1fb5a3b71da49ca92dfd1eca54
xvla,stack_sequence,19,100173,green>blue>red,failure,0,1200,1200,action_limit,"Bottom to top, the order is green block, blue block, red block.",reused,xvla/stack_sequence/stack_sequence_ep100173_result.json,e8a5237bf1e42ddc3ea7e20580680b064f8eed0966579f086f89824a55d8e91b
xvla,stack_sequence,19,100174,blue>red>green,failure,0,1200,1200,action_limit,"Rest red block on blue block, then rest green block on red block.",reused,xvla/stack_sequence/stack_sequence_ep100174_result.json,05ccf0e73f94f213d7fddbd037d808c52c5f8bb6fa51f54c2ec358f257e3a70a
xvla,stack_sequence,19,100175,blue>green>red,failure,0,1200,1200,action_limit,"Put blue block down, green block on blue block, red block on green block.",reused,xvla/stack_sequence/stack_sequence_ep100175_result.json,b9041c959899fc3ad5b975c8701cea365e59259e358be421fb5c791e92758f2d
xvla,place_relative,0,100005,left,failure,0,400,400,action_limit,Grab the black remotecontrol and set it to the left of the red tea-box,reused,xvla/place_relative/place_relative_ep100005_result.json,d5b47f3379a880087ba8a565821e6584a544e7fe13aa70138ac0254e0b9e98e5
xvla,place_relative,0,100006,right,failure,0,400,400,action_limit,Grab the black remotecontrol and set it to the right of the red tea-box,reused,xvla/place_relative/place_relative_ep100006_result.json,db2344a41225a25c8301dfbe78951c629c090bf9afea3581c20765143db40825
xvla,place_relative,0,100009,on_top,failure,0,400,400,action_limit,Grab the black remotecontrol and set it on top of the red tea-box,reused,xvla/place_relative/place_relative_ep100009_result.json,88832fb5237346c3614413f2583f5447db827cdf464194a2e96b26a22dfc1e95
xvla,place_relative,1,100010,left,failure,0,400,400,action_limit,Pick up the red can and move it to the left of the red tea-box,reused,xvla/place_relative/place_relative_ep100010_result.json,cfa5174634781619a09f6df4142d13006f9b70b73ee64064359e28c2b62527d6
xvla,place_relative,1,100011,right,failure,0,400,400,action_limit,Pick up the red can and move it to the right of the red tea-box,reused,xvla/place_relative/place_relative_ep100011_result.json,003c6e4be8798c5d07ae93da529fca5be85d6799bcbe6fc08abf73e21d29da36
xvla,place_relative,1,100014,on_top,failure,0,400,400,action_limit,Use the left arm to grab the red can and place it on top of the red tea-box,reused,xvla/place_relative/place_relative_ep100014_result.json,fb55bd5f2fad586d85579d74821b382a6b0c17c9ad2b28865077d29e48e664bf
xvla,place_relative,2,100015,left,failure,0,400,400,action_limit,Use the left arm to grab the blue soap and place it to the left of the red tea-box,reused,xvla/place_relative/place_relative_ep100015_result.json,d9253fbbb86ff626f3809b9a5e6cab04ad1692347e378e776c5827fb100896f0
xvla,place_relative,2,100016,right,failure,0,400,400,action_limit,Lift the blue soap and set it to the right of the red tea-box,reused,xvla/place_relative/place_relative_ep100016_result.json,db060526dc04aa37a5d962f101823519e937f17205ce6f71a143a7672d6bed9c
xvla,place_relative,2,100019,on_top,failure,0,400,400,action_limit,"Use the left arm to pick up the blue soap, set it on top of the red tea-box",reused,xvla/place_relative/place_relative_ep100019_result.json,bc9caa34e16a995534667d9d2fefa49503afcc1066a244c5b27a658931db75e4
xvla,place_relative,3,100020,left,failure,0,400,400,action_limit,Lift the gray mouse and set it to the left of the brown coffee-box,reused,xvla/place_relative/place_relative_ep100020_result.json,d6155c8a829fb8409bb69b5b2d4cc242c5d9724cb11f735e9b2158eb3767ea1e
xvla,place_relative,3,100021,right,failure,0,400,400,action_limit,Use the left arm to grab the gray mouse and place it to the right of the brown coffee-box,reused,xvla/place_relative/place_relative_ep100021_result.json,fbd1a332e84da3fb5dd6df6a83a03b92604670ca3ff0b64a58c48cae6befb28b
xvla,place_relative,3,100024,on_top,failure,0,400,400,action_limit,Grab the gray mouse and set it on top of the brown coffee-box,reused,xvla/place_relative/place_relative_ep100024_result.json,a2d939d841dc4a0642cfe3098f9f8907b8c10871e85bcac72ef11162f32bd457
xvla,place_relative,4,100025,left,success,1,230,400,task_success,Pick up the green toycar and move it to the left of the brown coffee-box,reused,xvla/place_relative/place_relative_ep100025_result.json,07c318b69b404a7161dfa11fd85e9cb015bf97bac427e2a6ea9042e255f37530
xvla,place_relative,4,100026,right,failure,0,400,400,action_limit,Pick up the green toycar and move it to the right of the brown coffee-box,reused,xvla/place_relative/place_relative_ep100026_result.json,745db621da8942ed871877fa5fb7e6246059abbf5ac3e5e601c8efc46c645cc2
xvla,place_relative,4,100029,on_top,failure,0,400,400,action_limit,Use the left arm to grab the green toycar and place it on top of the brown coffee-box,reused,xvla/place_relative/place_relative_ep100029_result.json,b9a325f941ba93c8c3e40187cd977ac5a003dbfce0b3d5769cb4d1d3648e4b9d
xvla,place_relative,5,100030,left,failure,0,400,400,action_limit,Use the right arm to grab the red stapler and place it to the left of the brown coffee-box,reused,xvla/place_relative/place_relative_ep100030_result.json,a8776bbcaa6917d86888069a0a3ea681903b2a8f0dc1f742a5b87c5493ff15fc
xvla,place_relative,5,100031,right,success,1,175,400,task_success,"Use the right arm to pick up the red stapler, set it to the right of the brown coffee-box",reused,xvla/place_relative/place_relative_ep100031_result.json,a22ef3145dd24d6bb46812ba79896cd748367c3655b37cfbb932ba2bd72edfff
xvla,place_relative,5,100034,on_top,failure,0,400,400,action_limit,Grab the red stapler and set it on top of the brown coffee-box,reused,xvla/place_relative/place_relative_ep100034_result.json,b7d96cc18666c236d7fd1f230c00565778ef3f07b8bba51d0ce98bb29b15946e
xvla,place_relative,6,100040,left,failure,0,400,400,action_limit,Pick up the red can and move it to the left of the brown coffee-box,reused,xvla/place_relative/place_relative_ep100040_result.json,b48cfe8e60e000ec4152abff7efe6a177682f86864c3ed2998df91039e4fe8ba
xvla,place_relative,6,100041,right,failure,0,400,400,action_limit,Relocate the red can to the right of the brown coffee-box,reused,xvla/place_relative/place_relative_ep100041_result.json,121f8019d48e905a88985e797cdd370a0faa717bae6c4d0cc2a9e08925ba0dbd
xvla,place_relative,6,100044,on_top,failure,0,400,400,action_limit,Relocate the red can on top of the brown coffee-box,reused,xvla/place_relative/place_relative_ep100044_result.json,8e51f5c192b4b4cbbe2a15e72a9a99533c831e2285e1f0656ba2c46563a3999e
xvla,place_relative,7,100045,left,success,1,328,400,task_success,Grab the blue soap and set it to the left of the brown coffee-box,reused,xvla/place_relative/place_relative_ep100045_result.json,553555a9cbdb53d2bcd40f596fcae4d9692bb16ee102fb2f9cc2b574b53d9681
xvla,place_relative,7,100046,right,failure,0,400,400,action_limit,"Use the left arm to pick up the blue soap, set it to the right of the brown coffee-box",reused,xvla/place_relative/place_relative_ep100046_result.json,8053b14b5accc601fd6314400a0ca84d614fed75a76d8e3aae95cf48321baf5a
xvla,place_relative,7,100049,on_top,failure,0,400,400,action_limit,Lift the blue soap and set it on top of the brown coffee-box,reused,xvla/place_relative/place_relative_ep100049_result.json,c8c0cfd3840ee433938aac1211fcde04e0202c42b7a2b7364e673bf95064933f
xvla,place_relative,8,100050,left,failure,0,400,400,action_limit,Use the right arm to grab the gray mouse and place it to the left of the red tea-box,reused,xvla/place_relative/place_relative_ep100050_result.json,d3785408bbe7adacba12511920e1c70ede0b101fb9b675d1edd51debf1ee652d
xvla,place_relative,8,100051,right,failure,0,400,400,action_limit,Lift the gray mouse and set it to the right of the red tea-box,reused,xvla/place_relative/place_relative_ep100051_result.json,232d6eaeaa83668e0af79a02b47a02ed41b7ca4524da8581326f8030886ea9f0
xvla,place_relative,8,100054,on_top,failure,0,400,400,action_limit,Lift the gray mouse and set it on top of the red tea-box,reused,xvla/place_relative/place_relative_ep100054_result.json,7317c8f4af7a074da6b49c71b65aa56e7c35e49408b2a4ca8cc256a0a56a553c
xvla,place_relative,9,100055,left,failure,0,400,400,action_limit,Grab the green toycar and set it to the left of the red tea-box,reused,xvla/place_relative/place_relative_ep100055_result.json,bff8cf98d009aa61bfde307136a4f30ff84192383b0a498c9804f188e4dcfc06
xvla,place_relative,9,100056,right,failure,0,400,400,action_limit,Grab the green toycar and set it to the right of the red tea-box,reused,xvla/place_relative/place_relative_ep100056_result.json,7e6ac29cb72e34b49456b01cf701b43ccb1064ad2a69c5c7694ebd0cb503edd7
xvla,place_relative,9,100059,on_top,failure,0,400,400,action_limit,Pick up the green toycar and move it on top of the red tea-box,reused,xvla/place_relative/place_relative_ep100059_result.json,66a4132b120cf0de45245309c32bc4298a72013431133a8e9c6829b62f6e5399
xvla,place_relative,10,100060,left,failure,0,400,400,action_limit,Use the left arm to grab the red stapler and place it to the left of the red tea-box,reused,xvla/place_relative/place_relative_ep100060_result.json,6c9c6b8536503e72c48f614701764b271566c06ba3c4f726d9d8790cb9def4f9
xvla,place_relative,10,100061,right,failure,0,400,400,action_limit,Pick up the red stapler and move it to the right of the red tea-box,reused,xvla/place_relative/place_relative_ep100061_result.json,560cf9d8b489f95ec33e0aa476a7e7f81c17e124f96a4c161a9b3a30a3e77379
xvla,place_relative,10,100064,on_top,failure,0,400,400,action_limit,"Use the left arm to pick up the red stapler, set it on top of the red tea-box",reused,xvla/place_relative/place_relative_ep100064_result.json,ac6db15b0f200c7e404cffd0893435689511a109f97a8a6398f8dd00d10e5f32
xvla,place_relative,11,100065,left,failure,0,400,400,action_limit,Grab the black remotecontrol and set it to the left of the red tea-box,reused,xvla/place_relative/place_relative_ep100065_result.json,62bde06e273fd46b7909e96d7e6ae9b4f4a3e1e3510bc63c70e9a8515bfe2b36
xvla,place_relative,11,100066,right,failure,0,400,400,action_limit,"Use the left arm to pick up the black remotecontrol, set it to the right of the red tea-box",reused,xvla/place_relative/place_relative_ep100066_result.json,eeca44e9f05c3416eb80d5ef76523623300f700a26e906ec1a6d2cff07dbe309
xvla,place_relative,11,100069,on_top,failure,0,400,400,action_limit,Pick up the black remotecontrol and move it on top of the red tea-box,reused,xvla/place_relative/place_relative_ep100069_result.json,b7d4971083e204052269c9af384b47c0babe174dc4a73715862a6a8f05384886
xvla,place_relative,12,100070,left,failure,0,400,400,action_limit,Relocate the red can to the left of the red tea-box,reused,xvla/place_relative/place_relative_ep100070_result.json,00d81b62b67fd890a8518b940a1a21f132e08a02b171605aa7ada1d7c2b81709
xvla,place_relative,12,100071,right,failure,0,400,400,action_limit,Relocate the red can to the right of the red tea-box,reused,xvla/place_relative/place_relative_ep100071_result.json,97dfe046e9163dc7c20ac593808a0eabff5a0c49f10d81e58f2ebcbe3b504e68
xvla,place_relative,12,100074,on_top,failure,0,400,400,action_limit,Relocate the red can on top of the red tea-box,reused,xvla/place_relative/place_relative_ep100074_result.json,8d0a3eb2f540de46e135945f9d0354fc3701147880d4e3cf72c88d51a46c5e92
xvla,place_relative,13,100075,left,failure,0,400,400,action_limit,"Use the right arm to pick up the blue soap, set it to the left of the red tea-box",reused,xvla/place_relative/place_relative_ep100075_result.json,34ba9bb77fb013f35f33143818f25dcefd38aa6072be56a92a72ad3b32580998
xvla,place_relative,13,100076,right,failure,0,400,400,action_limit,Pick up the blue soap and move it to the right of the red tea-box,reused,xvla/place_relative/place_relative_ep100076_result.json,eca47ba7c0744817d5d625f55e80997060bc25124ddfabf63b878bb3d7aadde3
xvla,place_relative,13,100079,on_top,failure,0,400,400,action_limit,Grab the blue soap and set it on top of the red tea-box,reused,xvla/place_relative/place_relative_ep100079_result.json,f84948f0348613d1af3bdecc02790434d67e90967002f326a3a98d0899800f49
xvla,place_relative,14,100080,left,success,1,147,400,task_success,Grab the gray mouse and set it to the left of the brown coffee-box,reused,xvla/place_relative/place_relative_ep100080_result.json,cf573cf64ca48db63a8e5789db499ea154e1bed2b6ce01a9fb55dc7cb896fcf5
xvla,place_relative,14,100081,right,failure,0,400,400,action_limit,"Use the left arm to pick up the gray mouse, set it to the right of the brown coffee-box",reused,xvla/place_relative/place_relative_ep100081_result.json,525347263b468fe127bce0bf5a66baacb91924bfe3438c37e6b5659d508093c3
xvla,place_relative,14,100084,on_top,failure,0,400,400,action_limit,Grab the gray mouse and set it on top of the brown coffee-box,reused,xvla/place_relative/place_relative_ep100084_result.json,bcfb70d10ab051a1f7673a3e9cdbe2387c12fe311773e9d7c647456a1adca881
xvla,place_relative,15,100085,left,failure,0,400,400,action_limit,Lift the green toycar and set it to the left of the brown coffee-box,reused,xvla/place_relative/place_relative_ep100085_result.json,cbc63077ebbd4dfbea2abaa80cdd9d389809db63ef07f48084f53b69c8005075
xvla,place_relative,15,100086,right,failure,0,400,400,action_limit,"Use the right arm to pick up the green toycar, set it to the right of the brown coffee-box",reused,xvla/place_relative/place_relative_ep100086_result.json,8068349ff9a1a5c2c901cd4155a0668e76920145b2e0195ebad2453835ffde33
xvla,place_relative,15,100089,on_top,failure,0,400,400,action_limit,Lift the green toycar and set it on top of the brown coffee-box,reused,xvla/place_relative/place_relative_ep100089_result.json,41d35f09f65776c50e6d591681d4fd1e3a64399d1fc9c4e539312f0247ef85b5
xvla,place_relative,16,100095,left,failure,0,400,400,action_limit,"Use the right arm to pick up the black remotecontrol, set it to the left of the brown coffee-box",reused,xvla/place_relative/place_relative_ep100095_result.json,72a1478343be391679c6df3812af9fcd6680f22392e4d1e3e45b6e963ded27b6
xvla,place_relative,16,100096,right,success,1,241,400,task_success,Relocate the black remotecontrol to the right of the brown coffee-box,reused,xvla/place_relative/place_relative_ep100096_result.json,ecc68d7caafe90c803288d44d137e459bdc9816229c6836b57fb10b48d9b6529
xvla,place_relative,16,100099,on_top,failure,0,400,400,action_limit,Lift the black remotecontrol and set it on top of the brown coffee-box,reused,xvla/place_relative/place_relative_ep100099_result.json,82afdf7d71884291f40d45dfb711282d84b4c0eb6a326d4f045f458039cf1f57
xvla,place_relative,17,100100,left,failure,0,400,400,action_limit,"Use the right arm to pick up the red can, set it to the left of the brown coffee-box",reused,xvla/place_relative/place_relative_ep100100_result.json,b600d5fd400a0882870de3621d1d1b0f14b1baa3c236c7f3da3216f9987e12ad
xvla,place_relative,17,100101,right,failure,0,400,400,action_limit,"Use the right arm to pick up the red can, set it to the right of the brown coffee-box",reused,xvla/place_relative/place_relative_ep100101_result.json,3a5b67d2a42428303d98a22f1ba14b96e9c78dc822f3f1d14f00b7edc152af6b
xvla,place_relative,17,100104,on_top,failure,0,400,400,action_limit,Pick up the red can and move it on top of the brown coffee-box,reused,xvla/place_relative/place_relative_ep100104_result.json,ce44cffa60d7ef61497dab9d04de5324926b76a79c70c6f72354b0c58decfc1d
xvla,place_relative,18,100105,left,failure,0,400,400,action_limit,Use the right arm to grab the blue soap and place it to the left of the brown coffee-box,reused,xvla/place_relative/place_relative_ep100105_result.json,3bc6dc49a4545e8e2ac31453e0532772ed15caf41a1e44ece7851a5a2be44c3f
xvla,place_relative,18,100106,right,failure,0,400,400,action_limit,Grab the blue soap and set it to the right of the brown coffee-box,reused,xvla/place_relative/place_relative_ep100106_result.json,91e6d2f57e24c0266b568d97a4ee5c085da23632e1b75e2b2cbd06c733d4de2a
xvla,place_relative,18,100109,on_top,failure,0,400,400,action_limit,Relocate the blue soap on top of the brown coffee-box,reused,xvla/place_relative/place_relative_ep100109_result.json,827cb58c37fbca94aef080dec9ebc9027187cb67437e20687bd4607f246de032
xvla,place_relative,19,100110,left,success,1,380,400,task_success,Use the left arm to grab the gray mouse and place it to the left of the red tea-box,reused,xvla/place_relative/place_relative_ep100110_result.json,0fdeb998a4e455f61fc02ddc7a11b06f04257286efc2b1a3fc56a84a897c7b57
xvla,place_relative,19,100111,right,failure,0,400,400,action_limit,Grab the gray mouse and set it to the right of the red tea-box,reused,xvla/place_relative/place_relative_ep100111_result.json,59d9a69591f5cae87d8a88c4bbbc486d3f77f3ceddf12f18c75c2883c9b7d8df
xvla,place_relative,19,100114,on_top,failure,0,400,400,action_limit,Use the left arm to grab the gray mouse and place it on top of the red tea-box,reused,xvla/place_relative/place_relative_ep100114_result.json,f378f065d40879a1e3840ba0eed7b3fda13e194d09ae2c6f95d9b4260da29d12
lingbot_va,bottle_verb,0,100002,pick,failure,0,700,700,action_limit,pick up the curvy yellow plastic bottle gently.,reused,lingbot_va/bottle_verb/bottle_verb_ep100002_result.json,d8b6b7e6cf4c374ab47cced5b270de9e9b922464eb0a3c5c73ec378df4c7ae9f
lingbot_va,bottle_verb,0,100003,shake,success,1,136,700,task_success,shake the smooth bottle with blue text gently.,reused,lingbot_va/bottle_verb/bottle_verb_ep100003_result.json,dea5fb8da68c65250e0a62ffc6d90dbdd5bf257b0e0027345645f347222d974b
lingbot_va,bottle_verb,1,100004,pick,failure,0,700,700,action_limit,Please grab the curvy yellow plastic bottle with the left arm.,reused,lingbot_va/bottle_verb/bottle_verb_ep100004_result.json,062e3da98f65b4b8ac50eaf0f6f27dd4f9068d832bdf59b8253a467c8c6e39e5
lingbot_va,bottle_verb,1,100005,shake,success,1,137,700,task_success,shake the yellow bottle with white cap using the left arm.,reused,lingbot_va/bottle_verb/bottle_verb_ep100005_result.json,209e2a70f225af7f144aab65a48f0e67ff91cfee5487d0e748331a7fbd15e5f5
lingbot_va,bottle_verb,2,100006,pick,failure,0,700,700,action_limit,Kindly lift the bottle with printed label.,reused,lingbot_va/bottle_verb/bottle_verb_ep100006_result.json,6c1f150388be3a4535d2ac44e16912457463ee684deb2a47a84f8f8af1d80f38
lingbot_va,bottle_verb,2,100007,shake,success,1,134,700,task_success,Kindly shake the bottle with printed label.,reused,lingbot_va/bottle_verb/bottle_verb_ep100007_result.json,37bb98125d82fb6f5ba934c5c7984a8f781ebdb735b2f389967a020cf6475f30
lingbot_va,bottle_verb,3,100008,pick,failure,0,700,700,action_limit,Please pick up the yellow bottle for liquid storage with the right arm.,reused,lingbot_va/bottle_verb/bottle_verb_ep100008_result.json,6a2850f2594bb2f091959b02a72b5605186ef1ec39f55f0c214c32c799ab4ca6
lingbot_va,bottle_verb,3,100009,shake,success,1,137,700,task_success,shake the yellow bottle for liquid storage with care.,reused,lingbot_va/bottle_verb/bottle_verb_ep100009_result.json,b6bc17fb21c6f446f31d2f1ee431d961cb8b14b6c7de0cba29385fa8673b4a39
lingbot_va,bottle_verb,4,100010,pick,failure,0,700,700,action_limit,grab the medium-sized plastic bottle with capped top gently.,reused,lingbot_va/bottle_verb/bottle_verb_ep100010_result.json,5ed90f88110d7cebdab895715a9dd1f083a7ea61f69ddeae6298acbfea833a1b
lingbot_va,bottle_verb,4,100011,shake,success,1,136,700,task_success,Please shake the medium-sized plastic bottle with capped top with the left arm.,reused,lingbot_va/bottle_verb/bottle_verb_ep100011_result.json,71fd043eb73d267c2d78af71c9e655f62e00d2800b5383241017b947ba8c1594
lingbot_va,bottle_verb,5,100016,pick,failure,0,700,700,action_limit,Kindly grab the bottle with ridged orange grip.,reused,lingbot_va/bottle_verb/bottle_verb_ep100016_result.json,da9482ecd303df3d7d846ca5059638cec47defd5e0ac3a26cd47942a6794600c
lingbot_va,bottle_verb,5,100017,shake,success,1,159,700,task_success,Please shake the white capped orange plastic bottle with the left arm.,reused,lingbot_va/bottle_verb/bottle_verb_ep100017_result.json,fc508bdb1d4e9a0be3df131e2d22d813efd605b666b13c6ef7afddb1ba4ce2f8
lingbot_va,bottle_verb,6,100018,pick,failure,0,700,700,action_limit,Kindly lift the smooth bottle with blue text.,reused,lingbot_va/bottle_verb/bottle_verb_ep100018_result.json,6285f0b036b071387f2fdcb6671d50542a28908d2a0fb54c5a427040f851554d
lingbot_va,bottle_verb,6,100019,shake,success,1,133,700,task_success,shake the smooth bottle with blue text gently.,reused,lingbot_va/bottle_verb/bottle_verb_ep100019_result.json,a875fbf6060a8f714dd3d2ebbe4e3757b6c4a4fb7f196b5a513d59fc821197d3
lingbot_va,bottle_verb,7,100020,pick,failure,0,700,700,action_limit,pick up the handheld orange bottle with care.,reused,lingbot_va/bottle_verb/bottle_verb_ep100020_result.json,19000320bf278d9625b2138a36bb588b4df2a03613304b82d2c342658e2bc791
lingbot_va,bottle_verb,7,100021,shake,success,1,134,700,task_success,shake the label-covered orange bottle gently.,reused,lingbot_va/bottle_verb/bottle_verb_ep100021_result.json,959d095c0d9d06bb0d7cc25ecdb252ca0218b762d6765c823c346c852a56c832
lingbot_va,bottle_verb,8,100022,pick,failure,0,700,700,action_limit,grab the bottle with curved body carefully now.,reused,lingbot_va/bottle_verb/bottle_verb_ep100022_result.json,e43b589b28818e31f67b02680a8e686511dd875214254f65592fa2a1b66faa99
lingbot_va,bottle_verb,8,100023,shake,success,1,139,700,task_success,shake the bottle with curved body gently.,reused,lingbot_va/bottle_verb/bottle_verb_ep100023_result.json,26c9c4c9565573cda44d1f8b9f67f4552e235288f8ee8fd1b6a038305a7daef1
lingbot_va,bottle_verb,9,100024,pick,failure,0,700,700,action_limit,lift the bottle with curved neck design with the left arm.,reused,lingbot_va/bottle_verb/bottle_verb_ep100024_result.json,86b1198f08050de2aa10e641199ec71e4b35e3cf18c0c3b3ba0c18fdf968e799
lingbot_va,bottle_verb,9,100025,shake,success,1,149,700,task_success,shake the bottle with curved neck design for a moment.,reused,lingbot_va/bottle_verb/bottle_verb_ep100025_result.json,b5d0f1c497c4596f9bf326370964ff0bdc63354399c3aad84147ebfa848b022a
lingbot_va,bottle_verb,10,100026,pick,failure,0,700,700,action_limit,pick up the bottle with curved neck design using one arm.,reused,lingbot_va/bottle_verb/bottle_verb_ep100026_result.json,7a40aa93b96048b9ef091564f5b6450d7ca8a72e9919b8d3a52e4b2ddda4b76e
lingbot_va,bottle_verb,10,100027,shake,success,1,136,700,task_success,shake the blue-capped plastic bottle carefully now.,reused,lingbot_va/bottle_verb/bottle_verb_ep100027_result.json,8345e2254c1ff47e0aa16c466c48d72b3b510cbd2288193aae8b1c38a65e63d7
lingbot_va,bottle_verb,11,100030,pick,failure,0,700,700,action_limit,lift the blue-capped plastic bottle gently.,reused,lingbot_va/bottle_verb/bottle_verb_ep100030_result.json,e90df9727734409de82baf668bcce2bfea2cd040f97020dc5440b94b723c2097
lingbot_va,bottle_verb,11,100031,shake,success,1,160,700,task_success,shake the bottle with curved neck design gently.,reused,lingbot_va/bottle_verb/bottle_verb_ep100031_result.json,2f2f069f71e6a117155fa28942a2855b0568da35d2ba42cdaf5f36a408923261
lingbot_va,bottle_verb,12,100032,pick,failure,0,700,700,action_limit,Kindly pick up the bottle with curved body.,reused,lingbot_va/bottle_verb/bottle_verb_ep100032_result.json,80bb65fad34b2c36abec8ca27f6bdc90d1cebd1d19850240974ec6c450dd55e2
lingbot_va,bottle_verb,12,100033,shake,success,1,142,700,task_success,shake the bottle with curved body right away.,reused,lingbot_va/bottle_verb/bottle_verb_ep100033_result.json,6cfe63a0b5b1724797353ce53887d018b39335f680cd3ae83c1861ee62662c21
lingbot_va,bottle_verb,13,100038,pick,failure,0,700,700,action_limit,pick up the liquid container dark brown plastic with the left arm.,reused,lingbot_va/bottle_verb/bottle_verb_ep100038_result.json,67cfccc58de2219724cfadfbe810c10c7021978dcc59ffd379b54f903aa95345
lingbot_va,bottle_verb,13,100039,shake,success,1,92,700,task_success,shake the liquid container dark brown plastic carefully now.,reused,lingbot_va/bottle_verb/bottle_verb_ep100039_result.json,0018e5a6d3f449babba447f8c58609f8b7eb41d5d7475a44250ebee1fef00949
lingbot_va,bottle_verb,14,100042,pick,failure,0,700,700,action_limit,lift the light gray bottle right away.,reused,lingbot_va/bottle_verb/bottle_verb_ep100042_result.json,9bb4560b5c7d0979481ae3233705372dbc932aef1e4a7d3c1c5fd4e5d3315602
lingbot_va,bottle_verb,14,100043,shake,success,1,162,700,task_success,shake the light gray bottle with care.,reused,lingbot_va/bottle_verb/bottle_verb_ep100043_result.json,936afe11ff93bedb8a6af8e2f17c1412b1b87f4b326df6ebc0aad32d08f30f4e
lingbot_va,bottle_verb,15,100048,pick,failure,0,700,700,action_limit,lift the plastic bottle with printed label with the right arm.,reused,lingbot_va/bottle_verb/bottle_verb_ep100048_result.json,52684d2ec11723e4e3c74af4e1be980374359176bb297ee9c486022d53fee29a
lingbot_va,bottle_verb,15,100049,shake,success,1,149,700,task_success,shake the bottle with glossy surface right away.,reused,lingbot_va/bottle_verb/bottle_verb_ep100049_result.json,daaaa4c855caf380ab373a82bc5e63855bfa4dd755f22ca02a32c9ed99c88229
lingbot_va,bottle_verb,16,100050,pick,failure,0,700,700,action_limit,pick up the label-covered orange bottle with care.,reused,lingbot_va/bottle_verb/bottle_verb_ep100050_result.json,c4a736888b967e0da7782fc8c30d3054580da7f0be7e7adf19dff0a8f8c58cf6
lingbot_va,bottle_verb,16,100051,shake,success,1,153,700,task_success,shake the handheld orange bottle right away.,reused,lingbot_va/bottle_verb/bottle_verb_ep100051_result.json,0d897cd993f387e88e77fd7843aad5aceb3176e4a2477bdb36128e2928866a68
lingbot_va,bottle_verb,17,100052,pick,failure,0,700,700,action_limit,grab the bottle with red screw cap with the right arm.,reused,lingbot_va/bottle_verb/bottle_verb_ep100052_result.json,43c4cb47437ad936f61d0e88b634c3e17bd29e381d1c7a4aad6126cdb6cc4ed7
lingbot_va,bottle_verb,17,100053,shake,success,1,156,700,task_success,shake the bottle with red screw cap with care.,reused,lingbot_va/bottle_verb/bottle_verb_ep100053_result.json,49b2537aa238fe30cb8bca00d57f7112df425f439e672d95d966993765e8dfe2
lingbot_va,bottle_verb,18,100054,pick,failure,0,700,700,action_limit,lift the medium-sized plastic bottle with capped top gently.,reused,lingbot_va/bottle_verb/bottle_verb_ep100054_result.json,f88c4b823e430b4b73bd0528b5e239bfac8834cea7064efb667986ed199dee93
lingbot_va,bottle_verb,18,100055,shake,success,1,162,700,task_success,shake the medium-sized plastic bottle with capped top right away.,reused,lingbot_va/bottle_verb/bottle_verb_ep100055_result.json,426131e06e29c35fe2951dff56ca3a03658ed64fa7f35a72d69d5a6516dac6e6
lingbot_va,bottle_verb,19,100056,pick,failure,0,700,700,action_limit,pick up the yellow bottle for liquid storage gently.,reused,lingbot_va/bottle_verb/bottle_verb_ep100056_result.json,8eb292c6ef89f482accd125b29e2d8ef0e5c33e4edd8dd44313e6f97f05552ec
lingbot_va,bottle_verb,19,100057,shake,success,1,133,700,task_success,Please shake the yellow rectangular bottle with the left arm.,reused,lingbot_va/bottle_verb/bottle_verb_ep100057_result.json,b8345c1f492846908256cf8f8d6a904bc3c82e4b158601d6f83b046b423f71ca
lingbot_va,pick_diverse_object,0,100002,seen,success,1,78,400,task_success,Pick up the bread carefully using the left arm,reused,lingbot_va/pick_diverse_object/pick_diverse_object_ep100002_result.json,41014198b0e4ce0251074c2655cde029efa3dcf68c388eab9c5290215095dabe
lingbot_va,pick_diverse_object,0,100003,unseen,success,1,77,400,task_success,Lift the apple from the table using the left arm.,reused,lingbot_va/pick_diverse_object/pick_diverse_object_ep100003_result.json,b7ac5a16017fefe0d17298ab5078ebf90035508c4502a81ba8616e5c90045ecb
lingbot_va,pick_diverse_object,1,100004,seen,success,1,79,400,task_success,Pick up the coffee box carefully using the left arm,reused,lingbot_va/pick_diverse_object/pick_diverse_object_ep100004_result.json,d36e3d12c59fdd9af81ef9231caed33d28b31c74b3ddf8c24976fee7eceb345e
lingbot_va,pick_diverse_object,1,100005,unseen,success,1,76,400,task_success,Pick up the wooden mallet carefully using the left arm,reused,lingbot_va/pick_diverse_object/pick_diverse_object_ep100005_result.json,b23abea1fbf11d461eac70811aba99a140fa5965edf2ed9a0c815e3f339adbf1
lingbot_va,pick_diverse_object,2,100006,seen,success,1,76,400,task_success,Grab the mouse on the table and raise it.,reused,lingbot_va/pick_diverse_object/pick_diverse_object_ep100006_result.json,11150c5dc78d875152988ef59a7c400a3b6f6102c52e8df5f40bb5a9707e463c
lingbot_va,pick_diverse_object,2,100007,unseen,success,1,83,400,task_success,Pick up the paintbrush carefully using the left arm,reused,lingbot_va/pick_diverse_object/pick_diverse_object_ep100007_result.json,df130782511bbb37205aefb3262d1e6d18002b08294476d13b184966bb323d4a
lingbot_va,pick_diverse_object,3,100008,seen,failure,0,400,400,action_limit,Pick up the bottle using the correct arm,reused,lingbot_va/pick_diverse_object/pick_diverse_object_ep100008_result.json,ded3a8ff4b8919501c562c64a992c6fdcf5a0f8512539b1504f71a4bd21a0618
lingbot_va,pick_diverse_object,3,100009,unseen,success,1,141,400,task_success,Grab the dumbbell on the table and raise it.,reused,lingbot_va/pick_diverse_object/pick_diverse_object_ep100009_result.json,7ab7dafa6535e707b93f45d3b4e9009ccdadab2e23f13f7d29eb293836764fce
lingbot_va,pick_diverse_object,4,100012,seen,failure,0,400,400,action_limit,Grab the shoe on the table and raise it.,reused,lingbot_va/pick_diverse_object/pick_diverse_object_ep100012_result.json,8255db510a79f08b83ea3dbd7cff30c1318a35f2e9f5baf147b206f939684b0e
lingbot_va,pick_diverse_object,4,100013,unseen,failure,0,400,400,action_limit,Pick up the wooden mallet using the correct arm,reused,lingbot_va/pick_diverse_object/pick_diverse_object_ep100013_result.json,eb82a1f6aa0c5443954227dbe8c8452a8255afadf9fe688bd88a3c490d43f777
lingbot_va,pick_diverse_object,5,100014,seen,success,1,73,400,task_success,Pick up the mug carefully using the left arm,reused,lingbot_va/pick_diverse_object/pick_diverse_object_ep100014_result.json,4fc5167c168d4db8a47934bb83a864bacc3d250f7e8f44531ff267e72939b471
lingbot_va,pick_diverse_object,5,100015,unseen,success,1,80,400,task_success,Lift the paintbrush from the table using the right arm.,reused,lingbot_va/pick_diverse_object/pick_diverse_object_ep100015_result.json,30596f316efeda1e0248b94119e1a29ed2533e2e5e71726514416a86512834f2
lingbot_va,pick_diverse_object,6,100018,seen,success,1,76,400,task_success,Pick up the toy car carefully using the right arm,reused,lingbot_va/pick_diverse_object/pick_diverse_object_ep100018_result.json,8be494e8bd0e99a06b8375772648a1b2721592a21e680a69451ff45a49c70259
lingbot_va,pick_diverse_object,6,100019,unseen,success,1,79,400,task_success,Pick up the apple carefully using the right arm,reused,lingbot_va/pick_diverse_object/pick_diverse_object_ep100019_result.json,a40029015ee6138ea9b98096daae034caebc5777cbdc6c0aaf5f1e079277ef47
lingbot_va,pick_diverse_object,7,100020,seen,failure,0,400,400,action_limit,Grab the phone on the table and raise it.,reused,lingbot_va/pick_diverse_object/pick_diverse_object_ep100020_result.json,0788254495490179e0688c4a6f40d0baf69c21d01333950d4b3723c7869e777d
lingbot_va,pick_diverse_object,7,100021,unseen,success,1,79,400,task_success,Grab the wooden mallet on the table and raise it.,reused,lingbot_va/pick_diverse_object/pick_diverse_object_ep100021_result.json,f20973a78e074704076ffc58427a33fea3981bdcd95228b3a77c63580dedee90
lingbot_va,pick_diverse_object,8,100024,seen,failure,0,400,400,action_limit,Pick up the hamburger carefully using the right arm,reused,lingbot_va/pick_diverse_object/pick_diverse_object_ep100024_result.json,c4da24bc9eeac5c8903ff0577b7aa7caf16bda65244549228c378457ee1b784f
lingbot_va,pick_diverse_object,8,100025,unseen,success,1,53,400,task_success,Pick up the dumbbell carefully using the left arm,reused,lingbot_va/pick_diverse_object/pick_diverse_object_ep100025_result.json,3acc219d81b86ae6e5667f90d776490c18471ebf77dda3e58f3808899b9025cb
lingbot_va,pick_diverse_object,9,100034,seen,success,1,102,400,task_success,Lift the cup from the table using the left arm.,reused,lingbot_va/pick_diverse_object/pick_diverse_object_ep100034_result.json,9dd1caea409caa15762586eecee40cc3823d3a79c7bb234482aa909c09d30504
lingbot_va,pick_diverse_object,9,100035,unseen,success,1,75,400,task_success,Grab the apple on the table and raise it.,reused,lingbot_va/pick_diverse_object/pick_diverse_object_ep100035_result.json,671fc69441084555425dab030f94b7d5c921e2ea55805ab37062f4619164b7d7
lingbot_va,pick_diverse_object,10,100036,seen,failure,0,400,400,action_limit,Grab the shoe on the table and raise it.,reused,lingbot_va/pick_diverse_object/pick_diverse_object_ep100036_result.json,3467d6cf6242cfd08b92eab368871fab1b3f7f38e9401fee29b623101fef52be
lingbot_va,pick_diverse_object,10,100037,unseen,failure,0,400,400,action_limit,Lift the wooden mallet from the table using the right arm.,reused,lingbot_va/pick_diverse_object/pick_diverse_object_ep100037_result.json,643219fe31ffe0c9ac3cf9e8dc11ab8900dcb0df4d0c3f47c605bbc87b10d829
lingbot_va,pick_diverse_object,11,100038,seen,success,1,73,400,task_success,Lift the mug from the table using the left arm.,reused,lingbot_va/pick_diverse_object/pick_diverse_object_ep100038_result.json,f383fe6b7d77c8625e94cac3c89dde57fc74d07e04555cd0d27c0d1a47c0c7e5
lingbot_va,pick_diverse_object,11,100039,unseen,success,1,80,400,task_success,Grab the paintbrush on the table and raise it.,reused,lingbot_va/pick_diverse_object/pick_diverse_object_ep100039_result.json,69d5b3d176b78362b9fa203923a4b7528525c0a3916625453a5753ce9b332a4c
lingbot_va,pick_diverse_object,12,100040,seen,failure,0,400,400,action_limit,Grab the can on the table and raise it.,reused,lingbot_va/pick_diverse_object/pick_diverse_object_ep100040_result.json,948fbeaac841930b983ffc7d4872de1a49fa67924a2c8950dd714cdbce53644a
lingbot_va,pick_diverse_object,12,100041,unseen,success,1,160,400,task_success,Grab the dumbbell on the table and raise it.,reused,lingbot_va/pick_diverse_object/pick_diverse_object_ep100041_result.json,d0f52713a0dde5bab81a21763224a19210fecf81885fd792b44e7705c94a8a6f
lingbot_va,pick_diverse_object,13,100042,seen,success,1,76,400,task_success,Lift the toy car from the table using the right arm.,reused,lingbot_va/pick_diverse_object/pick_diverse_object_ep100042_result.json,686c87ae5a8b1a34147ecbd98406863531b15941dbfc54ec682325a4fef3ec12
lingbot_va,pick_diverse_object,13,100043,unseen,success,1,78,400,task_success,Pick up the apple using the correct arm,reused,lingbot_va/pick_diverse_object/pick_diverse_object_ep100043_result.json,558e869a64d6c7c251f07f49074ca95c13754ec53a4a8b7ea926332eb85c6358
lingbot_va,pick_diverse_object,14,100048,seen,success,1,77,400,task_success,Grab the hamburger on the table and raise it.,reused,lingbot_va/pick_diverse_object/pick_diverse_object_ep100048_result.json,3db176c3385d47af15703fae16f95df2b63d36aff821541f8ae160bd1498bc60
lingbot_va,pick_diverse_object,14,100049,unseen,success,1,93,400,task_success,Grab the dumbbell on the table and raise it.,reused,lingbot_va/pick_diverse_object/pick_diverse_object_ep100049_result.json,5887b6a2117eeafe279b06d722ce30cf4d83480c85ce848a0788b1061ec299cb
lingbot_va,pick_diverse_object,15,100052,seen,success,1,81,400,task_success,Pick up the coffee box using the correct arm,reused,lingbot_va/pick_diverse_object/pick_diverse_object_ep100052_result.json,2dc986b39ac1eec832b23e733886009daaf45aa76be183d7050c809fb3956bc0
lingbot_va,pick_diverse_object,15,100053,unseen,success,1,77,400,task_success,Pick up the wooden mallet using the correct arm,reused,lingbot_va/pick_diverse_object/pick_diverse_object_ep100053_result.json,2002f0f090db078dc58cefa08a9922ae74f14599697bd388ffade0460158b199
lingbot_va,pick_diverse_object,16,100054,seen,success,1,243,400,task_success,Grab the mouse on the table and raise it.,reused,lingbot_va/pick_diverse_object/pick_diverse_object_ep100054_result.json,b8190263cc6b822c403b88b1b795828d1d42a07cedf8957774bc32dc381cabdd
lingbot_va,pick_diverse_object,16,100055,unseen,failure,0,400,400,action_limit,Lift the paintbrush from the table using the right arm.,reused,lingbot_va/pick_diverse_object/pick_diverse_object_ep100055_result.json,7fe1b71913fd67acd37fd712afa6d2174aa158fe4b26b90db82d8ad1bfeac566
lingbot_va,pick_diverse_object,17,100056,seen,success,1,83,400,task_success,Grab the bottle on the table and raise it.,reused,lingbot_va/pick_diverse_object/pick_diverse_object_ep100056_result.json,37d89618c4b43fabe9907018fc96a849705ce92a25bc38a0a7429a7de7946de8
lingbot_va,pick_diverse_object,17,100057,unseen,success,1,76,400,task_success,Pick up the dumbbell carefully using the left arm,reused,lingbot_va/pick_diverse_object/pick_diverse_object_ep100057_result.json,9ae2648829cea2f92d0a52fcfc4d22193051efc3659b7731fea649c22d5bc140
lingbot_va,pick_diverse_object,18,100060,seen,success,1,84,400,task_success,Pick up the shoe carefully using the right arm,reused,lingbot_va/pick_diverse_object/pick_diverse_object_ep100060_result.json,78a127a30beea8b00abb37cb9adac1e4979f5e92042e9861e4dcbee384c335ea
lingbot_va,pick_diverse_object,18,100061,unseen,failure,0,400,400,action_limit,Grab the wooden mallet on the table and raise it.,reused,lingbot_va/pick_diverse_object/pick_diverse_object_ep100061_result.json,3e7c79f5642dd6e85c686593fa006efc000d7dc3bc512a13dc6c647af4c7653b
lingbot_va,pick_diverse_object,19,100066,seen,success,1,76,400,task_success,Lift the toy car from the table using the right arm.,reused,lingbot_va/pick_diverse_object/pick_diverse_object_ep100066_result.json,f9e7ccc4f78b173388303f9a23f7bd232149e687c9154ae9efe2ab1a9fc8cacd
lingbot_va,pick_diverse_object,19,100067,unseen,success,1,74,400,task_success,Lift the apple from the table using the right arm.,reused,lingbot_va/pick_diverse_object/pick_diverse_object_ep100067_result.json,df8a10367647860dd2aa6f82aa8f1459cb33721f360b09a746124a50d4158e3a
lingbot_va,attribute_select,0,100000,color:red,success,1,79,400,task_success,Reach for the red block and lift it.,reused,lingbot_va/attribute_select/attribute_select_ep100000_result.json,11daac473274af00284a77b3c7530f2534af9851c247f7139daa98b2efd84238
lingbot_va,attribute_select,0,100001,color:blue,success,1,86,400,task_success,Reach for the blue block and lift it.,reused,lingbot_va/attribute_select/attribute_select_ep100001_result.json,61a18b73a6cefa8b92c14cd58b2913ede9a265348f06a89a86a8b8a524729eb0
lingbot_va,attribute_select,0,100002,decal:cat,success,1,84,400,task_success,Fetch the block with a cat on it.,reused,lingbot_va/attribute_select/attribute_select_ep100002_result.json,9ad5140d0705ea26078fd75a293f5b1188a5d0a75df4944188df8d4379b56c22
lingbot_va,attribute_select,0,100003,decal:dog,failure,0,400,400,action_limit,Fetch the block with a dog on it.,reused,lingbot_va/attribute_select/attribute_select_ep100003_result.json,ecafb85bb6fd119f97e70b3a6448c34e6aecf12b073e65bf005d132abd36dfda
lingbot_va,attribute_select,0,100004,shape:block,success,1,80,400,task_success,Reach for the cube and lift it.,reused,lingbot_va/attribute_select/attribute_select_ep100004_result.json,eb27381e14a15b16eebe48036195d34775411cd058693d437c12174e673b8997
lingbot_va,attribute_select,0,100005,shape:bar,failure,0,400,400,action_limit,Fetch the long bar.,reused,lingbot_va/attribute_select/attribute_select_ep100005_result.json,a0128b66ac66cdd7b8f5985370687d0fe1328286b69ecb3b695d5821ea0db61c
lingbot_va,attribute_select,0,100006,size:big,failure,0,400,400,action_limit,Reach for the big block and lift it.,reused,lingbot_va/attribute_select/attribute_select_ep100006_result.json,be289da5332f71e251f73c21104740458f852ea08857e027a2169d17ad38e2dd
lingbot_va,attribute_select,0,100007,size:small,success,1,81,400,task_success,Fetch the small block.,reused,lingbot_va/attribute_select/attribute_select_ep100007_result.json,ea91a46094174cc0751209e415ea613453eda36ab25711799163a3e02dba7354
lingbot_va,attribute_select,1,100008,color:red,success,1,79,400,task_success,Fetch the red block.,reused,lingbot_va/attribute_select/attribute_select_ep100008_result.json,c6fd943aaa0c479517425f511a4b33303d69192e4ff6207070844cc0a8ad1c99
lingbot_va,attribute_select,1,100009,color:blue,success,1,82,400,task_success,Fetch the blue block.,reused,lingbot_va/attribute_select/attribute_select_ep100009_result.json,e9322df25d5db433c789b453ede6c34e3671b9d02ef74b26de0c84410456c6a6
lingbot_va,attribute_select,1,100010,decal:cat,failure,0,400,400,action_limit,Reach for the block with a cat on it and lift it.,reused,lingbot_va/attribute_select/attribute_select_ep100010_result.json,2a70e65259f96551e296c4a5ef5a915534678e5a59b1782410e91df007bfec5c
lingbot_va,attribute_select,1,100011,decal:dog,success,1,80,400,task_success,Reach for the block with a dog on it and lift it.,reused,lingbot_va/attribute_select/attribute_select_ep100011_result.json,f509b7c54d002128557753ac6553389137052dce39e921b3d7b1bb5bdf03e43f
lingbot_va,attribute_select,1,100012,shape:block,success,1,86,400,task_success,Fetch the cube.,reused,lingbot_va/attribute_select/attribute_select_ep100012_result.json,054337321235d59d9de0d80047e58dc45f7fa2b8f4c6ce4fbdc98ac9bdc8314d
lingbot_va,attribute_select,1,100013,shape:bar,success,1,81,400,task_success,Reach for the long bar and lift it.,reused,lingbot_va/attribute_select/attribute_select_ep100013_result.json,528b5e42ef560913b0ff641fe1c3bd619afcb2c5673ba15cd8532ef96f360c61
lingbot_va,attribute_select,1,100014,size:big,failure,0,400,400,action_limit,Fetch the big block.,reused,lingbot_va/attribute_select/attribute_select_ep100014_result.json,a5cd55328cddb8aa8df1f71ae1485020bedc950dc9a784bf68c107d3e8077dcf
lingbot_va,attribute_select,1,100015,size:small,success,1,80,400,task_success,Fetch the small block.,reused,lingbot_va/attribute_select/attribute_select_ep100015_result.json,d286823f096072504f7ed901d64d09d27757be1b8e5157ff23cd89e2e1fda46e
lingbot_va,attribute_select,2,100016,color:red,success,1,80,400,task_success,Reach for the red block and lift it.,reused,lingbot_va/attribute_select/attribute_select_ep100016_result.json,b20e72b56f340b6d488cd8a370f0334e5e024e1b42e233bbbece85af09ba4427
lingbot_va,attribute_select,2,100017,color:blue,success,1,236,400,task_success,Fetch the blue block.,reused,lingbot_va/attribute_select/attribute_select_ep100017_result.json,693e3f790fea1a5f4bb26de2e909c452e8130e083184974ec7d55ed15714efe8
lingbot_va,attribute_select,2,100018,decal:cat,success,1,83,400,task_success,Fetch the block with a cat on it.,reused,lingbot_va/attribute_select/attribute_select_ep100018_result.json,6001def8b997c4dcf4da4528a60f8d7cfe6a0a99481e87c2c08b6dd21de3ec00
lingbot_va,attribute_select,2,100019,decal:dog,success,1,80,400,task_success,Fetch the block with a dog on it.,reused,lingbot_va/attribute_select/attribute_select_ep100019_result.json,b3e7201b79cfcb098c55e5839048c12d75e0e607d39246c8e0d829878a19e259
lingbot_va,attribute_select,2,100020,shape:block,success,1,80,400,task_success,Reach for the cube and lift it.,reused,lingbot_va/attribute_select/attribute_select_ep100020_result.json,ef965cae2926cb48e6fd53cdb94c932c837b61cc3464c9c8b88a36c192318bdb
lingbot_va,attribute_select,2,100021,shape:bar,failure,0,400,400,action_limit,Fetch the long bar.,reused,lingbot_va/attribute_select/attribute_select_ep100021_result.json,4b25ab4002863e0177cbdfde06ed2442d3c29738f5a4d80dad45baab02732edf
lingbot_va,attribute_select,2,100022,size:big,failure,0,400,400,action_limit,Reach for the big block and lift it.,reused,lingbot_va/attribute_select/attribute_select_ep100022_result.json,30f424c865fc90d10cde317028930680dc73dfc8c3e1ef8b4559271e310b5b33
lingbot_va,attribute_select,2,100023,size:small,success,1,79,400,task_success,Fetch the small block.,reused,lingbot_va/attribute_select/attribute_select_ep100023_result.json,0e9e56c6ddf55e06497392d9d581e22af196a79e0da075f50ecb2e5ac47690bf
lingbot_va,attribute_select,3,100024,color:red,success,1,81,400,task_success,Fetch the red block.,reused,lingbot_va/attribute_select/attribute_select_ep100024_result.json,0209f60b1b33bbd73a0a62dace8404edcdccb44249bb97f6a9c88ccc713a08ad
lingbot_va,attribute_select,3,100025,color:blue,success,1,86,400,task_success,Reach for the blue block and lift it.,reused,lingbot_va/attribute_select/attribute_select_ep100025_result.json,1d1a1ff26146fc8ee09eae7c38ea491e2082cb16139ec55e928abdcc8231a413
lingbot_va,attribute_select,3,100026,decal:cat,success,1,80,400,task_success,Fetch the block with a cat on it.,reused,lingbot_va/attribute_select/attribute_select_ep100026_result.json,4169855595f62cf30871764772825319a47e6cead1d4ddfbe196933d51c68141
lingbot_va,attribute_select,3,100027,decal:dog,failure,0,400,400,action_limit,Reach for the block with a dog on it and lift it.,reused,lingbot_va/attribute_select/attribute_select_ep100027_result.json,6fb0ff65019d589c562d0d490f55381b0c56cfc5bb8533b3a48b9083505f54ef
lingbot_va,attribute_select,3,100028,shape:block,success,1,81,400,task_success,Reach for the cube and lift it.,reused,lingbot_va/attribute_select/attribute_select_ep100028_result.json,5712c5fc2c6c9d2a1a0269f5813c032fc787bbc3147dab1ac64d7d195a6c3146
lingbot_va,attribute_select,3,100029,shape:bar,success,1,80,400,task_success,Reach for the long bar and lift it.,reused,lingbot_va/attribute_select/attribute_select_ep100029_result.json,39b126c31b81fc08a4e33e17d353ebcea6cfe59fdd0747577846f51d82a9acab
lingbot_va,attribute_select,3,100030,size:big,failure,0,400,400,action_limit,Fetch the big block.,reused,lingbot_va/attribute_select/attribute_select_ep100030_result.json,94ecfe3191b0a1289159b4ed8fd595829c1c5f1194953ec22ae1bde56c3a8586
lingbot_va,attribute_select,3,100031,size:small,success,1,79,400,task_success,Fetch the small block.,reused,lingbot_va/attribute_select/attribute_select_ep100031_result.json,d13bc8da75c0475c9ab0f672b099ebe88f6334cf80455f02ad9e92f450aab5f4
lingbot_va,attribute_select,4,100032,color:red,success,1,79,400,task_success,Fetch the red block.,reused,lingbot_va/attribute_select/attribute_select_ep100032_result.json,5c6d57adb02e1a5b81446737d8fe1ebed9e1b58a7ac75c6f04beb3356f86d4b8
lingbot_va,attribute_select,4,100033,color:blue,success,1,80,400,task_success,Fetch the blue block.,reused,lingbot_va/attribute_select/attribute_select_ep100033_result.json,f5a15e8788b2e120f156fa1e60dbd4ac6a450dfad210c45c8bd76e4ea333e759
lingbot_va,attribute_select,4,100034,decal:cat,success,1,81,400,task_success,Fetch the block with a cat on it.,reused,lingbot_va/attribute_select/attribute_select_ep100034_result.json,138e7b0aa29187e1732d7061e95fc9d2eaefc27b818691b53af9ba58e0223624
lingbot_va,attribute_select,4,100035,decal:dog,success,1,82,400,task_success,Fetch the block with a dog on it.,reused,lingbot_va/attribute_select/attribute_select_ep100035_result.json,a102a177f60efb28d31379b108ad1cdd4676dbdf44dceab430bc37bdf59dcab3
lingbot_va,attribute_select,4,100036,shape:block,success,1,80,400,task_success,Fetch the cube.,reused,lingbot_va/attribute_select/attribute_select_ep100036_result.json,b14626aebc7fbf605cdee14391001de3565bae23909e6d0cfd0f0118d33305a4
lingbot_va,attribute_select,4,100037,shape:bar,success,1,85,400,task_success,Fetch the long bar.,reused,lingbot_va/attribute_select/attribute_select_ep100037_result.json,2c66cb021475685f77ae2c985e95e23b359e365e653f818757d99a24cd40c519
lingbot_va,attribute_select,4,100038,size:big,failure,0,400,400,action_limit,Fetch the big block.,reused,lingbot_va/attribute_select/attribute_select_ep100038_result.json,7e78f7ec50a4b3a4a073567ad1000c7179ff4cdf30610301d56891e8d59d77cb
lingbot_va,attribute_select,4,100039,size:small,success,1,79,400,task_success,Reach for the small block and lift it.,reused,lingbot_va/attribute_select/attribute_select_ep100039_result.json,83459d7ea255492ee7c24e4f45867fb1cf14d870e92ecb1fb99d61292d8d4a36
lingbot_va,attribute_select,5,100040,color:red,success,1,79,400,task_success,Fetch the red block.,reused,lingbot_va/attribute_select/attribute_select_ep100040_result.json,c1d49afebfeff57612d10f0ac470874425a054a9f46650a0978a562e88c0282f
lingbot_va,attribute_select,5,100041,color:blue,success,1,88,400,task_success,Fetch the blue block.,reused,lingbot_va/attribute_select/attribute_select_ep100041_result.json,ee367e44b1e9c78f9d82f830088d99db773d4a16391b7c5035290434c9fb7d1c
lingbot_va,attribute_select,5,100042,decal:cat,failure,0,400,400,action_limit,Reach for the block with a cat on it and lift it.,reused,lingbot_va/attribute_select/attribute_select_ep100042_result.json,864056f3caa5f6f70b73154ff84ec9003d40a73d54edabd978bdeabc0b3bcf1d
lingbot_va,attribute_select,5,100043,decal:dog,success,1,279,400,task_success,Reach for the block with a dog on it and lift it.,reused,lingbot_va/attribute_select/attribute_select_ep100043_result.json,0842eeb12a568f0a2bb91da94db4660ae5435da5f49caff82dcfe8be6d777fe4
lingbot_va,attribute_select,5,100044,shape:block,success,1,82,400,task_success,Reach for the cube and lift it.,reused,lingbot_va/attribute_select/attribute_select_ep100044_result.json,195cc1f5b0de6943a05437ca894ec0417dec2ef269fe58141083ec42e4fab939
lingbot_va,attribute_select,5,100045,shape:bar,failure,0,400,400,action_limit,Fetch the long bar.,reused,lingbot_va/attribute_select/attribute_select_ep100045_result.json,d2a7725c20aab7e4edbab1eaa0c5a5dea8945869ea000ee4a6b7d1680c6e39b7
lingbot_va,attribute_select,5,100046,size:big,failure,0,400,400,action_limit,Fetch the big block.,reused,lingbot_va/attribute_select/attribute_select_ep100046_result.json,57ce21b41b6213f9e8c1bcfa6e74c78396668d592d12cefb3debfe106d59653a
lingbot_va,attribute_select,5,100047,size:small,success,1,79,400,task_success,Fetch the small block.,reused,lingbot_va/attribute_select/attribute_select_ep100047_result.json,19baa6361ad044a23840e344f882043f6381664affa7f3b879e47e23e3b3085b
lingbot_va,attribute_select,6,100048,color:red,success,1,80,400,task_success,Fetch the red block.,reused,lingbot_va/attribute_select/attribute_select_ep100048_result.json,7a95641c43063472083b44afd484495f127c8673046fd6bfa2b09e95d225d0e2
lingbot_va,attribute_select,6,100049,color:blue,success,1,81,400,task_success,Fetch the blue block.,reused,lingbot_va/attribute_select/attribute_select_ep100049_result.json,2ee0ad006123b3cf74a30e21d4257287db1c348dfbd095f16c6b9200a306dd3e
lingbot_va,attribute_select,6,100050,decal:cat,failure,0,400,400,action_limit,Reach for the block with a cat on it and lift it.,reused,lingbot_va/attribute_select/attribute_select_ep100050_result.json,3f80a9f35c5dfe1f5c0e953d02b817ceacc94d74e4839ba16c73a8a5116118ea
lingbot_va,attribute_select,6,100051,decal:dog,success,1,81,400,task_success,Fetch the block with a dog on it.,reused,lingbot_va/attribute_select/attribute_select_ep100051_result.json,83c8bd8a6c270851959e905fff67928059c1706b647e43f50c5166bfae89b0b7
lingbot_va,attribute_select,6,100052,shape:block,success,1,80,400,task_success,Reach for the cube and lift it.,reused,lingbot_va/attribute_select/attribute_select_ep100052_result.json,ac3bcc7c07f054b8d5ab151d23631b77c6a348c70809d7eaa1ffdac25a546f94
lingbot_va,attribute_select,6,100053,shape:bar,failure,0,400,400,action_limit,Fetch the long bar.,reused,lingbot_va/attribute_select/attribute_select_ep100053_result.json,5309a77cdba239a7b96b17a81235a45223eaf9a85d386514e6ca124985b132bc
lingbot_va,attribute_select,6,100054,size:big,failure,0,400,400,action_limit,Fetch the big block.,reused,lingbot_va/attribute_select/attribute_select_ep100054_result.json,fa1fa14450c5566b8056478d92d958d4b161f14639021e4e58f2faafb59c8039
lingbot_va,attribute_select,6,100055,size:small,success,1,80,400,task_success,Reach for the small block and lift it.,reused,lingbot_va/attribute_select/attribute_select_ep100055_result.json,33bd3145cd0519d3154ea71b8f9f188267841ba4bb470987a4acde6236e91dc6
lingbot_va,attribute_select,7,100064,color:red,success,1,79,400,task_success,Fetch the red block.,reused,lingbot_va/attribute_select/attribute_select_ep100064_result.json,095908658cf1faadd690053313f8181cae76d6ea5f0e94e8c5048de05fb778b8
lingbot_va,attribute_select,7,100065,color:blue,success,1,279,400,task_success,Reach for the blue block and lift it.,reused,lingbot_va/attribute_select/attribute_select_ep100065_result.json,1eb9e62fde82873bb84b6f07e4d4b6580606ce10f9cd4bdad0d4b03a0ffa0ff6
lingbot_va,attribute_select,7,100066,decal:cat,success,1,83,400,task_success,Reach for the block with a cat on it and lift it.,reused,lingbot_va/attribute_select/attribute_select_ep100066_result.json,3e47669d8e6aa82c34cf578f0dcef2043d4f71b4e8c409df04bcf5c38456f7a0
lingbot_va,attribute_select,7,100067,decal:dog,success,1,83,400,task_success,Reach for the block with a dog on it and lift it.,reused,lingbot_va/attribute_select/attribute_select_ep100067_result.json,1017f28a0fe931e5cbec5ea753b2515b3e857d04ed1649bbe5a179bfb00b3517
lingbot_va,attribute_select,7,100068,shape:block,success,1,81,400,task_success,Reach for the cube and lift it.,reused,lingbot_va/attribute_select/attribute_select_ep100068_result.json,e4f2ae967f4c53dceb7975419de778582333ed8157fbdd590e96bd7028ee3cdc
lingbot_va,attribute_select,7,100069,shape:bar,failure,0,400,400,action_limit,Fetch the long bar.,reused,lingbot_va/attribute_select/attribute_select_ep100069_result.json,a77a887be549602aef289695c43ac70d95e839818d8f2e2f901542a114c62109
lingbot_va,attribute_select,7,100070,size:big,failure,0,400,400,action_limit,Reach for the big block and lift it.,reused,lingbot_va/attribute_select/attribute_select_ep100070_result.json,9e520ed7b4fe7982e2db49923d4346871850b4fd10fd69fd7b63a72614724f5f
lingbot_va,attribute_select,7,100071,size:small,success,1,80,400,task_success,Fetch the small block.,reused,lingbot_va/attribute_select/attribute_select_ep100071_result.json,f42bd2e605db5a10ad95402de628618b7e16a716079697c6553cefd4ae4876c3
lingbot_va,attribute_select,8,100072,color:red,success,1,80,400,task_success,Reach for the red block and lift it.,reused,lingbot_va/attribute_select/attribute_select_ep100072_result.json,08a55dbe1a57599bd70203fad25fa57fd9036f4f70390d9092489604d967ae1c
lingbot_va,attribute_select,8,100073,color:blue,failure,0,400,400,action_limit,Reach for the blue block and lift it.,reused,lingbot_va/attribute_select/attribute_select_ep100073_result.json,0c58f68207b2b759270b8dad65dc351c3c7325861ffb5492c6ec9171130d2bba
lingbot_va,attribute_select,8,100074,decal:cat,failure,0,400,400,action_limit,Fetch the block with a cat on it.,reused,lingbot_va/attribute_select/attribute_select_ep100074_result.json,42531d2de23b4e1ecbdcd563ef4bb52cf73b28643ff763a7f22900ad444cb782
lingbot_va,attribute_select,8,100075,decal:dog,success,1,81,400,task_success,Reach for the block with a dog on it and lift it.,reused,lingbot_va/attribute_select/attribute_select_ep100075_result.json,160d5795e2ef6bbdff531b1ca8f0dd5ade775f323d491b109589b149c8de0c7e
lingbot_va,attribute_select,8,100076,shape:block,success,1,80,400,task_success,Fetch the cube.,reused,lingbot_va/attribute_select/attribute_select_ep100076_result.json,735df9616540553eda28101b9ce4a676dec6e1b676b4db4dc45333b29f00b351
lingbot_va,attribute_select,8,100077,shape:bar,success,1,79,400,task_success,Reach for the long bar and lift it.,reused,lingbot_va/attribute_select/attribute_select_ep100077_result.json,b3308026809210be1e44af56c83858ea87a89f8c20ea89353d3c73239cdc8a17
lingbot_va,attribute_select,8,100078,size:big,failure,0,400,400,action_limit,Fetch the big block.,reused,lingbot_va/attribute_select/attribute_select_ep100078_result.json,729927f8c441ddd3407f7babfee4bbe4ebea523ff25f0213c84a61b83d60c035
lingbot_va,attribute_select,8,100079,size:small,success,1,80,400,task_success,Fetch the small block.,reused,lingbot_va/attribute_select/attribute_select_ep100079_result.json,cdd84b648c074638fed5d82580836c796c74d0b7ee690b500dcab8917d19752a
lingbot_va,attribute_select,9,100080,color:red,success,1,81,400,task_success,Fetch the red block.,reused,lingbot_va/attribute_select/attribute_select_ep100080_result.json,71a4b76530ee35d1b8f168d71a54cbb195d1d08a27a92a7dca93b81458125c49
lingbot_va,attribute_select,9,100081,color:blue,success,1,83,400,task_success,Reach for the blue block and lift it.,reused,lingbot_va/attribute_select/attribute_select_ep100081_result.json,b17b728b516f3bccf2d554f7e4386ad6fb4af8f438215fce2d0531588db42166
lingbot_va,attribute_select,9,100082,decal:cat,failure,0,400,400,action_limit,Reach for the block with a cat on it and lift it.,reused,lingbot_va/attribute_select/attribute_select_ep100082_result.json,1ef3856c1f6de4d65c3377e4bbdabf6cfa80bf2ecb9f8ef56346900c34c3f6b5
lingbot_va,attribute_select,9,100083,decal:dog,success,1,88,400,task_success,Reach for the block with a dog on it and lift it.,reused,lingbot_va/attribute_select/attribute_select_ep100083_result.json,8fbeaad6c49fa7c93d843295de2786e888a948e3f60e7f786893a34354c107a8
lingbot_va,attribute_select,9,100084,shape:block,success,1,81,400,task_success,Fetch the cube.,reused,lingbot_va/attribute_select/attribute_select_ep100084_result.json,a4f22d05419532b341a75e647f97c13597d1b3133dd892d04fdccc392fd07748
lingbot_va,attribute_select,9,100085,shape:bar,failure,0,400,400,action_limit,Fetch the long bar.,reused,lingbot_va/attribute_select/attribute_select_ep100085_result.json,4474e1f6afe1d422cb0766ca43348e5e0ff8cf18789feb69f6f870a807364809
lingbot_va,attribute_select,9,100086,size:big,failure,0,400,400,action_limit,Fetch the big block.,reused,lingbot_va/attribute_select/attribute_select_ep100086_result.json,60daaf683409b12c609cd7e56bc55719e74a566311d38457d72060f203bf14c2
lingbot_va,attribute_select,9,100087,size:small,success,1,80,400,task_success,Reach for the small block and lift it.,reused,lingbot_va/attribute_select/attribute_select_ep100087_result.json,004ec8d796d2e3bfdebc50e2183fbf5bf8568bf4e0054b5bb20aec88e373f85a
lingbot_va,attribute_select,10,100088,color:red,success,1,81,400,task_success,Fetch the red block.,reused,lingbot_va/attribute_select/attribute_select_ep100088_result.json,5b08f9ef66a7afc8c7aa9861ce98fe0273059b96b66a44328522cdaff96f023f
lingbot_va,attribute_select,10,100089,color:blue,success,1,81,400,task_success,Fetch the blue block.,reused,lingbot_va/attribute_select/attribute_select_ep100089_result.json,f9b2b9f375cd7e79a8bb3dacdb61e6415a8f59aa070f1dfcfb81ed5354c5c8ce
lingbot_va,attribute_select,10,100090,decal:cat,failure,0,400,400,action_limit,Reach for the block with a cat on it and lift it.,reused,lingbot_va/attribute_select/attribute_select_ep100090_result.json,1c75b80a0a11d1063e6495e05b5efed41b104318dd24f8784deca0be1e7e0ab4
lingbot_va,attribute_select,10,100091,decal:dog,success,1,81,400,task_success,Fetch the block with a dog on it.,reused,lingbot_va/attribute_select/attribute_select_ep100091_result.json,f0cc6ee4d42e36ff2255348956dca6218842ef583332df91585ab961c1bdca0e
lingbot_va,attribute_select,10,100092,shape:block,success,1,81,400,task_success,Reach for the cube and lift it.,reused,lingbot_va/attribute_select/attribute_select_ep100092_result.json,2d445215eafbc72c7f696e679f9cc50660f6042a47c84c19fa9aa52d5acbb45f
lingbot_va,attribute_select,10,100093,shape:bar,success,1,81,400,task_success,Reach for the long bar and lift it.,reused,lingbot_va/attribute_select/attribute_select_ep100093_result.json,b5004f3f14d313cd25f13b47da1ce5158522fa435483971c941765ed0f871fcc
lingbot_va,attribute_select,10,100094,size:big,failure,0,400,400,action_limit,Reach for the big block and lift it.,reused,lingbot_va/attribute_select/attribute_select_ep100094_result.json,c233fb9d3ec439232c8a0fb7045e748f75409ac90d3ca5f2dac64de9e3097b74
lingbot_va,attribute_select,10,100095,size:small,success,1,81,400,task_success,Reach for the small block and lift it.,reused,lingbot_va/attribute_select/attribute_select_ep100095_result.json,347b6688d59492c19cea8ff3f15559d763a0ef51ba72dbc48dce0061fba8a833
lingbot_va,attribute_select,11,100096,color:red,success,1,80,400,task_success,Reach for the red block and lift it.,reused,lingbot_va/attribute_select/attribute_select_ep100096_result.json,09712201fd4dbfae98b6dcf4d208dcdfc265f68a788b90dbc5f1313c28ebda96
lingbot_va,attribute_select,11,100097,color:blue,success,1,81,400,task_success,Fetch the blue block.,reused,lingbot_va/attribute_select/attribute_select_ep100097_result.json,6947db7290eb0d42d76876fb6f2d84ef3f721b1bb73b7cd87647e75de3e41830
lingbot_va,attribute_select,11,100098,decal:cat,failure,0,400,400,action_limit,Fetch the block with a cat on it.,reused,lingbot_va/attribute_select/attribute_select_ep100098_result.json,4a03c61c11a4f998caf9e8d4de5528efe487eeb7fd22adf459110717a14ca880
lingbot_va,attribute_select,11,100099,decal:dog,success,1,81,400,task_success,Fetch the block with a dog on it.,reused,lingbot_va/attribute_select/attribute_select_ep100099_result.json,fea6a538d8bc1790f0122fd918382a9770854a14b07c2495fad06be88ce35000
lingbot_va,attribute_select,11,100100,shape:block,success,1,80,400,task_success,Reach for the cube and lift it.,reused,lingbot_va/attribute_select/attribute_select_ep100100_result.json,3defb8fb9ca49827a6ce6c888eb45757857adb547b6a66be84b31129f1950528
lingbot_va,attribute_select,11,100101,shape:bar,failure,0,400,400,action_limit,Reach for the long bar and lift it.,reused,lingbot_va/attribute_select/attribute_select_ep100101_result.json,980db7b88c1e6b0d93bd664a64aa3955fc054bacc9cc57ea6290b62f989b83e5
lingbot_va,attribute_select,11,100102,size:big,failure,0,400,400,action_limit,Fetch the big block.,reused,lingbot_va/attribute_select/attribute_select_ep100102_result.json,ed52af2da5f4364ff6043b31af1885fcd18221fa22573ae75f2a10924ba62a41
lingbot_va,attribute_select,11,100103,size:small,success,1,81,400,task_success,Fetch the small block.,reused,lingbot_va/attribute_select/attribute_select_ep100103_result.json,1acf57c293347cf95ee82b2e22b3eebf75c4488c65ee25d7def2a8e6e5e79fb1
lingbot_va,attribute_select,12,100104,color:red,success,1,81,400,task_success,Reach for the red block and lift it.,reused,lingbot_va/attribute_select/attribute_select_ep100104_result.json,45fc7869d649f242a13f5e734a6dedd0d0051b19c6a69ad7a07921db2b679149
lingbot_va,attribute_select,12,100105,color:blue,success,1,255,400,task_success,Reach for the blue block and lift it.,reused,lingbot_va/attribute_select/attribute_select_ep100105_result.json,fbbf9d1b5742299c4d1b8ba02ab9f333b054a67cee120929dccbdc3d211e43c0
lingbot_va,attribute_select,12,100106,decal:cat,success,1,86,400,task_success,Reach for the block with a cat on it and lift it.,reused,lingbot_va/attribute_select/attribute_select_ep100106_result.json,21f7b75a1854336674ae1ee060cb5227967cf1bbbdbcf1de6e4b96ac60d59b8b
lingbot_va,attribute_select,12,100107,decal:dog,failure,0,400,400,action_limit,Reach for the block with a dog on it and lift it.,reused,lingbot_va/attribute_select/attribute_select_ep100107_result.json,7204e552a83be949d97d69bd2cffc8c7b278d093e8d3bc3ea856688102bcc856
lingbot_va,attribute_select,12,100108,shape:block,success,1,81,400,task_success,Reach for the cube and lift it.,reused,lingbot_va/attribute_select/attribute_select_ep100108_result.json,a400c03f42eedb979f9ffe42955c26ed8edab0a305dbdb0f95fdbcd0f03bad5f
lingbot_va,attribute_select,12,100109,shape:bar,failure,0,400,400,action_limit,Fetch the long bar.,reused,lingbot_va/attribute_select/attribute_select_ep100109_result.json,241e010ca6d5b1a04edc7c6f8450b24cdfa575335f122aa840f4a51dd746eab5
lingbot_va,attribute_select,12,100110,size:big,failure,0,400,400,action_limit,Reach for the big block and lift it.,reused,lingbot_va/attribute_select/attribute_select_ep100110_result.json,7631d14e9584ebc7e25760191b88ed015feec4523c4451a2cab63357384c09bf
lingbot_va,attribute_select,12,100111,size:small,success,1,80,400,task_success,Reach for the small block and lift it.,reused,lingbot_va/attribute_select/attribute_select_ep100111_result.json,54f7e74fdcfc43063c885a7fc814f5ccfdeb954ee5c7b0d950b57a652f9699c8
lingbot_va,attribute_select,13,100112,color:red,success,1,79,400,task_success,Reach for the red block and lift it.,reused,lingbot_va/attribute_select/attribute_select_ep100112_result.json,4f8fc3870477c87f1ca3aa99a6e0f6a5bdd7c02c50b4bbef0ff9f4827e8997a9
lingbot_va,attribute_select,13,100113,color:blue,success,1,79,400,task_success,Fetch the blue block.,reused,lingbot_va/attribute_select/attribute_select_ep100113_result.json,6b59424af0ec68b2e6b2b792812a7b5d313108537cc2bf93e796e164ebe9438a
lingbot_va,attribute_select,13,100114,decal:cat,failure,0,400,400,action_limit,Reach for the block with a cat on it and lift it.,reused,lingbot_va/attribute_select/attribute_select_ep100114_result.json,b7cfd16e7911e06bdc1dab39fdc1a80ac3fb29fd49e8f6d560cce70327e96748
lingbot_va,attribute_select,13,100115,decal:dog,success,1,81,400,task_success,Fetch the block with a dog on it.,reused,lingbot_va/attribute_select/attribute_select_ep100115_result.json,5f1aaa01dbd406992f6be18451ac438e951814f7c10cd905918b225a5ea566ae
lingbot_va,attribute_select,13,100116,shape:block,success,1,80,400,task_success,Fetch the cube.,reused,lingbot_va/attribute_select/attribute_select_ep100116_result.json,f3871ef82a8068dfcdddd252e2288c8a7dec74217e9622a1f3233576606d5aac
lingbot_va,attribute_select,13,100117,shape:bar,failure,0,400,400,action_limit,Fetch the long bar.,reused,lingbot_va/attribute_select/attribute_select_ep100117_result.json,1fbe0e563de3c324713150cd0830e0819a1ab5a966c045b885b800364b81704f
lingbot_va,attribute_select,13,100118,size:big,failure,0,400,400,action_limit,Reach for the big block and lift it.,reused,lingbot_va/attribute_select/attribute_select_ep100118_result.json,29bcff9cc3a8ba062236d527452af96ae97b0bfa2fddbda4d34d642e631bb2a0
lingbot_va,attribute_select,13,100119,size:small,success,1,81,400,task_success,Reach for the small block and lift it.,reused,lingbot_va/attribute_select/attribute_select_ep100119_result.json,1ab618d77e06f5718046f944226020a1f68de7424c1779825a407f0788eac5cd
lingbot_va,attribute_select,14,100120,color:red,success,1,79,400,task_success,Reach for the red block and lift it.,reused,lingbot_va/attribute_select/attribute_select_ep100120_result.json,dfe4afbaa1e4593937feddcf0b9c5f3ee81ac633fbf95e8e0be256a0ab3af4f7
lingbot_va,attribute_select,14,100121,color:blue,success,1,85,400,task_success,Fetch the blue block.,reused,lingbot_va/attribute_select/attribute_select_ep100121_result.json,88cab7caa8a984bc5f1caa08a35eeb9db17e8e06813adc2764ae4f9863e249d6
lingbot_va,attribute_select,14,100122,decal:cat,failure,0,400,400,action_limit,Fetch the block with a cat on it.,reused,lingbot_va/attribute_select/attribute_select_ep100122_result.json,c3415747956dc79e2553f9176528df49404fe9b19bc765a24b77db09ceab57fd
lingbot_va,attribute_select,14,100123,decal:dog,success,1,81,400,task_success,Fetch the block with a dog on it.,reused,lingbot_va/attribute_select/attribute_select_ep100123_result.json,aa7b46208e2b88f017debaadc42914302da92edf32a1df4498469dbaa7a5dbbb
lingbot_va,attribute_select,14,100124,shape:block,success,1,82,400,task_success,Fetch the cube.,reused,lingbot_va/attribute_select/attribute_select_ep100124_result.json,58a6451333034740f9f7d84fda4bedfae5b74d5369d1c47dd5b6374b3a1e48b6
lingbot_va,attribute_select,14,100125,shape:bar,success,1,86,400,task_success,Reach for the long bar and lift it.,reused,lingbot_va/attribute_select/attribute_select_ep100125_result.json,9d2fde61352687134c58fb8684439472c4b7341694e9514d0c1986e109d8afcf
lingbot_va,attribute_select,14,100126,size:big,failure,0,400,400,action_limit,Reach for the big block and lift it.,reused,lingbot_va/attribute_select/attribute_select_ep100126_result.json,1847d8658f8c8b9ae104879a2a4841bda6d028716abbf94b304d4963e4108338
lingbot_va,attribute_select,14,100127,size:small,success,1,80,400,task_success,Fetch the small block.,reused,lingbot_va/attribute_select/attribute_select_ep100127_result.json,319551186061458f751e01a4b05dd2a96c9decd3320401a61bc6e5fbe3df5d32
lingbot_va,attribute_select,15,100128,color:red,success,1,79,400,task_success,Fetch the red block.,reused,lingbot_va/attribute_select/attribute_select_ep100128_result.json,90bcfafd1ead0583238244530fa518154ad398a04a72663223dd0d86756731ea
lingbot_va,attribute_select,15,100129,color:blue,success,1,81,400,task_success,Fetch the blue block.,reused,lingbot_va/attribute_select/attribute_select_ep100129_result.json,2a09a5b6a5c7a75a05fef2ab9a5c2e13ce9b7ade73cbd911c3025ff0edda0783
lingbot_va,attribute_select,15,100130,decal:cat,success,1,81,400,task_success,Reach for the block with a cat on it and lift it.,reused,lingbot_va/attribute_select/attribute_select_ep100130_result.json,9282a6565c9147f2a14f357697e38e2827177218c3d4267d7fc26648efddb2cd
lingbot_va,attribute_select,15,100131,decal:dog,failure,0,400,400,action_limit,Fetch the block with a dog on it.,reused,lingbot_va/attribute_select/attribute_select_ep100131_result.json,5ada075598fd0d6a15c4f80962e19b99c901428c6449c20979a36ffd11f37483
lingbot_va,attribute_select,15,100132,shape:block,success,1,82,400,task_success,Reach for the cube and lift it.,reused,lingbot_va/attribute_select/attribute_select_ep100132_result.json,0c118a7c1ed01fdf7bac06077919a18c6ce950d105e4615b4eb60da4a6f00e0a
lingbot_va,attribute_select,15,100133,shape:bar,failure,0,400,400,action_limit,Fetch the long bar.,reused,lingbot_va/attribute_select/attribute_select_ep100133_result.json,4e8dca469c6cc14f116bf5c1744788ac0079439c04812b20f2808a03c13c2ee7
lingbot_va,attribute_select,15,100134,size:big,failure,0,400,400,action_limit,Fetch the big block.,reused,lingbot_va/attribute_select/attribute_select_ep100134_result.json,78c74998fcf5c8ce575413d6586c33d972289e1cbc13ae29ba0b70973e31581d
lingbot_va,attribute_select,15,100135,size:small,success,1,80,400,task_success,Reach for the small block and lift it.,reused,lingbot_va/attribute_select/attribute_select_ep100135_result.json,f735d6d3c790e423c8ab8f5a20ad6a8ee2b028207a70ab8e8402305d7d76ddad
lingbot_va,attribute_select,16,100144,color:red,success,1,80,400,task_success,Reach for the red block and lift it.,reused,lingbot_va/attribute_select/attribute_select_ep100144_result.json,1b355905fdc3b013dc405c7768c425870b446ce53a18e740c092d509bd5da874
lingbot_va,attribute_select,16,100145,color:blue,success,1,79,400,task_success,Fetch the blue block.,reused,lingbot_va/attribute_select/attribute_select_ep100145_result.json,a206fc5a834ce28741d6be3dca4157f0ecd31eeddec09e2412b1ddba89ace7dc
lingbot_va,attribute_select,16,100146,decal:cat,failure,0,400,400,action_limit,Reach for the block with a cat on it and lift it.,reused,lingbot_va/attribute_select/attribute_select_ep100146_result.json,0315587f047bb5ddc27ba43edcd09a3a199f1025dddb948b727c2089ee4dca7b
lingbot_va,attribute_select,16,100147,decal:dog,failure,0,400,400,action_limit,Fetch the block with a dog on it.,reused,lingbot_va/attribute_select/attribute_select_ep100147_result.json,76417480b5a1b6dc6e98ff16755e4a0a4d7ce394c188855496f8492ccc9a6f30
lingbot_va,attribute_select,16,100148,shape:block,success,1,80,400,task_success,Fetch the cube.,reused,lingbot_va/attribute_select/attribute_select_ep100148_result.json,fed1212b33987c9ae00a275e2277a0e4ae0f9c2299e0f5787cecb4d6c4ec2847
lingbot_va,attribute_select,16,100149,shape:bar,success,1,82,400,task_success,Reach for the long bar and lift it.,reused,lingbot_va/attribute_select/attribute_select_ep100149_result.json,7f81933737c6a89ce4f63dddf6bbd243d16448f3ba2c7ca4de35712092eace05
lingbot_va,attribute_select,16,100150,size:big,failure,0,400,400,action_limit,Fetch the big block.,reused,lingbot_va/attribute_select/attribute_select_ep100150_result.json,cff558b9db23ce96eab87377f789142525698dd89b752b84b38a5eaa87b15b69
lingbot_va,attribute_select,16,100151,size:small,success,1,80,400,task_success,Fetch the small block.,reused,lingbot_va/attribute_select/attribute_select_ep100151_result.json,d7081bf9062e91a3e4704fbd061354b12e5610c29d27e2841780a06c259318f3
lingbot_va,attribute_select,17,100152,color:red,success,1,80,400,task_success,Reach for the red block and lift it.,reused,lingbot_va/attribute_select/attribute_select_ep100152_result.json,f96105bd463a912dc0a9ffe13a5d1b690ddda3a0a9416bb636f84267d68de34c
lingbot_va,attribute_select,17,100153,color:blue,success,1,82,400,task_success,Fetch the blue block.,reused,lingbot_va/attribute_select/attribute_select_ep100153_result.json,6f58ab04172595aa3dd88c4a61df1423eb8cebb019de7f0a0d5e590b3e98dc1e
lingbot_va,attribute_select,17,100154,decal:cat,failure,0,400,400,action_limit,Reach for the block with a cat on it and lift it.,reused,lingbot_va/attribute_select/attribute_select_ep100154_result.json,016e5d5b0554a2a820c65de7585dcd6098529f72a30ae7b6980866efd569ee34
lingbot_va,attribute_select,17,100155,decal:dog,failure,0,400,400,action_limit,Fetch the block with a dog on it.,reused,lingbot_va/attribute_select/attribute_select_ep100155_result.json,e996c56e8265a66d05eeeb6c2a6fda803855d91bb751db379701b84d055d88f6
lingbot_va,attribute_select,17,100156,shape:block,success,1,80,400,task_success,Reach for the cube and lift it.,reused,lingbot_va/attribute_select/attribute_select_ep100156_result.json,f3deecbcea64c58b4f76733b9645bc979abe50f65f4a95ef30b653f0292bae77
lingbot_va,attribute_select,17,100157,shape:bar,success,1,79,400,task_success,Reach for the long bar and lift it.,reused,lingbot_va/attribute_select/attribute_select_ep100157_result.json,fdab5a69d386e79ee19dc7e380659d815daf063ebcb4e9cc6f2f2bf3a53d3145
lingbot_va,attribute_select,17,100158,size:big,failure,0,400,400,action_limit,Fetch the big block.,reused,lingbot_va/attribute_select/attribute_select_ep100158_result.json,72cbf90393198498db689139dd8a45e47e7e61ed15dcf7f507efda18c9c01298
lingbot_va,attribute_select,17,100159,size:small,success,1,80,400,task_success,Fetch the small block.,reused,lingbot_va/attribute_select/attribute_select_ep100159_result.json,a6ef45bb6e2cc2f4a07fdbd5f991cd9e42f68c58ce48a7c72211bd9c96823484
lingbot_va,attribute_select,18,100160,color:red,success,1,79,400,task_success,Fetch the red block.,reused,lingbot_va/attribute_select/attribute_select_ep100160_result.json,585702a5b4424df97f5ed55ce0cde9de0b4cf1b4950c6bd61b7df6ec2ad9f32f
lingbot_va,attribute_select,18,100161,color:blue,success,1,86,400,task_success,Reach for the blue block and lift it.,reused,lingbot_va/attribute_select/attribute_select_ep100161_result.json,de1a15e79e43e0f56c69c249d628943b3cd51f63a45a88bdd1ba32840411ab1e
lingbot_va,attribute_select,18,100162,decal:cat,failure,0,400,400,action_limit,Reach for the block with a cat on it and lift it.,reused,lingbot_va/attribute_select/attribute_select_ep100162_result.json,9a4f55f4adbc26f8f76ca70b0ab733a857b2a5f6434dafe176633d69084c6ae9
lingbot_va,attribute_select,18,100163,decal:dog,failure,0,400,400,action_limit,Fetch the block with a dog on it.,reused,lingbot_va/attribute_select/attribute_select_ep100163_result.json,b3a546914a656a0c1b4849712fc494371baa775affa2c9ed60cee31f5f312c16
lingbot_va,attribute_select,18,100164,shape:block,success,1,80,400,task_success,Reach for the cube and lift it.,reused,lingbot_va/attribute_select/attribute_select_ep100164_result.json,5ce6e008543e894271fc86498803b09aa3694cff77baaf504fb35e58323ac9b5
lingbot_va,attribute_select,18,100165,shape:bar,failure,0,400,400,action_limit,Fetch the long bar.,reused,lingbot_va/attribute_select/attribute_select_ep100165_result.json,c33a36f673116f92622da0efa75f0158a424fe5046257c1e203b321c83f0282b
lingbot_va,attribute_select,18,100166,size:big,failure,0,400,400,action_limit,Fetch the big block.,reused,lingbot_va/attribute_select/attribute_select_ep100166_result.json,a67e00f9a47332624920270e6af3ca7b9214c184859818a09d980faad826d003
lingbot_va,attribute_select,18,100167,size:small,success,1,80,400,task_success,Reach for the small block and lift it.,reused,lingbot_va/attribute_select/attribute_select_ep100167_result.json,81c82ecce87cacb9af0ae848370335ce4c883d6f19f68b16dd12d84d1c48c6ca
lingbot_va,attribute_select,19,100168,color:red,success,1,81,400,task_success,Fetch the red block.,reused,lingbot_va/attribute_select/attribute_select_ep100168_result.json,36e23f569b6834f3fffc32c61309ecd9e46c4bfed50ca1e38704bdbaa495dd96
lingbot_va,attribute_select,19,100169,color:blue,success,1,79,400,task_success,Reach for the blue block and lift it.,reused,lingbot_va/attribute_select/attribute_select_ep100169_result.json,d057ddcfc304a4723c6d7b2053fa952d491c97f1715f7de47648be32e53e5411
lingbot_va,attribute_select,19,100170,decal:cat,success,1,84,400,task_success,Fetch the block with a cat on it.,reused,lingbot_va/attribute_select/attribute_select_ep100170_result.json,1f31c73707023c69316fae48595419d92a963564ec4f49a3b8f5c3bab74abcdf
lingbot_va,attribute_select,19,100171,decal:dog,success,1,80,400,task_success,Reach for the block with a dog on it and lift it.,reused,lingbot_va/attribute_select/attribute_select_ep100171_result.json,5b2ef7a86c0411b99632e6d295b3f158f8e277e139f5743b3ce3779524372936
lingbot_va,attribute_select,19,100172,shape:block,success,1,79,400,task_success,Reach for the cube and lift it.,reused,lingbot_va/attribute_select/attribute_select_ep100172_result.json,ef09408f47aa5a6a6c23d99cee209fd2d5d82dec3fb360e72c1309532aaccd16
lingbot_va,attribute_select,19,100173,shape:bar,failure,0,400,400,action_limit,Fetch the long bar.,reused,lingbot_va/attribute_select/attribute_select_ep100173_result.json,abbb56913aad4efeeb70b362d5a3f857beb74851e607638ec20f943d9ce94ec5
lingbot_va,attribute_select,19,100174,size:big,failure,0,400,400,action_limit,Reach for the big block and lift it.,reused,lingbot_va/attribute_select/attribute_select_ep100174_result.json,0d59660e713c9a69471bc613cc56f202809e1560d50aa681f0a83d5d60697169
lingbot_va,attribute_select,19,100175,size:small,success,1,80,400,task_success,Fetch the small block.,reused,lingbot_va/attribute_select/attribute_select_ep100175_result.json,3f646c2e782c321f98853dfa28a0bbd7130c9366198e9d991e690cfadac7d8f6
lingbot_va,arm_select,0,500000,left,success,1,83,400,task_success,Use the left arm to retrieve the block.,new,lingbot_va/arm_select/arm_select_ep500000_result.json,4b73c0e33b1deb87470505e2e93faa11ddd4e9f80945d0b0361970d4232d2bd3
lingbot_va,arm_select,0,500001,right,success,1,84,400,task_success,Use the right arm to retrieve the block.,new,lingbot_va/arm_select/arm_select_ep500001_result.json,e6fb95a1aa7f38c904b5f5c06ba45c357e84fbe4675f1d508bc07db462777286
lingbot_va,arm_select,1,500002,left,failure,0,400,400,action_limit,"With the left arm, grab the block.",new,lingbot_va/arm_select/arm_select_ep500002_result.json,2bf1198442a965eb9d0807e4cccff0d29f95eb0f7491e4df2d34fe1126fab89e
lingbot_va,arm_select,1,500003,right,success,1,81,400,task_success,"With the right arm, grab the block.",new,lingbot_va/arm_select/arm_select_ep500003_result.json,0e1c22f5ee599dd2f1d988a933a446fa4c77c1898ee279ee6a91393ae9b4772c
lingbot_va,arm_select,2,500004,left,success,1,81,400,task_success,Retrieve the block with the left arm.,new,lingbot_va/arm_select/arm_select_ep500004_result.json,45592fd661cff5cba0de19f3b04c321684a7233d91b5451b875f177ecb7cb632
lingbot_va,arm_select,2,500005,right,success,1,83,400,task_success,Retrieve the block with the right arm.,new,lingbot_va/arm_select/arm_select_ep500005_result.json,2b3be7d4e3946db19ef49d4424a5e03eeede518f4dfa446f67e85fb431baef93
lingbot_va,arm_select,3,500006,left,success,1,86,400,task_success,Have the left arm take the block.,new,lingbot_va/arm_select/arm_select_ep500006_result.json,f093acb7333d4d1111ced6362db587af17b6a72c4db2e37dfaa24865e9b9c264
lingbot_va,arm_select,3,500007,right,success,1,91,400,task_success,Have the right arm take the block.,new,lingbot_va/arm_select/arm_select_ep500007_result.json,9a4d25c6a21925dddac2b216e18be74b5b580bfffef3a5caf964608e93cbf2bd
lingbot_va,arm_select,4,500008,left,success,1,87,400,task_success,Pick up the block carefully with the left arm.,new,lingbot_va/arm_select/arm_select_ep500008_result.json,e5023015bedb0d77b2e985583ab352ed3365baeccb49fe33b880a2fb76c00cf6
lingbot_va,arm_select,4,500009,right,success,1,82,400,task_success,Pick up the block carefully with the right arm.,new,lingbot_va/arm_select/arm_select_ep500009_result.json,1001a7cf87d3f0b7b380f4361813c283de03de413c04bc2c86904b5b991b1176
lingbot_va,arm_select,5,500010,left,success,1,82,400,task_success,"With the left arm, grab the block.",new,lingbot_va/arm_select/arm_select_ep500010_result.json,54239e89f292960911e15ed88030596e7417d481f3e7291636257bc5f6068afd
lingbot_va,arm_select,5,500011,right,success,1,87,400,task_success,"With the right arm, grab the block.",new,lingbot_va/arm_select/arm_select_ep500011_result.json,c2573fe09205a65579586a3841cd94348a1e50c21cc4fbc201ab38011f158466
lingbot_va,arm_select,6,500012,left,failure,0,400,400,action_limit,Collect the block using the left arm.,new,lingbot_va/arm_select/arm_select_ep500012_result.json,37920944a8c396791c51c1592c602209e11915560349785f6a12f21f6595f92f
lingbot_va,arm_select,6,500013,right,success,1,83,400,task_success,Collect the block using the right arm.,new,lingbot_va/arm_select/arm_select_ep500013_result.json,4c8868cead6374bf139ab95ca073a7be1f8bff99b9d148e7146eba76c9195720
lingbot_va,arm_select,7,500014,left,success,1,87,400,task_success,Retrieve the block with the left arm.,new,lingbot_va/arm_select/arm_select_ep500014_result.json,0c57164471d0df94bcfe5b10d6265d6e13f476b7a8c3d5f2b945c80703d61530
lingbot_va,arm_select,7,500015,right,success,1,82,400,task_success,Retrieve the block with the right arm.,new,lingbot_va/arm_select/arm_select_ep500015_result.json,ccfd3e5b3201c9ca7cd31f4af4167e85659e955415487ea7181ca06f2c0c79cf
lingbot_va,arm_select,8,500016,left,success,1,85,400,task_success,Employ the left arm to lift the block.,new,lingbot_va/arm_select/arm_select_ep500016_result.json,8fe13032e0e1f6163abb235a05a6ea6b031da94a694a0da2c71ec215ba257268
lingbot_va,arm_select,8,500017,right,success,1,92,400,task_success,Employ the right arm to lift the block.,new,lingbot_va/arm_select/arm_select_ep500017_result.json,52afde14b74dfad744fb5b5bba867039392f54419eb5eaafb8e93491f02e050a
lingbot_va,arm_select,9,500018,left,success,1,83,400,task_success,Pick up the block carefully with the left arm.,new,lingbot_va/arm_select/arm_select_ep500018_result.json,c3fa53e67a7da3a71c66047c0ded9dbdf0cb6f6903073e55838984f81126b2f3
lingbot_va,arm_select,9,500019,right,success,1,82,400,task_success,Pick up the block carefully with the right arm.,new,lingbot_va/arm_select/arm_select_ep500019_result.json,129df5b621dfa26e5cff9ac9979de15774f7752eef9652b0d509bfd02bae852d
lingbot_va,arm_select,10,500020,left,success,1,87,400,task_success,Employ the left arm to lift the block.,new,lingbot_va/arm_select/arm_select_ep500020_result.json,98edaac205719e000aa8a367585bf051e1c5bc9eaf1df9162624e727593be301
lingbot_va,arm_select,10,500021,right,success,1,86,400,task_success,Employ the right arm to lift the block.,new,lingbot_va/arm_select/arm_select_ep500021_result.json,2663606c5c99f0501e19ee885bb39bcf1fb1d85ee555607149335a0ebd0d2399
lingbot_va,arm_select,11,500022,left,success,1,88,400,task_success,Have the left arm take the block.,new,lingbot_va/arm_select/arm_select_ep500022_result.json,61c5f916a00742452e61ddb5df934bffe1d0f778c59c0e955a7f294598c64109
lingbot_va,arm_select,11,500023,right,success,1,89,400,task_success,Have the right arm take the block.,new,lingbot_va/arm_select/arm_select_ep500023_result.json,432fd96a6246aa5dc3c130aac7e26672792ba3c291a9fd71299049646a991065
lingbot_va,arm_select,12,500024,left,success,1,82,400,task_success,Employ the left arm to lift the block.,new,lingbot_va/arm_select/arm_select_ep500024_result.json,02d999afba93de1d1a3b36d6c2a5819e63785abaeea92a2c3ff09ea101746d48
lingbot_va,arm_select,12,500025,right,success,1,84,400,task_success,Employ the right arm to lift the block.,new,lingbot_va/arm_select/arm_select_ep500025_result.json,06a241f639e13b29446f4ac752745b858a907a0bdec5e5e3445f46954b7d5b0a
lingbot_va,arm_select,13,500026,left,success,1,87,400,task_success,Use the left arm to retrieve the block.,new,lingbot_va/arm_select/arm_select_ep500026_result.json,241fb7f1d6f194835d8376aebdf3b698203307d58eb39d7cebf805dfd5f1c864
lingbot_va,arm_select,13,500027,right,success,1,81,400,task_success,Use the right arm to retrieve the block.,new,lingbot_va/arm_select/arm_select_ep500027_result.json,7a48b4bcab1fed1787b0c664e2a74b2ab3234b137cd31dcc1df6375c390b90fe
lingbot_va,arm_select,14,500028,left,success,1,85,400,task_success,Pick up the block carefully with the left arm.,new,lingbot_va/arm_select/arm_select_ep500028_result.json,4828e0a6e3cbeeaa8fa16d23f53658b3fb1402fa1ca8c0f39b3f1f11b75b9e47
lingbot_va,arm_select,14,500029,right,success,1,82,400,task_success,Pick up the block carefully with the right arm.,new,lingbot_va/arm_select/arm_select_ep500029_result.json,bfe4743d7a354b15760696bfe92ff96008393ef9827d8a998d6105a3f88ef417
lingbot_va,arm_select,15,500030,left,success,1,83,400,task_success,Collect the block using the left arm.,new,lingbot_va/arm_select/arm_select_ep500030_result.json,9b021bad59ff939bbdb2b7dca04af919ebb737fa707a7daf0167bd7eab388f10
lingbot_va,arm_select,15,500031,right,success,1,83,400,task_success,Collect the block using the right arm.,new,lingbot_va/arm_select/arm_select_ep500031_result.json,ab4f7030ac9ec75e1eca4d1f8cf1498d90f39df3e6f6c1706faab5f0c52abdcb
lingbot_va,arm_select,16,500032,left,success,1,84,400,task_success,Let the left arm grab the block.,new,lingbot_va/arm_select/arm_select_ep500032_result.json,3820632ec3fa335f872a5897e9d72431ac9ca670db709575a027bc259245911a
lingbot_va,arm_select,16,500033,right,success,1,82,400,task_success,Let the right arm grab the block.,new,lingbot_va/arm_select/arm_select_ep500033_result.json,258a6446ffaa77b93b8e9c2c40166abad21b487ef6408b7c54730068c00f7a2d
lingbot_va,arm_select,17,500034,left,success,1,81,400,task_success,Use the left arm to hold the block.,new,lingbot_va/arm_select/arm_select_ep500034_result.json,0c564c0903ead384fca1fdf08c866c61f920a0bdc04815be60eb61f332deebc7
lingbot_va,arm_select,17,500035,right,failure,0,400,400,action_limit,Use the right arm to hold the block.,new,lingbot_va/arm_select/arm_select_ep500035_result.json,37c92c034a4c64e7aa5097b9252bde2d60c2ba209103a1b748dcb974ed0a76a5
lingbot_va,arm_select,18,500036,left,success,1,92,400,task_success,Have the left arm take the block.,new,lingbot_va/arm_select/arm_select_ep500036_result.json,8b53a115a08ae3a1c050f12d91ac0663ec28ac6595d0b84186247be79301fe21
lingbot_va,arm_select,18,500037,right,success,1,82,400,task_success,Have the right arm take the block.,new,lingbot_va/arm_select/arm_select_ep500037_result.json,ebe2e1aa96c5cf97671bb9d36c85e7e2040bd58907d0c2a3e1cd2973b9daf935
lingbot_va,arm_select,19,500038,left,success,1,82,400,task_success,"With the left arm, grab the block.",new,lingbot_va/arm_select/arm_select_ep500038_result.json,af56df5412a05b0ff26b4be1e0c3e6e728ea375c3ddefc2e33074035cdf02f13
lingbot_va,arm_select,19,500039,right,success,1,82,400,task_success,"With the right arm, grab the block.",new,lingbot_va/arm_select/arm_select_ep500039_result.json,102d68ec49d1e3d8938f982d0202ec5c1565d03e54c41cb5cb05db9c902c4b24
lingbot_va,stack_sequence,0,100008,red>green>blue,success,1,423,1200,task_success,"Put red block down, green block on red block, blue block on green block.",reused,lingbot_va/stack_sequence/stack_sequence_ep100008_result.json,2841e5b2c38c74bf103f11caac521d5eafb502e24d9361b94d0d115d0a31c3ee
lingbot_va,stack_sequence,0,100009,red>blue>green,failure,0,1200,1200,action_limit,Stack green block over blue block and blue block over red block.,reused,lingbot_va/stack_sequence/stack_sequence_ep100009_result.json,57f80cfca3be43e5e7f6d22fc49cfdacc52d4b4e75e4d755d52036a604e821f7
lingbot_va,stack_sequence,0,100010,green>red>blue,failure,0,1200,1200,action_limit,"From the bottom up: green block, then red block, then blue block.",reused,lingbot_va/stack_sequence/stack_sequence_ep100010_result.json,88f6d93f70154dd0a801a19e4489300f6c5b7cf22a0983b66ea40842ca3559c8
lingbot_va,stack_sequence,0,100011,green>blue>red,failure,0,1200,1200,action_limit,"Bottom to top, the order is green block, blue block, red block.",reused,lingbot_va/stack_sequence/stack_sequence_ep100011_result.json,6070b3afb483123be86a27ad4d7ac136aa807497f8a3d5f4ecbb5716f8c149ac
lingbot_va,stack_sequence,0,100012,blue>red>green,failure,0,1200,1200,action_limit,"Place blue block at the base, add red block, and top it with green block.",reused,lingbot_va/stack_sequence/stack_sequence_ep100012_result.json,6e01451025a86356c92ed5446df326a03996cdb478c814a1c06f1ef251ad289d
lingbot_va,stack_sequence,0,100013,blue>green>red,failure,0,1200,1200,action_limit,"First set blue block, then green block, then red block at the very top.",reused,lingbot_va/stack_sequence/stack_sequence_ep100013_result.json,e85618abd8209baf5987ab605b345598459dace2721348f36485f15c90027712
lingbot_va,stack_sequence,1,100014,red>green>blue,success,1,434,1200,task_success,"First set red block, then green block, then blue block at the very top.",reused,lingbot_va/stack_sequence/stack_sequence_ep100014_result.json,fd16d5281af7aeb878a9c91ef590f54ee5f02bc3023a833106fa34b1eabcffb6
lingbot_va,stack_sequence,1,100015,red>blue>green,failure,0,1200,1200,action_limit,"From the bottom up: red block, then blue block, then green block.",reused,lingbot_va/stack_sequence/stack_sequence_ep100015_result.json,9ca40bc78ee63e977b8556a78e877bd4c5ff0604b8bf2fa9bc67b2a06ffb6e48
lingbot_va,stack_sequence,1,100016,green>red>blue,failure,0,1200,1200,action_limit,"Build a column: green block lowest, then red block, then blue block on top.",reused,lingbot_va/stack_sequence/stack_sequence_ep100016_result.json,45ec6fb9b185c765f4ca3c489aa9d21a3b84108fa603c11c971516a457b04144
lingbot_va,stack_sequence,1,100017,green>blue>red,failure,0,1200,1200,action_limit,"Put green block down, blue block on green block, red block on blue block.",reused,lingbot_va/stack_sequence/stack_sequence_ep100017_result.json,0301325e59e01cd1133ffe4508db2f5fa8ef8132ef2f6536770b9b02407e8a79
lingbot_va,stack_sequence,1,100018,blue>red>green,failure,0,1200,1200,action_limit,"From the bottom up: blue block, then red block, then green block.",reused,lingbot_va/stack_sequence/stack_sequence_ep100018_result.json,97612e536d7e4ad7b32e840168d08aa29d5a8bfeebe3bd4679437c825a3260ab
lingbot_va,stack_sequence,1,100019,blue>green>red,failure,0,1200,1200,action_limit,"Rest green block on blue block, then rest red block on green block.",reused,lingbot_va/stack_sequence/stack_sequence_ep100019_result.json,ff277019026abc6f4d36777af3e901d8660e6164608067ad42ffb8a2479dd2d5
lingbot_va,stack_sequence,2,100020,red>green>blue,success,1,448,1200,task_success,"Lay red block first, green block second, blue block third, each on the last.",reused,lingbot_va/stack_sequence/stack_sequence_ep100020_result.json,7ab74851d6bc051eb6a6fbefcafa49be4c3e15a48ca127108e0407354cac516a
lingbot_va,stack_sequence,2,100021,red>blue>green,failure,0,1200,1200,action_limit,"Order the tower red block, blue block, green block from bottom to top.",reused,lingbot_va/stack_sequence/stack_sequence_ep100021_result.json,0d7ee0511a9ed5ade5812848ff0f3eb38a5e0aef268a54ecdb0fda6dd7aea671
lingbot_va,stack_sequence,2,100022,green>red>blue,failure,0,1200,1200,action_limit,"Put green block down, red block on green block, blue block on red block.",reused,lingbot_va/stack_sequence/stack_sequence_ep100022_result.json,5ad20eb22acc7026a1715d7b22cd2eb6fef575220738a600e60768f2949e98b5
lingbot_va,stack_sequence,2,100023,green>blue>red,failure,0,1200,1200,action_limit,"Place green block at the base, add blue block, and top it with red block.",reused,lingbot_va/stack_sequence/stack_sequence_ep100023_result.json,ded7cb5fb6dde902297b007833856078c34233a04dfe5a9bd1233b6c80a5d1fe
lingbot_va,stack_sequence,2,100024,blue>red>green,failure,0,1200,1200,action_limit,"Place blue block at the base, add red block, and top it with green block.",reused,lingbot_va/stack_sequence/stack_sequence_ep100024_result.json,fb90285674334d961ddd605356afe520ed94ba922d770284c1019a1cee9aa1a5
lingbot_va,stack_sequence,2,100025,blue>green>red,failure,0,1200,1200,action_limit,"First set blue block, then green block, then red block at the very top.",reused,lingbot_va/stack_sequence/stack_sequence_ep100025_result.json,98301557f059668f0881d61dea02a0c5bda22ae109f1918f723a5fdcb2c73efb
lingbot_va,stack_sequence,3,100026,red>green>blue,success,1,443,1200,task_success,"From the bottom up: red block, then green block, then blue block.",reused,lingbot_va/stack_sequence/stack_sequence_ep100026_result.json,fde19259597eb81f45a6afbde91959cf62b690b08b0cf16ea5289f7a81485e20
lingbot_va,stack_sequence,3,100027,red>blue>green,failure,0,1200,1200,action_limit,"Put red block down, blue block on red block, green block on blue block.",reused,lingbot_va/stack_sequence/stack_sequence_ep100027_result.json,f24f21922156afd42ccf3fc739dfa0e127a6611036f88356abb4eb7d0a9cd453
lingbot_va,stack_sequence,3,100028,green>red>blue,failure,0,1200,1200,action_limit,"Bottom to top, the order is green block, red block, blue block.",reused,lingbot_va/stack_sequence/stack_sequence_ep100028_result.json,f6a1323e205accb893c6f398aea90f4fd9c9c4e6710a8bc74e969adf6763fb2f
lingbot_va,stack_sequence,3,100029,green>blue>red,failure,0,1200,1200,action_limit,"Lay green block first, blue block second, red block third, each on the last.",reused,lingbot_va/stack_sequence/stack_sequence_ep100029_result.json,76f73297cd701ea91d2647bd4bc6ae8d5eaf76724af760a741ed1831cc9e568d
lingbot_va,stack_sequence,3,100030,blue>red>green,failure,0,1200,1200,action_limit,"Put blue block down, red block on blue block, green block on red block.",reused,lingbot_va/stack_sequence/stack_sequence_ep100030_result.json,4c0c660b16cb00e15336b23c42cda601e31d21f441cedc1508f5d8c768fb365a
lingbot_va,stack_sequence,3,100031,blue>green>red,failure,0,1200,1200,action_limit,Stack red block over green block and green block over blue block.,reused,lingbot_va/stack_sequence/stack_sequence_ep100031_result.json,98dda3f580dd1105c7d82514978f34417d733d61c0ae6f756d8f7e0da3c2eb37
lingbot_va,stack_sequence,4,100032,red>green>blue,failure,0,1200,1200,action_limit,"From the bottom up: red block, then green block, then blue block.",reused,lingbot_va/stack_sequence/stack_sequence_ep100032_result.json,3d074ffb6b674fdaa1b159c7026a6fbb164b6a9ab9d7cde441678aa723f5c44a
lingbot_va,stack_sequence,4,100033,red>blue>green,failure,0,1200,1200,action_limit,"Order the tower red block, blue block, green block from bottom to top.",reused,lingbot_va/stack_sequence/stack_sequence_ep100033_result.json,3fb08575c5f260a0be44cb54332db1872226c84d66cb880d598a3d97fa7cf361
lingbot_va,stack_sequence,4,100034,green>red>blue,failure,0,1200,1200,action_limit,"Rest red block on green block, then rest blue block on red block.",reused,lingbot_va/stack_sequence/stack_sequence_ep100034_result.json,4e0ca008d72935fd5f608a19d41d9f66aa5a2543890aac8aebcf66f15c84404f
lingbot_va,stack_sequence,4,100035,green>blue>red,failure,0,1200,1200,action_limit,"Build a column: green block lowest, then blue block, then red block on top.",reused,lingbot_va/stack_sequence/stack_sequence_ep100035_result.json,740cb432828dc3d84ed556b51b61886ca46d286e200f864c0cb935c4c0b96889
lingbot_va,stack_sequence,4,100036,blue>red>green,failure,0,1200,1200,action_limit,"Lay blue block first, red block second, green block third, each on the last.",reused,lingbot_va/stack_sequence/stack_sequence_ep100036_result.json,fb88105089e157a35e2fe7b3627279292e7b942ace5cd11f93b1603efed9001c
lingbot_va,stack_sequence,4,100037,blue>green>red,failure,0,1200,1200,action_limit,"Bottom to top, the order is blue block, green block, red block.",reused,lingbot_va/stack_sequence/stack_sequence_ep100037_result.json,c805d0af682b34fdd2d137cec18afd3d3f7d75ccd3f9fa292d42a9e229b6d608
lingbot_va,stack_sequence,5,100038,red>green>blue,failure,0,1200,1200,action_limit,Stack blue block over green block and green block over red block.,reused,lingbot_va/stack_sequence/stack_sequence_ep100038_result.json,f82e47a6b8cf2d49be3a40cae6e97c1edecb2267d561456ebdce52f07648a4fb
lingbot_va,stack_sequence,5,100039,red>blue>green,failure,0,1200,1200,action_limit,"Build a column: red block lowest, then blue block, then green block on top.",reused,lingbot_va/stack_sequence/stack_sequence_ep100039_result.json,ed55fbe45c3f969b2c16ffe65e9eeadf6eef8f58ba5fa2990ab2b9be77222f66
lingbot_va,stack_sequence,5,100040,green>red>blue,failure,0,1200,1200,action_limit,"Bottom to top, the order is green block, red block, blue block.",reused,lingbot_va/stack_sequence/stack_sequence_ep100040_result.json,f23bba077a97f11ffa55daebbb82a3ba9bce06473ab4dadb789b878ed233fe8f
lingbot_va,stack_sequence,5,100041,green>blue>red,failure,0,1200,1200,action_limit,"Order the tower green block, blue block, red block from bottom to top.",reused,lingbot_va/stack_sequence/stack_sequence_ep100041_result.json,35dd8d449ac34116e07609b7c5970353af18056e53d151165ffd9ce16a5ec60c
lingbot_va,stack_sequence,5,100042,blue>red>green,failure,0,1200,1200,action_limit,Stack green block over red block and red block over blue block.,reused,lingbot_va/stack_sequence/stack_sequence_ep100042_result.json,735c4a211af61a228687f6b215a6643c78cc25996498f553e6151520a129f35d
lingbot_va,stack_sequence,5,100043,blue>green>red,failure,0,1200,1200,action_limit,"Place blue block at the base, add green block, and top it with red block.",reused,lingbot_va/stack_sequence/stack_sequence_ep100043_result.json,fe8bde088b5e92d481fa51519ad2332cbbe0fb5feef306ddfdd810b18f12239a
lingbot_va,stack_sequence,6,100050,red>green>blue,success,1,436,1200,task_success,"Put red block down, green block on red block, blue block on green block.",reused,lingbot_va/stack_sequence/stack_sequence_ep100050_result.json,20443df4efbbed3898c6ed4e2deac28dd446c3a7700cfed111358b18e47fd51a
lingbot_va,stack_sequence,6,100051,red>blue>green,failure,0,1200,1200,action_limit,"Rest blue block on red block, then rest green block on blue block.",reused,lingbot_va/stack_sequence/stack_sequence_ep100051_result.json,5b1fa382e2f0b8b519bd0cb2e855f0ab6979a53c3c4c1d5ec9660a7c15bc5874
lingbot_va,stack_sequence,6,100052,green>red>blue,failure,0,1200,1200,action_limit,"Bottom to top, the order is green block, red block, blue block.",reused,lingbot_va/stack_sequence/stack_sequence_ep100052_result.json,caf77df192d8c018486667447f511d1de13f91e2ea0068f1a8dc21eb1acee536
lingbot_va,stack_sequence,6,100053,green>blue>red,failure,0,1200,1200,action_limit,"Bottom to top, the order is green block, blue block, red block.",reused,lingbot_va/stack_sequence/stack_sequence_ep100053_result.json,f7912f81a8c8f9f8a898c0f9d5f1d9000a8c2a9426bf42ceb86e371cac764028
lingbot_va,stack_sequence,6,100054,blue>red>green,failure,0,1200,1200,action_limit,"First set blue block, then red block, then green block at the very top.",reused,lingbot_va/stack_sequence/stack_sequence_ep100054_result.json,328c0b1c021a82bc8e2a6e3d33fc68fa4095c190d416413ee04a40eacfb95a64
lingbot_va,stack_sequence,6,100055,blue>green>red,failure,0,1200,1200,action_limit,"Put blue block down, green block on blue block, red block on green block.",reused,lingbot_va/stack_sequence/stack_sequence_ep100055_result.json,b532b53c87e3ed9c7046680e5a1578701c01f0853b6dd3838eab407cfffef01b
lingbot_va,stack_sequence,7,100062,red>green>blue,success,1,455,1200,task_success,"Put red block down, green block on red block, blue block on green block.",reused,lingbot_va/stack_sequence/stack_sequence_ep100062_result.json,ab55e4e089a4c8411bf90dad6ce49a7ad62f4feef6f0a1e272ce355d920c3b96
lingbot_va,stack_sequence,7,100063,red>blue>green,failure,0,1200,1200,action_limit,"Order the tower red block, blue block, green block from bottom to top.",reused,lingbot_va/stack_sequence/stack_sequence_ep100063_result.json,5dbd199245691702e61671f5f1ede6971bad871219138b3785eff6884f1ac8de
lingbot_va,stack_sequence,7,100064,green>red>blue,failure,0,1200,1200,action_limit,"Rest red block on green block, then rest blue block on red block.",reused,lingbot_va/stack_sequence/stack_sequence_ep100064_result.json,bb6e72072daf3bf18f8e0b7fe94ca3823ca5e503d2bf798d4cdbbdbb45a6dadb
lingbot_va,stack_sequence,7,100065,green>blue>red,failure,0,1200,1200,action_limit,"Build a column: green block lowest, then blue block, then red block on top.",reused,lingbot_va/stack_sequence/stack_sequence_ep100065_result.json,218b73cccf85a6473e25cb280ada02b26a41c566bd1e91f48f0b0bf36c20bc9a
lingbot_va,stack_sequence,7,100066,blue>red>green,failure,0,1200,1200,action_limit,"Put blue block down, red block on blue block, green block on red block.",reused,lingbot_va/stack_sequence/stack_sequence_ep100066_result.json,ba87aeb99aeb4fc1c9523490948df1cd3c10b96bca58d611ca64c5417d556a1c
lingbot_va,stack_sequence,7,100067,blue>green>red,failure,0,1200,1200,action_limit,"Order the tower blue block, green block, red block from bottom to top.",reused,lingbot_va/stack_sequence/stack_sequence_ep100067_result.json,e4ef36b7ee553422c2f13a050e87945297bead7d6c394a8d9721b4ecc75104cd
lingbot_va,stack_sequence,8,100068,red>green>blue,success,1,433,1200,task_success,"From the bottom up: red block, then green block, then blue block.",reused,lingbot_va/stack_sequence/stack_sequence_ep100068_result.json,fb4ac1f757c5331ac98d76afbd246e9245d44f8f69624b2de0bddccc91bae333
lingbot_va,stack_sequence,8,100069,red>blue>green,failure,0,1200,1200,action_limit,"Build a column: red block lowest, then blue block, then green block on top.",reused,lingbot_va/stack_sequence/stack_sequence_ep100069_result.json,adcef8ff26acf9364f5dbcd697c3131ad0a4c2d332e53cee27eb497e72cf45d7
lingbot_va,stack_sequence,8,100070,green>red>blue,failure,0,1200,1200,action_limit,"Lay green block first, red block second, blue block third, each on the last.",reused,lingbot_va/stack_sequence/stack_sequence_ep100070_result.json,0e2da67b216976f545631f54fc3c54d538815fcb1301e08ff49922e9491e2208
lingbot_va,stack_sequence,8,100071,green>blue>red,failure,0,1200,1200,action_limit,"Rest blue block on green block, then rest red block on blue block.",reused,lingbot_va/stack_sequence/stack_sequence_ep100071_result.json,68ab885399720618688606ede4649de79d5b3d063c7ae5c3b4b917469b40037d
lingbot_va,stack_sequence,8,100072,blue>red>green,failure,0,1200,1200,action_limit,"Lay blue block first, red block second, green block third, each on the last.",reused,lingbot_va/stack_sequence/stack_sequence_ep100072_result.json,3a49e714967b37d748026f78f0909b55e6cc7d64c5e03f5b71fc4d022d7bd3ad
lingbot_va,stack_sequence,8,100073,blue>green>red,failure,0,1200,1200,action_limit,"First set blue block, then green block, then red block at the very top.",reused,lingbot_va/stack_sequence/stack_sequence_ep100073_result.json,43dbef05458bb04c78b5876fab789ded43d7bb2f30f0f660d24b1a31469a84fb
lingbot_va,stack_sequence,9,100080,red>green>blue,success,1,453,1200,task_success,"Build a column: red block lowest, then green block, then blue block on top.",reused,lingbot_va/stack_sequence/stack_sequence_ep100080_result.json,4d90b2c78e4d083ab6e7e226d1a15ab094dcf9a0ec99412d1e99ea8161e17167
lingbot_va,stack_sequence,9,100081,red>blue>green,failure,0,1200,1200,action_limit,Stack green block over blue block and blue block over red block.,reused,lingbot_va/stack_sequence/stack_sequence_ep100081_result.json,ee12f00afa4fa72087a1c4005ac1056eda970f8654c3c32a3f934b5dfa8ee60d
lingbot_va,stack_sequence,9,100082,green>red>blue,failure,0,1200,1200,action_limit,Stack blue block over red block and red block over green block.,reused,lingbot_va/stack_sequence/stack_sequence_ep100082_result.json,b63c8ed9745f10ebfb1d167e3629ab50c837de40180e8d2c141a848ccd4e3ee7
lingbot_va,stack_sequence,9,100083,green>blue>red,failure,0,1200,1200,action_limit,"Lay green block first, blue block second, red block third, each on the last.",reused,lingbot_va/stack_sequence/stack_sequence_ep100083_result.json,1de908a3b0b8e1ea8ba81ea5bfaddaa762eb69436d2ab60689923f513df1a9dc
lingbot_va,stack_sequence,9,100084,blue>red>green,failure,0,1200,1200,action_limit,"Rest red block on blue block, then rest green block on red block.",reused,lingbot_va/stack_sequence/stack_sequence_ep100084_result.json,93f963c10983ef22ea0ed4f0546b40c0f5c9e95326556c638033518a3c2e3a2e
lingbot_va,stack_sequence,9,100085,blue>green>red,failure,0,1200,1200,action_limit,"Place blue block at the base, add green block, and top it with red block.",reused,lingbot_va/stack_sequence/stack_sequence_ep100085_result.json,ba86203d032153cd76773d1be60ec99f45667cfb33c491a181ad079d4e5b0ac4
lingbot_va,stack_sequence,10,100092,red>green>blue,success,1,428,1200,task_success,"Rest green block on red block, then rest blue block on green block.",reused,lingbot_va/stack_sequence/stack_sequence_ep100092_result.json,be7efb9cf32fa72843f9347fc2f1276e9add8154c7b4b5fce91de37027e7c3d3
lingbot_va,stack_sequence,10,100093,red>blue>green,failure,0,1200,1200,action_limit,"Rest blue block on red block, then rest green block on blue block.",reused,lingbot_va/stack_sequence/stack_sequence_ep100093_result.json,69f8194f66e85f40d543aac01fbfe3d1984a432f422c1e3d2bdfe7d78e414751
lingbot_va,stack_sequence,10,100094,green>red>blue,failure,0,1200,1200,action_limit,"Rest red block on green block, then rest blue block on red block.",reused,lingbot_va/stack_sequence/stack_sequence_ep100094_result.json,d13497a5b78b8341129f516cdc620b758bdd4620ce4b195578e7698b6a15c521
lingbot_va,stack_sequence,10,100095,green>blue>red,failure,0,1200,1200,action_limit,"Rest blue block on green block, then rest red block on blue block.",reused,lingbot_va/stack_sequence/stack_sequence_ep100095_result.json,c0c24c88dc3f95ad9e514ed3b301592b0193576b17c3aa4597676c5a6812f90e
lingbot_va,stack_sequence,10,100096,blue>red>green,failure,0,1200,1200,action_limit,"Lay blue block first, red block second, green block third, each on the last.",reused,lingbot_va/stack_sequence/stack_sequence_ep100096_result.json,610f0a731a8b45fde642b024067e815ceddd71991d486da86904b146d780bb0c
lingbot_va,stack_sequence,10,100097,blue>green>red,failure,0,1200,1200,action_limit,"Rest green block on blue block, then rest red block on green block.",reused,lingbot_va/stack_sequence/stack_sequence_ep100097_result.json,56d1a0e4a5261a86a18e33b8301fcdeb7ed8b0306e012445551fd8f135031cd6
lingbot_va,stack_sequence,11,100098,red>green>blue,success,1,433,1200,task_success,"Rest green block on red block, then rest blue block on green block.",reused,lingbot_va/stack_sequence/stack_sequence_ep100098_result.json,c264ff9fbee5274c42615fdbdbeabdf1cbb74abe1121adebfe74b6ba44daeb78
lingbot_va,stack_sequence,11,100099,red>blue>green,failure,0,1200,1200,action_limit,"Order the tower red block, blue block, green block from bottom to top.",reused,lingbot_va/stack_sequence/stack_sequence_ep100099_result.json,53afa40e6879024637fa9bfead5e65b210fc5a6fe1bc5a54cab31f1c15fced16
lingbot_va,stack_sequence,11,100100,green>red>blue,failure,0,1200,1200,action_limit,"Put green block down, red block on green block, blue block on red block.",reused,lingbot_va/stack_sequence/stack_sequence_ep100100_result.json,bbe02e13012005ea0d5e5b5866ea0d2e75c88096c407d51638e9d700daf367c3
lingbot_va,stack_sequence,11,100101,green>blue>red,failure,0,1200,1200,action_limit,"Lay green block first, blue block second, red block third, each on the last.",reused,lingbot_va/stack_sequence/stack_sequence_ep100101_result.json,0641ab5c1a832a31d5b663a13ef7c14f61e4ff99d847a1f17255696acbcd67d9
lingbot_va,stack_sequence,11,100102,blue>red>green,failure,0,1200,1200,action_limit,"Rest red block on blue block, then rest green block on red block.",reused,lingbot_va/stack_sequence/stack_sequence_ep100102_result.json,1084bc064f9590b616fa4fc4853ac5534142246ab0e4787ff1ba33ccf41d1039
lingbot_va,stack_sequence,11,100103,blue>green>red,failure,0,1200,1200,action_limit,Stack red block over green block and green block over blue block.,reused,lingbot_va/stack_sequence/stack_sequence_ep100103_result.json,b13f6da0b9b6b03e3c76b82c91bdbb49e3f94b3bd9fadf0fa39b07ad19ed35f5
lingbot_va,stack_sequence,12,100104,red>green>blue,success,1,437,1200,task_success,"Bottom to top, the order is red block, green block, blue block.",reused,lingbot_va/stack_sequence/stack_sequence_ep100104_result.json,d1b4cb25c1abfec90fab10737414885d005701066fb959fb908b83ff0f4fda83
lingbot_va,stack_sequence,12,100105,red>blue>green,failure,0,1200,1200,action_limit,"Rest blue block on red block, then rest green block on blue block.",reused,lingbot_va/stack_sequence/stack_sequence_ep100105_result.json,1ceb826374a0bffac57fb8bced127a29afe5caee648692348bd6c95f31d23d87
lingbot_va,stack_sequence,12,100106,green>red>blue,failure,0,1200,1200,action_limit,"From the bottom up: green block, then red block, then blue block.",reused,lingbot_va/stack_sequence/stack_sequence_ep100106_result.json,aacbeb1252b448ae2f58fcf45d4fbba5ec6a1c8c737bb80b534b37e2c81d3e66
lingbot_va,stack_sequence,12,100107,green>blue>red,failure,0,1200,1200,action_limit,"First set green block, then blue block, then red block at the very top.",reused,lingbot_va/stack_sequence/stack_sequence_ep100107_result.json,2380ae84b1589f090d9a4c1747e6fecef45b72ce194f869b327baaa17bfc685c
lingbot_va,stack_sequence,12,100108,blue>red>green,failure,0,1200,1200,action_limit,"Put blue block down, red block on blue block, green block on red block.",reused,lingbot_va/stack_sequence/stack_sequence_ep100108_result.json,29d48214fc2bbc1cc6133c5cfd02fa3cd81d7cc87601210d2c551c4bc83ead9d
lingbot_va,stack_sequence,12,100109,blue>green>red,failure,0,1200,1200,action_limit,"Build a column: blue block lowest, then green block, then red block on top.",reused,lingbot_va/stack_sequence/stack_sequence_ep100109_result.json,556ee9c86c55d53c2e081b0c533e6d1cfb4983dd19b7d40d2c66718dc27cf477
lingbot_va,stack_sequence,13,100110,red>green>blue,success,1,449,1200,task_success,"Place red block at the base, add green block, and top it with blue block.",reused,lingbot_va/stack_sequence/stack_sequence_ep100110_result.json,e259b1481f8813890d4db78e0623831bcc18678d3335a366058b82e3910546a2
lingbot_va,stack_sequence,13,100111,red>blue>green,failure,0,1200,1200,action_limit,Stack green block over blue block and blue block over red block.,reused,lingbot_va/stack_sequence/stack_sequence_ep100111_result.json,3ee84e82f8980bf0886bd6292d9707db7a8e7866dd8c0309ec9bd5934e70bd74
lingbot_va,stack_sequence,13,100112,green>red>blue,failure,0,1200,1200,action_limit,"Put green block down, red block on green block, blue block on red block.",reused,lingbot_va/stack_sequence/stack_sequence_ep100112_result.json,bfb68864a27b9e8a5a97ebe103830dd63759135682fa18f429c6bdc8f0ae7cc6
lingbot_va,stack_sequence,13,100113,green>blue>red,failure,0,1200,1200,action_limit,"Lay green block first, blue block second, red block third, each on the last.",reused,lingbot_va/stack_sequence/stack_sequence_ep100113_result.json,d24c259a02051278a7340139e0d13c2cc0e8ef61cb58348125443e184e626b84
lingbot_va,stack_sequence,13,100114,blue>red>green,failure,0,1200,1200,action_limit,"Place blue block at the base, add red block, and top it with green block.",reused,lingbot_va/stack_sequence/stack_sequence_ep100114_result.json,b7bd51a213b278a1a184bdce3b772936b0b8c87c0595565c5bc45a8735112eca
lingbot_va,stack_sequence,13,100115,blue>green>red,failure,0,1200,1200,action_limit,"First set blue block, then green block, then red block at the very top.",reused,lingbot_va/stack_sequence/stack_sequence_ep100115_result.json,bdfcec039e8cbb60e702e22439999aa942a2da509a3ce545c2a53eb63781ba25
lingbot_va,stack_sequence,14,100116,red>green>blue,success,1,449,1200,task_success,"Place red block at the base, add green block, and top it with blue block.",reused,lingbot_va/stack_sequence/stack_sequence_ep100116_result.json,3bc4bdfee20204caec3dbab32064f16c75344af63889edfa12fa4a2886affe03
lingbot_va,stack_sequence,14,100117,red>blue>green,failure,0,1200,1200,action_limit,"Build a column: red block lowest, then blue block, then green block on top.",reused,lingbot_va/stack_sequence/stack_sequence_ep100117_result.json,b96d040dbd226be79399bc218cb8f36b9756518fce066a766e78e2784c3a9545
lingbot_va,stack_sequence,14,100118,green>red>blue,failure,0,1200,1200,action_limit,"Build a column: green block lowest, then red block, then blue block on top.",reused,lingbot_va/stack_sequence/stack_sequence_ep100118_result.json,6f15ba869e95cab5afdebd1ac323d6c535fbced60c8c1e1b2464b7317524c505
lingbot_va,stack_sequence,14,100119,green>blue>red,failure,0,1200,1200,action_limit,Stack red block over blue block and blue block over green block.,reused,lingbot_va/stack_sequence/stack_sequence_ep100119_result.json,e290dbc575a24fbaee0242926251dd682fb05f5210175f042bc684769dbfeaf7
lingbot_va,stack_sequence,14,100120,blue>red>green,failure,0,1200,1200,action_limit,"Order the tower blue block, red block, green block from bottom to top.",reused,lingbot_va/stack_sequence/stack_sequence_ep100120_result.json,01c66533033d8d129b5dc1ea9329afec113de5c5e3834ea5b6fb0091195fcb27
lingbot_va,stack_sequence,14,100121,blue>green>red,failure,0,1200,1200,action_limit,"Order the tower blue block, green block, red block from bottom to top.",reused,lingbot_va/stack_sequence/stack_sequence_ep100121_result.json,be2839b8d753262070945ca5830627100941f50a79af18950c10c45ef80998be
lingbot_va,stack_sequence,15,100140,red>green>blue,success,1,465,1200,task_success,"Rest green block on red block, then rest blue block on green block.",reused,lingbot_va/stack_sequence/stack_sequence_ep100140_result.json,ee8ffcffc7608f8bffabc4666979d58588228126697c1b084961f9d8f2ed2bab
lingbot_va,stack_sequence,15,100141,red>blue>green,failure,0,1200,1200,action_limit,"Place red block at the base, add blue block, and top it with green block.",reused,lingbot_va/stack_sequence/stack_sequence_ep100141_result.json,cdcd6b2d819061e9a2519345889c63f0f93f0071450b40215f82f2a2b12e1f57
lingbot_va,stack_sequence,15,100142,green>red>blue,failure,0,1200,1200,action_limit,"Put green block down, red block on green block, blue block on red block.",reused,lingbot_va/stack_sequence/stack_sequence_ep100142_result.json,131e572fdf049064d69ce5ae60cce2f838a1d4b328fc3e11ed3150377e0abeca
lingbot_va,stack_sequence,15,100143,green>blue>red,failure,0,1200,1200,action_limit,"Bottom to top, the order is green block, blue block, red block.",reused,lingbot_va/stack_sequence/stack_sequence_ep100143_result.json,a4e31d774bdcb35203e561642a17960d605605ea3307716b0cf41634d0406c50
lingbot_va,stack_sequence,15,100144,blue>red>green,failure,0,1200,1200,action_limit,"First set blue block, then red block, then green block at the very top.",reused,lingbot_va/stack_sequence/stack_sequence_ep100144_result.json,c72393b608884c1d21df5e5105c324d331a1cb9e3e622de9f35b35d588d250cb
lingbot_va,stack_sequence,15,100145,blue>green>red,failure,0,1200,1200,action_limit,"Lay blue block first, green block second, red block third, each on the last.",reused,lingbot_va/stack_sequence/stack_sequence_ep100145_result.json,5951945ec3b559fc3e9124a559fda9279fb9141037174904986eea069705ddc5
lingbot_va,stack_sequence,16,100146,red>green>blue,failure,0,1200,1200,action_limit,"From the bottom up: red block, then green block, then blue block.",reused,lingbot_va/stack_sequence/stack_sequence_ep100146_result.json,0581bfb664477d7f92611142649532aad224e420ab220c6b70b5ca828befa538
lingbot_va,stack_sequence,16,100147,red>blue>green,failure,0,1200,1200,action_limit,Stack green block over blue block and blue block over red block.,reused,lingbot_va/stack_sequence/stack_sequence_ep100147_result.json,4f747ab3e48f2e9a69aa132e8b35a24ceaec2eea5486e5db4fbc3d3bd4557707
lingbot_va,stack_sequence,16,100148,green>red>blue,failure,0,1200,1200,action_limit,"Lay green block first, red block second, blue block third, each on the last.",reused,lingbot_va/stack_sequence/stack_sequence_ep100148_result.json,4e70a455542ccee82348ce0fa90c1e1caeefa2cf17dd6267dbe937c930eb0699
lingbot_va,stack_sequence,16,100149,green>blue>red,failure,0,1200,1200,action_limit,"Build a column: green block lowest, then blue block, then red block on top.",reused,lingbot_va/stack_sequence/stack_sequence_ep100149_result.json,35a9162cc8fb7726bfde50e0b2ba88491dad5015f22ecd4ef3adc9bead2d1b46
lingbot_va,stack_sequence,16,100150,blue>red>green,failure,0,1200,1200,action_limit,"Bottom to top, the order is blue block, red block, green block.",reused,lingbot_va/stack_sequence/stack_sequence_ep100150_result.json,0b6553a9a5005a084cece71501be4ead91b7fb410eb74f8c7b20e59cce5b9dcd
lingbot_va,stack_sequence,16,100151,blue>green>red,failure,0,1200,1200,action_limit,"Place blue block at the base, add green block, and top it with red block.",reused,lingbot_va/stack_sequence/stack_sequence_ep100151_result.json,f35e135f2e7fb4571b1e2d41700f72dc967251a5cb7f833e390431fc10bb1f26
lingbot_va,stack_sequence,17,100152,red>green>blue,success,1,424,1200,task_success,"Place red block at the base, add green block, and top it with blue block.",reused,lingbot_va/stack_sequence/stack_sequence_ep100152_result.json,16c8814906bd2f2222c2c51e7e26cadbd06f2c8b014a02f19b4b2e6e56dd0111
lingbot_va,stack_sequence,17,100153,red>blue>green,failure,0,1200,1200,action_limit,"Lay red block first, blue block second, green block third, each on the last.",reused,lingbot_va/stack_sequence/stack_sequence_ep100153_result.json,db3026829116daec4eb78126f443f30c302f1d89501ab8d71ac9b779b85192bc
lingbot_va,stack_sequence,17,100154,green>red>blue,failure,0,1200,1200,action_limit,Stack blue block over red block and red block over green block.,reused,lingbot_va/stack_sequence/stack_sequence_ep100154_result.json,fc711138149a397adc3ba7066902db2ed16c2f838f57efb2c723dd5fffbbbf93
lingbot_va,stack_sequence,17,100155,green>blue>red,failure,0,1200,1200,action_limit,"From the bottom up: green block, then blue block, then red block.",reused,lingbot_va/stack_sequence/stack_sequence_ep100155_result.json,7336806449f1095bc21486564caacbd63acc9de6673e129d722b3d260d901772
lingbot_va,stack_sequence,17,100156,blue>red>green,failure,0,1200,1200,action_limit,"From the bottom up: blue block, then red block, then green block.",reused,lingbot_va/stack_sequence/stack_sequence_ep100156_result.json,0d751793e8e21938dcb5d21743e7ee8d819a4ca790d974c0f292618c39986ba8
lingbot_va,stack_sequence,17,100157,blue>green>red,failure,0,1200,1200,action_limit,"Build a column: blue block lowest, then green block, then red block on top.",reused,lingbot_va/stack_sequence/stack_sequence_ep100157_result.json,c364dfb268a5e797e4ccd63f5cd00d365b7aa977a04b252ce7e992c49f8adba1
lingbot_va,stack_sequence,18,100158,red>green>blue,success,1,422,1200,task_success,"Bottom to top, the order is red block, green block, blue block.",reused,lingbot_va/stack_sequence/stack_sequence_ep100158_result.json,7455affc443e9c9a2557f33e081b39bbd75abafaab26bc8ee3e0c050ed54d9a4
lingbot_va,stack_sequence,18,100159,red>blue>green,failure,0,1200,1200,action_limit,"Order the tower red block, blue block, green block from bottom to top.",reused,lingbot_va/stack_sequence/stack_sequence_ep100159_result.json,19566e522e5d3c541ddb1d34e6d225595b943da22e32abd8b7fcc671b0e967b3
lingbot_va,stack_sequence,18,100160,green>red>blue,failure,0,1200,1200,action_limit,"Lay green block first, red block second, blue block third, each on the last.",reused,lingbot_va/stack_sequence/stack_sequence_ep100160_result.json,68a747954ddee421760020206c0d70bfa152243d5b0eb6de368fbb360d03b3c1
lingbot_va,stack_sequence,18,100161,green>blue>red,failure,0,1200,1200,action_limit,"From the bottom up: green block, then blue block, then red block.",reused,lingbot_va/stack_sequence/stack_sequence_ep100161_result.json,b0175d89b39d412ee5a249a7cf727840d8c87a9c183cb4590481ae7696f1df2c
lingbot_va,stack_sequence,18,100162,blue>red>green,failure,0,1200,1200,action_limit,"Put blue block down, red block on blue block, green block on red block.",reused,lingbot_va/stack_sequence/stack_sequence_ep100162_result.json,f2d99c4ed67c6e5d8e4a71a6d6f8593b7918c5a5647ff63666d85b13efdead4d
lingbot_va,stack_sequence,18,100163,blue>green>red,failure,0,1200,1200,action_limit,Stack red block over green block and green block over blue block.,reused,lingbot_va/stack_sequence/stack_sequence_ep100163_result.json,e8aa6a51d5405b145c1158788e7f75085f70415fb18df6a79b07d4ab824b6aa9
lingbot_va,stack_sequence,19,100170,red>green>blue,success,1,450,1200,task_success,"First set red block, then green block, then blue block at the very top.",reused,lingbot_va/stack_sequence/stack_sequence_ep100170_result.json,df6de9f16921f9e0e5311982a6b2f582e3f2601a142ce8a891a45099e2b7dd67
lingbot_va,stack_sequence,19,100171,red>blue>green,failure,0,1200,1200,action_limit,"From the bottom up: red block, then blue block, then green block.",reused,lingbot_va/stack_sequence/stack_sequence_ep100171_result.json,81d0a8790d30908c222c611dc90273d208a5524538c5fea1d8b7daa1cd8786eb
lingbot_va,stack_sequence,19,100172,green>red>blue,failure,0,1200,1200,action_limit,"From the bottom up: green block, then red block, then blue block.",reused,lingbot_va/stack_sequence/stack_sequence_ep100172_result.json,3cb8632e197f7c367ffecd7ae400a3500b2d02c12e775980942dbd1260f73a57
lingbot_va,stack_sequence,19,100173,green>blue>red,failure,0,1200,1200,action_limit,"Bottom to top, the order is green block, blue block, red block.",reused,lingbot_va/stack_sequence/stack_sequence_ep100173_result.json,a61dd25fb3c56a8d887a7a39cea9b4683642a42d5e6ca6758f465971e6adf0c1
lingbot_va,stack_sequence,19,100174,blue>red>green,failure,0,1200,1200,action_limit,"Rest red block on blue block, then rest green block on red block.",reused,lingbot_va/stack_sequence/stack_sequence_ep100174_result.json,439b479756b23d738fedb1a2e5636c24821d31fd7bf1fc7daacbd33de84ea7aa
lingbot_va,stack_sequence,19,100175,blue>green>red,failure,0,1200,1200,action_limit,"Put blue block down, green block on blue block, red block on green block.",reused,lingbot_va/stack_sequence/stack_sequence_ep100175_result.json,2ead96941830d02b2e54d853a4483885f3eb27c8808cefc3d0dc49c292a9017f
lingbot_va,place_relative,0,100005,left,failure,0,400,400,action_limit,Grab the black remotecontrol and set it to the left of the red tea-box,reused,lingbot_va/place_relative/place_relative_ep100005_result.json,f25d81266f39941e766949d0b993af2a7ea38ce2171230da6d5b713a14395fdf
lingbot_va,place_relative,0,100006,right,success,1,148,400,task_success,Grab the black remotecontrol and set it to the right of the red tea-box,reused,lingbot_va/place_relative/place_relative_ep100006_result.json,5722441d5ca372eb2ac8b2e55036cb7699eea336cf8eb8008bcf9bd20bce7324
lingbot_va,place_relative,0,100009,on_top,failure,0,400,400,action_limit,Grab the black remotecontrol and set it on top of the red tea-box,reused,lingbot_va/place_relative/place_relative_ep100009_result.json,fd160f0ce26971dec2c7f0ef6dbacf7a5f04e44c3ec883d10cc656bc13d69f08
lingbot_va,place_relative,1,100010,left,success,1,134,400,task_success,Pick up the red can and move it to the left of the red tea-box,reused,lingbot_va/place_relative/place_relative_ep100010_result.json,f23b95f806039589200b298967c6565e3748e4522dbd562e90f89cc6b5a9c605
lingbot_va,place_relative,1,100011,right,failure,0,400,400,action_limit,Pick up the red can and move it to the right of the red tea-box,reused,lingbot_va/place_relative/place_relative_ep100011_result.json,2634626770730429a1302f4476783cdb55a560d14819d6c80d168b5ae75a3da8
lingbot_va,place_relative,1,100014,on_top,success,1,138,400,task_success,Use the left arm to grab the red can and place it on top of the red tea-box,reused,lingbot_va/place_relative/place_relative_ep100014_result.json,207a84d0e9312089b6efe92617c4171104c9dfc78d7a486ca1fb6b4e1f2a513d
lingbot_va,place_relative,2,100015,left,success,1,145,400,task_success,Use the left arm to grab the blue soap and place it to the left of the red tea-box,reused,lingbot_va/place_relative/place_relative_ep100015_result.json,4d2681181fcc9f1a482ce27e4f7860deb4515f01d0ab52c71a62fff8b3d547d8
lingbot_va,place_relative,2,100016,right,failure,0,400,400,action_limit,Lift the blue soap and set it to the right of the red tea-box,reused,lingbot_va/place_relative/place_relative_ep100016_result.json,7367e8c2ad8b2f7eb9428cdc0d39864c1518c44eb2e2146ceb47a14ff56a9b55
lingbot_va,place_relative,2,100019,on_top,success,1,276,400,task_success,"Use the left arm to pick up the blue soap, set it on top of the red tea-box",reused,lingbot_va/place_relative/place_relative_ep100019_result.json,edeb7f02f246bec0175e963b3c06edda25d056c3dc208719547febd8f95f7cca
lingbot_va,place_relative,3,100020,left,success,1,164,400,task_success,Lift the gray mouse and set it to the left of the brown coffee-box,reused,lingbot_va/place_relative/place_relative_ep100020_result.json,0e4c3c904394aa0f47627a3c486a78b5ecb573606b50813f586c912db42ef956
lingbot_va,place_relative,3,100021,right,success,1,138,400,task_success,Use the left arm to grab the gray mouse and place it to the right of the brown coffee-box,reused,lingbot_va/place_relative/place_relative_ep100021_result.json,59d637a3ecc8a0b66362761f30e39897f058ed5c233d99e90a02b25653a1cda8
lingbot_va,place_relative,3,100024,on_top,failure,0,400,400,action_limit,Grab the gray mouse and set it on top of the brown coffee-box,reused,lingbot_va/place_relative/place_relative_ep100024_result.json,b9ba5db7e27ca91d9e18717b68b0185f59c5278308060e3f4fe2f22b0e39be9b
lingbot_va,place_relative,4,100025,left,success,1,137,400,task_success,Pick up the green toycar and move it to the left of the brown coffee-box,reused,lingbot_va/place_relative/place_relative_ep100025_result.json,22938e349c7b39434f03f8f05b1a833ace9efb7a72f2f242d87f1ad35c4b37c7
lingbot_va,place_relative,4,100026,right,failure,0,400,400,action_limit,Pick up the green toycar and move it to the right of the brown coffee-box,reused,lingbot_va/place_relative/place_relative_ep100026_result.json,9de8b8820b3c9b6e9b7cf94bc9043d47781cef2ccd2cc12005dede56dbd2f1c1
lingbot_va,place_relative,4,100029,on_top,failure,0,400,400,action_limit,Use the left arm to grab the green toycar and place it on top of the brown coffee-box,reused,lingbot_va/place_relative/place_relative_ep100029_result.json,2d64a406632bbb647b1ba5098ae84cbfda348a3f6fa9cc5a52c02199e62d7a31
lingbot_va,place_relative,5,100030,left,failure,0,400,400,action_limit,Use the right arm to grab the red stapler and place it to the left of the brown coffee-box,reused,lingbot_va/place_relative/place_relative_ep100030_result.json,98c1d6aa63014c538c3ddc067a3b312fbd8a3a786d851fe39ad1896f4962d165
lingbot_va,place_relative,5,100031,right,failure,0,400,400,action_limit,"Use the right arm to pick up the red stapler, set it to the right of the brown coffee-box",reused,lingbot_va/place_relative/place_relative_ep100031_result.json,bc9da0dfe91306b51e7b8b8da42d6a8ee5d4a08d7dee61bda2e7c235e94fb225
lingbot_va,place_relative,5,100034,on_top,failure,0,400,400,action_limit,Grab the red stapler and set it on top of the brown coffee-box,reused,lingbot_va/place_relative/place_relative_ep100034_result.json,a4dad70406e83375f2e8e8ec0402d3ae1215eaf0fc326a0f811d0ffaa7e6527b
lingbot_va,place_relative,6,100040,left,success,1,140,400,task_success,Pick up the red can and move it to the left of the brown coffee-box,reused,lingbot_va/place_relative/place_relative_ep100040_result.json,bbb87b0c87636b84e6ec939fc364f4907bfffe57f691042186247ed1406c878e
lingbot_va,place_relative,6,100041,right,failure,0,400,400,action_limit,Relocate the red can to the right of the brown coffee-box,reused,lingbot_va/place_relative/place_relative_ep100041_result.json,b609937da6b1ad3e70df0f0763537d895acbc7a4ae6e16e8d015d9588ac47cf9
lingbot_va,place_relative,6,100044,on_top,failure,0,400,400,action_limit,Relocate the red can on top of the brown coffee-box,reused,lingbot_va/place_relative/place_relative_ep100044_result.json,6d96abab919201ba2d3d322ccf35255f0876b8610040bfe1b0297d1494d3c4d9
lingbot_va,place_relative,7,100045,left,success,1,141,400,task_success,Grab the blue soap and set it to the left of the brown coffee-box,reused,lingbot_va/place_relative/place_relative_ep100045_result.json,67a587d542f3b0117d0a471ef6a606f938b0377e57c43f837ccfe6ed1c8370fc
lingbot_va,place_relative,7,100046,right,failure,0,400,400,action_limit,"Use the left arm to pick up the blue soap, set it to the right of the brown coffee-box",reused,lingbot_va/place_relative/place_relative_ep100046_result.json,f4bae1f036a2dc21ebec88326bedbe3eb796b1f2cf14afc70375fb5b67f887fd
lingbot_va,place_relative,7,100049,on_top,failure,0,400,400,action_limit,Lift the blue soap and set it on top of the brown coffee-box,reused,lingbot_va/place_relative/place_relative_ep100049_result.json,afbc788fb4b3b3a3f69faa3d4795e0a13a7bf99d27b96aa7634bc54a49d5f006
lingbot_va,place_relative,8,100050,left,failure,0,400,400,action_limit,Use the right arm to grab the gray mouse and place it to the left of the red tea-box,reused,lingbot_va/place_relative/place_relative_ep100050_result.json,8ad50325003d610ce73c08fc1ad96572781464a97d499adc22c2f5e67ecb69cd
lingbot_va,place_relative,8,100051,right,success,1,135,400,task_success,Lift the gray mouse and set it to the right of the red tea-box,reused,lingbot_va/place_relative/place_relative_ep100051_result.json,239df9725a4a94580223191b2c03d7134c6d0fc7245b57e9f3a9cb91f6bd12d9
lingbot_va,place_relative,8,100054,on_top,failure,0,400,400,action_limit,Lift the gray mouse and set it on top of the red tea-box,reused,lingbot_va/place_relative/place_relative_ep100054_result.json,1a8ef10f8b52c6322252571f2a3a9f809aa9d0c9d61c6e12410fd577b9ebab81
lingbot_va,place_relative,9,100055,left,success,1,136,400,task_success,Grab the green toycar and set it to the left of the red tea-box,reused,lingbot_va/place_relative/place_relative_ep100055_result.json,9f520eb2c6b75554605d0f0ae36bb2bfb414cd79ee1f0c2ecce7fbbb6d3b0010
lingbot_va,place_relative,9,100056,right,failure,0,400,400,action_limit,Grab the green toycar and set it to the right of the red tea-box,reused,lingbot_va/place_relative/place_relative_ep100056_result.json,8770ae6c27485c0889d60bf3a2eab35cec491fd22ca22dfa5acd03e3e98558c9
lingbot_va,place_relative,9,100059,on_top,success,1,134,400,task_success,Pick up the green toycar and move it on top of the red tea-box,reused,lingbot_va/place_relative/place_relative_ep100059_result.json,b8670107f3b27ab0b4409318a1b23f4ec35cee0a3ab797b2867cf19d39591dc5
lingbot_va,place_relative,10,100060,left,success,1,136,400,task_success,Use the left arm to grab the red stapler and place it to the left of the red tea-box,reused,lingbot_va/place_relative/place_relative_ep100060_result.json,04aae5a16d91e3b3b2768a938c8e4caf162a662b5daed77551a9a5b7f4515faf
lingbot_va,place_relative,10,100061,right,success,1,304,400,task_success,Pick up the red stapler and move it to the right of the red tea-box,reused,lingbot_va/place_relative/place_relative_ep100061_result.json,430515ea46b341fbdf4d3972f0ad3a38eb9f3e9c2fdca2930f2cc570a612f916
lingbot_va,place_relative,10,100064,on_top,success,1,133,400,task_success,"Use the left arm to pick up the red stapler, set it on top of the red tea-box",reused,lingbot_va/place_relative/place_relative_ep100064_result.json,700e2ac68b1e0ff4036160e18d80f0cab8e7c5eaa5823bc59477aa6da103ae9c
lingbot_va,place_relative,11,100065,left,success,1,144,400,task_success,Grab the black remotecontrol and set it to the left of the red tea-box,reused,lingbot_va/place_relative/place_relative_ep100065_result.json,a445e3098fb0b93757592ffe98d117915c0202cd3c9dc7751d406d79a2634bf0
lingbot_va,place_relative,11,100066,right,failure,0,400,400,action_limit,"Use the left arm to pick up the black remotecontrol, set it to the right of the red tea-box",reused,lingbot_va/place_relative/place_relative_ep100066_result.json,cf91dec3dbe2ddda6a1e81f6eebbfd08406a5a8c29ea7a8a1f94aac27a0f08e6
lingbot_va,place_relative,11,100069,on_top,success,1,145,400,task_success,Pick up the black remotecontrol and move it on top of the red tea-box,reused,lingbot_va/place_relative/place_relative_ep100069_result.json,b34feb0a4ee966644e6d2e5916bb0c1ec4bd336820400c81c06792d0ff3a44e6
lingbot_va,place_relative,12,100070,left,failure,0,400,400,action_limit,Relocate the red can to the left of the red tea-box,reused,lingbot_va/place_relative/place_relative_ep100070_result.json,ec7fffefe803c4f68ac73b6f88e73db7a5d2d374ebbd9e769c0050fdd73c7be5
lingbot_va,place_relative,12,100071,right,success,1,134,400,task_success,Relocate the red can to the right of the red tea-box,reused,lingbot_va/place_relative/place_relative_ep100071_result.json,20d199df63bf5fa6284dbaf19a113a755e7fe506ad86216bd43ebc5ffc9331ec
lingbot_va,place_relative,12,100074,on_top,success,1,136,400,task_success,Relocate the red can on top of the red tea-box,reused,lingbot_va/place_relative/place_relative_ep100074_result.json,2d0ce1f656f530ee4473387faf46076d0ed0d303723fecfc46ba91f96619ce42
lingbot_va,place_relative,13,100075,left,success,1,149,400,task_success,"Use the right arm to pick up the blue soap, set it to the left of the red tea-box",reused,lingbot_va/place_relative/place_relative_ep100075_result.json,853941b99c4f85196c64d410d0f3a1edcf215364ad35ae1930ef5074ae290c8f
lingbot_va,place_relative,13,100076,right,failure,0,400,400,action_limit,Pick up the blue soap and move it to the right of the red tea-box,reused,lingbot_va/place_relative/place_relative_ep100076_result.json,819b65ac7f34bc647ca66704d3f474d7b9e8f29fe600600ed775ab7e9e5d6405
lingbot_va,place_relative,13,100079,on_top,success,1,344,400,task_success,Grab the blue soap and set it on top of the red tea-box,reused,lingbot_va/place_relative/place_relative_ep100079_result.json,e07ea62a26f909c72c509349fe2e92ae73d7afdfd3d673ef31144f31389f2250
lingbot_va,place_relative,14,100080,left,success,1,136,400,task_success,Grab the gray mouse and set it to the left of the brown coffee-box,reused,lingbot_va/place_relative/place_relative_ep100080_result.json,479c4f07834c5bedea1eabe2b011205e237a027fd8f759ccef29505a70897ce6
lingbot_va,place_relative,14,100081,right,failure,0,400,400,action_limit,"Use the left arm to pick up the gray mouse, set it to the right of the brown coffee-box",reused,lingbot_va/place_relative/place_relative_ep100081_result.json,55a7eced85c4f346453ba02919f68894ea1eaf491da9b03cbaaf75144b7be47c
lingbot_va,place_relative,14,100084,on_top,failure,0,400,400,action_limit,Grab the gray mouse and set it on top of the brown coffee-box,reused,lingbot_va/place_relative/place_relative_ep100084_result.json,bd5a08174b6f2b15a9cca5f1f2930439d9fd06580ae9213b530120ced718afcf
lingbot_va,place_relative,15,100085,left,failure,0,400,400,action_limit,Lift the green toycar and set it to the left of the brown coffee-box,reused,lingbot_va/place_relative/place_relative_ep100085_result.json,15c9b93e6f7c75cd5157e87f58fe5477b01a90bec6a4c2cedb5c7e5739a8f6bd
lingbot_va,place_relative,15,100086,right,success,1,139,400,task_success,"Use the right arm to pick up the green toycar, set it to the right of the brown coffee-box",reused,lingbot_va/place_relative/place_relative_ep100086_result.json,17a11c4194d3aafee12f02d5da64277b608e42863642d35dff0a9457ee96308a
lingbot_va,place_relative,15,100089,on_top,failure,0,400,400,action_limit,Lift the green toycar and set it on top of the brown coffee-box,reused,lingbot_va/place_relative/place_relative_ep100089_result.json,6558cf42135d0bea3929ecc8be7c7c646e2d5889dbaf66126c5ea1c411b91cd1
lingbot_va,place_relative,16,100095,left,failure,0,400,400,action_limit,"Use the right arm to pick up the black remotecontrol, set it to the left of the brown coffee-box",reused,lingbot_va/place_relative/place_relative_ep100095_result.json,4cdd892e1fca9f76016b24a33278541d071a6bf025a08ec5f3c126df07151285
lingbot_va,place_relative,16,100096,right,success,1,139,400,task_success,Relocate the black remotecontrol to the right of the brown coffee-box,reused,lingbot_va/place_relative/place_relative_ep100096_result.json,8986e27545617a8a41de7c7c75a2908feea10313291fb4c34538ba0091105b2f
lingbot_va,place_relative,16,100099,on_top,failure,0,400,400,action_limit,Lift the black remotecontrol and set it on top of the brown coffee-box,reused,lingbot_va/place_relative/place_relative_ep100099_result.json,53338771b967575b423751f001f8a827ed6771e524b4b5f0c68b921d51c49033
lingbot_va,place_relative,17,100100,left,failure,0,400,400,action_limit,"Use the right arm to pick up the red can, set it to the left of the brown coffee-box",reused,lingbot_va/place_relative/place_relative_ep100100_result.json,9664e9fc5362b9c592bbd1fb37929ca2d5f8bc6f0ae0749a22ab3580d59b80ca
lingbot_va,place_relative,17,100101,right,failure,0,400,400,action_limit,"Use the right arm to pick up the red can, set it to the right of the brown coffee-box",reused,lingbot_va/place_relative/place_relative_ep100101_result.json,93ff34a390a18ac08f9a602897883bc3d6890a3611d0ede449c0b97d811fed75
lingbot_va,place_relative,17,100104,on_top,failure,0,400,400,action_limit,Pick up the red can and move it on top of the brown coffee-box,reused,lingbot_va/place_relative/place_relative_ep100104_result.json,ace2907d1b54c35e512a15d92c450c6c62f6586a6cdad86ebd13c29b2760757c
lingbot_va,place_relative,18,100105,left,failure,0,400,400,action_limit,Use the right arm to grab the blue soap and place it to the left of the brown coffee-box,reused,lingbot_va/place_relative/place_relative_ep100105_result.json,6b23e7acbc15125db857ec40c15aab8ca898bc2ca36635782c8c5c017cd202c4
lingbot_va,place_relative,18,100106,right,failure,0,400,400,action_limit,Grab the blue soap and set it to the right of the brown coffee-box,reused,lingbot_va/place_relative/place_relative_ep100106_result.json,ee196d606a2a0dbcd09bce0c39d611110b4d436afe8760de105069ab31af5c9e
lingbot_va,place_relative,18,100109,on_top,failure,0,400,400,action_limit,Relocate the blue soap on top of the brown coffee-box,reused,lingbot_va/place_relative/place_relative_ep100109_result.json,f726ad2e39d54008b343fc197c4f9d7a7a815b2a1800026ab1737c0fcc4924f9
lingbot_va,place_relative,19,100110,left,success,1,130,400,task_success,Use the left arm to grab the gray mouse and place it to the left of the red tea-box,reused,lingbot_va/place_relative/place_relative_ep100110_result.json,443b7c1af54d17bf93df7d11f62107cb7ed5b69467acf538cb10460c3f82ca99
lingbot_va,place_relative,19,100111,right,failure,0,400,400,action_limit,Grab the gray mouse and set it to the right of the red tea-box,reused,lingbot_va/place_relative/place_relative_ep100111_result.json,01067295d64106a7e697fb9700236e97fde8de8a01388c8d5713b4c954abcebb
lingbot_va,place_relative,19,100114,on_top,failure,0,400,400,action_limit,Use the left arm to grab the gray mouse and place it on top of the red tea-box,reused,lingbot_va/place_relative/place_relative_ep100114_result.json,2a326d04ddd97996ce11f7fc6fcdfcd0cbee479c5a3e77f646fcaa54c49778c2
lingbot_vla,bottle_verb,0,100002,pick,failure,0,700,700,action_limit,pick up the curvy yellow plastic bottle gently.,reused,lingbot_vla/bottle_verb/bottle_verb_ep100002_result.json,24e9795a1cc2cffb1b6c4ff18c7aca4607997dc12a57e1a2ad3d7c2d5aa0ca0a
lingbot_vla,bottle_verb,0,100003,shake,success,1,140,700,task_success,shake the smooth bottle with blue text gently.,reused,lingbot_vla/bottle_verb/bottle_verb_ep100003_result.json,e3a38cc9b6a8ba496c45f133b61a9cb915a47780b56ec1c026ad4b942bb9c94c
lingbot_vla,bottle_verb,1,100004,pick,failure,0,700,700,action_limit,Please grab the curvy yellow plastic bottle with the left arm.,reused,lingbot_vla/bottle_verb/bottle_verb_ep100004_result.json,69b1282fb0e9a3bcb8b015dddec217d96aedd1bbbbf623a1308117a87d70a242
lingbot_vla,bottle_verb,1,100005,shake,success,1,120,700,task_success,shake the yellow bottle with white cap using the left arm.,reused,lingbot_vla/bottle_verb/bottle_verb_ep100005_result.json,9820f82f82dbd87cb445054efc9641b1bcd503be6222e82f90f88408b55bb0d2
lingbot_vla,bottle_verb,2,100006,pick,failure,0,700,700,action_limit,Kindly lift the bottle with printed label.,reused,lingbot_vla/bottle_verb/bottle_verb_ep100006_result.json,363ceba153022b01d5c52c2014c07ef77d6f6db7518e2ce84870f49f518329b6
lingbot_vla,bottle_verb,2,100007,shake,success,1,140,700,task_success,Kindly shake the bottle with printed label.,reused,lingbot_vla/bottle_verb/bottle_verb_ep100007_result.json,7b09d70f4d99e06f2237dbd0cd89a7e23efe841b1ad97798c512600803643a99
lingbot_vla,bottle_verb,3,100008,pick,failure,0,700,700,action_limit,Please pick up the yellow bottle for liquid storage with the right arm.,reused,lingbot_vla/bottle_verb/bottle_verb_ep100008_result.json,2b900c506d1e87da1a2575ffa61d7c2a7b0e8969a9c5375aab01ab8f6370d106
lingbot_vla,bottle_verb,3,100009,shake,success,1,160,700,task_success,shake the yellow bottle for liquid storage with care.,reused,lingbot_vla/bottle_verb/bottle_verb_ep100009_result.json,d7f28dfaac109b3fb8368a0d8019989553648679aa61a6ae20c38693574d224c
lingbot_vla,bottle_verb,4,100010,pick,failure,0,700,700,action_limit,grab the medium-sized plastic bottle with capped top gently.,reused,lingbot_vla/bottle_verb/bottle_verb_ep100010_result.json,f6d043a202a951533f253ab57ad99d92362100d792eebfd79d78addb3c53aaa8
lingbot_vla,bottle_verb,4,100011,shake,success,1,128,700,task_success,Please shake the medium-sized plastic bottle with capped top with the left arm.,reused,lingbot_vla/bottle_verb/bottle_verb_ep100011_result.json,8ed5e2367518f18550e58397b3af6c5ff0acfafc54f52870cca8450a0bf4ff24
lingbot_vla,bottle_verb,5,100016,pick,failure,0,700,700,action_limit,Kindly grab the bottle with ridged orange grip.,reused,lingbot_vla/bottle_verb/bottle_verb_ep100016_result.json,369956b8b46de3b684b9dcaeaec5c8023ec701d7589e1f9254cc6dfb4120ce47
lingbot_vla,bottle_verb,5,100017,shake,success,1,160,700,task_success,Please shake the white capped orange plastic bottle with the left arm.,reused,lingbot_vla/bottle_verb/bottle_verb_ep100017_result.json,532087c21a1acc8dd13078186abde5d7bbd62923c9588c79c2ebd47f398fb220
lingbot_vla,bottle_verb,6,100018,pick,failure,0,700,700,action_limit,Kindly lift the smooth bottle with blue text.,reused,lingbot_vla/bottle_verb/bottle_verb_ep100018_result.json,d1c1bc5d76673ee76d34bc21b6b78e6f69cb6a8a06d39ac9d993f61d93f4958e
lingbot_vla,bottle_verb,6,100019,shake,success,1,127,700,task_success,shake the smooth bottle with blue text gently.,reused,lingbot_vla/bottle_verb/bottle_verb_ep100019_result.json,a04adf18409861564d16a9c58093586ecf25f10786394167625f9e4b3bcc2de1
lingbot_vla,bottle_verb,7,100020,pick,failure,0,700,700,action_limit,pick up the handheld orange bottle with care.,reused,lingbot_vla/bottle_verb/bottle_verb_ep100020_result.json,18670f48cc5857c9391efa764f9f41572e25b27dce401b77ca0c5660c6eb63ed
lingbot_vla,bottle_verb,7,100021,shake,success,1,156,700,task_success,shake the label-covered orange bottle gently.,reused,lingbot_vla/bottle_verb/bottle_verb_ep100021_result.json,1abf7c7930b717a0729ea59e7263ae96bb0b91d6cea6db41f6229007ca8302b8
lingbot_vla,bottle_verb,8,100022,pick,failure,0,700,700,action_limit,grab the bottle with curved body carefully now.,reused,lingbot_vla/bottle_verb/bottle_verb_ep100022_result.json,9b58747cf3fbd6ececa8c77d5772c06898e663e4968b2443cff272e11b38259c
lingbot_vla,bottle_verb,8,100023,shake,success,1,118,700,task_success,shake the bottle with curved body gently.,reused,lingbot_vla/bottle_verb/bottle_verb_ep100023_result.json,0732e95b398e21eacb074a0b6e7dd6a48a21812d3576d5f54c37f51f543ac9f1
lingbot_vla,bottle_verb,9,100024,pick,failure,0,700,700,action_limit,lift the bottle with curved neck design with the left arm.,reused,lingbot_vla/bottle_verb/bottle_verb_ep100024_result.json,4fc3380c9427021aa6dd65650c19dfd799e65f35396b1b8baa0f98e9a2e86a9b
lingbot_vla,bottle_verb,9,100025,shake,success,1,149,700,task_success,shake the bottle with curved neck design for a moment.,reused,lingbot_vla/bottle_verb/bottle_verb_ep100025_result.json,44c3fe82d96731d2c45f1966f9a59be28f3ebf32db24466d449b0e73d5cdbc7f
lingbot_vla,bottle_verb,10,100026,pick,failure,0,700,700,action_limit,pick up the bottle with curved neck design using one arm.,reused,lingbot_vla/bottle_verb/bottle_verb_ep100026_result.json,8858623cdb59427bbed27d1b2e29b08281f513d462fa629112d24ebbfe7cad73
lingbot_vla,bottle_verb,10,100027,shake,success,1,122,700,task_success,shake the blue-capped plastic bottle carefully now.,reused,lingbot_vla/bottle_verb/bottle_verb_ep100027_result.json,7e61ed89e2421d7ddf813dfe2ff994d31cf2fe72585987f5f5c9fbf77ec6cfa4
lingbot_vla,bottle_verb,11,100030,pick,failure,0,700,700,action_limit,lift the blue-capped plastic bottle gently.,reused,lingbot_vla/bottle_verb/bottle_verb_ep100030_result.json,bfb088e1359a160b4ed8fe75a752efdb19dbc4bc1bbc574becaf5a46ab363dac
lingbot_vla,bottle_verb,11,100031,shake,success,1,141,700,task_success,shake the bottle with curved neck design gently.,reused,lingbot_vla/bottle_verb/bottle_verb_ep100031_result.json,4ca98f7edffd2d6b11a3f1c6d391e8f13312928ecc03ee9ad3104182f6eee377
lingbot_vla,bottle_verb,12,100032,pick,failure,0,700,700,action_limit,Kindly pick up the bottle with curved body.,reused,lingbot_vla/bottle_verb/bottle_verb_ep100032_result.json,d554bba7625569ae6b62d6588ab62842b5ba64ce7b860db509ae30f4de7d55d1
lingbot_vla,bottle_verb,12,100033,shake,success,1,112,700,task_success,shake the bottle with curved body right away.,reused,lingbot_vla/bottle_verb/bottle_verb_ep100033_result.json,e3eec6a35eb1bf1632bacfceda643bb33486439b9e4e4b2dce42685db3509802
lingbot_vla,bottle_verb,13,100038,pick,failure,0,700,700,action_limit,pick up the liquid container dark brown plastic with the left arm.,reused,lingbot_vla/bottle_verb/bottle_verb_ep100038_result.json,356fed2cb4f79ce1c43e3280c1090f960a1f66ab6642a42fad2a471ca96c5327
lingbot_vla,bottle_verb,13,100039,shake,success,1,147,700,task_success,shake the liquid container dark brown plastic carefully now.,reused,lingbot_vla/bottle_verb/bottle_verb_ep100039_result.json,e8ddfe0a57223db27047eb3619ebb81d1faecc9f0ded5658fa8056338ade3264
lingbot_vla,bottle_verb,14,100042,pick,failure,0,700,700,action_limit,lift the light gray bottle right away.,reused,lingbot_vla/bottle_verb/bottle_verb_ep100042_result.json,d5539c7d39f8a475b49e0594f95d95fe8d17346024dc2f9f3d8a041791bbb447
lingbot_vla,bottle_verb,14,100043,shake,success,1,150,700,task_success,shake the light gray bottle with care.,reused,lingbot_vla/bottle_verb/bottle_verb_ep100043_result.json,c06595e0f1d048146c77adf2f37353bc268a527f04233dd34bcad1700029ba09
lingbot_vla,bottle_verb,15,100048,pick,failure,0,700,700,action_limit,lift the plastic bottle with printed label with the right arm.,reused,lingbot_vla/bottle_verb/bottle_verb_ep100048_result.json,d25b489b0ffca699c28f94969357f9809f68bf6530675aa932c033cf58ea44ec
lingbot_vla,bottle_verb,15,100049,shake,success,1,146,700,task_success,shake the bottle with glossy surface right away.,reused,lingbot_vla/bottle_verb/bottle_verb_ep100049_result.json,be19e142a036d22dec69b214eb4368a53dac623e8ffeb358b99cc0ef0435a830
lingbot_vla,bottle_verb,16,100050,pick,failure,0,700,700,action_limit,pick up the label-covered orange bottle with care.,reused,lingbot_vla/bottle_verb/bottle_verb_ep100050_result.json,abd1f2ea9cd6e212a697c8a8dca5d4eb17ec3450ef4df39bb7a75c373c1fc79f
lingbot_vla,bottle_verb,16,100051,shake,success,1,124,700,task_success,shake the handheld orange bottle right away.,reused,lingbot_vla/bottle_verb/bottle_verb_ep100051_result.json,66ee92696f9f5235a67901704b844b589f5936c8fccb439543283dd2dbc8fdee
lingbot_vla,bottle_verb,17,100052,pick,failure,0,700,700,action_limit,grab the bottle with red screw cap with the right arm.,reused,lingbot_vla/bottle_verb/bottle_verb_ep100052_result.json,59851cc230effbe0fce7b5ae4a52a1ba161017a93fc90ee5d8150fe96b2af33e
lingbot_vla,bottle_verb,17,100053,shake,success,1,149,700,task_success,shake the bottle with red screw cap with care.,reused,lingbot_vla/bottle_verb/bottle_verb_ep100053_result.json,137187148c85a2234e68694a913c5c80041c95e7957f8c24941a6e624f6c68e7
lingbot_vla,bottle_verb,18,100054,pick,failure,0,700,700,action_limit,lift the medium-sized plastic bottle with capped top gently.,reused,lingbot_vla/bottle_verb/bottle_verb_ep100054_result.json,dcc335ddc49171938447f620f26d860588b80edbed804c844949c78c7ec1312a
lingbot_vla,bottle_verb,18,100055,shake,success,1,146,700,task_success,shake the medium-sized plastic bottle with capped top right away.,reused,lingbot_vla/bottle_verb/bottle_verb_ep100055_result.json,f5e6684234c11834ef6ff0d406b96644df1e5e783b128d601297ffc6dcf2b190
lingbot_vla,bottle_verb,19,100056,pick,failure,0,700,700,action_limit,pick up the yellow bottle for liquid storage gently.,reused,lingbot_vla/bottle_verb/bottle_verb_ep100056_result.json,2517d535e25bf948859c3447cdfa775f90c82662e928f3bde08910560813c138
lingbot_vla,bottle_verb,19,100057,shake,success,1,149,700,task_success,Please shake the yellow rectangular bottle with the left arm.,reused,lingbot_vla/bottle_verb/bottle_verb_ep100057_result.json,3b20899f126addfd4abcf201678ead31a18cea5ca9da6855cf991068a86cff0d
lingbot_vla,pick_diverse_object,0,100002,seen,success,1,76,400,task_success,Pick up the bread carefully using the left arm,reused,lingbot_vla/pick_diverse_object/pick_diverse_object_ep100002_result.json,8dd7dccc36958286d87056c4a639db9d1da6e03b76c0c390e9ff4631b2f9a448
lingbot_vla,pick_diverse_object,0,100003,unseen,failure,0,400,400,action_limit,Lift the apple from the table using the left arm.,reused,lingbot_vla/pick_diverse_object/pick_diverse_object_ep100003_result.json,19f1b5a51f2326eb15393742dcd42066d173cc64c96e3ae2c98ff31056e7fde1
lingbot_vla,pick_diverse_object,1,100004,seen,success,1,46,400,task_success,Pick up the coffee box carefully using the left arm,reused,lingbot_vla/pick_diverse_object/pick_diverse_object_ep100004_result.json,42dfc48d8e50d66f5147dfa1b1b1f25df48047205e60df612d08bb708fbacc5f
lingbot_vla,pick_diverse_object,1,100005,unseen,failure,0,400,400,action_limit,Pick up the wooden mallet carefully using the left arm,reused,lingbot_vla/pick_diverse_object/pick_diverse_object_ep100005_result.json,c80db483112b13d9d6cbcebd125f473f648ed7a97596e101287e8524414b0fbd
lingbot_vla,pick_diverse_object,2,100006,seen,failure,0,400,400,action_limit,Grab the mouse on the table and raise it.,reused,lingbot_vla/pick_diverse_object/pick_diverse_object_ep100006_result.json,f789ff9c48a7c0d69aa607d9b6bf51857a5e5dbdbc1eec99d635d64641c765d6
lingbot_vla,pick_diverse_object,2,100007,unseen,failure,0,400,400,action_limit,Pick up the paintbrush carefully using the left arm,reused,lingbot_vla/pick_diverse_object/pick_diverse_object_ep100007_result.json,ec30922c586cab5c9e6576ec9ae0d95f85688c07a44abf8f0342e72d8bf1163d
lingbot_vla,pick_diverse_object,3,100008,seen,failure,0,400,400,action_limit,Pick up the bottle using the correct arm,reused,lingbot_vla/pick_diverse_object/pick_diverse_object_ep100008_result.json,58aecff692adfdb15d18e5911adfa17e2f2a95f6b171ba41d14cc924c518cef6
lingbot_vla,pick_diverse_object,3,100009,unseen,failure,0,400,400,action_limit,Grab the dumbbell on the table and raise it.,reused,lingbot_vla/pick_diverse_object/pick_diverse_object_ep100009_result.json,47e4885e4e8a434595419f24f7697c1fcba9c607b17a0c15df464aec8c59fed8
lingbot_vla,pick_diverse_object,4,100012,seen,failure,0,400,400,action_limit,Grab the shoe on the table and raise it.,reused,lingbot_vla/pick_diverse_object/pick_diverse_object_ep100012_result.json,41c434de2994035697da23add6d4e3d4364a08c897d3f6b9e40aa11e6d0389df
lingbot_vla,pick_diverse_object,4,100013,unseen,failure,0,400,400,action_limit,Pick up the wooden mallet using the correct arm,reused,lingbot_vla/pick_diverse_object/pick_diverse_object_ep100013_result.json,5940d79013f43266490c615378aba16f2b12c2403aa13c4495871ccb95187b08
lingbot_vla,pick_diverse_object,5,100014,seen,success,1,72,400,task_success,Pick up the mug carefully using the left arm,reused,lingbot_vla/pick_diverse_object/pick_diverse_object_ep100014_result.json,8015dd0244aed2e0eb48baf1bfc0dc509092d1fec1af0013c49cd301441b6d21
lingbot_vla,pick_diverse_object,5,100015,unseen,failure,0,400,400,action_limit,Lift the paintbrush from the table using the right arm.,reused,lingbot_vla/pick_diverse_object/pick_diverse_object_ep100015_result.json,5d02e153157707c0f2eb47a62a9451d10ef253c7232f7b00340569633403e6a9
lingbot_vla,pick_diverse_object,6,100018,seen,failure,0,400,400,action_limit,Pick up the toy car carefully using the right arm,reused,lingbot_vla/pick_diverse_object/pick_diverse_object_ep100018_result.json,890cf0359ecfb8789d01e43ae14f7014560b1811c0b86d3282f2b8e576a6e7b6
lingbot_vla,pick_diverse_object,6,100019,unseen,success,1,77,400,task_success,Pick up the apple carefully using the right arm,reused,lingbot_vla/pick_diverse_object/pick_diverse_object_ep100019_result.json,d6f05a2a4b1a3c701e30d88a83f306aa67be6e2727bbb84d42b7253609dc170e
lingbot_vla,pick_diverse_object,7,100020,seen,failure,0,400,400,action_limit,Grab the phone on the table and raise it.,reused,lingbot_vla/pick_diverse_object/pick_diverse_object_ep100020_result.json,42745069cc7841e31b556b37c34903a28bf1e011b7ffb468fa70e07ea85e2907
lingbot_vla,pick_diverse_object,7,100021,unseen,success,1,312,400,task_success,Grab the wooden mallet on the table and raise it.,reused,lingbot_vla/pick_diverse_object/pick_diverse_object_ep100021_result.json,5351e9f9a487885086ab3f773bddcc98548f63787e2a4c7dd58a42cb7d971da3
lingbot_vla,pick_diverse_object,8,100024,seen,failure,0,400,400,action_limit,Pick up the hamburger carefully using the right arm,reused,lingbot_vla/pick_diverse_object/pick_diverse_object_ep100024_result.json,c80c24142992bf911f6aeb893823682885870b0646a991e1b757ade81fc133e2
lingbot_vla,pick_diverse_object,8,100025,unseen,failure,0,400,400,action_limit,Pick up the dumbbell carefully using the left arm,reused,lingbot_vla/pick_diverse_object/pick_diverse_object_ep100025_result.json,b567f49d0f7a8ef6cdba57a912f19f9c5d3bdf658642c048cae147ea00764435
lingbot_vla,pick_diverse_object,9,100034,seen,success,1,307,400,task_success,Lift the cup from the table using the left arm.,reused,lingbot_vla/pick_diverse_object/pick_diverse_object_ep100034_result.json,377f6dec95efc2380a51ecbe0790462654f464ac9508c23d1fde78615e5da2e0
lingbot_vla,pick_diverse_object,9,100035,unseen,failure,0,400,400,action_limit,Grab the apple on the table and raise it.,reused,lingbot_vla/pick_diverse_object/pick_diverse_object_ep100035_result.json,0c7f3c5b326afc99c232acf2a6b4645040d5a1e9de0f76aab8e7c428cd94559e
lingbot_vla,pick_diverse_object,10,100036,seen,success,1,130,400,task_success,Grab the shoe on the table and raise it.,reused,lingbot_vla/pick_diverse_object/pick_diverse_object_ep100036_result.json,c1e50524c8e6762e60c4e8c280960293559af20827c749b7385c0473512827d1
lingbot_vla,pick_diverse_object,10,100037,unseen,failure,0,400,400,action_limit,Lift the wooden mallet from the table using the right arm.,reused,lingbot_vla/pick_diverse_object/pick_diverse_object_ep100037_result.json,548a736d76cf7360356fde5f4f21e0e389f2c0bd4dbde34f91d554414b9242cb
lingbot_vla,pick_diverse_object,11,100038,seen,success,1,72,400,task_success,Lift the mug from the table using the left arm.,reused,lingbot_vla/pick_diverse_object/pick_diverse_object_ep100038_result.json,142c41e5ce87f6884233614e4759dee85aded21ccecd6559aa4c51037d056ee5
lingbot_vla,pick_diverse_object,11,100039,unseen,failure,0,400,400,action_limit,Grab the paintbrush on the table and raise it.,reused,lingbot_vla/pick_diverse_object/pick_diverse_object_ep100039_result.json,ac39a654e04abe8a3e53b4298e92d98941402071e2252add32f95738671a4115
lingbot_vla,pick_diverse_object,12,100040,seen,success,1,74,400,task_success,Grab the can on the table and raise it.,reused,lingbot_vla/pick_diverse_object/pick_diverse_object_ep100040_result.json,2f913e6b1fb639c206d3185541427cadec03f720ecc8b37fa8470cb3e78dc6d8
lingbot_vla,pick_diverse_object,12,100041,unseen,failure,0,400,400,action_limit,Grab the dumbbell on the table and raise it.,reused,lingbot_vla/pick_diverse_object/pick_diverse_object_ep100041_result.json,3ca4e5050723525482e1308fe741835c6f59b431ab33d54b7abfdfd5d7fc79f5
lingbot_vla,pick_diverse_object,13,100042,seen,success,1,109,400,task_success,Lift the toy car from the table using the right arm.,reused,lingbot_vla/pick_diverse_object/pick_diverse_object_ep100042_result.json,bb0c6392e309e7b3db2f8f9db965718d7a163f0e889eb74ddb6ecd15f5782503
lingbot_vla,pick_diverse_object,13,100043,unseen,failure,0,400,400,action_limit,Pick up the apple using the correct arm,reused,lingbot_vla/pick_diverse_object/pick_diverse_object_ep100043_result.json,f6e55938f09f584dd3c447459a89a64d9b3b9198b09a7bfb9eab3f64be36b4cb
lingbot_vla,pick_diverse_object,14,100048,seen,success,1,77,400,task_success,Grab the hamburger on the table and raise it.,reused,lingbot_vla/pick_diverse_object/pick_diverse_object_ep100048_result.json,b21fad30d9ea78448ad0f5a7c23d6ec84b7a824488af49259d6ec5929c3b371c
lingbot_vla,pick_diverse_object,14,100049,unseen,failure,0,400,400,action_limit,Grab the dumbbell on the table and raise it.,reused,lingbot_vla/pick_diverse_object/pick_diverse_object_ep100049_result.json,fdfb84c452d80317910c8599596dbb23f67f6ebf27fb6ecec1bf3f4b4276c769
lingbot_vla,pick_diverse_object,15,100052,seen,failure,0,400,400,action_limit,Pick up the coffee box using the correct arm,reused,lingbot_vla/pick_diverse_object/pick_diverse_object_ep100052_result.json,3872b915a4f98a046eb9c5ca5aa86d87a24161b16cb9db189637762dfe4dcb5c
lingbot_vla,pick_diverse_object,15,100053,unseen,failure,0,400,400,action_limit,Pick up the wooden mallet using the correct arm,reused,lingbot_vla/pick_diverse_object/pick_diverse_object_ep100053_result.json,d89ca6961c9fee2bab0c30aa532ebc6c63a49f85a42d7b6a3504ae89934d43db
lingbot_vla,pick_diverse_object,16,100054,seen,failure,0,400,400,action_limit,Grab the mouse on the table and raise it.,reused,lingbot_vla/pick_diverse_object/pick_diverse_object_ep100054_result.json,77e8dcf590c9f52fd1ad1a292f423079ef6347d6a6b8d796fbeafd0f3794648c
lingbot_vla,pick_diverse_object,16,100055,unseen,failure,0,400,400,action_limit,Lift the paintbrush from the table using the right arm.,reused,lingbot_vla/pick_diverse_object/pick_diverse_object_ep100055_result.json,aa2de1c2484081308acac2e9e9369420df1e3603e581e3c21cbe003bafa5e802
lingbot_vla,pick_diverse_object,17,100056,seen,success,1,78,400,task_success,Grab the bottle on the table and raise it.,reused,lingbot_vla/pick_diverse_object/pick_diverse_object_ep100056_result.json,8ff966a1a12823f1d6f6fc0c07c43a92395e2ba8ce73992b5ee76407688e81f0
lingbot_vla,pick_diverse_object,17,100057,unseen,success,1,76,400,task_success,Pick up the dumbbell carefully using the left arm,reused,lingbot_vla/pick_diverse_object/pick_diverse_object_ep100057_result.json,1950ea1ce72d3ba5eb83a6699f82cda4876766fba5459b696fbb74e9e567dfef
lingbot_vla,pick_diverse_object,18,100060,seen,failure,0,400,400,action_limit,Pick up the shoe carefully using the right arm,reused,lingbot_vla/pick_diverse_object/pick_diverse_object_ep100060_result.json,f8020a11edf2ac84d4c075c17e5487ac44bab4b393076cc444ca9966b6b83bf9
lingbot_vla,pick_diverse_object,18,100061,unseen,failure,0,400,400,action_limit,Grab the wooden mallet on the table and raise it.,reused,lingbot_vla/pick_diverse_object/pick_diverse_object_ep100061_result.json,4046a847b76065ce8510957412da887a43f6689dc4b6c4010ea6cd1a7b5fbed4
lingbot_vla,pick_diverse_object,19,100066,seen,failure,0,400,400,action_limit,Lift the toy car from the table using the right arm.,reused,lingbot_vla/pick_diverse_object/pick_diverse_object_ep100066_result.json,d3ccedc73a1ea1b32cd9d06183065a357256c83be64c08c4d302ad9ea2fddc35
lingbot_vla,pick_diverse_object,19,100067,unseen,failure,0,400,400,action_limit,Lift the apple from the table using the right arm.,reused,lingbot_vla/pick_diverse_object/pick_diverse_object_ep100067_result.json,e1bab448c6ac72f36634c9ab7af9476bd69c4b0df6579c568c444449b68a1c85
lingbot_vla,attribute_select,0,100000,color:red,success,1,81,400,task_success,Reach for the red block and lift it.,reused,lingbot_vla/attribute_select/attribute_select_ep100000_result.json,4b85bfc0e21b8ae96aa8ed20fffd32bfe20f3c20ba28b998908a3dab3dc433e9
lingbot_vla,attribute_select,0,100001,color:blue,failure,0,400,400,action_limit,Reach for the blue block and lift it.,reused,lingbot_vla/attribute_select/attribute_select_ep100001_result.json,f366a147db8fb54052b008ab9b417ea823c1555f867f0fd981aa7474028b4fa1
lingbot_vla,attribute_select,0,100002,decal:cat,failure,0,400,400,action_limit,Fetch the block with a cat on it.,reused,lingbot_vla/attribute_select/attribute_select_ep100002_result.json,0d6f1821bfdfde2244e2c13281cd6f9859cd76710c4e29bda0c2a1f961eb1388
lingbot_vla,attribute_select,0,100003,decal:dog,success,1,80,400,task_success,Fetch the block with a dog on it.,reused,lingbot_vla/attribute_select/attribute_select_ep100003_result.json,221cf0eddce6ed9b57fc4163a044a792fc2dc498ce1fd73b113d28c42cecc77f
lingbot_vla,attribute_select,0,100004,shape:block,failure,0,400,400,action_limit,Reach for the cube and lift it.,reused,lingbot_vla/attribute_select/attribute_select_ep100004_result.json,d5d3b669ac04d097857da1198b4b2a4b415754916a2c13fd32cd59f180e07e9e
lingbot_vla,attribute_select,0,100005,shape:bar,success,1,82,400,task_success,Fetch the long bar.,reused,lingbot_vla/attribute_select/attribute_select_ep100005_result.json,6d619cf6e8ec9b50184a445565b07165042b361f32be151c8647b0b66088d74e
lingbot_vla,attribute_select,0,100006,size:big,failure,0,400,400,action_limit,Reach for the big block and lift it.,reused,lingbot_vla/attribute_select/attribute_select_ep100006_result.json,614ee6a8d7697340aea3244f420d376b63cad7c3198c6c64c27269772ce2e730
lingbot_vla,attribute_select,0,100007,size:small,success,1,81,400,task_success,Fetch the small block.,reused,lingbot_vla/attribute_select/attribute_select_ep100007_result.json,c27535059a864216576929a43aba85239a4eb29a8a21130929057939fedd82f0
lingbot_vla,attribute_select,1,100008,color:red,failure,0,400,400,action_limit,Fetch the red block.,reused,lingbot_vla/attribute_select/attribute_select_ep100008_result.json,4044e3b8b57855afc2515e8650ec4c848f2e3296a5eafb59ea7af01939c2a3bc
lingbot_vla,attribute_select,1,100009,color:blue,success,1,81,400,task_success,Fetch the blue block.,reused,lingbot_vla/attribute_select/attribute_select_ep100009_result.json,22df8d5a963c5b3dbb0912b8fc1fe776770e0625242a6b6063aa72d2b676c388
lingbot_vla,attribute_select,1,100010,decal:cat,success,1,80,400,task_success,Reach for the block with a cat on it and lift it.,reused,lingbot_vla/attribute_select/attribute_select_ep100010_result.json,6364e7d5028f9555e4de7c0f8be45f7582d983757e9781152a036707c5ed8000
lingbot_vla,attribute_select,1,100011,decal:dog,failure,0,400,400,action_limit,Reach for the block with a dog on it and lift it.,reused,lingbot_vla/attribute_select/attribute_select_ep100011_result.json,d3ac80513b773330df32bd74feddf6c442222442c4ed4ce367e809b50491780c
lingbot_vla,attribute_select,1,100012,shape:block,failure,0,400,400,action_limit,Fetch the cube.,reused,lingbot_vla/attribute_select/attribute_select_ep100012_result.json,4b1c7d6355c7f79b6dd9ad13bdfc421cf47a9b2a4322b3fffb2c9f09d0df5be7
lingbot_vla,attribute_select,1,100013,shape:bar,success,1,81,400,task_success,Reach for the long bar and lift it.,reused,lingbot_vla/attribute_select/attribute_select_ep100013_result.json,37e2bb39050edd0cca4081d9d10f341dff1962e9abc14e4c912799defbe88932
lingbot_vla,attribute_select,1,100014,size:big,failure,0,400,400,action_limit,Fetch the big block.,reused,lingbot_vla/attribute_select/attribute_select_ep100014_result.json,4f42bb2810222b5afe51bbadc0914768239e0a3e850625c24a729ce26cc0c8b4
lingbot_vla,attribute_select,1,100015,size:small,success,1,81,400,task_success,Fetch the small block.,reused,lingbot_vla/attribute_select/attribute_select_ep100015_result.json,12f66d35cbeefc9d81e88b82d0bd70c1821c2727fee413076a95b6abcb93d8d7
lingbot_vla,attribute_select,2,100016,color:red,success,1,80,400,task_success,Reach for the red block and lift it.,reused,lingbot_vla/attribute_select/attribute_select_ep100016_result.json,87015c0c9b4e47b7fd06a0bc737140ff84bdda31e3274b3d195631d9bcc28648
lingbot_vla,attribute_select,2,100017,color:blue,failure,0,400,400,action_limit,Fetch the blue block.,reused,lingbot_vla/attribute_select/attribute_select_ep100017_result.json,e7227fba3449c2e510fdeab516ddd7dea9c2994ad3be0572af83f8c2720f9227
lingbot_vla,attribute_select,2,100018,decal:cat,failure,0,400,400,action_limit,Fetch the block with a cat on it.,reused,lingbot_vla/attribute_select/attribute_select_ep100018_result.json,23d2cd38e6b668121203599ab380d6223f2acd558072c9a7bd2e9b466ab9f019
lingbot_vla,attribute_select,2,100019,decal:dog,success,1,81,400,task_success,Fetch the block with a dog on it.,reused,lingbot_vla/attribute_select/attribute_select_ep100019_result.json,3085a3d9766ef36fa4c1c9ca4bae1b40d3d137d8a28027fff2fbcbe4826df791
lingbot_vla,attribute_select,2,100020,shape:block,failure,0,400,400,action_limit,Reach for the cube and lift it.,reused,lingbot_vla/attribute_select/attribute_select_ep100020_result.json,420155041102952e95bff728ea68aa95e210b494fb4b9324efd12f8d59db18c2
lingbot_vla,attribute_select,2,100021,shape:bar,failure,0,400,400,action_limit,Fetch the long bar.,reused,lingbot_vla/attribute_select/attribute_select_ep100021_result.json,a702e76bc7e6b4954214f0be4267c73abeccb020f090d4cc3f822fcf3f679166
lingbot_vla,attribute_select,2,100022,size:big,failure,0,400,400,action_limit,Reach for the big block and lift it.,reused,lingbot_vla/attribute_select/attribute_select_ep100022_result.json,312e742e90514429c068793db2bf16af0e028e686e418adf09fd3f098015b549
lingbot_vla,attribute_select,2,100023,size:small,success,1,81,400,task_success,Fetch the small block.,reused,lingbot_vla/attribute_select/attribute_select_ep100023_result.json,a54b096f701ca8e1d2456feb1043457b695db22f2d25165d48b662de8a74c41c
lingbot_vla,attribute_select,3,100024,color:red,failure,0,400,400,action_limit,Fetch the red block.,reused,lingbot_vla/attribute_select/attribute_select_ep100024_result.json,14cea56ae8dd228e4063f7404ec05bea022d75b088cffd4c29f55166b626e7d6
lingbot_vla,attribute_select,3,100025,color:blue,success,1,80,400,task_success,Reach for the blue block and lift it.,reused,lingbot_vla/attribute_select/attribute_select_ep100025_result.json,d18fded8f6e2cad3d5b6b6d045f6cc017b3dedb5595d553fd01a41d5d375c5b0
lingbot_vla,attribute_select,3,100026,decal:cat,success,1,81,400,task_success,Fetch the block with a cat on it.,reused,lingbot_vla/attribute_select/attribute_select_ep100026_result.json,f152aa5b43d7b749f83d7d8d29cf7a29a5f439943648a5560d6855431e82aa70
lingbot_vla,attribute_select,3,100027,decal:dog,failure,0,400,400,action_limit,Reach for the block with a dog on it and lift it.,reused,lingbot_vla/attribute_select/attribute_select_ep100027_result.json,b23eb29ea820d314bea809427549e655fca9b42c45a62b7ef01bc01b86359005
lingbot_vla,attribute_select,3,100028,shape:block,failure,0,400,400,action_limit,Reach for the cube and lift it.,reused,lingbot_vla/attribute_select/attribute_select_ep100028_result.json,3e18b44b01a24533505971ec6d7e577dac75b04f434de64c2ce6e6f831a91ce9
lingbot_vla,attribute_select,3,100029,shape:bar,success,1,81,400,task_success,Reach for the long bar and lift it.,reused,lingbot_vla/attribute_select/attribute_select_ep100029_result.json,8c880ce654859033df42f88ce7bf8f09efbc9ad0f7006aa3146d3f33ee5652a0
lingbot_vla,attribute_select,3,100030,size:big,failure,0,400,400,action_limit,Fetch the big block.,reused,lingbot_vla/attribute_select/attribute_select_ep100030_result.json,3897dd6494e75b2d7abca65ae2fa0f77229f03509345575f090ea763e07f81de
lingbot_vla,attribute_select,3,100031,size:small,success,1,79,400,task_success,Fetch the small block.,reused,lingbot_vla/attribute_select/attribute_select_ep100031_result.json,38588228d5c906609dc2c50f8d85a2e8513e8225ae8466b39ba7f4006b43f577
lingbot_vla,attribute_select,4,100032,color:red,failure,0,400,400,action_limit,Fetch the red block.,reused,lingbot_vla/attribute_select/attribute_select_ep100032_result.json,897070173b7a42341b9e8472463b9f91ebeb8cbe721cff52b9cf08609a00244c
lingbot_vla,attribute_select,4,100033,color:blue,success,1,81,400,task_success,Fetch the blue block.,reused,lingbot_vla/attribute_select/attribute_select_ep100033_result.json,153ad91d0159995eaaf6d2dd586ddb8f72463b2ca54a04becde4f1f4a53a6c98
lingbot_vla,attribute_select,4,100034,decal:cat,failure,0,400,400,action_limit,Fetch the block with a cat on it.,reused,lingbot_vla/attribute_select/attribute_select_ep100034_result.json,4f56c28dfd9b2f21ec65454e4893583e59c8f750e822fd4c5dd9a1d5cf916174
lingbot_vla,attribute_select,4,100035,decal:dog,success,1,80,400,task_success,Fetch the block with a dog on it.,reused,lingbot_vla/attribute_select/attribute_select_ep100035_result.json,498079a02becca0c7eb4cfb784e0c114ba671e2a02833d87c2289391346e6fd4
lingbot_vla,attribute_select,4,100036,shape:block,failure,0,400,400,action_limit,Fetch the cube.,reused,lingbot_vla/attribute_select/attribute_select_ep100036_result.json,e41f24d0b530fce8d34d71a2a28b00e359904de00d4a115299757cda2ec12141
lingbot_vla,attribute_select,4,100037,shape:bar,success,1,80,400,task_success,Fetch the long bar.,reused,lingbot_vla/attribute_select/attribute_select_ep100037_result.json,28ed0aa57a0d039ca49578344b2a2eabdd005a0dbba42055218c3dc79c518ded
lingbot_vla,attribute_select,4,100038,size:big,failure,0,400,400,action_limit,Fetch the big block.,reused,lingbot_vla/attribute_select/attribute_select_ep100038_result.json,e49e4e789dc7d7c1b1a48f56157bea731b681cc8f4a7f88c16e9d747b5f94d5f
lingbot_vla,attribute_select,4,100039,size:small,success,1,79,400,task_success,Reach for the small block and lift it.,reused,lingbot_vla/attribute_select/attribute_select_ep100039_result.json,961e1e573ff0de3e7bf6464b1006636f3608edbcfac8365ca992684e0aae9d97
lingbot_vla,attribute_select,5,100040,color:red,success,1,80,400,task_success,Fetch the red block.,reused,lingbot_vla/attribute_select/attribute_select_ep100040_result.json,a40e4a742de64fc1a0804f5d18deeebb2a4f4d83f120343ce70d942dc462ce58
lingbot_vla,attribute_select,5,100041,color:blue,failure,0,400,400,action_limit,Fetch the blue block.,reused,lingbot_vla/attribute_select/attribute_select_ep100041_result.json,cd836bb1d8cc0f0f7f1521101fedda5f08c0d44b1d27555cca5594f96638bb9d
lingbot_vla,attribute_select,5,100042,decal:cat,success,1,81,400,task_success,Reach for the block with a cat on it and lift it.,reused,lingbot_vla/attribute_select/attribute_select_ep100042_result.json,fdbd94558834052f34814286ccb805554e1a6586676f828c11692f041aec3275
lingbot_vla,attribute_select,5,100043,decal:dog,failure,0,400,400,action_limit,Reach for the block with a dog on it and lift it.,reused,lingbot_vla/attribute_select/attribute_select_ep100043_result.json,eae521eeb773cdd0e4f152782a2f953a2a983ecc818e2879daa8585a643fb2ec
lingbot_vla,attribute_select,5,100044,shape:block,success,1,80,400,task_success,Reach for the cube and lift it.,reused,lingbot_vla/attribute_select/attribute_select_ep100044_result.json,689421699c9b02d7a4f97a557ebe0114e442ea408d7113a34b7ad30fa996a278
lingbot_vla,attribute_select,5,100045,shape:bar,failure,0,400,400,action_limit,Fetch the long bar.,reused,lingbot_vla/attribute_select/attribute_select_ep100045_result.json,a99df3817022988bed68f26f0b5bcd5fae5483e1180afea4f2dfe8b04a943bcc
lingbot_vla,attribute_select,5,100046,size:big,failure,0,400,400,action_limit,Fetch the big block.,reused,lingbot_vla/attribute_select/attribute_select_ep100046_result.json,eceb75e799fbb2a674b35a3fe721b754ec0e9e756e44e894d4065495393d1180
lingbot_vla,attribute_select,5,100047,size:small,success,1,80,400,task_success,Fetch the small block.,reused,lingbot_vla/attribute_select/attribute_select_ep100047_result.json,185618976e82f8e623bf089f2b6b26ffa2b96910512f95e41e4f35a168e78a6d
lingbot_vla,attribute_select,6,100048,color:red,success,1,80,400,task_success,Fetch the red block.,reused,lingbot_vla/attribute_select/attribute_select_ep100048_result.json,0d53586dd13d760f97547e113ed49c9bf5045543e3e8325186c586885cac0697
lingbot_vla,attribute_select,6,100049,color:blue,failure,0,400,400,action_limit,Fetch the blue block.,reused,lingbot_vla/attribute_select/attribute_select_ep100049_result.json,43ddbffd90e3b06925e0f8ba6212878e1983bb383b05316e2c8992dc359d7c61
lingbot_vla,attribute_select,6,100050,decal:cat,success,1,80,400,task_success,Reach for the block with a cat on it and lift it.,reused,lingbot_vla/attribute_select/attribute_select_ep100050_result.json,1f61f325ca97b0598c2a0a09c9ec262210cbf318e5ff9c41de8348c8464fcac5
lingbot_vla,attribute_select,6,100051,decal:dog,failure,0,400,400,action_limit,Fetch the block with a dog on it.,reused,lingbot_vla/attribute_select/attribute_select_ep100051_result.json,0ee4050f4583b62fb8e55806dd7ca071528583bd1203729567fbccfdeebf43fb
lingbot_vla,attribute_select,6,100052,shape:block,failure,0,400,400,action_limit,Reach for the cube and lift it.,reused,lingbot_vla/attribute_select/attribute_select_ep100052_result.json,9300ad36fc7197d5471c91a678df1dabd1316502ffb73ee03209480f94455746
lingbot_vla,attribute_select,6,100053,shape:bar,success,1,83,400,task_success,Fetch the long bar.,reused,lingbot_vla/attribute_select/attribute_select_ep100053_result.json,bcc4c329a6474762274156b6b664aa7b08d75eb4c4b3011882652b7cb1dd6e1e
lingbot_vla,attribute_select,6,100054,size:big,failure,0,400,400,action_limit,Fetch the big block.,reused,lingbot_vla/attribute_select/attribute_select_ep100054_result.json,586c85955b4a56cf67d4f7b6dd31aedfe1032a50e587f05c94f1ee1d33251d34
lingbot_vla,attribute_select,6,100055,size:small,success,1,79,400,task_success,Reach for the small block and lift it.,reused,lingbot_vla/attribute_select/attribute_select_ep100055_result.json,75e6c8a2f05751ec7f09d278fdc7e029271845dc9a661e825a7ca05fd9a49b25
lingbot_vla,attribute_select,7,100064,color:red,success,1,82,400,task_success,Fetch the red block.,reused,lingbot_vla/attribute_select/attribute_select_ep100064_result.json,842fccbdad04727f3d40d7b99945211bcb9671bee057da6eb151f65f9a0e2ad6
lingbot_vla,attribute_select,7,100065,color:blue,failure,0,400,400,action_limit,Reach for the blue block and lift it.,reused,lingbot_vla/attribute_select/attribute_select_ep100065_result.json,420542293ebeccf8152eaa7c67ece85ced1a19455ce8207b72ece3d1404c2077
lingbot_vla,attribute_select,7,100066,decal:cat,success,1,81,400,task_success,Reach for the block with a cat on it and lift it.,reused,lingbot_vla/attribute_select/attribute_select_ep100066_result.json,fc221ae93d8c9422e842832270eb5ee7da6c44e1f248751097be128a7668473f
lingbot_vla,attribute_select,7,100067,decal:dog,failure,0,400,400,action_limit,Reach for the block with a dog on it and lift it.,reused,lingbot_vla/attribute_select/attribute_select_ep100067_result.json,b398c0fc9598bc9a16e1c06ab1b5f23a4fc415bb9b5b5e296b127fc0dca06c5d
lingbot_vla,attribute_select,7,100068,shape:block,failure,0,400,400,action_limit,Reach for the cube and lift it.,reused,lingbot_vla/attribute_select/attribute_select_ep100068_result.json,8d09c2389ad3ac8024b1d700763f12a17dba53efc2910bcf7f5f3fe21c02fb0f
lingbot_vla,attribute_select,7,100069,shape:bar,success,1,80,400,task_success,Fetch the long bar.,reused,lingbot_vla/attribute_select/attribute_select_ep100069_result.json,04546a2dc55369c8d7da678f7829e5a36a0b03a6cca8f3775a8ec79fc985e547
lingbot_vla,attribute_select,7,100070,size:big,failure,0,400,400,action_limit,Reach for the big block and lift it.,reused,lingbot_vla/attribute_select/attribute_select_ep100070_result.json,77a51f6727868186abf789b8420afc446637bb98775743d7eb675afbf549881b
lingbot_vla,attribute_select,7,100071,size:small,success,1,80,400,task_success,Fetch the small block.,reused,lingbot_vla/attribute_select/attribute_select_ep100071_result.json,cd6f606cb55c5f9f1210d899ce7e7c3404557717884818b46ba64d68bfd6917c
lingbot_vla,attribute_select,8,100072,color:red,success,1,82,400,task_success,Reach for the red block and lift it.,reused,lingbot_vla/attribute_select/attribute_select_ep100072_result.json,18812804e3f2b41a0f6d8dedb58c52a39b5e210b520140c7155ef9d5114caeff
lingbot_vla,attribute_select,8,100073,color:blue,failure,0,400,400,action_limit,Reach for the blue block and lift it.,reused,lingbot_vla/attribute_select/attribute_select_ep100073_result.json,858c438885ce12c98009f4d07a64d6b45a2050ac78567fea2c49dff81afd90b7
lingbot_vla,attribute_select,8,100074,decal:cat,failure,0,400,400,action_limit,Fetch the block with a cat on it.,reused,lingbot_vla/attribute_select/attribute_select_ep100074_result.json,0f2154fb564d78249480788106192450c7b79f7c35fda887ebb689a9641c4ef5
lingbot_vla,attribute_select,8,100075,decal:dog,success,1,81,400,task_success,Reach for the block with a dog on it and lift it.,reused,lingbot_vla/attribute_select/attribute_select_ep100075_result.json,89b7fab66d3f251cd468b754c515a3064016cbe599641469bd004588d231cfc9
lingbot_vla,attribute_select,8,100076,shape:block,failure,0,400,400,action_limit,Fetch the cube.,reused,lingbot_vla/attribute_select/attribute_select_ep100076_result.json,6d131daa501fe03ea801f1be30709e85a58342727e8ce3f891f10f4e98e1678f
lingbot_vla,attribute_select,8,100077,shape:bar,success,1,81,400,task_success,Reach for the long bar and lift it.,reused,lingbot_vla/attribute_select/attribute_select_ep100077_result.json,01e80b7810656087a27bb454be9ba0f67dcfdb20ec3a8353809925d09b76285d
lingbot_vla,attribute_select,8,100078,size:big,failure,0,400,400,action_limit,Fetch the big block.,reused,lingbot_vla/attribute_select/attribute_select_ep100078_result.json,816520db977025e249ba1120956a87d1b97411da149c63e8e418c5e972a4f412
lingbot_vla,attribute_select,8,100079,size:small,success,1,81,400,task_success,Fetch the small block.,reused,lingbot_vla/attribute_select/attribute_select_ep100079_result.json,8897944593f11c0d7ec70760cd648e9a9747822985f659025c835861b70a4308
lingbot_vla,attribute_select,9,100080,color:red,success,1,80,400,task_success,Fetch the red block.,reused,lingbot_vla/attribute_select/attribute_select_ep100080_result.json,457d09524aa8d8f61a7d2c4c4851bf02dce3381a22a714059a07c50d1a74627e
lingbot_vla,attribute_select,9,100081,color:blue,failure,0,400,400,action_limit,Reach for the blue block and lift it.,reused,lingbot_vla/attribute_select/attribute_select_ep100081_result.json,1abe4b8582d7d6513ac5ae81d552816fbcfdde1bee1e45376bd2bc09c8251dc9
lingbot_vla,attribute_select,9,100082,decal:cat,success,1,81,400,task_success,Reach for the block with a cat on it and lift it.,reused,lingbot_vla/attribute_select/attribute_select_ep100082_result.json,7860d82807a0514ffff344ab83a0946d5d8c14bd3fa298d0165cf1fa09aeb15f
lingbot_vla,attribute_select,9,100083,decal:dog,failure,0,400,400,action_limit,Reach for the block with a dog on it and lift it.,reused,lingbot_vla/attribute_select/attribute_select_ep100083_result.json,9809e4928c29735ae1e4c710576c9799e3476c1cee8745b0d5568a3d1c97bf42
lingbot_vla,attribute_select,9,100084,shape:block,failure,0,400,400,action_limit,Fetch the cube.,reused,lingbot_vla/attribute_select/attribute_select_ep100084_result.json,23b821de1866f39d0e62b3f18022d77e5ee5c42a7a8add44d1ed0f95f5c99919
lingbot_vla,attribute_select,9,100085,shape:bar,success,1,82,400,task_success,Fetch the long bar.,reused,lingbot_vla/attribute_select/attribute_select_ep100085_result.json,8749dd9522b5d5a55a45c6bd9cca999a66efb5d51e76eda30039b709a7e19d3c
lingbot_vla,attribute_select,9,100086,size:big,failure,0,400,400,action_limit,Fetch the big block.,reused,lingbot_vla/attribute_select/attribute_select_ep100086_result.json,8c45967d14e753df2667635c8e1820fe703036ae7938ca2874329f86eb9f661c
lingbot_vla,attribute_select,9,100087,size:small,success,1,80,400,task_success,Reach for the small block and lift it.,reused,lingbot_vla/attribute_select/attribute_select_ep100087_result.json,74afd247a59c3d535d5c98952249c4c5cb4d6cdbc4efe8e1d679a1606e438f9a
lingbot_vla,attribute_select,10,100088,color:red,success,1,80,400,task_success,Fetch the red block.,reused,lingbot_vla/attribute_select/attribute_select_ep100088_result.json,58815fbb9feb686fc44a9a49b16dd0c45189a366c58651ab2345158a6cd23d03
lingbot_vla,attribute_select,10,100089,color:blue,failure,0,400,400,action_limit,Fetch the blue block.,reused,lingbot_vla/attribute_select/attribute_select_ep100089_result.json,48a91528b134002a80a3df258261536164143e24c2e22ed52c0bc28face1082b
lingbot_vla,attribute_select,10,100090,decal:cat,failure,0,400,400,action_limit,Reach for the block with a cat on it and lift it.,reused,lingbot_vla/attribute_select/attribute_select_ep100090_result.json,658b8a792296860beeb21da516dce1ea8b249b864dcbed3820e70f9c0d01a5ad
lingbot_vla,attribute_select,10,100091,decal:dog,success,1,80,400,task_success,Fetch the block with a dog on it.,reused,lingbot_vla/attribute_select/attribute_select_ep100091_result.json,0dc5b39f93fa1657bdf246fc6d2e4c2ccdf5f56edd7552a365409b522ea45abd
lingbot_vla,attribute_select,10,100092,shape:block,failure,0,400,400,action_limit,Reach for the cube and lift it.,reused,lingbot_vla/attribute_select/attribute_select_ep100092_result.json,c3fde8fe034107357e503dd66c51128ffdd19075f792d14b6ca2f98c3391e123
lingbot_vla,attribute_select,10,100093,shape:bar,failure,0,400,400,action_limit,Reach for the long bar and lift it.,reused,lingbot_vla/attribute_select/attribute_select_ep100093_result.json,cad4e690edac0101f1c25e78194211877bdfc8ba7504e66a0403412f11291e1e
lingbot_vla,attribute_select,10,100094,size:big,failure,0,400,400,action_limit,Reach for the big block and lift it.,reused,lingbot_vla/attribute_select/attribute_select_ep100094_result.json,a38bb587918b77de2443897325ef17fdb48bc69fbb1ca2714d0d98ffd27e319c
lingbot_vla,attribute_select,10,100095,size:small,success,1,81,400,task_success,Reach for the small block and lift it.,reused,lingbot_vla/attribute_select/attribute_select_ep100095_result.json,d2b842b3b205135bfe2f2897ea53f65d79caeec2d14cf9a7aa03c681d963fb1f
lingbot_vla,attribute_select,11,100096,color:red,success,1,81,400,task_success,Reach for the red block and lift it.,reused,lingbot_vla/attribute_select/attribute_select_ep100096_result.json,2c13258789e094059ff1df9ca3d3d5f5b270582b0c0466be34faae84e4f0bc1f
lingbot_vla,attribute_select,11,100097,color:blue,failure,0,400,400,action_limit,Fetch the blue block.,reused,lingbot_vla/attribute_select/attribute_select_ep100097_result.json,52f4a3de05e63ff5af204e49e40eab6ee622d89c66322f056d1dab7e632eb2bd
lingbot_vla,attribute_select,11,100098,decal:cat,success,1,80,400,task_success,Fetch the block with a cat on it.,reused,lingbot_vla/attribute_select/attribute_select_ep100098_result.json,0ae18cfc3b87071aec47a0beea1b3c963b9f34a20683d5cc7a7491c70925ea3b
lingbot_vla,attribute_select,11,100099,decal:dog,success,1,109,400,task_success,Fetch the block with a dog on it.,reused,lingbot_vla/attribute_select/attribute_select_ep100099_result.json,8278fad6d7a6c78e6d20c8de5f44ac8e3e37367d73cd78a10dfd4b0c70f1b132
lingbot_vla,attribute_select,11,100100,shape:block,success,1,80,400,task_success,Reach for the cube and lift it.,reused,lingbot_vla/attribute_select/attribute_select_ep100100_result.json,1adea6671814716f1afce51ccee895ad9a0c05ea304bd95155633c9f932e44b1
lingbot_vla,attribute_select,11,100101,shape:bar,failure,0,400,400,action_limit,Reach for the long bar and lift it.,reused,lingbot_vla/attribute_select/attribute_select_ep100101_result.json,3fb7faca41482cd31fd212906f65a6f4687013a727a6190e0901896ab322b199
lingbot_vla,attribute_select,11,100102,size:big,failure,0,400,400,action_limit,Fetch the big block.,reused,lingbot_vla/attribute_select/attribute_select_ep100102_result.json,d701192dcc251e5efbf0afce7cddc6bfed397652f004bd39bfc4c205ce120414
lingbot_vla,attribute_select,11,100103,size:small,success,1,80,400,task_success,Fetch the small block.,reused,lingbot_vla/attribute_select/attribute_select_ep100103_result.json,016befb5cb1841e97a5d88ab36e25ee09d2c25a69fbc862aa36f5a44a20780ed
lingbot_vla,attribute_select,12,100104,color:red,success,1,81,400,task_success,Reach for the red block and lift it.,reused,lingbot_vla/attribute_select/attribute_select_ep100104_result.json,258f94964324e9d7368347d5d5bee219fb1be84677ac183b2cfea789b535aa7d
lingbot_vla,attribute_select,12,100105,color:blue,failure,0,400,400,action_limit,Reach for the blue block and lift it.,reused,lingbot_vla/attribute_select/attribute_select_ep100105_result.json,9ba9292d8cfc8b2fc985f8fa5bf9a0f298f360e61b63534ccad7b6e57078c848
lingbot_vla,attribute_select,12,100106,decal:cat,failure,0,400,400,action_limit,Reach for the block with a cat on it and lift it.,reused,lingbot_vla/attribute_select/attribute_select_ep100106_result.json,c3640ce88016ffd07929ce5caf668ce8246cb36f5f2d24bc8dee019c67044aeb
lingbot_vla,attribute_select,12,100107,decal:dog,success,1,81,400,task_success,Reach for the block with a dog on it and lift it.,reused,lingbot_vla/attribute_select/attribute_select_ep100107_result.json,e49d179c3fef308533ebcb89dbea90e04c53748b02ee67a35697d61a949357b0
lingbot_vla,attribute_select,12,100108,shape:block,success,1,109,400,task_success,Reach for the cube and lift it.,reused,lingbot_vla/attribute_select/attribute_select_ep100108_result.json,8057b264164f9f42ef77c757adebff3567ce037b421c6c6153fdab2834ad1a99
lingbot_vla,attribute_select,12,100109,shape:bar,failure,0,400,400,action_limit,Fetch the long bar.,reused,lingbot_vla/attribute_select/attribute_select_ep100109_result.json,f8bd0e42e1b45adcbc5a12d8d5e55e2f694d55058587f8d09ebabf7fc25cf32f
lingbot_vla,attribute_select,12,100110,size:big,failure,0,400,400,action_limit,Reach for the big block and lift it.,reused,lingbot_vla/attribute_select/attribute_select_ep100110_result.json,b8b2e276fe5050fb1069a7d3e9b62c0bfc6352ec4eda75ec152524e06616167b
lingbot_vla,attribute_select,12,100111,size:small,success,1,81,400,task_success,Reach for the small block and lift it.,reused,lingbot_vla/attribute_select/attribute_select_ep100111_result.json,bc4a7c2519dc148b857814824bb966009c29562523d2da45dcfd55291324ef9b
lingbot_vla,attribute_select,13,100112,color:red,failure,0,400,400,action_limit,Reach for the red block and lift it.,reused,lingbot_vla/attribute_select/attribute_select_ep100112_result.json,74f3ac6834ad25ee0c032cf2f65fd130dc99107e3bd2784d86912c490698eb30
lingbot_vla,attribute_select,13,100113,color:blue,success,1,80,400,task_success,Fetch the blue block.,reused,lingbot_vla/attribute_select/attribute_select_ep100113_result.json,284f49ecb3fadf6be8fd944b52f703a0894cebb72f51f5a841a4ce51e29ffc67
lingbot_vla,attribute_select,13,100114,decal:cat,success,1,79,400,task_success,Reach for the block with a cat on it and lift it.,reused,lingbot_vla/attribute_select/attribute_select_ep100114_result.json,caf4f70785296650506c4d4e9141fb2c5cb57601c140e99d7f4b3e2d4333d51b
lingbot_vla,attribute_select,13,100115,decal:dog,failure,0,400,400,action_limit,Fetch the block with a dog on it.,reused,lingbot_vla/attribute_select/attribute_select_ep100115_result.json,9c712c7fd1377f0661a8edfea44e4f5f2a0ad511f7de3aca8324df07b7f0b745
lingbot_vla,attribute_select,13,100116,shape:block,success,1,80,400,task_success,Fetch the cube.,reused,lingbot_vla/attribute_select/attribute_select_ep100116_result.json,ac479c9f709bc6d4429f7584451f6f841182bac6ea46cc9942e993931f7cf0c5
lingbot_vla,attribute_select,13,100117,shape:bar,failure,0,400,400,action_limit,Fetch the long bar.,reused,lingbot_vla/attribute_select/attribute_select_ep100117_result.json,458422e2d41df835ab017ccd9182d257ab9c22c16355fa96c06173d9677f0b12
lingbot_vla,attribute_select,13,100118,size:big,failure,0,400,400,action_limit,Reach for the big block and lift it.,reused,lingbot_vla/attribute_select/attribute_select_ep100118_result.json,30073a35978e14bde9ce3e2eb4e36a6e060d8e576967127135f2135ae24bc577
lingbot_vla,attribute_select,13,100119,size:small,success,1,82,400,task_success,Reach for the small block and lift it.,reused,lingbot_vla/attribute_select/attribute_select_ep100119_result.json,b8a1084af0c355c45ea4ffa4e9696a7bf3efeaaadfd66b98f1aa00021916f858
lingbot_vla,attribute_select,14,100120,color:red,failure,0,400,400,action_limit,Reach for the red block and lift it.,reused,lingbot_vla/attribute_select/attribute_select_ep100120_result.json,bdfde40f52f8ef912111c2c6443283474e376d902debc9da9bb76ed9903fc4b8
lingbot_vla,attribute_select,14,100121,color:blue,success,1,80,400,task_success,Fetch the blue block.,reused,lingbot_vla/attribute_select/attribute_select_ep100121_result.json,2385d732fd951bcfe6e427553ff9e2a0aa329d52b7e7e680cc471ac54f2e859b
lingbot_vla,attribute_select,14,100122,decal:cat,failure,0,400,400,action_limit,Fetch the block with a cat on it.,reused,lingbot_vla/attribute_select/attribute_select_ep100122_result.json,9e0b6e877b779f8a1164763a6f9d649a3629ab9f52ad90ae8d1a5c94510cf4fc
lingbot_vla,attribute_select,14,100123,decal:dog,success,1,80,400,task_success,Fetch the block with a dog on it.,reused,lingbot_vla/attribute_select/attribute_select_ep100123_result.json,0c519c737a107fbf06a7f93c098767ba8fda9be02f6b138314112b81615d66f4
lingbot_vla,attribute_select,14,100124,shape:block,failure,0,400,400,action_limit,Fetch the cube.,reused,lingbot_vla/attribute_select/attribute_select_ep100124_result.json,6e9c82b616b38ed586d127e6111fffc4113ecd3d3f62730ebeacddc210c6f693
lingbot_vla,attribute_select,14,100125,shape:bar,success,1,80,400,task_success,Reach for the long bar and lift it.,reused,lingbot_vla/attribute_select/attribute_select_ep100125_result.json,03a2c24e3bd9f6eddc48ec8e906997c9d213b7bafe51abe8cdee47d91af1f245
lingbot_vla,attribute_select,14,100126,size:big,failure,0,400,400,action_limit,Reach for the big block and lift it.,reused,lingbot_vla/attribute_select/attribute_select_ep100126_result.json,d97ad2d9fce4e47286ca9bb68856e4fc0e803b7932719a38426f0cffca028f12
lingbot_vla,attribute_select,14,100127,size:small,success,1,81,400,task_success,Fetch the small block.,reused,lingbot_vla/attribute_select/attribute_select_ep100127_result.json,149dcb777f32a66ff8ce0f2f41e54f56007e769d0ce8ec88bc8a4a8e410e5fa2
lingbot_vla,attribute_select,15,100128,color:red,failure,0,400,400,action_limit,Fetch the red block.,reused,lingbot_vla/attribute_select/attribute_select_ep100128_result.json,36eec43e21d167cbe3a8408dda1034cf4d5da9656d9ea0dfc2d3acff2db221ce
lingbot_vla,attribute_select,15,100129,color:blue,success,1,81,400,task_success,Fetch the blue block.,reused,lingbot_vla/attribute_select/attribute_select_ep100129_result.json,83c1e37a5b41937bcd66af74d36ad30a2d9ca96630196cb6cdd75e3060a18c8b
lingbot_vla,attribute_select,15,100130,decal:cat,success,1,80,400,task_success,Reach for the block with a cat on it and lift it.,reused,lingbot_vla/attribute_select/attribute_select_ep100130_result.json,f7697056430fe5d62ca9189a66ee7ae04286f727f6e4994f47146a88dd06b096
lingbot_vla,attribute_select,15,100131,decal:dog,failure,0,400,400,action_limit,Fetch the block with a dog on it.,reused,lingbot_vla/attribute_select/attribute_select_ep100131_result.json,a86d8ca20f2e755e3611a88a08f67eddfb974face1db68efc4dd2a4f2bf2c54a
lingbot_vla,attribute_select,15,100132,shape:block,success,1,80,400,task_success,Reach for the cube and lift it.,reused,lingbot_vla/attribute_select/attribute_select_ep100132_result.json,c81cc6fe3f8c08a3e6755be290ff31385850f0a3232281970e7cca7e0c764483
lingbot_vla,attribute_select,15,100133,shape:bar,failure,0,400,400,action_limit,Fetch the long bar.,reused,lingbot_vla/attribute_select/attribute_select_ep100133_result.json,cdf17c51b31b65830e1f2168585d215ce6c6be927e5929c1609701e17ee703f0
lingbot_vla,attribute_select,15,100134,size:big,failure,0,400,400,action_limit,Fetch the big block.,reused,lingbot_vla/attribute_select/attribute_select_ep100134_result.json,9b6400916e39d60781622a103bb2d9fee6a80fda6a3ac29c1a2925f0ddda2bd5
lingbot_vla,attribute_select,15,100135,size:small,success,1,79,400,task_success,Reach for the small block and lift it.,reused,lingbot_vla/attribute_select/attribute_select_ep100135_result.json,7cadec19c1ad08242104277413d73a7bbcb6f493c5a5159384f1f6099d9a3438
lingbot_vla,attribute_select,16,100144,color:red,failure,0,400,400,action_limit,Reach for the red block and lift it.,reused,lingbot_vla/attribute_select/attribute_select_ep100144_result.json,4d71fb86a529680d8a2788dee4016af834899984ca4a355b175cae01cc499ac6
lingbot_vla,attribute_select,16,100145,color:blue,success,1,80,400,task_success,Fetch the blue block.,reused,lingbot_vla/attribute_select/attribute_select_ep100145_result.json,78ed2cbb4a1de103f1b9fbf9ea17e0444f03a38da450766e72ed337e9d751221
lingbot_vla,attribute_select,16,100146,decal:cat,failure,0,400,400,action_limit,Reach for the block with a cat on it and lift it.,reused,lingbot_vla/attribute_select/attribute_select_ep100146_result.json,05e2aed0b1aa85f715b946b77ca3eac807948f3c7b9faacb31c231f696896aa1
lingbot_vla,attribute_select,16,100147,decal:dog,success,1,80,400,task_success,Fetch the block with a dog on it.,reused,lingbot_vla/attribute_select/attribute_select_ep100147_result.json,f3a3649346aa574d50e847db1faaeb211b834f0683dc2f873235e0eb43a5769d
lingbot_vla,attribute_select,16,100148,shape:block,failure,0,400,400,action_limit,Fetch the cube.,reused,lingbot_vla/attribute_select/attribute_select_ep100148_result.json,3ef9938b0f29b237f4678eb0ee7fe6b3b211ad0bdf8418223bd4f8e3a37885e7
lingbot_vla,attribute_select,16,100149,shape:bar,failure,0,400,400,action_limit,Reach for the long bar and lift it.,reused,lingbot_vla/attribute_select/attribute_select_ep100149_result.json,a4b2eb4b9eb53824d9dd7ea36cf7d016010632d87d242dc1c6a2fd81a76cd9b7
lingbot_vla,attribute_select,16,100150,size:big,failure,0,400,400,action_limit,Fetch the big block.,reused,lingbot_vla/attribute_select/attribute_select_ep100150_result.json,af4b40693871f4d139ea0f706a6c527f3cd9a5154c4498eaf949303e89be206f
lingbot_vla,attribute_select,16,100151,size:small,success,1,80,400,task_success,Fetch the small block.,reused,lingbot_vla/attribute_select/attribute_select_ep100151_result.json,932e3d6b2692ea351788fd2c3a6d921586cc1272e76be1932758cf8ff5e52178
lingbot_vla,attribute_select,17,100152,color:red,failure,0,400,400,action_limit,Reach for the red block and lift it.,reused,lingbot_vla/attribute_select/attribute_select_ep100152_result.json,88c819f9ff35011d13d5afff4fecc4141644263e3c2aaecb3a7900e4b4ef35e3
lingbot_vla,attribute_select,17,100153,color:blue,success,1,81,400,task_success,Fetch the blue block.,reused,lingbot_vla/attribute_select/attribute_select_ep100153_result.json,c01623dee94ba9ef3ca69e3a43c78a6427fe4a3e1c8c37184b4b96b717cbfbbe
lingbot_vla,attribute_select,17,100154,decal:cat,success,1,80,400,task_success,Reach for the block with a cat on it and lift it.,reused,lingbot_vla/attribute_select/attribute_select_ep100154_result.json,c4a7544d16515aae816c0bc37f6b63625de7f89896916db8bd98d0fc78b822d1
lingbot_vla,attribute_select,17,100155,decal:dog,failure,0,400,400,action_limit,Fetch the block with a dog on it.,reused,lingbot_vla/attribute_select/attribute_select_ep100155_result.json,aa7ac7ba1a4af1d19ae59810c8637dd4d8217aaa1d13f8d7e47e37d7faa9fd6a
lingbot_vla,attribute_select,17,100156,shape:block,failure,0,400,400,action_limit,Reach for the cube and lift it.,reused,lingbot_vla/attribute_select/attribute_select_ep100156_result.json,3cbfdf7e22489fe650db2d93b28c99a7c585073593e0455ecceb870d8d2fd1ff
lingbot_vla,attribute_select,17,100157,shape:bar,success,1,80,400,task_success,Reach for the long bar and lift it.,reused,lingbot_vla/attribute_select/attribute_select_ep100157_result.json,8e4794543a3c44f084504907e9b79d41712256afc10b659cac05a498ff771cff
lingbot_vla,attribute_select,17,100158,size:big,failure,0,400,400,action_limit,Fetch the big block.,reused,lingbot_vla/attribute_select/attribute_select_ep100158_result.json,ed75734e8bbef561fa8e13f17f524c6d1b070b78cfea14973d39e47c3bea56ae
lingbot_vla,attribute_select,17,100159,size:small,success,1,80,400,task_success,Fetch the small block.,reused,lingbot_vla/attribute_select/attribute_select_ep100159_result.json,0edeee5c0f9a32a1788800ca1bd004be47f61ed5a27eae2e76bcd76d9ee9c4b5
lingbot_vla,attribute_select,18,100160,color:red,failure,0,400,400,action_limit,Fetch the red block.,reused,lingbot_vla/attribute_select/attribute_select_ep100160_result.json,11168651046c0190c2cc85d3df4afbe8f3b15201de000ece362b74d1fb48e31a
lingbot_vla,attribute_select,18,100161,color:blue,success,1,81,400,task_success,Reach for the blue block and lift it.,reused,lingbot_vla/attribute_select/attribute_select_ep100161_result.json,ad51ae43eb0653ff4d3027dbb671426a90d7d438106b6d8fb01a6a1562930b1f
lingbot_vla,attribute_select,18,100162,decal:cat,success,1,80,400,task_success,Reach for the block with a cat on it and lift it.,reused,lingbot_vla/attribute_select/attribute_select_ep100162_result.json,2697006b250945689b906a42b17dded8f5b7fc4ba78d5357c814a4b20e88ca25
lingbot_vla,attribute_select,18,100163,decal:dog,failure,0,400,400,action_limit,Fetch the block with a dog on it.,reused,lingbot_vla/attribute_select/attribute_select_ep100163_result.json,5346eb783cd275043b663054233d370e75d501fa259ec3ab4acc81dc07ffaa5f
lingbot_vla,attribute_select,18,100164,shape:block,failure,0,400,400,action_limit,Reach for the cube and lift it.,reused,lingbot_vla/attribute_select/attribute_select_ep100164_result.json,5f84c743c40a491fd4399b0c6eae8a580f4c5c72d5a51138aa5be25625da1b16
lingbot_vla,attribute_select,18,100165,shape:bar,failure,0,400,400,action_limit,Fetch the long bar.,reused,lingbot_vla/attribute_select/attribute_select_ep100165_result.json,bc4b624920862bac9c8ea60e5f8b11a4ebb4a966d73b237bc65d13a5b29a6bde
lingbot_vla,attribute_select,18,100166,size:big,failure,0,400,400,action_limit,Fetch the big block.,reused,lingbot_vla/attribute_select/attribute_select_ep100166_result.json,fc937767a754cdac65344157298d7643463f2d0c6fd8f6dd7e1ca8b360fa8218
lingbot_vla,attribute_select,18,100167,size:small,success,1,82,400,task_success,Reach for the small block and lift it.,reused,lingbot_vla/attribute_select/attribute_select_ep100167_result.json,147b16f6123e40042fcc13edb547f7997f663c9eeb2b9c98ed41cf2872cf7dff
lingbot_vla,attribute_select,19,100168,color:red,success,1,80,400,task_success,Fetch the red block.,reused,lingbot_vla/attribute_select/attribute_select_ep100168_result.json,64a35957897a26be4c932c235c3a17c40c6f289c019f38f331cb390e3d74ed21
lingbot_vla,attribute_select,19,100169,color:blue,failure,0,400,400,action_limit,Reach for the blue block and lift it.,reused,lingbot_vla/attribute_select/attribute_select_ep100169_result.json,ce2cb6aa9b24176cc916544f8b06b656b6f07ef4f0762ca7ef8f9757d2b166d3
lingbot_vla,attribute_select,19,100170,decal:cat,success,1,80,400,task_success,Fetch the block with a cat on it.,reused,lingbot_vla/attribute_select/attribute_select_ep100170_result.json,0348db452a82d15fae5bb9dc7471937e345835f1250e2ba48a12ed035246d08c
lingbot_vla,attribute_select,19,100171,decal:dog,failure,0,400,400,action_limit,Reach for the block with a dog on it and lift it.,reused,lingbot_vla/attribute_select/attribute_select_ep100171_result.json,f8ba1e3b320b8792a0cf7e46d5948f1cbe89154d2a57b4432581d563639f0509
lingbot_vla,attribute_select,19,100172,shape:block,failure,0,400,400,action_limit,Reach for the cube and lift it.,reused,lingbot_vla/attribute_select/attribute_select_ep100172_result.json,c02a1060f9523753d62a5909e334561dbd520271a8689714dcde25c4cb4e8051
lingbot_vla,attribute_select,19,100173,shape:bar,success,1,82,400,task_success,Fetch the long bar.,reused,lingbot_vla/attribute_select/attribute_select_ep100173_result.json,2665d07e12517c8cb38596aabedb37b5d084f7e69d8c010ad166f0f1460f89e9
lingbot_vla,attribute_select,19,100174,size:big,failure,0,400,400,action_limit,Reach for the big block and lift it.,reused,lingbot_vla/attribute_select/attribute_select_ep100174_result.json,3c52bdc61a17d1d6262734502278fa8fb5acac662df469f388266335331a8210
lingbot_vla,attribute_select,19,100175,size:small,success,1,80,400,task_success,Fetch the small block.,reused,lingbot_vla/attribute_select/attribute_select_ep100175_result.json,69f5dacf378349b6001989cec468eb7a8f6ce9246a1c795f4ac7fa088b8bda3b
lingbot_vla,arm_select,0,500000,left,failure,0,400,400,action_limit,Use the left arm to retrieve the block.,new,lingbot_vla/arm_select/arm_select_ep500000_result.json,6803d4258a789d94f6cf8aa176c912542bf7a883501013fd260eefd29e325668
lingbot_vla,arm_select,0,500001,right,failure,0,400,400,action_limit,Use the right arm to retrieve the block.,new,lingbot_vla/arm_select/arm_select_ep500001_result.json,cd9b5e69a9d612e04455ef4a9609160f906630746769aa76537568c8a3a1460e
lingbot_vla,arm_select,1,500002,left,failure,0,400,400,action_limit,"With the left arm, grab the block.",new,lingbot_vla/arm_select/arm_select_ep500002_result.json,5e85ceac4eb7b467860b6f51f89d3ea5f55638015999ae756b1856d0665248d8
lingbot_vla,arm_select,1,500003,right,success,1,80,400,task_success,"With the right arm, grab the block.",new,lingbot_vla/arm_select/arm_select_ep500003_result.json,1d385e3e113e23654bb5d416207baf016d49527d26fdbb20948139b7a39bc686
lingbot_vla,arm_select,2,500004,left,success,1,80,400,task_success,Retrieve the block with the left arm.,new,lingbot_vla/arm_select/arm_select_ep500004_result.json,2b162f2b535079cff04776d621a7b19b12e562c161021c6e11e1aec444928749
lingbot_vla,arm_select,2,500005,right,failure,0,400,400,action_limit,Retrieve the block with the right arm.,new,lingbot_vla/arm_select/arm_select_ep500005_result.json,2a100d7cd7693158e9aab0eb8858ccb27dff39eb388dc572f87544117bdff5a2
lingbot_vla,arm_select,3,500006,left,success,1,82,400,task_success,Have the left arm take the block.,new,lingbot_vla/arm_select/arm_select_ep500006_result.json,bfd5cb8046898604001c89450019c7cb3f536e7e4b77a736ca6f77e508775753
lingbot_vla,arm_select,3,500007,right,failure,0,400,400,action_limit,Have the right arm take the block.,new,lingbot_vla/arm_select/arm_select_ep500007_result.json,44bcab5bc4d86e1946bee6a2c0ecd1e92d4f6f00f62755f7f2785b95ee5ec320
lingbot_vla,arm_select,4,500008,left,failure,0,400,400,action_limit,Pick up the block carefully with the left arm.,new,lingbot_vla/arm_select/arm_select_ep500008_result.json,199f2ebfc24a9798fdfae31afd71a22575619187bfb35553ab662a0289ac776d
lingbot_vla,arm_select,4,500009,right,success,1,82,400,task_success,Pick up the block carefully with the right arm.,new,lingbot_vla/arm_select/arm_select_ep500009_result.json,1b7e5d7da47aebdf4290d2f247ee19bf53a240841579ea527c48742cb5f2fcc5
lingbot_vla,arm_select,5,500010,left,success,1,81,400,task_success,"With the left arm, grab the block.",new,lingbot_vla/arm_select/arm_select_ep500010_result.json,f76e19b7d2143b3a405ec739afb3edfd1f00f7d59c3150eb426f39fb203389d0
lingbot_vla,arm_select,5,500011,right,failure,0,400,400,action_limit,"With the right arm, grab the block.",new,lingbot_vla/arm_select/arm_select_ep500011_result.json,1dc122bf993650ef4b93e5099b16efe68a97c1f556b6b0a176a571cffae14bff
lingbot_vla,arm_select,6,500012,left,failure,0,400,400,action_limit,Collect the block using the left arm.,new,lingbot_vla/arm_select/arm_select_ep500012_result.json,00daeff8e1c95148ab0b9b04e3e51f3c3c07f338765c65de677ea658b1f07aa6
lingbot_vla,arm_select,6,500013,right,success,1,135,400,task_success,Collect the block using the right arm.,new,lingbot_vla/arm_select/arm_select_ep500013_result.json,24d6a8027e00cf81cbc6499e6e315c5bc7cc4ec044dff8e6713906b733dba82c
lingbot_vla,arm_select,7,500014,left,failure,0,400,400,action_limit,Retrieve the block with the left arm.,new,lingbot_vla/arm_select/arm_select_ep500014_result.json,b52d9889e99ff6689cd40f4005ae8f8de75893224c9b1b7325962b7ea823002f
lingbot_vla,arm_select,7,500015,right,success,1,82,400,task_success,Retrieve the block with the right arm.,new,lingbot_vla/arm_select/arm_select_ep500015_result.json,c9260fc574c3f10c63f00e2b3bb6b723db9fc18bad6cb03d423054f947039aee
lingbot_vla,arm_select,8,500016,left,success,1,79,400,task_success,Employ the left arm to lift the block.,new,lingbot_vla/arm_select/arm_select_ep500016_result.json,1ed10ea100335fb1903b7513522d810dd5cd553205c8fbd288065b3b84b47766
lingbot_vla,arm_select,8,500017,right,failure,0,400,400,action_limit,Employ the right arm to lift the block.,new,lingbot_vla/arm_select/arm_select_ep500017_result.json,0a9d0cc693fe92462bd31e5c90e786a531728e3270b07c559bb4f144fd6e3b42
lingbot_vla,arm_select,9,500018,left,failure,0,400,400,action_limit,Pick up the block carefully with the left arm.,new,lingbot_vla/arm_select/arm_select_ep500018_result.json,82885ac40222522cda38d1dde82c1131d9f3f6e906be6ee8eb7ae0c0cfdb7e69
lingbot_vla,arm_select,9,500019,right,success,1,181,400,task_success,Pick up the block carefully with the right arm.,new,lingbot_vla/arm_select/arm_select_ep500019_result.json,cffced736faa8644749b08356b7fdf6a143f82541022ac4732a7e556fe196a45
lingbot_vla,arm_select,10,500020,left,failure,0,400,400,action_limit,Employ the left arm to lift the block.,new,lingbot_vla/arm_select/arm_select_ep500020_result.json,918666b2c5f59269a3cda10833357c514eab20fdd8d25478805fed80a01ffeaa
lingbot_vla,arm_select,10,500021,right,success,1,81,400,task_success,Employ the right arm to lift the block.,new,lingbot_vla/arm_select/arm_select_ep500021_result.json,ed7664c35708ee4ed47eec831e4db350dc8b17e2a26c09763de9f21b63ecb004
lingbot_vla,arm_select,11,500022,left,success,1,80,400,task_success,Have the left arm take the block.,new,lingbot_vla/arm_select/arm_select_ep500022_result.json,b6e3a68144c1fbdc98a09b880c25c488139a86f401fc792a468340453c9af8ba
lingbot_vla,arm_select,11,500023,right,failure,0,400,400,action_limit,Have the right arm take the block.,new,lingbot_vla/arm_select/arm_select_ep500023_result.json,b1fa7f767bc80322f3a42309cf85b6bb62b7d2732d732dbcda55ad224158a424
lingbot_vla,arm_select,12,500024,left,failure,0,400,400,action_limit,Employ the left arm to lift the block.,new,lingbot_vla/arm_select/arm_select_ep500024_result.json,8b473a2bd572f18b78b4519ed99403ed887a0be01fb1f561e93b65526bdaffb8
lingbot_vla,arm_select,12,500025,right,failure,0,400,400,action_limit,Employ the right arm to lift the block.,new,lingbot_vla/arm_select/arm_select_ep500025_result.json,1fed25249a8e863fdabc6b9fa8c0b2171ac1195dbcc01316884b2474d08fcdac
lingbot_vla,arm_select,13,500026,left,failure,0,400,400,action_limit,Use the left arm to retrieve the block.,new,lingbot_vla/arm_select/arm_select_ep500026_result.json,978bc117f83c39ef2a44999410818d7b450fa42430766c120aad100e0653ac82
lingbot_vla,arm_select,13,500027,right,success,1,80,400,task_success,Use the right arm to retrieve the block.,new,lingbot_vla/arm_select/arm_select_ep500027_result.json,fa6b8ddd6be2b8668fb758712362914354ee4819516f2a5c7fcc73d3a51829f4
lingbot_vla,arm_select,14,500028,left,success,1,80,400,task_success,Pick up the block carefully with the left arm.,new,lingbot_vla/arm_select/arm_select_ep500028_result.json,878e120947fa78ac23734c9511502874820473a033ae17ae99115289f7e61da0
lingbot_vla,arm_select,14,500029,right,failure,0,400,400,action_limit,Pick up the block carefully with the right arm.,new,lingbot_vla/arm_select/arm_select_ep500029_result.json,eee8206c6c857845b051466f8ac90090d9096f4739d046b4f8c80cf0229bb8b6
lingbot_vla,arm_select,15,500030,left,failure,0,400,400,action_limit,Collect the block using the left arm.,new,lingbot_vla/arm_select/arm_select_ep500030_result.json,d03140e30f07e5cf7d7ec097c0262221bc77613dd64ad49f34c245e28764cfb7
lingbot_vla,arm_select,15,500031,right,success,1,245,400,task_success,Collect the block using the right arm.,new,lingbot_vla/arm_select/arm_select_ep500031_result.json,cdca96989edf3b1ad93e322934de1b14f482fc927ce1c6d3593639a5f2d58eff
lingbot_vla,arm_select,16,500032,left,failure,0,400,400,action_limit,Let the left arm grab the block.,new,lingbot_vla/arm_select/arm_select_ep500032_result.json,3f824ea71e236dc1beaab831f289a9142e555fefa952621eb214074b25d6d816
lingbot_vla,arm_select,16,500033,right,success,1,82,400,task_success,Let the right arm grab the block.,new,lingbot_vla/arm_select/arm_select_ep500033_result.json,4a8505713cda3e2952956267c64cb4035609be006ce4a4f32f86b723ad54a7ac
lingbot_vla,arm_select,17,500034,left,success,1,80,400,task_success,Use the left arm to hold the block.,new,lingbot_vla/arm_select/arm_select_ep500034_result.json,bd556a315c34ae76020d41cad380a504a22c2c7daf0c5f337ffd6136e1fa963c
lingbot_vla,arm_select,17,500035,right,failure,0,400,400,action_limit,Use the right arm to hold the block.,new,lingbot_vla/arm_select/arm_select_ep500035_result.json,d4f3ea81c21667c26280a6685e41a695298e03f61ab0d931be42d34a5bcb864c
lingbot_vla,arm_select,18,500036,left,failure,0,400,400,action_limit,Have the left arm take the block.,new,lingbot_vla/arm_select/arm_select_ep500036_result.json,548f5aae951b64e6cfb174640f74acccf673f780386a0390ec5a19e2f747e5ec
lingbot_vla,arm_select,18,500037,right,success,1,81,400,task_success,Have the right arm take the block.,new,lingbot_vla/arm_select/arm_select_ep500037_result.json,014cc3a9f3c58d37d2f26ca7196b6df6bb849c6f89f63ae4d7ec7b4d98a9395a
lingbot_vla,arm_select,19,500038,left,failure,0,400,400,action_limit,"With the left arm, grab the block.",new,lingbot_vla/arm_select/arm_select_ep500038_result.json,95ec121aab2bde977f926e735eed7faa36adb3374b608ec031e0bdd027465e67
lingbot_vla,arm_select,19,500039,right,success,1,81,400,task_success,"With the right arm, grab the block.",new,lingbot_vla/arm_select/arm_select_ep500039_result.json,f38858f2ff6196ef877dbe5174ddabd485b05641a7a5c58adbc783c85598b572
lingbot_vla,stack_sequence,0,100008,red>green>blue,success,1,459,1200,task_success,"Put red block down, green block on red block, blue block on green block.",reused,lingbot_vla/stack_sequence/stack_sequence_ep100008_result.json,b256c94bb521fb5a954834356e62253dbbafbe574248ecf90a79c9e1e930c362
lingbot_vla,stack_sequence,0,100009,red>blue>green,failure,0,1200,1200,action_limit,Stack green block over blue block and blue block over red block.,reused,lingbot_vla/stack_sequence/stack_sequence_ep100009_result.json,7534aec4fcab378a0238b3c46cae8b77465c4ed250ebd46a33281b3ae884cbff
lingbot_vla,stack_sequence,0,100010,green>red>blue,failure,0,1200,1200,action_limit,"From the bottom up: green block, then red block, then blue block.",reused,lingbot_vla/stack_sequence/stack_sequence_ep100010_result.json,4b834c8e89bfed0bca81d895318c2d65e4b34b1e6c20b7b7e1635c13556586b4
lingbot_vla,stack_sequence,0,100011,green>blue>red,failure,0,1200,1200,action_limit,"Bottom to top, the order is green block, blue block, red block.",reused,lingbot_vla/stack_sequence/stack_sequence_ep100011_result.json,9a3e323cbf18f37813614a34c1e03e38ed5f0aab6c7e432dcc3281a6bf48ef6c
lingbot_vla,stack_sequence,0,100012,blue>red>green,failure,0,1200,1200,action_limit,"Place blue block at the base, add red block, and top it with green block.",reused,lingbot_vla/stack_sequence/stack_sequence_ep100012_result.json,a6011d3db2480639e13f0383e36e24e45b07c8c696c1eab8099a3576c908e29b
lingbot_vla,stack_sequence,0,100013,blue>green>red,failure,0,1200,1200,action_limit,"First set blue block, then green block, then red block at the very top.",reused,lingbot_vla/stack_sequence/stack_sequence_ep100013_result.json,c922ea176ac67cecaf279fd19091fa1ba084a57ebac9bf01913ffb046e7dff20
lingbot_vla,stack_sequence,1,100014,red>green>blue,failure,0,1200,1200,action_limit,"First set red block, then green block, then blue block at the very top.",reused,lingbot_vla/stack_sequence/stack_sequence_ep100014_result.json,31273da8711fe92c82ae2ecf685464655123ba2dd7740e61d98ee1aa38e3c08c
lingbot_vla,stack_sequence,1,100015,red>blue>green,failure,0,1200,1200,action_limit,"From the bottom up: red block, then blue block, then green block.",reused,lingbot_vla/stack_sequence/stack_sequence_ep100015_result.json,ec357987edb72a1c59f7b1b36ccc5fcaefde94749e2e8a3535c3aa2b2cb165fd
lingbot_vla,stack_sequence,1,100016,green>red>blue,failure,0,1200,1200,action_limit,"Build a column: green block lowest, then red block, then blue block on top.",reused,lingbot_vla/stack_sequence/stack_sequence_ep100016_result.json,df5234af1fc8f5662965da298a6096bd5cc3ba7fa9d792ad3153adccaf6562d7
lingbot_vla,stack_sequence,1,100017,green>blue>red,failure,0,1200,1200,action_limit,"Put green block down, blue block on green block, red block on blue block.",reused,lingbot_vla/stack_sequence/stack_sequence_ep100017_result.json,94faeb78ca35909d6a64562b653ab6ff0d76d8856db0031c7387d5141063799d
lingbot_vla,stack_sequence,1,100018,blue>red>green,failure,0,1200,1200,action_limit,"From the bottom up: blue block, then red block, then green block.",reused,lingbot_vla/stack_sequence/stack_sequence_ep100018_result.json,ad1bcb0fc3b277b5e5cf2233524bc937b77296e3dd8ac35038e75a2956e19e16
lingbot_vla,stack_sequence,1,100019,blue>green>red,failure,0,1200,1200,action_limit,"Rest green block on blue block, then rest red block on green block.",reused,lingbot_vla/stack_sequence/stack_sequence_ep100019_result.json,e14ff44362fb0eaddfa0254d117149b5f57122dfb65b170336ceb96092fe87e5
lingbot_vla,stack_sequence,2,100020,red>green>blue,failure,0,1200,1200,action_limit,"Lay red block first, green block second, blue block third, each on the last.",reused,lingbot_vla/stack_sequence/stack_sequence_ep100020_result.json,361d5c5e265fe0cfa62ce2c0bef6a5da272b8220da2dcbc255f08919b8131c84
lingbot_vla,stack_sequence,2,100021,red>blue>green,failure,0,1200,1200,action_limit,"Order the tower red block, blue block, green block from bottom to top.",reused,lingbot_vla/stack_sequence/stack_sequence_ep100021_result.json,703345151ce497afd370f4f68f614be8de13f8fb6066daa05bccbd2864ca8d13
lingbot_vla,stack_sequence,2,100022,green>red>blue,failure,0,1200,1200,action_limit,"Put green block down, red block on green block, blue block on red block.",reused,lingbot_vla/stack_sequence/stack_sequence_ep100022_result.json,17752eaab498635be47b947f180612d78f66cc6fe71548ae7039a2f0ac8a3a56
lingbot_vla,stack_sequence,2,100023,green>blue>red,failure,0,1200,1200,action_limit,"Place green block at the base, add blue block, and top it with red block.",reused,lingbot_vla/stack_sequence/stack_sequence_ep100023_result.json,29678def48e8818b399b0452ed0db5ac8e4b21d9ad8e01290d6efada7c20c33c
lingbot_vla,stack_sequence,2,100024,blue>red>green,failure,0,1200,1200,action_limit,"Place blue block at the base, add red block, and top it with green block.",reused,lingbot_vla/stack_sequence/stack_sequence_ep100024_result.json,c657e693477ddfaed016d74d2d7066f6713a73802bf15bca6eed38c3e366bdec
lingbot_vla,stack_sequence,2,100025,blue>green>red,failure,0,1200,1200,action_limit,"First set blue block, then green block, then red block at the very top.",reused,lingbot_vla/stack_sequence/stack_sequence_ep100025_result.json,87a8e69da81ceede649fc462b3111512f63000993079b241e82ce39b80b4ab21
lingbot_vla,stack_sequence,3,100026,red>green>blue,success,1,453,1200,task_success,"From the bottom up: red block, then green block, then blue block.",reused,lingbot_vla/stack_sequence/stack_sequence_ep100026_result.json,c8868ca65d12c6353ef98e380b5d3ba6db3bf43ea0163951839332b0a085e19a
lingbot_vla,stack_sequence,3,100027,red>blue>green,failure,0,1200,1200,action_limit,"Put red block down, blue block on red block, green block on blue block.",reused,lingbot_vla/stack_sequence/stack_sequence_ep100027_result.json,f3598cfcd32829108892574358299da9cf8cfb5d8f65da367af78ff3a7496df0
lingbot_vla,stack_sequence,3,100028,green>red>blue,failure,0,1200,1200,action_limit,"Bottom to top, the order is green block, red block, blue block.",reused,lingbot_vla/stack_sequence/stack_sequence_ep100028_result.json,f32b8aae6cd7b50c2ea9d621474c68a22b71c1294b0c15a3b8e603c534683c42
lingbot_vla,stack_sequence,3,100029,green>blue>red,failure,0,1200,1200,action_limit,"Lay green block first, blue block second, red block third, each on the last.",reused,lingbot_vla/stack_sequence/stack_sequence_ep100029_result.json,ecd7f739f0c6d1e275f116759cb1ab16fb2178d70766da47d1a7307bb7b97a96
lingbot_vla,stack_sequence,3,100030,blue>red>green,failure,0,1200,1200,action_limit,"Put blue block down, red block on blue block, green block on red block.",reused,lingbot_vla/stack_sequence/stack_sequence_ep100030_result.json,fa699123bba1b6f703ea2b1b9f65fb2791f178bffd9dc1665bc784c24fddc2e9
lingbot_vla,stack_sequence,3,100031,blue>green>red,failure,0,1200,1200,action_limit,Stack red block over green block and green block over blue block.,reused,lingbot_vla/stack_sequence/stack_sequence_ep100031_result.json,6bc0792152a227d3abde7e2f65b8900de595306abb458961dd92528f721a7546
lingbot_vla,stack_sequence,4,100032,red>green>blue,success,1,456,1200,task_success,"From the bottom up: red block, then green block, then blue block.",reused,lingbot_vla/stack_sequence/stack_sequence_ep100032_result.json,990f8e4573e1ad95471232eef58f7c4d2a99def3890420849039dacb9063be9f
lingbot_vla,stack_sequence,4,100033,red>blue>green,failure,0,1200,1200,action_limit,"Order the tower red block, blue block, green block from bottom to top.",reused,lingbot_vla/stack_sequence/stack_sequence_ep100033_result.json,6d9cfc84702b8b5910947049596d9d60c491006dfe3e5372f2429e7936f52410
lingbot_vla,stack_sequence,4,100034,green>red>blue,failure,0,1200,1200,action_limit,"Rest red block on green block, then rest blue block on red block.",reused,lingbot_vla/stack_sequence/stack_sequence_ep100034_result.json,b8573d2dc1b135716380d4c1625aa017ed95a8647022211ca1e90ca6fc5c9806
lingbot_vla,stack_sequence,4,100035,green>blue>red,failure,0,1200,1200,action_limit,"Build a column: green block lowest, then blue block, then red block on top.",reused,lingbot_vla/stack_sequence/stack_sequence_ep100035_result.json,7731b50a02f4580231714892b2897162ddef90567dd2d73f7f35701caf8eb70d
lingbot_vla,stack_sequence,4,100036,blue>red>green,failure,0,1200,1200,action_limit,"Lay blue block first, red block second, green block third, each on the last.",reused,lingbot_vla/stack_sequence/stack_sequence_ep100036_result.json,9edd0f2210ed3213d7d2ca167f6874fd4fb76eb712266cbf79042e6e7f13911b
lingbot_vla,stack_sequence,4,100037,blue>green>red,failure,0,1200,1200,action_limit,"Bottom to top, the order is blue block, green block, red block.",reused,lingbot_vla/stack_sequence/stack_sequence_ep100037_result.json,baaddf85959f60a76ec4b6b1af624be6f68e1814d95d3dbb5fa6f7eeb4c430d3
lingbot_vla,stack_sequence,5,100038,red>green>blue,success,1,459,1200,task_success,Stack blue block over green block and green block over red block.,reused,lingbot_vla/stack_sequence/stack_sequence_ep100038_result.json,d5ae6c3b8b1dbf9bf7e6c09cfac9431397d576082ede9e1baa4287e5fd751770
lingbot_vla,stack_sequence,5,100039,red>blue>green,failure,0,1200,1200,action_limit,"Build a column: red block lowest, then blue block, then green block on top.",reused,lingbot_vla/stack_sequence/stack_sequence_ep100039_result.json,62dd8dc5486cda9f0e556f6e3f132b812b9db756be6c88b5ef9a1cf87747f406
lingbot_vla,stack_sequence,5,100040,green>red>blue,failure,0,1200,1200,action_limit,"Bottom to top, the order is green block, red block, blue block.",reused,lingbot_vla/stack_sequence/stack_sequence_ep100040_result.json,c30a14f90685c872633733da01dbef8097a362465410c3abea6c20a57aaffe83
lingbot_vla,stack_sequence,5,100041,green>blue>red,failure,0,1200,1200,action_limit,"Order the tower green block, blue block, red block from bottom to top.",reused,lingbot_vla/stack_sequence/stack_sequence_ep100041_result.json,226baa260a51ea28247695ff542e0614819bfb5e478e48e5d84c758a3fd8b75c
lingbot_vla,stack_sequence,5,100042,blue>red>green,failure,0,1200,1200,action_limit,Stack green block over red block and red block over blue block.,reused,lingbot_vla/stack_sequence/stack_sequence_ep100042_result.json,7b46433489cd9a7b10caf24e08572273e23d9750dd468d86837bdf4db677121e
lingbot_vla,stack_sequence,5,100043,blue>green>red,failure,0,1200,1200,action_limit,"Place blue block at the base, add green block, and top it with red block.",reused,lingbot_vla/stack_sequence/stack_sequence_ep100043_result.json,9adaae29e593dff5e5dd3fc64d806491b425127d7fa17015dd040c1b1df61b6e
lingbot_vla,stack_sequence,6,100050,red>green>blue,success,1,455,1200,task_success,"Put red block down, green block on red block, blue block on green block.",reused,lingbot_vla/stack_sequence/stack_sequence_ep100050_result.json,b61758a903b04f00744b3dd1544d63e532fafb8a710305eea6c9e7c9e51b8122
lingbot_vla,stack_sequence,6,100051,red>blue>green,failure,0,1200,1200,action_limit,"Rest blue block on red block, then rest green block on blue block.",reused,lingbot_vla/stack_sequence/stack_sequence_ep100051_result.json,90265b1be7133de1fefabbb0562cfc60b3bb4de60096317ae4a62e9ac722e682
lingbot_vla,stack_sequence,6,100052,green>red>blue,failure,0,1200,1200,action_limit,"Bottom to top, the order is green block, red block, blue block.",reused,lingbot_vla/stack_sequence/stack_sequence_ep100052_result.json,c6990e961a2d622a418e051ce128b1d88a94c0cdbf45bd46497cd2ba9347ed90
lingbot_vla,stack_sequence,6,100053,green>blue>red,failure,0,1200,1200,action_limit,"Bottom to top, the order is green block, blue block, red block.",reused,lingbot_vla/stack_sequence/stack_sequence_ep100053_result.json,534d3a6ff8f5e606660cc426a3387c5f2307030d4322579ed18132c51564df5e
lingbot_vla,stack_sequence,6,100054,blue>red>green,failure,0,1200,1200,action_limit,"First set blue block, then red block, then green block at the very top.",reused,lingbot_vla/stack_sequence/stack_sequence_ep100054_result.json,25978f7a17b7180b20508d5e148c1c4542973dc63769b4c662f5b7009357bf3c
lingbot_vla,stack_sequence,6,100055,blue>green>red,failure,0,1200,1200,action_limit,"Put blue block down, green block on blue block, red block on green block.",reused,lingbot_vla/stack_sequence/stack_sequence_ep100055_result.json,8bf335565b63b0f50eb73d00980155e9d20c9004b7cffde5f35c576f9ec35736
lingbot_vla,stack_sequence,7,100062,red>green>blue,success,1,457,1200,task_success,"Put red block down, green block on red block, blue block on green block.",reused,lingbot_vla/stack_sequence/stack_sequence_ep100062_result.json,72461db055aa76572a633507deaf320c36265f57e4a0df0c3f76b5eac74cbf30
lingbot_vla,stack_sequence,7,100063,red>blue>green,failure,0,1200,1200,action_limit,"Order the tower red block, blue block, green block from bottom to top.",reused,lingbot_vla/stack_sequence/stack_sequence_ep100063_result.json,63e09929719321810e512390e9969d53fcc3f2906e8471f15fd11a108de78c21
lingbot_vla,stack_sequence,7,100064,green>red>blue,failure,0,1200,1200,action_limit,"Rest red block on green block, then rest blue block on red block.",reused,lingbot_vla/stack_sequence/stack_sequence_ep100064_result.json,cd80eff8f82b92f4bf0968c9fe62a6dc4e9a93704d77882c2e93eb53ae92732d
lingbot_vla,stack_sequence,7,100065,green>blue>red,failure,0,1200,1200,action_limit,"Build a column: green block lowest, then blue block, then red block on top.",reused,lingbot_vla/stack_sequence/stack_sequence_ep100065_result.json,a2fe71f78d5f5f92cb9ee12e70842ebdadfc511c12591dec3e8749390ba03d34
lingbot_vla,stack_sequence,7,100066,blue>red>green,failure,0,1200,1200,action_limit,"Put blue block down, red block on blue block, green block on red block.",reused,lingbot_vla/stack_sequence/stack_sequence_ep100066_result.json,e9a076ae5defa4629ea06c92130b4797b843dc96c8ba43fe64012a207c2ce1c2
lingbot_vla,stack_sequence,7,100067,blue>green>red,failure,0,1200,1200,action_limit,"Order the tower blue block, green block, red block from bottom to top.",reused,lingbot_vla/stack_sequence/stack_sequence_ep100067_result.json,722b44a0e2ac7f405cd5aa14275329ec0a77f1151e37e293aa7e5a7e8f4292c0
lingbot_vla,stack_sequence,8,100068,red>green>blue,success,1,433,1200,task_success,"From the bottom up: red block, then green block, then blue block.",reused,lingbot_vla/stack_sequence/stack_sequence_ep100068_result.json,617639875abdc9465913e539cb7603fa318eda13e86a5820eb2e9684061b7174
lingbot_vla,stack_sequence,8,100069,red>blue>green,failure,0,1200,1200,action_limit,"Build a column: red block lowest, then blue block, then green block on top.",reused,lingbot_vla/stack_sequence/stack_sequence_ep100069_result.json,9e230daa36f56ba1ae3def4ffa434c536486c75d0d3f5d2a7d0b8fc3414762a8
lingbot_vla,stack_sequence,8,100070,green>red>blue,failure,0,1200,1200,action_limit,"Lay green block first, red block second, blue block third, each on the last.",reused,lingbot_vla/stack_sequence/stack_sequence_ep100070_result.json,aa04cdd481eaa3fef43f597522d2e2b0a2bac0fc1fd5c72bff36768dedb3aabb
lingbot_vla,stack_sequence,8,100071,green>blue>red,failure,0,1200,1200,action_limit,"Rest blue block on green block, then rest red block on blue block.",reused,lingbot_vla/stack_sequence/stack_sequence_ep100071_result.json,7b249a62799d4ed8eea12f5db83fbff98e199891fbc21612d989dabe69158a7c
lingbot_vla,stack_sequence,8,100072,blue>red>green,failure,0,1200,1200,action_limit,"Lay blue block first, red block second, green block third, each on the last.",reused,lingbot_vla/stack_sequence/stack_sequence_ep100072_result.json,9f570045820ef52fc7532e3a17c08ba760eab0eb16e8cfab673f7e4062943b45
lingbot_vla,stack_sequence,8,100073,blue>green>red,failure,0,1200,1200,action_limit,"First set blue block, then green block, then red block at the very top.",reused,lingbot_vla/stack_sequence/stack_sequence_ep100073_result.json,7658071f6158fefaa56563b0bc9002248c90a9d9947922588fb2529f87571b54
lingbot_vla,stack_sequence,9,100080,red>green>blue,failure,0,1200,1200,action_limit,"Build a column: red block lowest, then green block, then blue block on top.",reused,lingbot_vla/stack_sequence/stack_sequence_ep100080_result.json,b67a30d9b323cf5490e594296b442ac93dd9780f3f9937c6bb4bce00053bc270
lingbot_vla,stack_sequence,9,100081,red>blue>green,failure,0,1200,1200,action_limit,Stack green block over blue block and blue block over red block.,reused,lingbot_vla/stack_sequence/stack_sequence_ep100081_result.json,5e348de2e2903f1cb3d27caa797f660a7d4df8ab62617a2050908469f899265a
lingbot_vla,stack_sequence,9,100082,green>red>blue,failure,0,1200,1200,action_limit,Stack blue block over red block and red block over green block.,reused,lingbot_vla/stack_sequence/stack_sequence_ep100082_result.json,224a6daffb7ffa2335965e0e195d76beafec2fd54397cacc3a11e9ae9a5eef19
lingbot_vla,stack_sequence,9,100083,green>blue>red,failure,0,1200,1200,action_limit,"Lay green block first, blue block second, red block third, each on the last.",reused,lingbot_vla/stack_sequence/stack_sequence_ep100083_result.json,b6e4a6bc18ac3c9e55eefd5ffe14bd07df516d0661b958376776fd5c5b935dde
lingbot_vla,stack_sequence,9,100084,blue>red>green,failure,0,1200,1200,action_limit,"Rest red block on blue block, then rest green block on red block.",reused,lingbot_vla/stack_sequence/stack_sequence_ep100084_result.json,d97648bec67e2780c92d4fe5cbbb266b82483ac94eed6e0b1542cd48338c4032
lingbot_vla,stack_sequence,9,100085,blue>green>red,failure,0,1200,1200,action_limit,"Place blue block at the base, add green block, and top it with red block.",reused,lingbot_vla/stack_sequence/stack_sequence_ep100085_result.json,c5474c38e54d0eda4798989cd5f4e6a881de534d577a2b9846d1d686f1ad43cd
lingbot_vla,stack_sequence,10,100092,red>green>blue,failure,0,1200,1200,action_limit,"Rest green block on red block, then rest blue block on green block.",reused,lingbot_vla/stack_sequence/stack_sequence_ep100092_result.json,138fa954a2bc2ef8ad60dbdcf5922edf71ebfc96a4b5dfed8f14a13f521775bd
lingbot_vla,stack_sequence,10,100093,red>blue>green,failure,0,1200,1200,action_limit,"Rest blue block on red block, then rest green block on blue block.",reused,lingbot_vla/stack_sequence/stack_sequence_ep100093_result.json,0cef1bb1ad61c539d14181949d193971d7de8a03ab316731ba52fde8a37f5f46
lingbot_vla,stack_sequence,10,100094,green>red>blue,failure,0,1200,1200,action_limit,"Rest red block on green block, then rest blue block on red block.",reused,lingbot_vla/stack_sequence/stack_sequence_ep100094_result.json,9233cc4c0a339b4df78ef00f1229f8e95c47e9dad385d51242cb06b91fed822b
lingbot_vla,stack_sequence,10,100095,green>blue>red,failure,0,1200,1200,action_limit,"Rest blue block on green block, then rest red block on blue block.",reused,lingbot_vla/stack_sequence/stack_sequence_ep100095_result.json,ee15c011c597b654a0ce0abeead5355f4632d49e16cfbf6a3a86e47f2a79025b
lingbot_vla,stack_sequence,10,100096,blue>red>green,failure,0,1200,1200,action_limit,"Lay blue block first, red block second, green block third, each on the last.",reused,lingbot_vla/stack_sequence/stack_sequence_ep100096_result.json,865575aee57966bd75874e6176e555020d8340bf169b27b7bf9ef03dd04578cf
lingbot_vla,stack_sequence,10,100097,blue>green>red,failure,0,1200,1200,action_limit,"Rest green block on blue block, then rest red block on green block.",reused,lingbot_vla/stack_sequence/stack_sequence_ep100097_result.json,69a7775e12cf1bec30ef64ffd472a51837e8c0a60081b2353fdb1fae710e8656
lingbot_vla,stack_sequence,11,100098,red>green>blue,failure,0,1200,1200,action_limit,"Rest green block on red block, then rest blue block on green block.",reused,lingbot_vla/stack_sequence/stack_sequence_ep100098_result.json,095cd9a0eec7617e21b4ad029be8ebe2ad846470e34a53003819484b7995a07b
lingbot_vla,stack_sequence,11,100099,red>blue>green,failure,0,1200,1200,action_limit,"Order the tower red block, blue block, green block from bottom to top.",reused,lingbot_vla/stack_sequence/stack_sequence_ep100099_result.json,1dfd4e0229db76cf52fa1c7b4ec2f27ecff250c8dbe06998dfd4a16f4fd0c94e
lingbot_vla,stack_sequence,11,100100,green>red>blue,failure,0,1200,1200,action_limit,"Put green block down, red block on green block, blue block on red block.",reused,lingbot_vla/stack_sequence/stack_sequence_ep100100_result.json,4a63c61f06bc6f3689da0689f4993f6bf3569f6def1f3eccd93ab2a48636806c
lingbot_vla,stack_sequence,11,100101,green>blue>red,failure,0,1200,1200,action_limit,"Lay green block first, blue block second, red block third, each on the last.",reused,lingbot_vla/stack_sequence/stack_sequence_ep100101_result.json,6f2b020b82e2ab3c6c692543e89e773f9d4b541bbbc49bfe0566e39c6165ed96
lingbot_vla,stack_sequence,11,100102,blue>red>green,failure,0,1200,1200,action_limit,"Rest red block on blue block, then rest green block on red block.",reused,lingbot_vla/stack_sequence/stack_sequence_ep100102_result.json,95f327aebdae2b6343aae29f5bf3dcd61fe31681f5a73ff85991897f0a6ad32f
lingbot_vla,stack_sequence,11,100103,blue>green>red,failure,0,1200,1200,action_limit,Stack red block over green block and green block over blue block.,reused,lingbot_vla/stack_sequence/stack_sequence_ep100103_result.json,c23c19dcfd77b7b02936cd9ed5e6fdf6edc9ad8c170a7ddf82e9cb954739d1fc
lingbot_vla,stack_sequence,12,100104,red>green>blue,success,1,454,1200,task_success,"Bottom to top, the order is red block, green block, blue block.",reused,lingbot_vla/stack_sequence/stack_sequence_ep100104_result.json,45c750444c6c7af6ec2451c09504f984e8ce08f5c182206d8014c06428ca44ca
lingbot_vla,stack_sequence,12,100105,red>blue>green,failure,0,1200,1200,action_limit,"Rest blue block on red block, then rest green block on blue block.",reused,lingbot_vla/stack_sequence/stack_sequence_ep100105_result.json,f5f963abfe41cbaa3d296006bb377eedf18c6035fd7726ee5eb472911c3ba0e0
lingbot_vla,stack_sequence,12,100106,green>red>blue,failure,0,1200,1200,action_limit,"From the bottom up: green block, then red block, then blue block.",reused,lingbot_vla/stack_sequence/stack_sequence_ep100106_result.json,3c61799b31b1f35f0c852575559db50c329b52b26a5541870c6d98cb6baa7b0d
lingbot_vla,stack_sequence,12,100107,green>blue>red,failure,0,1200,1200,action_limit,"First set green block, then blue block, then red block at the very top.",reused,lingbot_vla/stack_sequence/stack_sequence_ep100107_result.json,d0ed680ebefe8d92f6bdb08e20cfa47bf71790a9b46b04de8e93d09f88b8c658
lingbot_vla,stack_sequence,12,100108,blue>red>green,failure,0,1200,1200,action_limit,"Put blue block down, red block on blue block, green block on red block.",reused,lingbot_vla/stack_sequence/stack_sequence_ep100108_result.json,c3def799504c13c89a27a8b0eced504d3a118fa537c58112d7f2f79b49df5d4c
lingbot_vla,stack_sequence,12,100109,blue>green>red,failure,0,1200,1200,action_limit,"Build a column: blue block lowest, then green block, then red block on top.",reused,lingbot_vla/stack_sequence/stack_sequence_ep100109_result.json,79d94a8e2acff685bbd43581448ba290345157f9a95f74e34955b4db8f9ac163
lingbot_vla,stack_sequence,13,100110,red>green>blue,success,1,462,1200,task_success,"Place red block at the base, add green block, and top it with blue block.",reused,lingbot_vla/stack_sequence/stack_sequence_ep100110_result.json,188e72cbbf6bc7c1cc3b63cbd83188e6f130a5fd9fcaf04499b7be339467b165
lingbot_vla,stack_sequence,13,100111,red>blue>green,failure,0,1200,1200,action_limit,Stack green block over blue block and blue block over red block.,reused,lingbot_vla/stack_sequence/stack_sequence_ep100111_result.json,2df642189f4352285558efa7ee9074633d66b833f08bedea07a6857a068ffd04
lingbot_vla,stack_sequence,13,100112,green>red>blue,failure,0,1200,1200,action_limit,"Put green block down, red block on green block, blue block on red block.",reused,lingbot_vla/stack_sequence/stack_sequence_ep100112_result.json,36d2f5c0fc64d0be55721f0fbe720fc6bcc3f7273c4da1f3abcd9ef27f797bbc
lingbot_vla,stack_sequence,13,100113,green>blue>red,failure,0,1200,1200,action_limit,"Lay green block first, blue block second, red block third, each on the last.",reused,lingbot_vla/stack_sequence/stack_sequence_ep100113_result.json,e3165e7b55a90cdc527ae0f01dfdbf5fb08526d5b0204814e9ca7cfed28b0a79
lingbot_vla,stack_sequence,13,100114,blue>red>green,failure,0,1200,1200,action_limit,"Place blue block at the base, add red block, and top it with green block.",reused,lingbot_vla/stack_sequence/stack_sequence_ep100114_result.json,4e368dffb4a32f7f693de3ad7bc3bfe627788f88e69ff76485afa4d6bac190c3
lingbot_vla,stack_sequence,13,100115,blue>green>red,failure,0,1200,1200,action_limit,"First set blue block, then green block, then red block at the very top.",reused,lingbot_vla/stack_sequence/stack_sequence_ep100115_result.json,9ad012178ee4597bcfac8fbdc6207075b49c93eb5c16af469d6eb0203e2f70c0
lingbot_vla,stack_sequence,14,100116,red>green>blue,success,1,440,1200,task_success,"Place red block at the base, add green block, and top it with blue block.",reused,lingbot_vla/stack_sequence/stack_sequence_ep100116_result.json,538dfb67ee9c90d7ce9ed0dcf08d53fcadd0fa2c58a147eadc41a1bb3130dfc2
lingbot_vla,stack_sequence,14,100117,red>blue>green,failure,0,1200,1200,action_limit,"Build a column: red block lowest, then blue block, then green block on top.",reused,lingbot_vla/stack_sequence/stack_sequence_ep100117_result.json,d914fe2af701100036f37a9c01fa642f075d7fec4a71aaa947c9e5621249fb7e
lingbot_vla,stack_sequence,14,100118,green>red>blue,failure,0,1200,1200,action_limit,"Build a column: green block lowest, then red block, then blue block on top.",reused,lingbot_vla/stack_sequence/stack_sequence_ep100118_result.json,34cff7aa4188759a236868268a34b9319e67dd98ec6a2e9aa2f45e5306ec70ce
lingbot_vla,stack_sequence,14,100119,green>blue>red,failure,0,1200,1200,action_limit,Stack red block over blue block and blue block over green block.,reused,lingbot_vla/stack_sequence/stack_sequence_ep100119_result.json,e31f6b59e636c0f0568c530ca2e888bbb7c7a587ac0d6ee36c78378826f363ae
lingbot_vla,stack_sequence,14,100120,blue>red>green,failure,0,1200,1200,action_limit,"Order the tower blue block, red block, green block from bottom to top.",reused,lingbot_vla/stack_sequence/stack_sequence_ep100120_result.json,39259cd2f80ca5a3c21f3472d1513ef30ac43a59ebe2de51220513c0a21587a5
lingbot_vla,stack_sequence,14,100121,blue>green>red,failure,0,1200,1200,action_limit,"Order the tower blue block, green block, red block from bottom to top.",reused,lingbot_vla/stack_sequence/stack_sequence_ep100121_result.json,935e779c0d930bfb1f0909dafb589fac7f22e0d0586c94ec69a55fe8db8741bb
lingbot_vla,stack_sequence,15,100140,red>green>blue,failure,0,1200,1200,action_limit,"Rest green block on red block, then rest blue block on green block.",reused,lingbot_vla/stack_sequence/stack_sequence_ep100140_result.json,3cbf6dcf9633559fa353c16ac8b45c3a3363f1bb54217bf636cf599e26d166b9
lingbot_vla,stack_sequence,15,100141,red>blue>green,failure,0,1200,1200,action_limit,"Place red block at the base, add blue block, and top it with green block.",reused,lingbot_vla/stack_sequence/stack_sequence_ep100141_result.json,5db6d855bef088515ba55c4a3b2403ed9ea60de90b72bc32aab97545cdfbaffb
lingbot_vla,stack_sequence,15,100142,green>red>blue,failure,0,1200,1200,action_limit,"Put green block down, red block on green block, blue block on red block.",reused,lingbot_vla/stack_sequence/stack_sequence_ep100142_result.json,1328d7e304765bb8e2688e6ac8c03031912e9129cf063c198307f94a45558171
lingbot_vla,stack_sequence,15,100143,green>blue>red,failure,0,1200,1200,action_limit,"Bottom to top, the order is green block, blue block, red block.",reused,lingbot_vla/stack_sequence/stack_sequence_ep100143_result.json,94357f992c23e393fae67af457918f98dcc7ffac367c907767799f15bcbed61e
lingbot_vla,stack_sequence,15,100144,blue>red>green,failure,0,1200,1200,action_limit,"First set blue block, then red block, then green block at the very top.",reused,lingbot_vla/stack_sequence/stack_sequence_ep100144_result.json,45b35809cc7fa3d0e7df9ae83ee2ee2ebf26e370371361e4f92d220ed98e3edb
lingbot_vla,stack_sequence,15,100145,blue>green>red,failure,0,1200,1200,action_limit,"Lay blue block first, green block second, red block third, each on the last.",reused,lingbot_vla/stack_sequence/stack_sequence_ep100145_result.json,88ca9dacb9d4621d88b9f7033657575889bcce79127976bb265cec02d6029c97
lingbot_vla,stack_sequence,16,100146,red>green>blue,success,1,463,1200,task_success,"From the bottom up: red block, then green block, then blue block.",reused,lingbot_vla/stack_sequence/stack_sequence_ep100146_result.json,8f8a3727ba31403c317d8a8bda7875eccf66038254af7815f2679fa6eb15c867
lingbot_vla,stack_sequence,16,100147,red>blue>green,failure,0,1200,1200,action_limit,Stack green block over blue block and blue block over red block.,reused,lingbot_vla/stack_sequence/stack_sequence_ep100147_result.json,99c03940b40507b4dc05450ae807ecaf637cf0499f8e92ed055e14922979c688
lingbot_vla,stack_sequence,16,100148,green>red>blue,failure,0,1200,1200,action_limit,"Lay green block first, red block second, blue block third, each on the last.",reused,lingbot_vla/stack_sequence/stack_sequence_ep100148_result.json,b3bdbc434a7a69b2f268a389623cd7c81a437a59e3a488aadb21dd20e27f83ce
lingbot_vla,stack_sequence,16,100149,green>blue>red,failure,0,1200,1200,action_limit,"Build a column: green block lowest, then blue block, then red block on top.",reused,lingbot_vla/stack_sequence/stack_sequence_ep100149_result.json,dcbc918c7bd4f2d0dfcfd2c5f92e9bece79c4f3c77eb4707efefb37b92348b7d
lingbot_vla,stack_sequence,16,100150,blue>red>green,failure,0,1200,1200,action_limit,"Bottom to top, the order is blue block, red block, green block.",reused,lingbot_vla/stack_sequence/stack_sequence_ep100150_result.json,7c7248e4f29331bab5ad7787644d96f9d4aa83d38e927bee19ae1c27f6241d13
lingbot_vla,stack_sequence,16,100151,blue>green>red,failure,0,1200,1200,action_limit,"Place blue block at the base, add green block, and top it with red block.",reused,lingbot_vla/stack_sequence/stack_sequence_ep100151_result.json,2c3865b13ccd7135b5f310af786ccc3c0a05e9994d0118b52e040f7aa88bf0f6
lingbot_vla,stack_sequence,17,100152,red>green>blue,success,1,409,1200,task_success,"Place red block at the base, add green block, and top it with blue block.",reused,lingbot_vla/stack_sequence/stack_sequence_ep100152_result.json,5c8c7b8ef0d19ffdda1bd38e50e02606d4c6d6ec39345747de005c2766addbe2
lingbot_vla,stack_sequence,17,100153,red>blue>green,failure,0,1200,1200,action_limit,"Lay red block first, blue block second, green block third, each on the last.",reused,lingbot_vla/stack_sequence/stack_sequence_ep100153_result.json,65da3fa4341a5f33d510d70e5edddb71d2f29b9a254fca8ddefb7a9d05cc62e9
lingbot_vla,stack_sequence,17,100154,green>red>blue,failure,0,1200,1200,action_limit,Stack blue block over red block and red block over green block.,reused,lingbot_vla/stack_sequence/stack_sequence_ep100154_result.json,7efe5e159e4f724c7dc21df6960d8e76406de1ce5fb4fe6e48d2126ed7da8fa6
lingbot_vla,stack_sequence,17,100155,green>blue>red,failure,0,1200,1200,action_limit,"From the bottom up: green block, then blue block, then red block.",reused,lingbot_vla/stack_sequence/stack_sequence_ep100155_result.json,cd3a8eb7f22d4f43b1351cf707c2f4afaf49df19b2da252ddd6cc55d125e25ab
lingbot_vla,stack_sequence,17,100156,blue>red>green,failure,0,1200,1200,action_limit,"From the bottom up: blue block, then red block, then green block.",reused,lingbot_vla/stack_sequence/stack_sequence_ep100156_result.json,4b5a27cd2eb07282273a14901e43a2304882f40881ae153ea546994303ed4fee
lingbot_vla,stack_sequence,17,100157,blue>green>red,failure,0,1200,1200,action_limit,"Build a column: blue block lowest, then green block, then red block on top.",reused,lingbot_vla/stack_sequence/stack_sequence_ep100157_result.json,9eb1d7d76612601eb0013fc99f7735d44466b4c1f30f983e9f194239d2742852
lingbot_vla,stack_sequence,18,100158,red>green>blue,success,1,490,1200,task_success,"Bottom to top, the order is red block, green block, blue block.",reused,lingbot_vla/stack_sequence/stack_sequence_ep100158_result.json,bb923159b69b9cdbfd1e5c0afdb7b8355f74ba45b76a703df76eb8836cc08200
lingbot_vla,stack_sequence,18,100159,red>blue>green,failure,0,1200,1200,action_limit,"Order the tower red block, blue block, green block from bottom to top.",reused,lingbot_vla/stack_sequence/stack_sequence_ep100159_result.json,dc23e837171658834cb742134e4c3e2340acbfb079b595ce4b3320e504e2fcaf
lingbot_vla,stack_sequence,18,100160,green>red>blue,failure,0,1200,1200,action_limit,"Lay green block first, red block second, blue block third, each on the last.",reused,lingbot_vla/stack_sequence/stack_sequence_ep100160_result.json,c9d81178656a3c857582b084d0a6a9f3561f83d69b3fb32499dc49d617bba487
lingbot_vla,stack_sequence,18,100161,green>blue>red,failure,0,1200,1200,action_limit,"From the bottom up: green block, then blue block, then red block.",reused,lingbot_vla/stack_sequence/stack_sequence_ep100161_result.json,50d0855c0e2b05328f3925a938e781d6e57547e304f31319732a549a058a8ecb
lingbot_vla,stack_sequence,18,100162,blue>red>green,failure,0,1200,1200,action_limit,"Put blue block down, red block on blue block, green block on red block.",reused,lingbot_vla/stack_sequence/stack_sequence_ep100162_result.json,c445b76503b8c78e7265485812a66b939cf6a134c55f7392fb37239e5d6b238c
lingbot_vla,stack_sequence,18,100163,blue>green>red,failure,0,1200,1200,action_limit,Stack red block over green block and green block over blue block.,reused,lingbot_vla/stack_sequence/stack_sequence_ep100163_result.json,509cf94517b334c289f747ba8196a111ce99190b9db0cb8d8a3e5692820dd49f
lingbot_vla,stack_sequence,19,100170,red>green>blue,success,1,457,1200,task_success,"First set red block, then green block, then blue block at the very top.",reused,lingbot_vla/stack_sequence/stack_sequence_ep100170_result.json,8e1922a36b31b0a134418ba1a6d0e92a270fca46a8e8b5cfc3c1da07c67166d7
lingbot_vla,stack_sequence,19,100171,red>blue>green,failure,0,1200,1200,action_limit,"From the bottom up: red block, then blue block, then green block.",reused,lingbot_vla/stack_sequence/stack_sequence_ep100171_result.json,43ef86e423b9b11e63f2f490ad32a4f279fd92d073d6c9aa7fa0fc76e72150c9
lingbot_vla,stack_sequence,19,100172,green>red>blue,failure,0,1200,1200,action_limit,"From the bottom up: green block, then red block, then blue block.",reused,lingbot_vla/stack_sequence/stack_sequence_ep100172_result.json,076efe6050adf77f851720bb1897c8675e8609931ac529cd8bbab2d703021e30
lingbot_vla,stack_sequence,19,100173,green>blue>red,failure,0,1200,1200,action_limit,"Bottom to top, the order is green block, blue block, red block.",reused,lingbot_vla/stack_sequence/stack_sequence_ep100173_result.json,5ca9bcd7e38e7edbd064cd8811ff1279c17bf7ef1ad8524dd6f767b64702e285
lingbot_vla,stack_sequence,19,100174,blue>red>green,failure,0,1200,1200,action_limit,"Rest red block on blue block, then rest green block on red block.",reused,lingbot_vla/stack_sequence/stack_sequence_ep100174_result.json,19a12dc1ddce59f02c7e0e200ae790ef190a70907a1037dfb7b4ea6de93df861
lingbot_vla,stack_sequence,19,100175,blue>green>red,failure,0,1200,1200,action_limit,"Put blue block down, green block on blue block, red block on green block.",reused,lingbot_vla/stack_sequence/stack_sequence_ep100175_result.json,c6387c6ab1a1e189f5fafc9176c4e8b009ad03602f073c955cb61937270354fc
lingbot_vla,place_relative,0,100005,left,failure,0,400,400,action_limit,Grab the black remotecontrol and set it to the left of the red tea-box,reused,lingbot_vla/place_relative/place_relative_ep100005_result.json,b08539bea2874fd948a38cd52f615f7bf1b56d8ad1e7e23a0d97ab27c8e51a2a
lingbot_vla,place_relative,0,100006,right,failure,0,400,400,action_limit,Grab the black remotecontrol and set it to the right of the red tea-box,reused,lingbot_vla/place_relative/place_relative_ep100006_result.json,c8306eaf3598fae57a44fefae9949e8b4461f0374898abc117be0da4855ea4d7
lingbot_vla,place_relative,0,100009,on_top,failure,0,400,400,action_limit,Grab the black remotecontrol and set it on top of the red tea-box,reused,lingbot_vla/place_relative/place_relative_ep100009_result.json,69123651e386ac838d80c6e94b0dc5f82e5faf6ab30c24901694f08828ed5c2b
lingbot_vla,place_relative,1,100010,left,failure,0,400,400,action_limit,Pick up the red can and move it to the left of the red tea-box,reused,lingbot_vla/place_relative/place_relative_ep100010_result.json,fffdce03ff88b909bac21920b1a8589d1ba1c58a7b86b86ee28b82e499f42791
lingbot_vla,place_relative,1,100011,right,failure,0,400,400,action_limit,Pick up the red can and move it to the right of the red tea-box,reused,lingbot_vla/place_relative/place_relative_ep100011_result.json,e6d497e19474de4771344e85d0f0123656db453e06b0cc063aa721dcd7d45976
lingbot_vla,place_relative,1,100014,on_top,failure,0,400,400,action_limit,Use the left arm to grab the red can and place it on top of the red tea-box,reused,lingbot_vla/place_relative/place_relative_ep100014_result.json,af04f126be4c74bdbf6bd71e377b9b030d7e26a291d6a0166ed8cb2068c7d150
lingbot_vla,place_relative,2,100015,left,failure,0,400,400,action_limit,Use the left arm to grab the blue soap and place it to the left of the red tea-box,reused,lingbot_vla/place_relative/place_relative_ep100015_result.json,4c462276721c91e47ce70ce703ba67f3f4841b76213921be2727d63fc92a0801
lingbot_vla,place_relative,2,100016,right,failure,0,400,400,action_limit,Lift the blue soap and set it to the right of the red tea-box,reused,lingbot_vla/place_relative/place_relative_ep100016_result.json,5aa2ac29c355b5c03c6463b36bda36ffb087027f34baf31c393f3c13211cfb0f
lingbot_vla,place_relative,2,100019,on_top,failure,0,400,400,action_limit,"Use the left arm to pick up the blue soap, set it on top of the red tea-box",reused,lingbot_vla/place_relative/place_relative_ep100019_result.json,94ba1ec631b32eda7d93329643a2bb293b6e72ca1e0f54958a9f42b7f7434527
lingbot_vla,place_relative,3,100020,left,failure,0,400,400,action_limit,Lift the gray mouse and set it to the left of the brown coffee-box,reused,lingbot_vla/place_relative/place_relative_ep100020_result.json,dd2b2e7a5362d8ad6df88ca9677af71b81f935c912778a7ee785746d9f6d967a
lingbot_vla,place_relative,3,100021,right,failure,0,400,400,action_limit,Use the left arm to grab the gray mouse and place it to the right of the brown coffee-box,reused,lingbot_vla/place_relative/place_relative_ep100021_result.json,4a344370500c554c477064143e936064bdf9d7974c53f5cbc8b5be5a4166fccc
lingbot_vla,place_relative,3,100024,on_top,failure,0,400,400,action_limit,Grab the gray mouse and set it on top of the brown coffee-box,reused,lingbot_vla/place_relative/place_relative_ep100024_result.json,418068fc40f342b5f6a93e50e4799a9336fefc78f1c8f8c0c540026406aec735
lingbot_vla,place_relative,4,100025,left,failure,0,400,400,action_limit,Pick up the green toycar and move it to the left of the brown coffee-box,reused,lingbot_vla/place_relative/place_relative_ep100025_result.json,556b066ae368f6a315236750e48d53d71182e0afd733e40fc3b067a589ab8da6
lingbot_vla,place_relative,4,100026,right,failure,0,400,400,action_limit,Pick up the green toycar and move it to the right of the brown coffee-box,reused,lingbot_vla/place_relative/place_relative_ep100026_result.json,656cde2a59dee1a1eb14c304f738867d3d57110a2e26a456faa4ae06aafb0b05
lingbot_vla,place_relative,4,100029,on_top,failure,0,400,400,action_limit,Use the left arm to grab the green toycar and place it on top of the brown coffee-box,reused,lingbot_vla/place_relative/place_relative_ep100029_result.json,6b829bdf3f2fbfebe746a694f94d477acb991f4795662c9dc0d58c9ec80c956b
lingbot_vla,place_relative,5,100030,left,failure,0,400,400,action_limit,Use the right arm to grab the red stapler and place it to the left of the brown coffee-box,reused,lingbot_vla/place_relative/place_relative_ep100030_result.json,9e847e2aa905f328cf60c24a4b5973ec29f7f76672fca96fd7fe03c987af6582
lingbot_vla,place_relative,5,100031,right,failure,0,400,400,action_limit,"Use the right arm to pick up the red stapler, set it to the right of the brown coffee-box",reused,lingbot_vla/place_relative/place_relative_ep100031_result.json,bda693db1b5edfff2b4ccd25597a7f87cc9b511553e8063ae7c4b4522a921275
lingbot_vla,place_relative,5,100034,on_top,failure,0,400,400,action_limit,Grab the red stapler and set it on top of the brown coffee-box,reused,lingbot_vla/place_relative/place_relative_ep100034_result.json,0215cc0ca1c52e9990e4078e9aa59f46cb0e2490bbcb167bd7c196cab166007f
lingbot_vla,place_relative,6,100040,left,failure,0,400,400,action_limit,Pick up the red can and move it to the left of the brown coffee-box,reused,lingbot_vla/place_relative/place_relative_ep100040_result.json,9d1bf226918cf2370b3bc2df90e6b3bf4044f75c70b71eb95e8da942fbe9ad8a
lingbot_vla,place_relative,6,100041,right,failure,0,400,400,action_limit,Relocate the red can to the right of the brown coffee-box,reused,lingbot_vla/place_relative/place_relative_ep100041_result.json,98f947892c342905972eef1e241ccaaf611ef8732b9a2cfd0804902d27a5491d
lingbot_vla,place_relative,6,100044,on_top,failure,0,400,400,action_limit,Relocate the red can on top of the brown coffee-box,reused,lingbot_vla/place_relative/place_relative_ep100044_result.json,a9df8081d5503319f3869ef14c7a204707e2db67ce7114b461c6d50b64eb3a19
lingbot_vla,place_relative,7,100045,left,success,1,41,400,task_success,Grab the blue soap and set it to the left of the brown coffee-box,reused,lingbot_vla/place_relative/place_relative_ep100045_result.json,5155f35e532e2afb2389f9fa114703e250108aea384c021664e91cdbce7f72ef
lingbot_vla,place_relative,7,100046,right,failure,0,400,400,action_limit,"Use the left arm to pick up the blue soap, set it to the right of the brown coffee-box",reused,lingbot_vla/place_relative/place_relative_ep100046_result.json,5c6d43db6237d6692bddd3655bc42e9f024981cbe5778f0c0968f1d5516628aa
lingbot_vla,place_relative,7,100049,on_top,failure,0,400,400,action_limit,Lift the blue soap and set it on top of the brown coffee-box,reused,lingbot_vla/place_relative/place_relative_ep100049_result.json,a569ff2eb37ce4f108227a8b094b9582ea7d7844d0bb33e1344860ca2b596fa5
lingbot_vla,place_relative,8,100050,left,failure,0,400,400,action_limit,Use the right arm to grab the gray mouse and place it to the left of the red tea-box,reused,lingbot_vla/place_relative/place_relative_ep100050_result.json,e83f7b89ae27f441c58939f7a1929fb00c40ac79359d32dd33bd58e20b743322
lingbot_vla,place_relative,8,100051,right,failure,0,400,400,action_limit,Lift the gray mouse and set it to the right of the red tea-box,reused,lingbot_vla/place_relative/place_relative_ep100051_result.json,640eaa9906771d407e81d52cd0992adcd0551c72f566af0cedba369531e9aacc
lingbot_vla,place_relative,8,100054,on_top,failure,0,400,400,action_limit,Lift the gray mouse and set it on top of the red tea-box,reused,lingbot_vla/place_relative/place_relative_ep100054_result.json,5de1ba61a36ebb8f2efe2e37a9d7ac891975e2bcab8d4a2d30980217ca2751db
lingbot_vla,place_relative,9,100055,left,failure,0,400,400,action_limit,Grab the green toycar and set it to the left of the red tea-box,reused,lingbot_vla/place_relative/place_relative_ep100055_result.json,f9d2c21b2e5a06d1b48365529584b045e5782e8062e1c76bfe1058446c0938b3
lingbot_vla,place_relative,9,100056,right,failure,0,400,400,action_limit,Grab the green toycar and set it to the right of the red tea-box,reused,lingbot_vla/place_relative/place_relative_ep100056_result.json,a96ca57fc4e330f22322680453bc06330e963d12183220a672f7c1215a1e5f6e
lingbot_vla,place_relative,9,100059,on_top,failure,0,400,400,action_limit,Pick up the green toycar and move it on top of the red tea-box,reused,lingbot_vla/place_relative/place_relative_ep100059_result.json,8721f8b357a9f97cae0656d1e910cc5cde3e70609e50957d60857fd93393c73d
lingbot_vla,place_relative,10,100060,left,failure,0,400,400,action_limit,Use the left arm to grab the red stapler and place it to the left of the red tea-box,reused,lingbot_vla/place_relative/place_relative_ep100060_result.json,142ba8aa72611c2b54cdafe24cfb78aadd7b27d112a4a79a375a4f152e3e2e23
lingbot_vla,place_relative,10,100061,right,failure,0,400,400,action_limit,Pick up the red stapler and move it to the right of the red tea-box,reused,lingbot_vla/place_relative/place_relative_ep100061_result.json,f067f4f752a40f37c50ff611f801f8fb4e24912565fb56e3d88f27b6a5b94f38
lingbot_vla,place_relative,10,100064,on_top,failure,0,400,400,action_limit,"Use the left arm to pick up the red stapler, set it on top of the red tea-box",reused,lingbot_vla/place_relative/place_relative_ep100064_result.json,e436b6de6d68cb1d0744147bacf33ef47202b792430eb565e1f71fe52e68e9a3
lingbot_vla,place_relative,11,100065,left,failure,0,400,400,action_limit,Grab the black remotecontrol and set it to the left of the red tea-box,reused,lingbot_vla/place_relative/place_relative_ep100065_result.json,c5c0c91871ed242f95fac10e5f2410907fd8493fb431300d5d6c37d6cdf92a49
lingbot_vla,place_relative,11,100066,right,failure,0,400,400,action_limit,"Use the left arm to pick up the black remotecontrol, set it to the right of the red tea-box",reused,lingbot_vla/place_relative/place_relative_ep100066_result.json,aa862e78f228709ff227f5f58752c8b6211e60e97375ba7b91e0581c0d0afe44
lingbot_vla,place_relative,11,100069,on_top,failure,0,400,400,action_limit,Pick up the black remotecontrol and move it on top of the red tea-box,reused,lingbot_vla/place_relative/place_relative_ep100069_result.json,8e6ea476fa295cbe929f0d021014159e4c53ab617673511fa604ffcfc359597c
lingbot_vla,place_relative,12,100070,left,failure,0,400,400,action_limit,Relocate the red can to the left of the red tea-box,reused,lingbot_vla/place_relative/place_relative_ep100070_result.json,16a2b0c2e821e737b3b15340712c40285ac7a547e44abc4263c3c3f5056b3256
lingbot_vla,place_relative,12,100071,right,success,1,285,400,task_success,Relocate the red can to the right of the red tea-box,reused,lingbot_vla/place_relative/place_relative_ep100071_result.json,221629cc6cc95e018277b2d14584567723014f9e3af451d51d7a43891cedaf6a
lingbot_vla,place_relative,12,100074,on_top,failure,0,400,400,action_limit,Relocate the red can on top of the red tea-box,reused,lingbot_vla/place_relative/place_relative_ep100074_result.json,0b816358fb9604429bfb87689dc9f4ed75e2cd739abd92e5524d22fa78fbf45d
lingbot_vla,place_relative,13,100075,left,failure,0,400,400,action_limit,"Use the right arm to pick up the blue soap, set it to the left of the red tea-box",reused,lingbot_vla/place_relative/place_relative_ep100075_result.json,72c53b670f107efac05dc801a1fc805573ed22652f58a67753150b0ea7432846
lingbot_vla,place_relative,13,100076,right,success,1,126,400,task_success,Pick up the blue soap and move it to the right of the red tea-box,reused,lingbot_vla/place_relative/place_relative_ep100076_result.json,3d5a1784c3e02342563b2418626e7d121fa2d901a2d0dea24cbe3f5a8ea6c54b
lingbot_vla,place_relative,13,100079,on_top,failure,0,400,400,action_limit,Grab the blue soap and set it on top of the red tea-box,reused,lingbot_vla/place_relative/place_relative_ep100079_result.json,b49b2e06b5c672f6731e78b2a3a99e269b82ee36b5a4dad4b936a15baffa8d04
lingbot_vla,place_relative,14,100080,left,failure,0,400,400,action_limit,Grab the gray mouse and set it to the left of the brown coffee-box,reused,lingbot_vla/place_relative/place_relative_ep100080_result.json,ed18a094f44d941f68109ad91b5018ab86239dbc4febe7db47a1568878e13a54
lingbot_vla,place_relative,14,100081,right,failure,0,400,400,action_limit,"Use the left arm to pick up the gray mouse, set it to the right of the brown coffee-box",reused,lingbot_vla/place_relative/place_relative_ep100081_result.json,e6e65a1de94629a1bffe0deb7574bf3cf78f0e601fed1864f4f201b7377d9a89
lingbot_vla,place_relative,14,100084,on_top,failure,0,400,400,action_limit,Grab the gray mouse and set it on top of the brown coffee-box,reused,lingbot_vla/place_relative/place_relative_ep100084_result.json,5a3342a7095c3add9ceb9407b2ae29cc182e5587d88048a47416f21dc2b9cbe4
lingbot_vla,place_relative,15,100085,left,failure,0,400,400,action_limit,Lift the green toycar and set it to the left of the brown coffee-box,reused,lingbot_vla/place_relative/place_relative_ep100085_result.json,b7bdc2e44460a916b81bb84db2642d3e245dc614b7a00ba84c131bea45bdcec9
lingbot_vla,place_relative,15,100086,right,failure,0,400,400,action_limit,"Use the right arm to pick up the green toycar, set it to the right of the brown coffee-box",reused,lingbot_vla/place_relative/place_relative_ep100086_result.json,df762bd54f620c3d68e29f2934d932b47f6e81d3614189cdf4b220c7d34e784a
lingbot_vla,place_relative,15,100089,on_top,failure,0,400,400,action_limit,Lift the green toycar and set it on top of the brown coffee-box,reused,lingbot_vla/place_relative/place_relative_ep100089_result.json,c809906d23e026a7a5431e1d66bd4323e5ffd972d05455f1ad7187d352e56bff
lingbot_vla,place_relative,16,100095,left,failure,0,400,400,action_limit,"Use the right arm to pick up the black remotecontrol, set it to the left of the brown coffee-box",reused,lingbot_vla/place_relative/place_relative_ep100095_result.json,f0561284a5b82c1ef5c96fef2b89336e281f0a8cdd3f9e4c789947f6dd82cbb5
lingbot_vla,place_relative,16,100096,right,failure,0,400,400,action_limit,Relocate the black remotecontrol to the right of the brown coffee-box,reused,lingbot_vla/place_relative/place_relative_ep100096_result.json,a065f831c768d6f74c3aca2c84f5d94515b4287382127e07e267f9567d8689c4
lingbot_vla,place_relative,16,100099,on_top,failure,0,400,400,action_limit,Lift the black remotecontrol and set it on top of the brown coffee-box,reused,lingbot_vla/place_relative/place_relative_ep100099_result.json,32a5f2076b76b2fba36083eac3b34d764328d7611dbdc2364d04a1fdf63a60f2
lingbot_vla,place_relative,17,100100,left,failure,0,400,400,action_limit,"Use the right arm to pick up the red can, set it to the left of the brown coffee-box",reused,lingbot_vla/place_relative/place_relative_ep100100_result.json,5a936ecd9900431b216fcba5a60564c675604cce8e70c8096e0cb3338939cf8f
lingbot_vla,place_relative,17,100101,right,failure,0,400,400,action_limit,"Use the right arm to pick up the red can, set it to the right of the brown coffee-box",reused,lingbot_vla/place_relative/place_relative_ep100101_result.json,0cc60164af289426454833ee8ef548b9928c9c882f190d26b61184edbb02c08a
lingbot_vla,place_relative,17,100104,on_top,failure,0,400,400,action_limit,Pick up the red can and move it on top of the brown coffee-box,reused,lingbot_vla/place_relative/place_relative_ep100104_result.json,98d45c01fe391d909f8f679f838a748ead9f942512451ba01f20d95f85cbafa3
lingbot_vla,place_relative,18,100105,left,failure,0,400,400,action_limit,Use the right arm to grab the blue soap and place it to the left of the brown coffee-box,reused,lingbot_vla/place_relative/place_relative_ep100105_result.json,23d0b4fbb7d23598f5421a7d12471561ea23991ae7ff1b48d44066ce2f36cef0
lingbot_vla,place_relative,18,100106,right,failure,0,400,400,action_limit,Grab the blue soap and set it to the right of the brown coffee-box,reused,lingbot_vla/place_relative/place_relative_ep100106_result.json,1150926dae777969e0e83d4ca0061b02927873a117c8c5c05f7fd04f024ea539
lingbot_vla,place_relative,18,100109,on_top,failure,0,400,400,action_limit,Relocate the blue soap on top of the brown coffee-box,reused,lingbot_vla/place_relative/place_relative_ep100109_result.json,369e135aed95e3d6acc18c1738209f590ef571f6886995bde98edfe97e0a80b5
lingbot_vla,place_relative,19,100110,left,failure,0,400,400,action_limit,Use the left arm to grab the gray mouse and place it to the left of the red tea-box,reused,lingbot_vla/place_relative/place_relative_ep100110_result.json,274651917598b79bf5bc78ea2daa8d826cbfcaf01c9e8621dccbc302c17de038
lingbot_vla,place_relative,19,100111,right,failure,0,400,400,action_limit,Grab the gray mouse and set it to the right of the red tea-box,reused,lingbot_vla/place_relative/place_relative_ep100111_result.json,475e233fe70f09be5ae22fa85001a94d5f59b7c81f834e0197936a6c76cf2c4e
lingbot_vla,place_relative,19,100114,on_top,failure,0,400,400,action_limit,Use the left arm to grab the gray mouse and place it on top of the red tea-box,reused,lingbot_vla/place_relative/place_relative_ep100114_result.json,d4a8907dfd68206334be8be0169be9523e95549540d1931c58f2e43784adfeb1
vlact,bottle_verb,0,100002,pick,success,1,700,700,action_limit,pick up the curvy yellow plastic bottle gently.,reused,vlact/bottle_verb/bottle_verb_ep100002_result.json,a93b00e540dab355d4ca4089518bbbbe023f06e74e9c2a520d18f590fbbbc98a
vlact,bottle_verb,0,100003,shake,success,1,147,700,task_success,shake the smooth bottle with blue text gently.,reused,vlact/bottle_verb/bottle_verb_ep100003_result.json,8035eaf53bdc577a2d8bce127ad41c2f6fe7f4d75363eebbdd4275ec95c3a328
vlact,bottle_verb,1,100004,pick,success,1,700,700,action_limit,Please grab the curvy yellow plastic bottle with the left arm.,reused,vlact/bottle_verb/bottle_verb_ep100004_result.json,a86b072572052683660cc9f5683d60e2df8153295feda0c9de84b270debfca19
vlact,bottle_verb,1,100005,shake,success,1,146,700,task_success,shake the yellow bottle with white cap using the left arm.,reused,vlact/bottle_verb/bottle_verb_ep100005_result.json,6480cde1229356632b4479ea33b7c79987e6db59cc719f703ff8cf4ef7119442
vlact,bottle_verb,2,100006,pick,failure,0,700,700,action_limit,Kindly lift the bottle with printed label.,reused,vlact/bottle_verb/bottle_verb_ep100006_result.json,8e2627a7c6e353b4c1d77fca17bd59f532cb44a5b6b4eaccdfb578467a1b89ca
vlact,bottle_verb,2,100007,shake,success,1,159,700,task_success,Kindly shake the bottle with printed label.,reused,vlact/bottle_verb/bottle_verb_ep100007_result.json,d271e40fc0dee4ad2a211e59ea3a329a5a013ba0a7a93ff10d1601548bb00d4d
vlact,bottle_verb,3,100008,pick,failure,0,700,700,action_limit,Please pick up the yellow bottle for liquid storage with the right arm.,reused,vlact/bottle_verb/bottle_verb_ep100008_result.json,537c0ffaa00a6d682fc261195f523d114b368366bb21b1e8d66c9e5c7840e735
vlact,bottle_verb,3,100009,shake,success,1,200,700,task_success,shake the yellow bottle for liquid storage with care.,reused,vlact/bottle_verb/bottle_verb_ep100009_result.json,f4f5e7676f7db8f33129a85994460df6d2e19f9a0d469ebeb04e24fa2cacd982
vlact,bottle_verb,4,100010,pick,success,1,700,700,action_limit,grab the medium-sized plastic bottle with capped top gently.,reused,vlact/bottle_verb/bottle_verb_ep100010_result.json,f63481642c407fab9d1537dec992d76a57c7c0b005f3d2bde5479bf770f0b23a
vlact,bottle_verb,4,100011,shake,success,1,145,700,task_success,Please shake the medium-sized plastic bottle with capped top with the left arm.,reused,vlact/bottle_verb/bottle_verb_ep100011_result.json,ada852597074d86ad4fdf1d80a6608bda2d7071387718965266a8316c1e0945a
vlact,bottle_verb,5,100016,pick,failure,0,700,700,action_limit,Kindly grab the bottle with ridged orange grip.,reused,vlact/bottle_verb/bottle_verb_ep100016_result.json,0e50ecc89fd17566b9c4e5396e0e0271dac7817892a07bd7c7248655b62c26e0
vlact,bottle_verb,5,100017,shake,success,1,144,700,task_success,Please shake the white capped orange plastic bottle with the left arm.,reused,vlact/bottle_verb/bottle_verb_ep100017_result.json,96b7a6bf264374ee3c4edd603f3bfc7552d0f241aed136fdbcdeab02e15a4bff
vlact,bottle_verb,6,100018,pick,success,1,700,700,action_limit,Kindly lift the smooth bottle with blue text.,reused,vlact/bottle_verb/bottle_verb_ep100018_result.json,979128ae8c13d92d86e34bb642ef9a01c6d6917e1ce7a55c8afb9e8c51ba814d
vlact,bottle_verb,6,100019,shake,success,1,156,700,task_success,shake the smooth bottle with blue text gently.,reused,vlact/bottle_verb/bottle_verb_ep100019_result.json,b3f9a8f866fdb04994e85f5a1ac4f685ff97942a616ecc9094e9bfb7b1541be6
vlact,bottle_verb,7,100020,pick,failure,0,700,700,action_limit,pick up the handheld orange bottle with care.,reused,vlact/bottle_verb/bottle_verb_ep100020_result.json,af47895da236e91cad9e3c9aeb28aaedca61fb6ba191e92e6ef66763f6e53ea8
vlact,bottle_verb,7,100021,shake,success,1,190,700,task_success,shake the label-covered orange bottle gently.,reused,vlact/bottle_verb/bottle_verb_ep100021_result.json,186eeff2bf8a793cd71b3f2dae42a8fce7f8672cdf691f7df1ee624cd8659d77
vlact,bottle_verb,8,100022,pick,success,1,700,700,action_limit,grab the bottle with curved body carefully now.,reused,vlact/bottle_verb/bottle_verb_ep100022_result.json,22774026d8bae160bdc3bb0ed4a195e17cbd22a1e51630f7f457350f98c2e65e
vlact,bottle_verb,8,100023,shake,success,1,177,700,task_success,shake the bottle with curved body gently.,reused,vlact/bottle_verb/bottle_verb_ep100023_result.json,7d1a811108017801e66039da33f0d2b8bb52272765e0d7cbe9697a691b856abb
vlact,bottle_verb,9,100024,pick,success,1,700,700,action_limit,lift the bottle with curved neck design with the left arm.,reused,vlact/bottle_verb/bottle_verb_ep100024_result.json,1011e321d6d817bca5cec15befdd5d1d672d77580fb1361fbd5ab4fc9d9004ee
vlact,bottle_verb,9,100025,shake,success,1,148,700,task_success,shake the bottle with curved neck design for a moment.,reused,vlact/bottle_verb/bottle_verb_ep100025_result.json,c428edf9b1d11a81d2748a37d16d8a43862f2be5f263a3895be6acf4639db914
vlact,bottle_verb,10,100026,pick,success,1,700,700,action_limit,pick up the bottle with curved neck design using one arm.,reused,vlact/bottle_verb/bottle_verb_ep100026_result.json,3d9a2ffdd0519d58802ed884de66bb7992a36e5de69ba49ddb3624c87fae7704
vlact,bottle_verb,10,100027,shake,success,1,229,700,task_success,shake the blue-capped plastic bottle carefully now.,reused,vlact/bottle_verb/bottle_verb_ep100027_result.json,d200c842819926a3aed4e60bbed6be20e309d309fce2afe0deab463ae3d8e93f
vlact,bottle_verb,11,100030,pick,success,1,700,700,action_limit,lift the blue-capped plastic bottle gently.,reused,vlact/bottle_verb/bottle_verb_ep100030_result.json,b16e0bab980a37b3692638bf59983b36ec571a526109e54ef7c0d02183869dee
vlact,bottle_verb,11,100031,shake,success,1,159,700,task_success,shake the bottle with curved neck design gently.,reused,vlact/bottle_verb/bottle_verb_ep100031_result.json,807e8b32f7c41327add50595e0bd86d7087f873c7038b6ebdae1e6061e2dddfe
vlact,bottle_verb,12,100032,pick,success,1,700,700,action_limit,Kindly pick up the bottle with curved body.,reused,vlact/bottle_verb/bottle_verb_ep100032_result.json,36f97d09dafee460a5c571b60799aa70732374f1f03a234582c60886903590f0
vlact,bottle_verb,12,100033,shake,success,1,172,700,task_success,shake the bottle with curved body right away.,reused,vlact/bottle_verb/bottle_verb_ep100033_result.json,916bb34e25b52b5c1d3282506d42619b84fc4b407d2b69462c45661fb69f73a5
vlact,bottle_verb,13,100038,pick,success,1,700,700,action_limit,pick up the liquid container dark brown plastic with the left arm.,reused,vlact/bottle_verb/bottle_verb_ep100038_result.json,94d9acb4ccb01d3a554b23d75d5c082d95cc66df92404e80fa369c4c24161a54
vlact,bottle_verb,13,100039,shake,success,1,206,700,task_success,shake the liquid container dark brown plastic carefully now.,reused,vlact/bottle_verb/bottle_verb_ep100039_result.json,c318620ac50a6e415c01c58ead378ec347b21b564fa09e451e1c94b55a751cdf
vlact,bottle_verb,14,100042,pick,success,1,700,700,action_limit,lift the light gray bottle right away.,reused,vlact/bottle_verb/bottle_verb_ep100042_result.json,7e46887d299d30d6f4520136b7bf2fcb15d7afddc7ee108800a50669ffb70caf
vlact,bottle_verb,14,100043,shake,success,1,204,700,task_success,shake the light gray bottle with care.,reused,vlact/bottle_verb/bottle_verb_ep100043_result.json,7d663c61988aee19d4f57683fdc917bcf797fc4be4c257c746b604a3214ca3f4
vlact,bottle_verb,15,100048,pick,success,1,700,700,action_limit,lift the plastic bottle with printed label with the right arm.,reused,vlact/bottle_verb/bottle_verb_ep100048_result.json,ba6fbe8fd163c850def856286b71b0d0eef69a1f41d255f4aa44ac427605c37d
vlact,bottle_verb,15,100049,shake,success,1,179,700,task_success,shake the bottle with glossy surface right away.,reused,vlact/bottle_verb/bottle_verb_ep100049_result.json,a315740302a7b0e161b4fa083bcae2ab15f9152d9f59f3030d0cce4502b1ba41
vlact,bottle_verb,16,100050,pick,success,1,700,700,action_limit,pick up the label-covered orange bottle with care.,reused,vlact/bottle_verb/bottle_verb_ep100050_result.json,92eb99d4feda5af19e5196e2d8024f74ab9772bad50a1858f61d21afd4eee3c9
vlact,bottle_verb,16,100051,shake,success,1,150,700,task_success,shake the handheld orange bottle right away.,reused,vlact/bottle_verb/bottle_verb_ep100051_result.json,bdc9f1ef1014d580ef28767d8715d61145f889638f8a646208cd4d850c36ecb7
vlact,bottle_verb,17,100052,pick,success,1,700,700,action_limit,grab the bottle with red screw cap with the right arm.,reused,vlact/bottle_verb/bottle_verb_ep100052_result.json,f4d77303f9525c8929dbc5e3dc4502f5a4d648349baa5b04f46bac286d8f5f10
vlact,bottle_verb,17,100053,shake,success,1,181,700,task_success,shake the bottle with red screw cap with care.,reused,vlact/bottle_verb/bottle_verb_ep100053_result.json,d6bc50565d884ae0765a3e82ab32e52b6eb6021a3108a36fa8ec4872af1055df
vlact,bottle_verb,18,100054,pick,success,1,700,700,action_limit,lift the medium-sized plastic bottle with capped top gently.,reused,vlact/bottle_verb/bottle_verb_ep100054_result.json,8d52f2b0e7fdcdfa732f046bb230959445536465d7eb854152d701f6c5435bf8
vlact,bottle_verb,18,100055,shake,success,1,146,700,task_success,shake the medium-sized plastic bottle with capped top right away.,reused,vlact/bottle_verb/bottle_verb_ep100055_result.json,70b4ff593699a505d20b59ce6f174d48e7a5cbeff35969468c1e1c813759a07d
vlact,bottle_verb,19,100056,pick,success,1,700,700,action_limit,pick up the yellow bottle for liquid storage gently.,reused,vlact/bottle_verb/bottle_verb_ep100056_result.json,4c5e322ed6dc8d04ade7ccf381dd36283e12262d0986f8adef5a294d33a7b10d
vlact,bottle_verb,19,100057,shake,success,1,153,700,task_success,Please shake the yellow rectangular bottle with the left arm.,reused,vlact/bottle_verb/bottle_verb_ep100057_result.json,04d48216c7018110e1cab46fbd15564d4af7a95a2ab56ac8b9f5197e007f248a
vlact,pick_diverse_object,0,100002,seen,success,1,70,400,task_success,Pick up the bread carefully using the left arm,reused,vlact/pick_diverse_object/pick_diverse_object_ep100002_result.json,788776006598908104e632017dbd7068002cd7b6f5a2a4e60fe94277c840b50f
vlact,pick_diverse_object,0,100003,unseen,failure,0,400,400,action_limit,Lift the apple from the table using the left arm.,reused,vlact/pick_diverse_object/pick_diverse_object_ep100003_result.json,c4b62577eb6c85336626bf8c0c757fd3e086f3b204ea29298470c00d5ba89033
vlact,pick_diverse_object,1,100004,seen,success,1,50,400,task_success,Pick up the coffee box carefully using the left arm,reused,vlact/pick_diverse_object/pick_diverse_object_ep100004_result.json,126b772713480bdbcf657c505f775b17140307abeae6fef1994c20289c284e2d
vlact,pick_diverse_object,1,100005,unseen,failure,0,400,400,action_limit,Pick up the wooden mallet carefully using the left arm,reused,vlact/pick_diverse_object/pick_diverse_object_ep100005_result.json,3e3e51660297a4a821cbc89539a3d112847e2a1de032fe44a260d08ed8452925
vlact,pick_diverse_object,2,100006,seen,success,1,70,400,task_success,Grab the mouse on the table and raise it.,reused,vlact/pick_diverse_object/pick_diverse_object_ep100006_result.json,2fbaa4b2e2e02f3b394de166421db6b7235111030c74d1ea9dd22be5802d6629
vlact,pick_diverse_object,2,100007,unseen,failure,0,400,400,action_limit,Pick up the paintbrush carefully using the left arm,reused,vlact/pick_diverse_object/pick_diverse_object_ep100007_result.json,91f6272cc1700dd03629edc3413943194e5858a676606b1564a810ea58d2f875
vlact,pick_diverse_object,3,100008,seen,success,1,91,400,task_success,Pick up the bottle using the correct arm,reused,vlact/pick_diverse_object/pick_diverse_object_ep100008_result.json,be7682fe12aa6be95e1c97fcd1bd196ddb9c8a99aa3fadd5d324592971ba0a77
vlact,pick_diverse_object,3,100009,unseen,success,1,74,400,task_success,Grab the dumbbell on the table and raise it.,reused,vlact/pick_diverse_object/pick_diverse_object_ep100009_result.json,6cb5f098ba5fbca7abbaa04bf5bce8a7f74c09f508ab364eb9de04e3b9eb1704
vlact,pick_diverse_object,4,100012,seen,success,1,71,400,task_success,Grab the shoe on the table and raise it.,reused,vlact/pick_diverse_object/pick_diverse_object_ep100012_result.json,d3636977c1f5792fdf35209a802f3e44e9eab0ae6b8e9ff838e3f91a985e3cdf
vlact,pick_diverse_object,4,100013,unseen,success,1,69,400,task_success,Pick up the wooden mallet using the correct arm,reused,vlact/pick_diverse_object/pick_diverse_object_ep100013_result.json,cdc6a49de54b31272f82634ecb47e66af019a7b0e422946b192200c779a0d815
vlact,pick_diverse_object,5,100014,seen,success,1,69,400,task_success,Pick up the mug carefully using the left arm,reused,vlact/pick_diverse_object/pick_diverse_object_ep100014_result.json,f1bfa437604df6fad5d775fd77ae713bd8704dc608825d038f45f43fddf57131
vlact,pick_diverse_object,5,100015,unseen,failure,0,400,400,action_limit,Lift the paintbrush from the table using the right arm.,reused,vlact/pick_diverse_object/pick_diverse_object_ep100015_result.json,46e0167fd788b5ac2d4e400d650ee00e178815fffe1da267db8ad63b49b35c8a
vlact,pick_diverse_object,6,100018,seen,success,1,71,400,task_success,Pick up the toy car carefully using the right arm,reused,vlact/pick_diverse_object/pick_diverse_object_ep100018_result.json,4f4d8c46ff6b3ee25ee09cc45933ee2fe376602ac054df2b0b3beb40315c477a
vlact,pick_diverse_object,6,100019,unseen,success,1,81,400,task_success,Pick up the apple carefully using the right arm,reused,vlact/pick_diverse_object/pick_diverse_object_ep100019_result.json,0a4c87cdf689fe8fc547cfaaf4366acbb26e9fd913c272387071a4a2bff75901
vlact,pick_diverse_object,7,100020,seen,success,1,76,400,task_success,Grab the phone on the table and raise it.,reused,vlact/pick_diverse_object/pick_diverse_object_ep100020_result.json,52593bd881c851fac3da3cbce51b52bc33390a8130b0d398a8a9703bd42bb43d
vlact,pick_diverse_object,7,100021,unseen,success,1,72,400,task_success,Grab the wooden mallet on the table and raise it.,reused,vlact/pick_diverse_object/pick_diverse_object_ep100021_result.json,0e4ecf12ad55ad0733b5c5210fc393cc3d1457446024319f41dc83f5834b7d9f
vlact,pick_diverse_object,8,100024,seen,failure,0,400,400,action_limit,Pick up the hamburger carefully using the right arm,reused,vlact/pick_diverse_object/pick_diverse_object_ep100024_result.json,2a328e751d0df567d2759cce9452f20a6a27a7148e41eb33fdb013e7adc9edba
vlact,pick_diverse_object,8,100025,unseen,failure,0,400,400,action_limit,Pick up the dumbbell carefully using the left arm,reused,vlact/pick_diverse_object/pick_diverse_object_ep100025_result.json,514daf9e75eb49bd80d05ea2ca56d0f37ef92524db0acb148039b502abf31936
vlact,pick_diverse_object,9,100034,seen,success,1,70,400,task_success,Lift the cup from the table using the left arm.,reused,vlact/pick_diverse_object/pick_diverse_object_ep100034_result.json,9316555d9f701dfbf3c69f1cde01b4552a61ac256afa4a0218dafe68fd34e653
vlact,pick_diverse_object,9,100035,unseen,success,1,97,400,task_success,Grab the apple on the table and raise it.,reused,vlact/pick_diverse_object/pick_diverse_object_ep100035_result.json,3c407d864c511a17a17530012ba3f934048225170ea5d9a07380b26e29d94b63
vlact,pick_diverse_object,10,100036,seen,success,1,82,400,task_success,Grab the shoe on the table and raise it.,reused,vlact/pick_diverse_object/pick_diverse_object_ep100036_result.json,5a57fb5dd25d5957298b4ba55911e85f4dd7c4fbf0a60c5f6bcad31908d8b653
vlact,pick_diverse_object,10,100037,unseen,failure,0,400,400,action_limit,Lift the wooden mallet from the table using the right arm.,reused,vlact/pick_diverse_object/pick_diverse_object_ep100037_result.json,189dcf3fb618f2173eea6a2875dd3841d15b29e061f5fb16867932d13a79368f
vlact,pick_diverse_object,11,100038,seen,success,1,69,400,task_success,Lift the mug from the table using the left arm.,reused,vlact/pick_diverse_object/pick_diverse_object_ep100038_result.json,5d007ec81ed697e09b70620916eb1c05f5eb8b8c588f00448ef14bdb71a4e63a
vlact,pick_diverse_object,11,100039,unseen,failure,0,400,400,action_limit,Grab the paintbrush on the table and raise it.,reused,vlact/pick_diverse_object/pick_diverse_object_ep100039_result.json,c73a225be44a9835ac3c2380f816cbfb72bafb7b047e5ef0a6ebc40a190a9d24
vlact,pick_diverse_object,12,100040,seen,failure,0,400,400,action_limit,Grab the can on the table and raise it.,reused,vlact/pick_diverse_object/pick_diverse_object_ep100040_result.json,5bc03c27e04191c9f093a94f878136987fff1c74ca26ac8ec9516e9f11d9e856
vlact,pick_diverse_object,12,100041,unseen,success,1,57,400,task_success,Grab the dumbbell on the table and raise it.,reused,vlact/pick_diverse_object/pick_diverse_object_ep100041_result.json,a372e248f03f4cb996558a408c460bb9f0267c29758adc8f99254ab039be9763
vlact,pick_diverse_object,13,100042,seen,success,1,71,400,task_success,Lift the toy car from the table using the right arm.,reused,vlact/pick_diverse_object/pick_diverse_object_ep100042_result.json,a3579e9888c08d635406aa1d10af3d6e8ab2211d475ea90a0c57ed4108a2dcf4
vlact,pick_diverse_object,13,100043,unseen,success,1,80,400,task_success,Pick up the apple using the correct arm,reused,vlact/pick_diverse_object/pick_diverse_object_ep100043_result.json,4c38ee4f2d2af77ea6adda687c34135e971eb8300f230a874eda6514c673fcce
vlact,pick_diverse_object,14,100048,seen,failure,0,400,400,action_limit,Grab the hamburger on the table and raise it.,reused,vlact/pick_diverse_object/pick_diverse_object_ep100048_result.json,839b58c45e139532a2a392f9cf2b7d12aed5ba86669fc3e4704966296cf6b112
vlact,pick_diverse_object,14,100049,unseen,success,1,56,400,task_success,Grab the dumbbell on the table and raise it.,reused,vlact/pick_diverse_object/pick_diverse_object_ep100049_result.json,565d0febdd2c0cfceb2dabae14076eb7f1034e08c1b8f8afec6bbc48d7882355
vlact,pick_diverse_object,15,100052,seen,failure,0,400,400,action_limit,Pick up the coffee box using the correct arm,reused,vlact/pick_diverse_object/pick_diverse_object_ep100052_result.json,32e0c8e1c221e6fb4647d5780bb89dd63f3930d86c2944c2763cb6390d88c06c
vlact,pick_diverse_object,15,100053,unseen,success,1,70,400,task_success,Pick up the wooden mallet using the correct arm,reused,vlact/pick_diverse_object/pick_diverse_object_ep100053_result.json,4c2a59f7668a59b914ce9566d58f4ea89a75419d94fb86bdad230c509055173e
vlact,pick_diverse_object,16,100054,seen,success,1,68,400,task_success,Grab the mouse on the table and raise it.,reused,vlact/pick_diverse_object/pick_diverse_object_ep100054_result.json,adc735d779215320f8f54ba9b34ba0a7adcb8eb4e41edf9b546862b6feb0ab60
vlact,pick_diverse_object,16,100055,unseen,failure,0,400,400,action_limit,Lift the paintbrush from the table using the right arm.,reused,vlact/pick_diverse_object/pick_diverse_object_ep100055_result.json,163127c1cbc5cb3d6ded08d080af826ec5049c09b0ae14fb8037dfa6a234cd8a
vlact,pick_diverse_object,17,100056,seen,success,1,75,400,task_success,Grab the bottle on the table and raise it.,reused,vlact/pick_diverse_object/pick_diverse_object_ep100056_result.json,077292d7e171df043026e613102153d09105ac3fb2dc86ec7e20fb308397ca1a
vlact,pick_diverse_object,17,100057,unseen,success,1,67,400,task_success,Pick up the dumbbell carefully using the left arm,reused,vlact/pick_diverse_object/pick_diverse_object_ep100057_result.json,e098d4dded7a2e7ac6d07b5edaf95e8e027451d8ed9a2966962543a59e589562
vlact,pick_diverse_object,18,100060,seen,success,1,85,400,task_success,Pick up the shoe carefully using the right arm,reused,vlact/pick_diverse_object/pick_diverse_object_ep100060_result.json,99c09ab075c1683495c94f3996e6e86ffe1b034688ec5e90796eee992953d827
vlact,pick_diverse_object,18,100061,unseen,success,1,73,400,task_success,Grab the wooden mallet on the table and raise it.,reused,vlact/pick_diverse_object/pick_diverse_object_ep100061_result.json,9162ef3ae5eec069acfa7aed03d14041c5b0693d582a0a7fc523cd80028dfe18
vlact,pick_diverse_object,19,100066,seen,success,1,70,400,task_success,Lift the toy car from the table using the right arm.,reused,vlact/pick_diverse_object/pick_diverse_object_ep100066_result.json,5d795be1cf29b8467aa94d62b413527691abd6d3c45e3728694045a0f5d80d34
vlact,pick_diverse_object,19,100067,unseen,success,1,94,400,task_success,Lift the apple from the table using the right arm.,reused,vlact/pick_diverse_object/pick_diverse_object_ep100067_result.json,8d13c3957e37424779c3b0da4331f7c191896c4234fe8a77546cf42fc5333475
vlact,attribute_select,0,100000,color:red,success,1,71,400,task_success,Reach for the red block and lift it.,reused,vlact/attribute_select/attribute_select_ep100000_result.json,ab0be0a7dad990b727c878e87626c6e877012048ac39bad0a84bf864ba08fb4b
vlact,attribute_select,0,100001,color:blue,success,1,75,400,task_success,Reach for the blue block and lift it.,reused,vlact/attribute_select/attribute_select_ep100001_result.json,05a46f502fc89018b34c45e86be8e5d2adb281d21b8ecdd4db54c2a202835f15
vlact,attribute_select,0,100002,decal:cat,failure,0,400,400,action_limit,Fetch the block with a cat on it.,reused,vlact/attribute_select/attribute_select_ep100002_result.json,e8fa616ac5a46acc542269b51191754de3359ec8081acba0d72d2d365e730f92
vlact,attribute_select,0,100003,decal:dog,success,1,71,400,task_success,Fetch the block with a dog on it.,reused,vlact/attribute_select/attribute_select_ep100003_result.json,852257fdd59141ab2aee8ae19d16540340cc1814b5308d358fe68b059535f885
vlact,attribute_select,0,100004,shape:block,success,1,70,400,task_success,Reach for the cube and lift it.,reused,vlact/attribute_select/attribute_select_ep100004_result.json,fc6477bac3eb059e8c9fac757a623d95b2ffa3cad7fb67fbbbbc4fc777fc806d
vlact,attribute_select,0,100005,shape:bar,success,1,76,400,task_success,Fetch the long bar.,reused,vlact/attribute_select/attribute_select_ep100005_result.json,1de7ca666f265fbd73a75305340f97c1f175f9459d55a1a47afa41917b75f867
vlact,attribute_select,0,100006,size:big,failure,0,400,400,action_limit,Reach for the big block and lift it.,reused,vlact/attribute_select/attribute_select_ep100006_result.json,ddb74dbd1f8aa2e6be32db79eaa581432c77397fcfba5ebe9f2c67c55cd4e725
vlact,attribute_select,0,100007,size:small,success,1,73,400,task_success,Fetch the small block.,reused,vlact/attribute_select/attribute_select_ep100007_result.json,18b079096a395b7306db0368254930e586c3b8e0707bf40f7d84e28a836f9acf
vlact,attribute_select,1,100008,color:red,success,1,74,400,task_success,Fetch the red block.,reused,vlact/attribute_select/attribute_select_ep100008_result.json,2c58628c656b9149827a00dbcebf62c86229f75fba593a8d54f9a1a73c877a23
vlact,attribute_select,1,100009,color:blue,success,1,73,400,task_success,Fetch the blue block.,reused,vlact/attribute_select/attribute_select_ep100009_result.json,5073dbfa781565f6d8c6122d44b07a5240513a04294a3ebf3bbe4b9218ded3f1
vlact,attribute_select,1,100010,decal:cat,success,1,70,400,task_success,Reach for the block with a cat on it and lift it.,reused,vlact/attribute_select/attribute_select_ep100010_result.json,86a054340bf7f4208ba2bb2bb3274168ff983923857c73dfcbecf169864fe92c
vlact,attribute_select,1,100011,decal:dog,failure,0,400,400,action_limit,Reach for the block with a dog on it and lift it.,reused,vlact/attribute_select/attribute_select_ep100011_result.json,8b4f4c69ffa500b37cd55d504685cb3825459aaf375f0a60e3dd024083d63e9d
vlact,attribute_select,1,100012,shape:block,failure,0,400,400,action_limit,Fetch the cube.,reused,vlact/attribute_select/attribute_select_ep100012_result.json,5c7a4981cdd3baf2058699d05743b1a22b6d7930f232cf8d53d3d8fb8b3d1dca
vlact,attribute_select,1,100013,shape:bar,success,1,73,400,task_success,Reach for the long bar and lift it.,reused,vlact/attribute_select/attribute_select_ep100013_result.json,ec41c0cf0e238c882b6d7bb3d3fecbec5e0ebd44531b31756a45a50cafd52937
vlact,attribute_select,1,100014,size:big,failure,0,400,400,action_limit,Fetch the big block.,reused,vlact/attribute_select/attribute_select_ep100014_result.json,4464c9c23ebb02327fae03d3c9c52bfb471f002834a56baf0a684f4e8f6cefac
vlact,attribute_select,1,100015,size:small,success,1,72,400,task_success,Fetch the small block.,reused,vlact/attribute_select/attribute_select_ep100015_result.json,f8fe9032fb8dede5db8c1568abef3d2832243417714b157d35beb43453e7a219
vlact,attribute_select,2,100016,color:red,success,1,73,400,task_success,Reach for the red block and lift it.,reused,vlact/attribute_select/attribute_select_ep100016_result.json,8d93485143ebd48bc7ac95d6c000490bace18824b539192e62c05c01cb2436af
vlact,attribute_select,2,100017,color:blue,failure,0,400,400,action_limit,Fetch the blue block.,reused,vlact/attribute_select/attribute_select_ep100017_result.json,9c42673c01213c4c256b45fe0955d5dae38dac33db7ba0a06bb8646554c1b075
vlact,attribute_select,2,100018,decal:cat,success,1,73,400,task_success,Fetch the block with a cat on it.,reused,vlact/attribute_select/attribute_select_ep100018_result.json,b3f6645e712d4879150b5ef891b15d3199f490601e18acbac1a41157b9b03ea8
vlact,attribute_select,2,100019,decal:dog,success,1,71,400,task_success,Fetch the block with a dog on it.,reused,vlact/attribute_select/attribute_select_ep100019_result.json,4ed2e71297719b2198221d0278ffe3b4852cd3a899ab90c0ad5f3bbaf3bbe87f
vlact,attribute_select,2,100020,shape:block,success,1,70,400,task_success,Reach for the cube and lift it.,reused,vlact/attribute_select/attribute_select_ep100020_result.json,1b8e3b398ed8b60932dbf0dd32be2a9967ac95e4b8b726bb4453be8ac0e9625c
vlact,attribute_select,2,100021,shape:bar,failure,0,400,400,action_limit,Fetch the long bar.,reused,vlact/attribute_select/attribute_select_ep100021_result.json,7c8ed55bdf5031ef51206f11c92c7347c35e78357ec7ff3a12b39c0dbc6c0374
vlact,attribute_select,2,100022,size:big,failure,0,400,400,action_limit,Reach for the big block and lift it.,reused,vlact/attribute_select/attribute_select_ep100022_result.json,bd2fbdadf9b4e3cf408a7bcf3180d7e1e8f491bf4de9d5ab0bceede6664c574b
vlact,attribute_select,2,100023,size:small,success,1,72,400,task_success,Fetch the small block.,reused,vlact/attribute_select/attribute_select_ep100023_result.json,d50686f4ad16ddc68dfa325404596d44bc4256fcb97163c771879edad1611ebd
vlact,attribute_select,3,100024,color:red,success,1,74,400,task_success,Fetch the red block.,reused,vlact/attribute_select/attribute_select_ep100024_result.json,511d2fd0a85050f63d2845be10c21da360429b7924b6bee9a020170ed871392d
vlact,attribute_select,3,100025,color:blue,failure,0,400,400,action_limit,Reach for the blue block and lift it.,reused,vlact/attribute_select/attribute_select_ep100025_result.json,0ad12fafb39b63c69efc54de0555f41faf9608779471b421eb218de72584507c
vlact,attribute_select,3,100026,decal:cat,success,1,70,400,task_success,Fetch the block with a cat on it.,reused,vlact/attribute_select/attribute_select_ep100026_result.json,0cbe5db58b39f9e3793b74e6985d67bf7b55c48c867c4cb441b6d29330e5c008
vlact,attribute_select,3,100027,decal:dog,failure,0,400,400,action_limit,Reach for the block with a dog on it and lift it.,reused,vlact/attribute_select/attribute_select_ep100027_result.json,e5b0ab5dc9f4999ef43b104fe8c804cffae3e9caaaa168d423bf854b1658f659
vlact,attribute_select,3,100028,shape:block,failure,0,400,400,action_limit,Reach for the cube and lift it.,reused,vlact/attribute_select/attribute_select_ep100028_result.json,c1c52325536fc390418dbd3ed017eeb026f58599308daa1f0a1975b83c7685a7
vlact,attribute_select,3,100029,shape:bar,success,1,73,400,task_success,Reach for the long bar and lift it.,reused,vlact/attribute_select/attribute_select_ep100029_result.json,f080efd63b2884fe865b7fb586af0bb8a5fb26be888fbdfac11c94edb63b3c6a
vlact,attribute_select,3,100030,size:big,failure,0,400,400,action_limit,Fetch the big block.,reused,vlact/attribute_select/attribute_select_ep100030_result.json,5f3834f06b2579a3c40b217cf2c43da6f3b6a89a66fb7da1fa89d0c306ac9cbd
vlact,attribute_select,3,100031,size:small,success,1,73,400,task_success,Fetch the small block.,reused,vlact/attribute_select/attribute_select_ep100031_result.json,eb598c465ed945f270eee8f72434e9d698e97a0355c11120ef38d78eb30f4da0
vlact,attribute_select,4,100032,color:red,success,1,73,400,task_success,Fetch the red block.,reused,vlact/attribute_select/attribute_select_ep100032_result.json,9372f84fc4de7566dc6cbe6de3114537bb7ddce949202d7c891623e441fe5b03
vlact,attribute_select,4,100033,color:blue,success,1,85,400,task_success,Fetch the blue block.,reused,vlact/attribute_select/attribute_select_ep100033_result.json,d7743b2a595dc230015cef5c200a3c2ed566482edcb5c811fbcb6f335781a2ac
vlact,attribute_select,4,100034,decal:cat,success,1,70,400,task_success,Fetch the block with a cat on it.,reused,vlact/attribute_select/attribute_select_ep100034_result.json,7ea28d16d2b6fe9a327113750327cb0b9679846747ce433517881fe5727ad77d
vlact,attribute_select,4,100035,decal:dog,success,1,71,400,task_success,Fetch the block with a dog on it.,reused,vlact/attribute_select/attribute_select_ep100035_result.json,93dab917ae8138fac5a2459c9ffc0522f11556f71562842145c6dff30333686f
vlact,attribute_select,4,100036,shape:block,success,1,70,400,task_success,Fetch the cube.,reused,vlact/attribute_select/attribute_select_ep100036_result.json,8ba1382a7a7fa99a75b1de4f99cc9718e8b85305d70b7d77a95cd07b5a3e47ee
vlact,attribute_select,4,100037,shape:bar,failure,0,400,400,action_limit,Fetch the long bar.,reused,vlact/attribute_select/attribute_select_ep100037_result.json,5724a0ec472e774636e9e8e45243e6151f105302459a77556cee8a26079747c4
vlact,attribute_select,4,100038,size:big,failure,0,400,400,action_limit,Fetch the big block.,reused,vlact/attribute_select/attribute_select_ep100038_result.json,1931f79a64b667c2f9c6dd303f44e914fda4a11850bf4b82affd519422482269
vlact,attribute_select,4,100039,size:small,success,1,72,400,task_success,Reach for the small block and lift it.,reused,vlact/attribute_select/attribute_select_ep100039_result.json,5143ce119fbad2b2d2ce3a6daa96b00e03d9ae71f55702435e47ee5a648fd12e
vlact,attribute_select,5,100040,color:red,success,1,98,400,task_success,Fetch the red block.,reused,vlact/attribute_select/attribute_select_ep100040_result.json,da5df73be0e3cd3d74cc0d8f8d01d7910bcfa85ea0369769f2c4424b1118c45c
vlact,attribute_select,5,100041,color:blue,success,1,76,400,task_success,Fetch the blue block.,reused,vlact/attribute_select/attribute_select_ep100041_result.json,fea17df3f4a3c2d95cb57dc4e94818f965c0d2af76cc2f7cef288bf0a0f838ec
vlact,attribute_select,5,100042,decal:cat,success,1,72,400,task_success,Reach for the block with a cat on it and lift it.,reused,vlact/attribute_select/attribute_select_ep100042_result.json,a9a43d892ec706555c2d3bc62917494255b1ea744448d4acb4c81e4295cf4542
vlact,attribute_select,5,100043,decal:dog,failure,0,400,400,action_limit,Reach for the block with a dog on it and lift it.,reused,vlact/attribute_select/attribute_select_ep100043_result.json,4c44c4506b6539cb45f4730bfca2d7fc5b37f081ecad95a2f6a935d2411fcb22
vlact,attribute_select,5,100044,shape:block,success,1,71,400,task_success,Reach for the cube and lift it.,reused,vlact/attribute_select/attribute_select_ep100044_result.json,788591712524cc312ed9b9e4340465796aa706f02b1d07b88e3f65e77e149925
vlact,attribute_select,5,100045,shape:bar,failure,0,400,400,action_limit,Fetch the long bar.,reused,vlact/attribute_select/attribute_select_ep100045_result.json,60fce8dbae3c1092cb0dce54a4df1ab0c585477697da0184f330a93fd96519b1
vlact,attribute_select,5,100046,size:big,failure,0,400,400,action_limit,Fetch the big block.,reused,vlact/attribute_select/attribute_select_ep100046_result.json,5a4f53d1dfb0fcf721529afebc8d6089200db92c38efa859dc19dd276f26c357
vlact,attribute_select,5,100047,size:small,success,1,72,400,task_success,Fetch the small block.,reused,vlact/attribute_select/attribute_select_ep100047_result.json,e1a6ec3fc3f916d0ab55576b2aee767fedd038cd242b9ded96b4e89f6074878f
vlact,attribute_select,6,100048,color:red,success,1,78,400,task_success,Fetch the red block.,reused,vlact/attribute_select/attribute_select_ep100048_result.json,09bca31a44f4c86d88061fe1cb27b8ee6776dbc25e88f7f110938c404e24486f
vlact,attribute_select,6,100049,color:blue,success,1,73,400,task_success,Fetch the blue block.,reused,vlact/attribute_select/attribute_select_ep100049_result.json,ef8ac3e8dd9fca0a76b58344eb5fa96bcc3a6e2ad92e619a83a34391e5dd3dee
vlact,attribute_select,6,100050,decal:cat,success,1,70,400,task_success,Reach for the block with a cat on it and lift it.,reused,vlact/attribute_select/attribute_select_ep100050_result.json,261aef6f2f477f4be93260347eb976b77d07a919d12e56732aae058a7dea1d7f
vlact,attribute_select,6,100051,decal:dog,failure,0,400,400,action_limit,Fetch the block with a dog on it.,reused,vlact/attribute_select/attribute_select_ep100051_result.json,af20e8b769fd8b9294de45bffb23d8bf83e1a6edf6b96e0e0913a96d751d6c64
vlact,attribute_select,6,100052,shape:block,success,1,70,400,task_success,Reach for the cube and lift it.,reused,vlact/attribute_select/attribute_select_ep100052_result.json,f513cb93197460143b25e004cc17ea58ea9291005b3c8bc2842de54540b28ac0
vlact,attribute_select,6,100053,shape:bar,success,1,75,400,task_success,Fetch the long bar.,reused,vlact/attribute_select/attribute_select_ep100053_result.json,253e4fea9e9af00f5884485fab2edf3f71782a649057099fdd1a8f2b7160d7e9
vlact,attribute_select,6,100054,size:big,failure,0,400,400,action_limit,Fetch the big block.,reused,vlact/attribute_select/attribute_select_ep100054_result.json,192b56f2c915f2aa1bf5bcf73646d5f38c74c9ea87801f5a21a5a3316381d69e
vlact,attribute_select,6,100055,size:small,success,1,73,400,task_success,Reach for the small block and lift it.,reused,vlact/attribute_select/attribute_select_ep100055_result.json,15c71451e3a1f32e3d47b5d0e72c3d05e2fe58ed91c8c48980ef75e76cfa64ff
vlact,attribute_select,7,100064,color:red,success,1,73,400,task_success,Fetch the red block.,reused,vlact/attribute_select/attribute_select_ep100064_result.json,d4990244a370360275be2926933bfa604a9c882433da126432ff2616cfd5f5ce
vlact,attribute_select,7,100065,color:blue,failure,0,400,400,action_limit,Reach for the blue block and lift it.,reused,vlact/attribute_select/attribute_select_ep100065_result.json,e5f2c9fe6af24b45017c4821e7245a6298858c0f966f145d96f152476be0fdd2
vlact,attribute_select,7,100066,decal:cat,success,1,71,400,task_success,Reach for the block with a cat on it and lift it.,reused,vlact/attribute_select/attribute_select_ep100066_result.json,8b5e52b9d4661bd5c2686a15ee0a5af0d53736265173babe7b8116288eed1224
vlact,attribute_select,7,100067,decal:dog,failure,0,400,400,action_limit,Reach for the block with a dog on it and lift it.,reused,vlact/attribute_select/attribute_select_ep100067_result.json,3344e98207da900646511984651d484855114077a75179e40b299fac82ffa628
vlact,attribute_select,7,100068,shape:block,success,1,70,400,task_success,Reach for the cube and lift it.,reused,vlact/attribute_select/attribute_select_ep100068_result.json,6fbead17664ae17db46016085a134e904d664bb4457f171ef97d5444d5a26212
vlact,attribute_select,7,100069,shape:bar,success,1,92,400,task_success,Fetch the long bar.,reused,vlact/attribute_select/attribute_select_ep100069_result.json,b130342aafe8ea874c041d4572f7e573cc5cca040278fd614dc887299862ad30
vlact,attribute_select,7,100070,size:big,failure,0,400,400,action_limit,Reach for the big block and lift it.,reused,vlact/attribute_select/attribute_select_ep100070_result.json,eb8330ab1e5af2475c6f4b8ac0d014b862d081e3dae67389af1cf89f282a078d
vlact,attribute_select,7,100071,size:small,success,1,73,400,task_success,Fetch the small block.,reused,vlact/attribute_select/attribute_select_ep100071_result.json,f0dc8846a19ff2fa3f79a45795d5798aad766673556fe3489add7d96dc3048e5
vlact,attribute_select,8,100072,color:red,success,1,73,400,task_success,Reach for the red block and lift it.,reused,vlact/attribute_select/attribute_select_ep100072_result.json,a13300eec3aabd70a812cb7c4d961d0d22233a76770ea5eb23bd2a64b59071bf
vlact,attribute_select,8,100073,color:blue,success,1,87,400,task_success,Reach for the blue block and lift it.,reused,vlact/attribute_select/attribute_select_ep100073_result.json,f158b8737933b3d84dd0e1a0ff83d7358ffcaad872a603d32c66cdc300567676
vlact,attribute_select,8,100074,decal:cat,success,1,72,400,task_success,Fetch the block with a cat on it.,reused,vlact/attribute_select/attribute_select_ep100074_result.json,c085c777705c68d11cdd7f31ed0a44a716f44ab89b3761b254e859c8531963db
vlact,attribute_select,8,100075,decal:dog,success,1,99,400,task_success,Reach for the block with a dog on it and lift it.,reused,vlact/attribute_select/attribute_select_ep100075_result.json,58f4767ba109f9788ddc94cc976e192702cc17ba68698521c06f2a8f39938a55
vlact,attribute_select,8,100076,shape:block,failure,0,400,400,action_limit,Fetch the cube.,reused,vlact/attribute_select/attribute_select_ep100076_result.json,21983003a86e8ee523d0a74b7423242ba918fdbccc26109f04654ac6344c4ffb
vlact,attribute_select,8,100077,shape:bar,success,1,76,400,task_success,Reach for the long bar and lift it.,reused,vlact/attribute_select/attribute_select_ep100077_result.json,e6fc9bc58c0f97f13e6de72e4e565bbfe353d7c6c77b43af89a03bf4c738d8a8
vlact,attribute_select,8,100078,size:big,failure,0,400,400,action_limit,Fetch the big block.,reused,vlact/attribute_select/attribute_select_ep100078_result.json,836ffa0f63adc40c4682779fb9c260050f98e1da74ec026ad985387c9b8ec454
vlact,attribute_select,8,100079,size:small,success,1,72,400,task_success,Fetch the small block.,reused,vlact/attribute_select/attribute_select_ep100079_result.json,c6df73496a37c9bf8b76d52fd7f9b2fe8041598cb31b6dfe7f421712d8dc7a69
vlact,attribute_select,9,100080,color:red,success,1,83,400,task_success,Fetch the red block.,reused,vlact/attribute_select/attribute_select_ep100080_result.json,a4f962306b72e6cdf05762cc9ac4a7957b33ed1823c77a62181f229b033464b3
vlact,attribute_select,9,100081,color:blue,success,1,74,400,task_success,Reach for the blue block and lift it.,reused,vlact/attribute_select/attribute_select_ep100081_result.json,923d6bd43b7dadfe5b8d02c9ef0de119471a6abe105534881b4228586ace5d61
vlact,attribute_select,9,100082,decal:cat,failure,0,400,400,action_limit,Reach for the block with a cat on it and lift it.,reused,vlact/attribute_select/attribute_select_ep100082_result.json,bad7b25fa1afba10791a53882a34fce2f9582691357211e15ec50d3e370b6dd6
vlact,attribute_select,9,100083,decal:dog,success,1,79,400,task_success,Reach for the block with a dog on it and lift it.,reused,vlact/attribute_select/attribute_select_ep100083_result.json,3d553139bfb80baa61f47edfa814004bb9bfb93abdee079d418a80c9032b2bb9
vlact,attribute_select,9,100084,shape:block,success,1,70,400,task_success,Fetch the cube.,reused,vlact/attribute_select/attribute_select_ep100084_result.json,a38e0b6dd48f0b1cb304e365caf92e06c7e1268cf45f39c140a78aaf41cb70d1
vlact,attribute_select,9,100085,shape:bar,failure,0,400,400,action_limit,Fetch the long bar.,reused,vlact/attribute_select/attribute_select_ep100085_result.json,617ab94eb64fc66134833be2a4444209768648a742ec9e68372326f6b54e6bb3
vlact,attribute_select,9,100086,size:big,failure,0,400,400,action_limit,Fetch the big block.,reused,vlact/attribute_select/attribute_select_ep100086_result.json,e99a52daf7c6b79e25b234f9b8002d28d75f225d36f82ce780ec02a6e23e38da
vlact,attribute_select,9,100087,size:small,success,1,74,400,task_success,Reach for the small block and lift it.,reused,vlact/attribute_select/attribute_select_ep100087_result.json,07e8ea84b31dc13682b40f7cc649850e418b555f58562e5cde2c3afbc272eb55
vlact,attribute_select,10,100088,color:red,success,1,71,400,task_success,Fetch the red block.,reused,vlact/attribute_select/attribute_select_ep100088_result.json,244d9c3423195333fc8d2c893f8ce48bf12ae4c2ad06a27b448a4508a7341653
vlact,attribute_select,10,100089,color:blue,success,1,75,400,task_success,Fetch the blue block.,reused,vlact/attribute_select/attribute_select_ep100089_result.json,b19504a366a6954e0fdd8348e110ff16f050ab5f23d00775594cd880be3d7f8e
vlact,attribute_select,10,100090,decal:cat,success,1,70,400,task_success,Reach for the block with a cat on it and lift it.,reused,vlact/attribute_select/attribute_select_ep100090_result.json,7178bf88dd36534d20237e459055f08b472b2f85d06ca961f1b400045f631f3a
vlact,attribute_select,10,100091,decal:dog,failure,0,400,400,action_limit,Fetch the block with a dog on it.,reused,vlact/attribute_select/attribute_select_ep100091_result.json,a910bef3aed3d025dd979d77421ea6267dde09f4d80aea959db2d9db9f782e7c
vlact,attribute_select,10,100092,shape:block,success,1,70,400,task_success,Reach for the cube and lift it.,reused,vlact/attribute_select/attribute_select_ep100092_result.json,67d11fc5ddaacb727a9045f5fbeb4211e69ac0d3c64de540d1e79602dd807904
vlact,attribute_select,10,100093,shape:bar,success,1,84,400,task_success,Reach for the long bar and lift it.,reused,vlact/attribute_select/attribute_select_ep100093_result.json,5c1d0cb834bc78c12c845538c26135a2abad6778e17969d0392763494e8920b3
vlact,attribute_select,10,100094,size:big,failure,0,400,400,action_limit,Reach for the big block and lift it.,reused,vlact/attribute_select/attribute_select_ep100094_result.json,d181e5c6fde60c5c7eee32ac133c87198c2a4b810fc41638776d590d3b3b7ec8
vlact,attribute_select,10,100095,size:small,success,1,72,400,task_success,Reach for the small block and lift it.,reused,vlact/attribute_select/attribute_select_ep100095_result.json,956ccb074e79846c170a53b09fbcbf6c93d8d0829211ccb2ff8e684151f76fdc
vlact,attribute_select,11,100096,color:red,success,1,73,400,task_success,Reach for the red block and lift it.,reused,vlact/attribute_select/attribute_select_ep100096_result.json,f9c59db1314763049fa7a9f44c6faffa71e29a7f8933b0f2be940642120d3704
vlact,attribute_select,11,100097,color:blue,success,1,74,400,task_success,Fetch the blue block.,reused,vlact/attribute_select/attribute_select_ep100097_result.json,0e6ae95c55b302a78d06e00be55b656b52b4aefa5bfbf6ef4b99b72a4844ef16
vlact,attribute_select,11,100098,decal:cat,success,1,72,400,task_success,Fetch the block with a cat on it.,reused,vlact/attribute_select/attribute_select_ep100098_result.json,ccfb7edb94d9d1b781e2800b80901e8de5dc5518b3d1e7306a5c5e04c0c8aa8f
vlact,attribute_select,11,100099,decal:dog,success,1,72,400,task_success,Fetch the block with a dog on it.,reused,vlact/attribute_select/attribute_select_ep100099_result.json,6f551f0812f13862cb7eec83c94e9010755e89d573409406624b78f09a74e8c0
vlact,attribute_select,11,100100,shape:block,success,1,71,400,task_success,Reach for the cube and lift it.,reused,vlact/attribute_select/attribute_select_ep100100_result.json,4539b25587eb1974ef64a2d63fe8101fafb8d4b16859a310fd4bef7398fd434b
vlact,attribute_select,11,100101,shape:bar,success,1,74,400,task_success,Reach for the long bar and lift it.,reused,vlact/attribute_select/attribute_select_ep100101_result.json,e48e5d67150eee63b5a1a90467df975547a89fb639def2f279bded71a9e3dfe8
vlact,attribute_select,11,100102,size:big,failure,0,400,400,action_limit,Fetch the big block.,reused,vlact/attribute_select/attribute_select_ep100102_result.json,026b8b29e0a5cea48ea6aaf55568adafd6e43809a48bee157a1fa8d7b36ba69f
vlact,attribute_select,11,100103,size:small,success,1,72,400,task_success,Fetch the small block.,reused,vlact/attribute_select/attribute_select_ep100103_result.json,20e29487e6a9cfd6a80a922d5355165a8d9a6a1ec1384b1f36997d1511cd73cf
vlact,attribute_select,12,100104,color:red,success,1,74,400,task_success,Reach for the red block and lift it.,reused,vlact/attribute_select/attribute_select_ep100104_result.json,cdfc748f718944f1fc99cffe4b6373f8952ea3f7654ca344f87dff896201d3eb
vlact,attribute_select,12,100105,color:blue,success,1,73,400,task_success,Reach for the blue block and lift it.,reused,vlact/attribute_select/attribute_select_ep100105_result.json,ba0c1527b819fe6a2f77ea8adfd2728b015cebda7e8494ad242b6b2d922ff978
vlact,attribute_select,12,100106,decal:cat,success,1,72,400,task_success,Reach for the block with a cat on it and lift it.,reused,vlact/attribute_select/attribute_select_ep100106_result.json,859f4158f74d6d4e5605c746eae2fd7f538d99b5db93a228926bfe99b828da77
vlact,attribute_select,12,100107,decal:dog,failure,0,400,400,action_limit,Reach for the block with a dog on it and lift it.,reused,vlact/attribute_select/attribute_select_ep100107_result.json,e0330df049550d00b843d51f9cca91584898793dad1b31c163c8c37fde4e31e9
vlact,attribute_select,12,100108,shape:block,success,1,70,400,task_success,Reach for the cube and lift it.,reused,vlact/attribute_select/attribute_select_ep100108_result.json,c49f7102b9d64837a4d1c60cd24a15eccca27bd50874fd65c6fd20aa01bade3c
vlact,attribute_select,12,100109,shape:bar,failure,0,400,400,action_limit,Fetch the long bar.,reused,vlact/attribute_select/attribute_select_ep100109_result.json,f8a1739edab26a0567ccfa92b62d98a3bdf388906168d699558e8b2c37f8c28c
vlact,attribute_select,12,100110,size:big,failure,0,400,400,action_limit,Reach for the big block and lift it.,reused,vlact/attribute_select/attribute_select_ep100110_result.json,6a2f29a38ada39f45ba4e5fc32be99830faa993bbc123076958bfe98793c4941
vlact,attribute_select,12,100111,size:small,success,1,72,400,task_success,Reach for the small block and lift it.,reused,vlact/attribute_select/attribute_select_ep100111_result.json,cdfbb84064c5d88a507f1b032130fa39b2b0db62e0a2ca86df17c9e8352654d5
vlact,attribute_select,13,100112,color:red,success,1,74,400,task_success,Reach for the red block and lift it.,reused,vlact/attribute_select/attribute_select_ep100112_result.json,714f14757555dba201ea29b6cfa3fd3c7fee9ce3ba69547c0e6ba4bf5e6c7b23
vlact,attribute_select,13,100113,color:blue,success,1,77,400,task_success,Fetch the blue block.,reused,vlact/attribute_select/attribute_select_ep100113_result.json,d0276b5d6810a33c83c702b99da34bafbcdfcb586d9921b736ef1426dd8d497d
vlact,attribute_select,13,100114,decal:cat,success,1,71,400,task_success,Reach for the block with a cat on it and lift it.,reused,vlact/attribute_select/attribute_select_ep100114_result.json,0096289a26f67faea3f82158c127b3b196f2fff275b772129eb3f06bf1e71576
vlact,attribute_select,13,100115,decal:dog,failure,0,400,400,action_limit,Fetch the block with a dog on it.,reused,vlact/attribute_select/attribute_select_ep100115_result.json,ea587c9b7aba9aaa09611d47ec33d7b605d1e007ce216ae1bbc56e8cb4b27bc3
vlact,attribute_select,13,100116,shape:block,success,1,71,400,task_success,Fetch the cube.,reused,vlact/attribute_select/attribute_select_ep100116_result.json,c162e845241f5f56678d1d621284b2475933938f8e7ed05af1c290b0ba8b6267
vlact,attribute_select,13,100117,shape:bar,failure,0,400,400,action_limit,Fetch the long bar.,reused,vlact/attribute_select/attribute_select_ep100117_result.json,9e0391e6aa31827a4e53fca0de7739e95e89c9274d67eaed8095815ad9aa2fcd
vlact,attribute_select,13,100118,size:big,failure,0,400,400,action_limit,Reach for the big block and lift it.,reused,vlact/attribute_select/attribute_select_ep100118_result.json,fb9834787e094d0cb52fc36ff84b256c5697553e5b6baed70c801085a03d98fe
vlact,attribute_select,13,100119,size:small,success,1,73,400,task_success,Reach for the small block and lift it.,reused,vlact/attribute_select/attribute_select_ep100119_result.json,0c9bdf31d5f3b56045cb0c456e1596a51ce18995f12980c74f246c7e40a9d716
vlact,attribute_select,14,100120,color:red,success,1,74,400,task_success,Reach for the red block and lift it.,reused,vlact/attribute_select/attribute_select_ep100120_result.json,84c007f6b9e0d7ea1b22b3e96ba1daa80ff5b4d0f2438c4a713d183000343fb4
vlact,attribute_select,14,100121,color:blue,failure,0,400,400,action_limit,Fetch the blue block.,reused,vlact/attribute_select/attribute_select_ep100121_result.json,241cd2dfb58de807d6240b28b747b3c242954a0b21304bc022d168ecbbbaac9f
vlact,attribute_select,14,100122,decal:cat,success,1,71,400,task_success,Fetch the block with a cat on it.,reused,vlact/attribute_select/attribute_select_ep100122_result.json,326146cdead5ea694e631098604a0b39a7c62c95ec7222c3d37f770325139fa9
vlact,attribute_select,14,100123,decal:dog,failure,0,400,400,action_limit,Fetch the block with a dog on it.,reused,vlact/attribute_select/attribute_select_ep100123_result.json,178cdd3c72d3d9a6d7b6de6fdbe7b797a6418158070479740b36800fb2e39b15
vlact,attribute_select,14,100124,shape:block,success,1,70,400,task_success,Fetch the cube.,reused,vlact/attribute_select/attribute_select_ep100124_result.json,0fc44a97e90a276ff187829b86da1cd3d2815985db43ea1686c7975c4459961d
vlact,attribute_select,14,100125,shape:bar,success,1,76,400,task_success,Reach for the long bar and lift it.,reused,vlact/attribute_select/attribute_select_ep100125_result.json,2975e0c8132dbf9d110844a415a870306a13ba7d3726270186c370a551f4cfe3
vlact,attribute_select,14,100126,size:big,failure,0,400,400,action_limit,Reach for the big block and lift it.,reused,vlact/attribute_select/attribute_select_ep100126_result.json,79a7a7105ab01288e2150e277bc33cb136b4d137bea044559b317a050fa3b34b
vlact,attribute_select,14,100127,size:small,success,1,72,400,task_success,Fetch the small block.,reused,vlact/attribute_select/attribute_select_ep100127_result.json,382f35997c3264488fec00c3c9fcdfc435d0446645281b9d45527ec03b0d4cad
vlact,attribute_select,15,100128,color:red,failure,0,400,400,action_limit,Fetch the red block.,reused,vlact/attribute_select/attribute_select_ep100128_result.json,caee3e99319b2f12133b8bbfd9ad315bf94c3ee57b22811ad705ffa862c49058
vlact,attribute_select,15,100129,color:blue,success,1,74,400,task_success,Fetch the blue block.,reused,vlact/attribute_select/attribute_select_ep100129_result.json,d548e530695fb1454cf92a87ce325cd412870aadb8ba0987a4ff184cd3f037d0
vlact,attribute_select,15,100130,decal:cat,success,1,71,400,task_success,Reach for the block with a cat on it and lift it.,reused,vlact/attribute_select/attribute_select_ep100130_result.json,847c4447480d5078fccff0d9db6435ea723bf9ec5e58d7777189ca0fbe1c68a0
vlact,attribute_select,15,100131,decal:dog,failure,0,400,400,action_limit,Fetch the block with a dog on it.,reused,vlact/attribute_select/attribute_select_ep100131_result.json,0002dfcedb44dbd847d6cf187be3bef25e938c1b7f20cc41df3efe0eba1319c8
vlact,attribute_select,15,100132,shape:block,success,1,75,400,task_success,Reach for the cube and lift it.,reused,vlact/attribute_select/attribute_select_ep100132_result.json,d273fdd9aab363473266d4570a76ff85c33b7cfe3d0df0216aa4dc0ddcfa10c6
vlact,attribute_select,15,100133,shape:bar,success,1,77,400,task_success,Fetch the long bar.,reused,vlact/attribute_select/attribute_select_ep100133_result.json,4cea0bec9e58407f3b43f4bacfccde9ece1316cdb483514d1c079a151dbfebe8
vlact,attribute_select,15,100134,size:big,failure,0,400,400,action_limit,Fetch the big block.,reused,vlact/attribute_select/attribute_select_ep100134_result.json,bbe38367c28e2f04d184d8711d0ab190acc52213b120c79b0ca7e519bd3ac81e
vlact,attribute_select,15,100135,size:small,success,1,72,400,task_success,Reach for the small block and lift it.,reused,vlact/attribute_select/attribute_select_ep100135_result.json,3aa64577bd63db093dc805199abbe1cee8eedce4dcf40d8f2edfd330909c876f
vlact,attribute_select,16,100144,color:red,success,1,72,400,task_success,Reach for the red block and lift it.,reused,vlact/attribute_select/attribute_select_ep100144_result.json,07ccef88bd03e0142adc1bf846c5dad7c0c51b67e2c0477d784bce721f2069be
vlact,attribute_select,16,100145,color:blue,success,1,75,400,task_success,Fetch the blue block.,reused,vlact/attribute_select/attribute_select_ep100145_result.json,a579b2f735ad49255069e0bc62fccd5a0f733ff802e6c005879c5ccc9ec7f1f0
vlact,attribute_select,16,100146,decal:cat,success,1,72,400,task_success,Reach for the block with a cat on it and lift it.,reused,vlact/attribute_select/attribute_select_ep100146_result.json,7c6b1b323e46b86b27232d19df5b7561f89e5400561b5890dabc69f0bd0de0a9
vlact,attribute_select,16,100147,decal:dog,failure,0,400,400,action_limit,Fetch the block with a dog on it.,reused,vlact/attribute_select/attribute_select_ep100147_result.json,a0a52a6cbf441a9d4cc1f51e4505f4d9142d7d9ad06c830f636568271a522c71
vlact,attribute_select,16,100148,shape:block,failure,0,400,400,action_limit,Fetch the cube.,reused,vlact/attribute_select/attribute_select_ep100148_result.json,6ae84300fd3c6107da08f213698d3ce902019a3d3d4dc314b5582ca06b1f7d87
vlact,attribute_select,16,100149,shape:bar,success,1,76,400,task_success,Reach for the long bar and lift it.,reused,vlact/attribute_select/attribute_select_ep100149_result.json,ba613ec2133c23f5da7ff300fdf20574b8eee38943d7923b7c1b15ffde6b475a
vlact,attribute_select,16,100150,size:big,failure,0,400,400,action_limit,Fetch the big block.,reused,vlact/attribute_select/attribute_select_ep100150_result.json,f3adc3cf09fe4922e603bb6db0b1de4bb87513ef7949e91dbb2b099be6ca65a9
vlact,attribute_select,16,100151,size:small,success,1,72,400,task_success,Fetch the small block.,reused,vlact/attribute_select/attribute_select_ep100151_result.json,4790000670d872463e212188be2cc3014fff365a2f334281daa19349c571a92d
vlact,attribute_select,17,100152,color:red,failure,0,400,400,action_limit,Reach for the red block and lift it.,reused,vlact/attribute_select/attribute_select_ep100152_result.json,9ebd3457c406420bddd2093c57be35d1a0df8adc780853564f2f353f0c3283e5
vlact,attribute_select,17,100153,color:blue,success,1,72,400,task_success,Fetch the blue block.,reused,vlact/attribute_select/attribute_select_ep100153_result.json,78ff1b2726dc6711bd4b0d1f458de662fe1f944227d96dd16c65aead4c5ad50b
vlact,attribute_select,17,100154,decal:cat,success,1,69,400,task_success,Reach for the block with a cat on it and lift it.,reused,vlact/attribute_select/attribute_select_ep100154_result.json,a2988f27f0d45e3ceb04a4d4c1ee0624bf477d7e0a1f1fd93daa61cfa9623add
vlact,attribute_select,17,100155,decal:dog,success,1,72,400,task_success,Fetch the block with a dog on it.,reused,vlact/attribute_select/attribute_select_ep100155_result.json,91ca9f3b24b8900eabf5ceb40055f3b915150b5a24535ff873c1d9f1879655f2
vlact,attribute_select,17,100156,shape:block,success,1,72,400,task_success,Reach for the cube and lift it.,reused,vlact/attribute_select/attribute_select_ep100156_result.json,3027307741a55c2057e0d5a92d362fd624de9a8201df474dafe7392b36c82216
vlact,attribute_select,17,100157,shape:bar,success,1,75,400,task_success,Reach for the long bar and lift it.,reused,vlact/attribute_select/attribute_select_ep100157_result.json,a3abc3531c751d5df25fcb432be63b371c18151fa25c882ff6fe2e96951ae78a
vlact,attribute_select,17,100158,size:big,failure,0,400,400,action_limit,Fetch the big block.,reused,vlact/attribute_select/attribute_select_ep100158_result.json,f91319bc6998fc71b155755444d4ed2230a4ca69aad602375bb54472d02f8fca
vlact,attribute_select,17,100159,size:small,success,1,72,400,task_success,Fetch the small block.,reused,vlact/attribute_select/attribute_select_ep100159_result.json,4523be145df9cb2ec74ce833238db31485192f14331b45ccb2a95a52d1ec787d
vlact,attribute_select,18,100160,color:red,success,1,78,400,task_success,Fetch the red block.,reused,vlact/attribute_select/attribute_select_ep100160_result.json,43de4f63a36619086524d92a647d14f82f62dea033c0927816b967a9f967f49a
vlact,attribute_select,18,100161,color:blue,success,1,74,400,task_success,Reach for the blue block and lift it.,reused,vlact/attribute_select/attribute_select_ep100161_result.json,481093f8682512c5eff49b61f5d97e802d63acbc535381e7d46d05a390a720a2
vlact,attribute_select,18,100162,decal:cat,success,1,71,400,task_success,Reach for the block with a cat on it and lift it.,reused,vlact/attribute_select/attribute_select_ep100162_result.json,f3830dc0152beaf1bc48abf9f6ad173f62ca55d09efb2e734e0d3c08e97420c8
vlact,attribute_select,18,100163,decal:dog,failure,0,400,400,action_limit,Fetch the block with a dog on it.,reused,vlact/attribute_select/attribute_select_ep100163_result.json,e643f85a618fe13f329fa4ad7f7671a940f91ffb3305e86dcca60a8898f48a46
vlact,attribute_select,18,100164,shape:block,success,1,69,400,task_success,Reach for the cube and lift it.,reused,vlact/attribute_select/attribute_select_ep100164_result.json,90c3229584b8b24997dedbea68aabe9180459fd1ca99927889aeb72be9255c3f
vlact,attribute_select,18,100165,shape:bar,success,1,75,400,task_success,Fetch the long bar.,reused,vlact/attribute_select/attribute_select_ep100165_result.json,b2a65bbe7bce5acca5d12f9426c5040bca4807fb772c617c0997a32b95e411ee
vlact,attribute_select,18,100166,size:big,failure,0,400,400,action_limit,Fetch the big block.,reused,vlact/attribute_select/attribute_select_ep100166_result.json,1ebc71f1f95c37e5c758752e97f5d05237713f9c30953db8521ad26016818243
vlact,attribute_select,18,100167,size:small,success,1,72,400,task_success,Reach for the small block and lift it.,reused,vlact/attribute_select/attribute_select_ep100167_result.json,7434f8ae9899da18cbeb140afd43b4fbfa4129dd98290e0d2da55f6a0198bde6
vlact,attribute_select,19,100168,color:red,success,1,79,400,task_success,Fetch the red block.,reused,vlact/attribute_select/attribute_select_ep100168_result.json,88a5994fa74191c30b0cf04524a3ab148036f00353fca43f65470eb105288693
vlact,attribute_select,19,100169,color:blue,success,1,74,400,task_success,Reach for the blue block and lift it.,reused,vlact/attribute_select/attribute_select_ep100169_result.json,737729f74acf6968eb64062d021f5512e89ff315966b6567e1aa55857a417063
vlact,attribute_select,19,100170,decal:cat,success,1,72,400,task_success,Fetch the block with a cat on it.,reused,vlact/attribute_select/attribute_select_ep100170_result.json,cbb50e65c9effeabde5e7d1f0c5e10fd9b11bc97b1e92eb92af964a3a0af26d0
vlact,attribute_select,19,100171,decal:dog,failure,0,400,400,action_limit,Reach for the block with a dog on it and lift it.,reused,vlact/attribute_select/attribute_select_ep100171_result.json,e70408ad36fe5cd81f376c1ec8014112536e5a3f873a633a86224469b04ffb0f
vlact,attribute_select,19,100172,shape:block,failure,0,400,400,action_limit,Reach for the cube and lift it.,reused,vlact/attribute_select/attribute_select_ep100172_result.json,f824460a57590a747c18d627e8c8d5665cc0ee78662d68ae38d1ae2a905fc56e
vlact,attribute_select,19,100173,shape:bar,success,1,76,400,task_success,Fetch the long bar.,reused,vlact/attribute_select/attribute_select_ep100173_result.json,ad58675957034b961aad242cf8d4c4473e054cafe6be7935f22ed9c0f0c3cd39
vlact,attribute_select,19,100174,size:big,failure,0,400,400,action_limit,Reach for the big block and lift it.,reused,vlact/attribute_select/attribute_select_ep100174_result.json,b2b134e35f357db5274c671ab35fe7abfecdb56dc77592b5c12b333109a82f9b
vlact,attribute_select,19,100175,size:small,success,1,71,400,task_success,Fetch the small block.,reused,vlact/attribute_select/attribute_select_ep100175_result.json,d6c1dd2ae5d086fc7f7fcd61a3618f2873caac9e81e57131f23f26b886e5892d
vlact,arm_select,0,500000,left,success,1,82,400,task_success,Use the left arm to retrieve the block.,new,vlact/arm_select/arm_select_ep500000_result.json,4210d8bae828f42b9127ac75ec12e0d2bd5a0855307e742fe8d3194f263fa745
vlact,arm_select,0,500001,right,success,1,82,400,task_success,Use the right arm to retrieve the block.,new,vlact/arm_select/arm_select_ep500001_result.json,fd685fa54c6fa9ac1c0be5fe441dcc3fd2f5de1ff005e5f3f7bf89a0715b47d2
vlact,arm_select,1,500002,left,failure,0,400,400,action_limit,"With the left arm, grab the block.",new,vlact/arm_select/arm_select_ep500002_result.json,fbfb9a74d39e5151da5dca873bf52985a82a850766d2bc3b764170a19fc0d3da
vlact,arm_select,1,500003,right,success,1,179,400,task_success,"With the right arm, grab the block.",new,vlact/arm_select/arm_select_ep500003_result.json,c0cfa0a48737d8859f7111de05a32c6dc25f58a3e35210fb6c827bbfe8fc7a20
vlact,arm_select,2,500004,left,success,1,199,400,task_success,Retrieve the block with the left arm.,new,vlact/arm_select/arm_select_ep500004_result.json,44767942f27bcb81982398e9a410d13800e6580f76dfb52f28105f52df5aab00
vlact,arm_select,2,500005,right,failure,0,400,400,action_limit,Retrieve the block with the right arm.,new,vlact/arm_select/arm_select_ep500005_result.json,bd4d887434219e44bec63ec86e3e3fd345538f7a2ba5ea86457c2c1c931d4bbf
vlact,arm_select,3,500006,left,success,1,70,400,task_success,Have the left arm take the block.,new,vlact/arm_select/arm_select_ep500006_result.json,6289624e8f908aa2c38a8bb73896ea97877892f54208e9434a3ff52ae2929a40
vlact,arm_select,3,500007,right,failure,0,400,400,action_limit,Have the right arm take the block.,new,vlact/arm_select/arm_select_ep500007_result.json,287d65ed5fc32866e5b64c4762e49f64f64c45c33cb3ad37e379a1015a2087f9
vlact,arm_select,4,500008,left,success,1,82,400,task_success,Pick up the block carefully with the left arm.,new,vlact/arm_select/arm_select_ep500008_result.json,bfcf3cb4a2a0b6711292c4de4c63621470c0b779fc59fd678559d9f12bf58228
vlact,arm_select,4,500009,right,success,1,73,400,task_success,Pick up the block carefully with the right arm.,new,vlact/arm_select/arm_select_ep500009_result.json,3b0a3c2398b036508d00eb4cdce855894fc79a51444ae9871d8c1e9e8f53e927
vlact,arm_select,5,500010,left,success,1,289,400,task_success,"With the left arm, grab the block.",new,vlact/arm_select/arm_select_ep500010_result.json,9441ee857805b99380b39be969f4a608936f01c397f09b91aba2dab3549a673b
vlact,arm_select,5,500011,right,failure,0,400,400,action_limit,"With the right arm, grab the block.",new,vlact/arm_select/arm_select_ep500011_result.json,5a2a689cdb079a19d6211088fcf1ca418dcd47f9a0f0dba34c3d966c73569732
vlact,arm_select,6,500012,left,success,1,81,400,task_success,Collect the block using the left arm.,new,vlact/arm_select/arm_select_ep500012_result.json,451f2a8d6aed04a5a91aa1ca7ff95315807349303b786d6143c2093d9f24311d
vlact,arm_select,6,500013,right,failure,0,400,400,action_limit,Collect the block using the right arm.,new,vlact/arm_select/arm_select_ep500013_result.json,a487a5d8e15013f6919ac518e03b1ad9247429a6401dc573070cba9dd424aaac
vlact,arm_select,7,500014,left,failure,0,400,400,action_limit,Retrieve the block with the left arm.,new,vlact/arm_select/arm_select_ep500014_result.json,7c9d40194f7ba02dc662bd2da374f30447291b8829845f0ba297aa2865d609af
vlact,arm_select,7,500015,right,success,1,72,400,task_success,Retrieve the block with the right arm.,new,vlact/arm_select/arm_select_ep500015_result.json,2c564a01b39cf3fb74add0896618a3e74ae269830ddc8cb704e7feb90b945fef
vlact,arm_select,8,500016,left,success,1,71,400,task_success,Employ the left arm to lift the block.,new,vlact/arm_select/arm_select_ep500016_result.json,63a56aa1448775795c75256148820dbe9bcac5ad578f8ae44b50b818c22a5f02
vlact,arm_select,8,500017,right,success,1,83,400,task_success,Employ the right arm to lift the block.,new,vlact/arm_select/arm_select_ep500017_result.json,16131e928053d360bd9e831c0c90ae881cb2a90bf8f27065d0638cc09eab75fd
vlact,arm_select,9,500018,left,success,1,72,400,task_success,Pick up the block carefully with the left arm.,new,vlact/arm_select/arm_select_ep500018_result.json,55a1294853c461b0272ac628604dc9044451784450d24a55ee41d177b39f5e31
vlact,arm_select,9,500019,right,success,1,86,400,task_success,Pick up the block carefully with the right arm.,new,vlact/arm_select/arm_select_ep500019_result.json,d49d26df370cadcfee5c3bb49291d3d48d6a01783abeb1922b2e1e07a679c1b8
vlact,arm_select,10,500020,left,failure,0,400,400,action_limit,Employ the left arm to lift the block.,new,vlact/arm_select/arm_select_ep500020_result.json,4d1a2b519833128bd739dd1666381b4a29f32d9fb6a0ab567fd6a80d47beb66f
vlact,arm_select,10,500021,right,success,1,73,400,task_success,Employ the right arm to lift the block.,new,vlact/arm_select/arm_select_ep500021_result.json,d6aa1b90a85b5f7ba164ba284627fd717e489916fa9db3d9a024a3a766c6b7f8
vlact,arm_select,11,500022,left,success,1,86,400,task_success,Have the left arm take the block.,new,vlact/arm_select/arm_select_ep500022_result.json,f14471f134aaf0001c635d787f4054579bad45bdabacc7c585e5d5887c89746d
vlact,arm_select,11,500023,right,success,1,84,400,task_success,Have the right arm take the block.,new,vlact/arm_select/arm_select_ep500023_result.json,e9ae5b98f81d587b1c0064500e8c945c9ab6d6c0804da6b50ed8a6a4064ce365
vlact,arm_select,12,500024,left,success,1,69,400,task_success,Employ the left arm to lift the block.,new,vlact/arm_select/arm_select_ep500024_result.json,05ce4acfce60a1790fd186d47b76ede0cfd47cbcbb431a862a90035ed2a44e15
vlact,arm_select,12,500025,right,success,1,74,400,task_success,Employ the right arm to lift the block.,new,vlact/arm_select/arm_select_ep500025_result.json,07082b1a9afd5d1ee2ad44ea0a14d03ed896423a8b74ffc9d58ef3a5ded32ed5
vlact,arm_select,13,500026,left,failure,0,400,400,action_limit,Use the left arm to retrieve the block.,new,vlact/arm_select/arm_select_ep500026_result.json,bcdfbea8f53eae4769584c81b0bfbeb7075cfd33b1426f4eed6dd7fcd6aafaf5
vlact,arm_select,13,500027,right,success,1,72,400,task_success,Use the right arm to retrieve the block.,new,vlact/arm_select/arm_select_ep500027_result.json,3c6b95f2592a23c9521e5533ca063f468f8c21c89bbdf101636655ef76c74604
vlact,arm_select,14,500028,left,success,1,78,400,task_success,Pick up the block carefully with the left arm.,new,vlact/arm_select/arm_select_ep500028_result.json,90ba7334af9b9c57bfaf54af8b27a1c974545ffdc8e0f3114ca19f1e42c6f417
vlact,arm_select,14,500029,right,success,1,94,400,task_success,Pick up the block carefully with the right arm.,new,vlact/arm_select/arm_select_ep500029_result.json,65d40497193c15cadaa38e2b3e8fea162464eb62f6bc5e608754037212987f4a
vlact,arm_select,15,500030,left,success,1,93,400,task_success,Collect the block using the left arm.,new,vlact/arm_select/arm_select_ep500030_result.json,6f1e96c9a79137804ac2099447899cc514d4487ab72a31bfd86993d722f9e052
vlact,arm_select,15,500031,right,failure,0,400,400,action_limit,Collect the block using the right arm.,new,vlact/arm_select/arm_select_ep500031_result.json,38ddf5443bd08eb1ee282d574acf5e2c1f787a3bb2919a272c18e548acdddc6f
vlact,arm_select,16,500032,left,success,1,82,400,task_success,Let the left arm grab the block.,new,vlact/arm_select/arm_select_ep500032_result.json,3c0a196c72553d7ba8e171244132135e8a76305f12c632b9631300f674f87ca4
vlact,arm_select,16,500033,right,failure,0,400,400,action_limit,Let the right arm grab the block.,new,vlact/arm_select/arm_select_ep500033_result.json,34e028de68f1be8ec409e193bfb581bfe30fec1b11fab853633971684a122c66
vlact,arm_select,17,500034,left,success,1,75,400,task_success,Use the left arm to hold the block.,new,vlact/arm_select/arm_select_ep500034_result.json,b5b41692e73e57076034fa24a0e665ac91f668f8d8bd6af2da59a1c7bf9b0633
vlact,arm_select,17,500035,right,failure,0,400,400,action_limit,Use the right arm to hold the block.,new,vlact/arm_select/arm_select_ep500035_result.json,05eed085386979794164a47ec7be28ad5ba6410c460254d6941212b624099b2e
vlact,arm_select,18,500036,left,success,1,371,400,task_success,Have the left arm take the block.,new,vlact/arm_select/arm_select_ep500036_result.json,e177dc2346bd893a89a3ecc9d78f9ea42fa85fae8cfd1010364ee12c79ec40e2
vlact,arm_select,18,500037,right,success,1,202,400,task_success,Have the right arm take the block.,new,vlact/arm_select/arm_select_ep500037_result.json,e72ec3751e58a951e51222c8ce0271bd811df36f75c04e6bb5f7cdd80b524a01
vlact,arm_select,19,500038,left,success,1,95,400,task_success,"With the left arm, grab the block.",new,vlact/arm_select/arm_select_ep500038_result.json,a69a727ff40db23ab6c25a7b8a811251b53f37b0d49eb706fdbdf38fb3286b7a
vlact,arm_select,19,500039,right,success,1,75,400,task_success,"With the right arm, grab the block.",new,vlact/arm_select/arm_select_ep500039_result.json,9b27215d846008cb987127317fdcfceaf2cb961f39a13d8a5079b378bc06711b
vlact,stack_sequence,0,100008,red>green>blue,success,1,413,1200,task_success,"Put red block down, green block on red block, blue block on green block.",reused,vlact/stack_sequence/stack_sequence_ep100008_result.json,b5d79811246cf71f9c5b105187be5c707f788b1b5c8e5311fb27bd6ef5d3cf1d
vlact,stack_sequence,0,100009,red>blue>green,failure,0,1200,1200,action_limit,Stack green block over blue block and blue block over red block.,reused,vlact/stack_sequence/stack_sequence_ep100009_result.json,fc80820c3b85a1facf8269f55fb2a17faec64149b67933ffb92329a969bf48ee
vlact,stack_sequence,0,100010,green>red>blue,failure,0,1200,1200,action_limit,"From the bottom up: green block, then red block, then blue block.",reused,vlact/stack_sequence/stack_sequence_ep100010_result.json,e93d4a26a6401ce2e49f7185545c9d2f11645b9a3e8b8b5043ae0be631c7bc88
vlact,stack_sequence,0,100011,green>blue>red,failure,0,1200,1200,action_limit,"Bottom to top, the order is green block, blue block, red block.",reused,vlact/stack_sequence/stack_sequence_ep100011_result.json,abd74e5c3d7673b422681f9809a1fc2c9995ff55c2d37f6fce153304e2496501
vlact,stack_sequence,0,100012,blue>red>green,failure,0,1200,1200,action_limit,"Place blue block at the base, add red block, and top it with green block.",reused,vlact/stack_sequence/stack_sequence_ep100012_result.json,e4fd6cfaf359f64b7f860ce58f960b110af901d46325cba6fab26f52d0e730dd
vlact,stack_sequence,0,100013,blue>green>red,failure,0,1200,1200,action_limit,"First set blue block, then green block, then red block at the very top.",reused,vlact/stack_sequence/stack_sequence_ep100013_result.json,a859a13e4b8d236dc43290c13d106d2d47df890d184b3c8d53630587c553b270
vlact,stack_sequence,1,100014,red>green>blue,success,1,431,1200,task_success,"First set red block, then green block, then blue block at the very top.",reused,vlact/stack_sequence/stack_sequence_ep100014_result.json,a8771fd4dcb784f2b9d909ec4024e41ede9f08fd802ab9f4500bbbcdad6d6402
vlact,stack_sequence,1,100015,red>blue>green,failure,0,1200,1200,action_limit,"From the bottom up: red block, then blue block, then green block.",reused,vlact/stack_sequence/stack_sequence_ep100015_result.json,c50930dcb4779568bfcfd1d3fc6ad0899215eaca77e051b1c75921f943ac2f07
vlact,stack_sequence,1,100016,green>red>blue,failure,0,1200,1200,action_limit,"Build a column: green block lowest, then red block, then blue block on top.",reused,vlact/stack_sequence/stack_sequence_ep100016_result.json,9dce4d891ac4668fcadcfca4899c684f9a2cb318c284acf2ee541b87b38d75fd
vlact,stack_sequence,1,100017,green>blue>red,success,1,413,1200,task_success,"Put green block down, blue block on green block, red block on blue block.",reused,vlact/stack_sequence/stack_sequence_ep100017_result.json,29817f0aa0fca281332f905bf9b9d02b21c0b760fec7168b525a02dcaa6e3990
vlact,stack_sequence,1,100018,blue>red>green,failure,0,1200,1200,action_limit,"From the bottom up: blue block, then red block, then green block.",reused,vlact/stack_sequence/stack_sequence_ep100018_result.json,5fe0775f346e6ee9d43926d199bc91e094cb417777866b54203ac69e4881b2e0
vlact,stack_sequence,1,100019,blue>green>red,failure,0,1200,1200,action_limit,"Rest green block on blue block, then rest red block on green block.",reused,vlact/stack_sequence/stack_sequence_ep100019_result.json,6035ad7523a3e21281118752a01b67105f7e5a0f880dae9380c7e158fd7d8ff1
vlact,stack_sequence,2,100020,red>green>blue,failure,0,1200,1200,action_limit,"Lay red block first, green block second, blue block third, each on the last.",reused,vlact/stack_sequence/stack_sequence_ep100020_result.json,a6d938f9a9aa9add537302a8f6e65095ddc4b0334cb5d74e09eebcb4510ce4df
vlact,stack_sequence,2,100021,red>blue>green,failure,0,1200,1200,action_limit,"Order the tower red block, blue block, green block from bottom to top.",reused,vlact/stack_sequence/stack_sequence_ep100021_result.json,424fb3afb66d8027384989d3d5c184bf5dac8a8c3507bfd96c627b70c15bdd70
vlact,stack_sequence,2,100022,green>red>blue,success,1,414,1200,task_success,"Put green block down, red block on green block, blue block on red block.",reused,vlact/stack_sequence/stack_sequence_ep100022_result.json,2f1f5712ee7dc5160352c6ec14026a6832bc4333d13b48be00dba9916cc249c6
vlact,stack_sequence,2,100023,green>blue>red,success,1,433,1200,task_success,"Place green block at the base, add blue block, and top it with red block.",reused,vlact/stack_sequence/stack_sequence_ep100023_result.json,e843e391ffbfbe10963c2831031985919ed56d7c4915ee453df533ebfc9ba5da
vlact,stack_sequence,2,100024,blue>red>green,failure,0,1200,1200,action_limit,"Place blue block at the base, add red block, and top it with green block.",reused,vlact/stack_sequence/stack_sequence_ep100024_result.json,3be148507e700e350aa71b4157bda2e1fc75a9ec09d4d15ef57b2b99f372bd40
vlact,stack_sequence,2,100025,blue>green>red,failure,0,1200,1200,action_limit,"First set blue block, then green block, then red block at the very top.",reused,vlact/stack_sequence/stack_sequence_ep100025_result.json,99b688b342968cd6203438e99901d6e49ff88bd322b16fdc7ac6dc78cef08be6
vlact,stack_sequence,3,100026,red>green>blue,failure,0,1200,1200,action_limit,"From the bottom up: red block, then green block, then blue block.",reused,vlact/stack_sequence/stack_sequence_ep100026_result.json,88f92e04de072f1982c47ef434fc7639c59fdaf9107270bee9e4ca98bfd58fa5
vlact,stack_sequence,3,100027,red>blue>green,failure,0,1200,1200,action_limit,"Put red block down, blue block on red block, green block on blue block.",reused,vlact/stack_sequence/stack_sequence_ep100027_result.json,fcc46ebde6b9eef4b1cfd34f6629655973e260df773d8ad904562168acf6862f
vlact,stack_sequence,3,100028,green>red>blue,failure,0,1200,1200,action_limit,"Bottom to top, the order is green block, red block, blue block.",reused,vlact/stack_sequence/stack_sequence_ep100028_result.json,617722d2cf7694c8e29357b7a717f58015082695d263f84e3d5a78856bc20fc6
vlact,stack_sequence,3,100029,green>blue>red,failure,0,1200,1200,action_limit,"Lay green block first, blue block second, red block third, each on the last.",reused,vlact/stack_sequence/stack_sequence_ep100029_result.json,ade7b2ddce46cb6d8955adf6dc6a154a6663c474bbbe18926bedadf2bbd90c7a
vlact,stack_sequence,3,100030,blue>red>green,failure,0,1200,1200,action_limit,"Put blue block down, red block on blue block, green block on red block.",reused,vlact/stack_sequence/stack_sequence_ep100030_result.json,48f26421b6e4f122e40692a2b5a717c12f2c95846400d4bf80ed77200d50573e
vlact,stack_sequence,3,100031,blue>green>red,failure,0,1200,1200,action_limit,Stack red block over green block and green block over blue block.,reused,vlact/stack_sequence/stack_sequence_ep100031_result.json,323f50bb4eb9dcc5df9965202c5fefc63ab6fcb60b5244bfaa6d59a19c941882
vlact,stack_sequence,4,100032,red>green>blue,failure,0,1200,1200,action_limit,"From the bottom up: red block, then green block, then blue block.",reused,vlact/stack_sequence/stack_sequence_ep100032_result.json,f95f16875ae1bad63ee04d517f74260994a81cc5b099ce2ffd4f332a6bda4803
vlact,stack_sequence,4,100033,red>blue>green,failure,0,1200,1200,action_limit,"Order the tower red block, blue block, green block from bottom to top.",reused,vlact/stack_sequence/stack_sequence_ep100033_result.json,2bc9c53f0413f646055ea17571e6b005797601cbf6d1badbe31446cc71ffe89d
vlact,stack_sequence,4,100034,green>red>blue,failure,0,1200,1200,action_limit,"Rest red block on green block, then rest blue block on red block.",reused,vlact/stack_sequence/stack_sequence_ep100034_result.json,3463e8a9507b1f841a3e0ab51e7e67e0aaa02c8c9b44efc136b44f0b93aadc3d
vlact,stack_sequence,4,100035,green>blue>red,failure,0,1200,1200,action_limit,"Build a column: green block lowest, then blue block, then red block on top.",reused,vlact/stack_sequence/stack_sequence_ep100035_result.json,fb06e5f61ea8f335a6ee7334d7e7dd7a2cf7dcb6d8e756f8a9cb04ca6df7e4e6
vlact,stack_sequence,4,100036,blue>red>green,failure,0,1200,1200,action_limit,"Lay blue block first, red block second, green block third, each on the last.",reused,vlact/stack_sequence/stack_sequence_ep100036_result.json,91f6fb267390287ebc979338720c6e57cdb4c1f593a135463253baa46404598b
vlact,stack_sequence,4,100037,blue>green>red,failure,0,1200,1200,action_limit,"Bottom to top, the order is blue block, green block, red block.",reused,vlact/stack_sequence/stack_sequence_ep100037_result.json,299961a94e8df90904c14884d077570c274eac8a60c20207ab6b1174dc7fd592
vlact,stack_sequence,5,100038,red>green>blue,failure,0,1200,1200,action_limit,Stack blue block over green block and green block over red block.,reused,vlact/stack_sequence/stack_sequence_ep100038_result.json,563ff6822d939bab8a0ef90b84b8e3e753b082a033ec434b363793fe16210e85
vlact,stack_sequence,5,100039,red>blue>green,failure,0,1200,1200,action_limit,"Build a column: red block lowest, then blue block, then green block on top.",reused,vlact/stack_sequence/stack_sequence_ep100039_result.json,cd6ca3a06b36cf452d1d8e27dfe6097ca14d3b687b29e2c6e0e7547b1f386901
vlact,stack_sequence,5,100040,green>red>blue,failure,0,1200,1200,action_limit,"Bottom to top, the order is green block, red block, blue block.",reused,vlact/stack_sequence/stack_sequence_ep100040_result.json,3564729ec1ca6c30d04d6be4a32a7471ff6eebbeab49ff9654af5ccee2249e3a
vlact,stack_sequence,5,100041,green>blue>red,failure,0,1200,1200,action_limit,"Order the tower green block, blue block, red block from bottom to top.",reused,vlact/stack_sequence/stack_sequence_ep100041_result.json,3261ce6fbb149f43d171c5a59a2c350affdd8fb1b7ae9499027210c90a05a59f
vlact,stack_sequence,5,100042,blue>red>green,failure,0,1200,1200,action_limit,Stack green block over red block and red block over blue block.,reused,vlact/stack_sequence/stack_sequence_ep100042_result.json,ee34cb478e41b00d07197e7ad4946a98c84ae7efd494db458401aa608d0caea5
vlact,stack_sequence,5,100043,blue>green>red,success,1,429,1200,task_success,"Place blue block at the base, add green block, and top it with red block.",reused,vlact/stack_sequence/stack_sequence_ep100043_result.json,d660310fd4d946ab771018586c827feafb45af3218664258c72544a7408cddf7
vlact,stack_sequence,6,100050,red>green>blue,success,1,429,1200,task_success,"Put red block down, green block on red block, blue block on green block.",reused,vlact/stack_sequence/stack_sequence_ep100050_result.json,a222a3be8b690593a3edad0b9367cf4a265b0a69373882b3f1ca1e2314d5c6a4
vlact,stack_sequence,6,100051,red>blue>green,failure,0,1200,1200,action_limit,"Rest blue block on red block, then rest green block on blue block.",reused,vlact/stack_sequence/stack_sequence_ep100051_result.json,fe6950fa753da725ca926a67f5aaa3b4947fbc2197385c9c7e6d74c3ec279cd7
vlact,stack_sequence,6,100052,green>red>blue,failure,0,1200,1200,action_limit,"Bottom to top, the order is green block, red block, blue block.",reused,vlact/stack_sequence/stack_sequence_ep100052_result.json,45fc694a56ea6a70190ec11d2e08bdbc70ba7103f521d330c1fe0e1725ca49b6
vlact,stack_sequence,6,100053,green>blue>red,failure,0,1200,1200,action_limit,"Bottom to top, the order is green block, blue block, red block.",reused,vlact/stack_sequence/stack_sequence_ep100053_result.json,3634882b6eed1042a5a3f7b6945058d1128a9851da48df93366425d75c2428fa
vlact,stack_sequence,6,100054,blue>red>green,failure,0,1200,1200,action_limit,"First set blue block, then red block, then green block at the very top.",reused,vlact/stack_sequence/stack_sequence_ep100054_result.json,8db9bd8c0e9dbaeb91e94e11cae3e677849663cb81372493bfa332c4b8fdd1a2
vlact,stack_sequence,6,100055,blue>green>red,success,1,427,1200,task_success,"Put blue block down, green block on blue block, red block on green block.",reused,vlact/stack_sequence/stack_sequence_ep100055_result.json,f974828ba891b7499b471a1f291925529deb280ae05c52d67d356c71dc1f3609
vlact,stack_sequence,7,100062,red>green>blue,success,1,432,1200,task_success,"Put red block down, green block on red block, blue block on green block.",reused,vlact/stack_sequence/stack_sequence_ep100062_result.json,0b5157e2ddd1c85fb3f859f6966ac99019cfdf46cbce63b9b359f3c5762c858c
vlact,stack_sequence,7,100063,red>blue>green,failure,0,1200,1200,action_limit,"Order the tower red block, blue block, green block from bottom to top.",reused,vlact/stack_sequence/stack_sequence_ep100063_result.json,09eff59d3d8db1dbfd12e4ae8563ea8213a1e2d5dc30b74d706bffa5863dbee4
vlact,stack_sequence,7,100064,green>red>blue,failure,0,1200,1200,action_limit,"Rest red block on green block, then rest blue block on red block.",reused,vlact/stack_sequence/stack_sequence_ep100064_result.json,e1a55c7ff03bb73f1cd681221da5e1e1f0169fae892098088d7a174716f785bf
vlact,stack_sequence,7,100065,green>blue>red,failure,0,1200,1200,action_limit,"Build a column: green block lowest, then blue block, then red block on top.",reused,vlact/stack_sequence/stack_sequence_ep100065_result.json,0bb9669cae9dc55ebf6af8d7f927f9617ac43fc2a149cbd156019801d8c00e9c
vlact,stack_sequence,7,100066,blue>red>green,failure,0,1200,1200,action_limit,"Put blue block down, red block on blue block, green block on red block.",reused,vlact/stack_sequence/stack_sequence_ep100066_result.json,7f1ea0973f3341a5f34055db027a2bcf3af0ad5f779395e0a22022313a3b1fe3
vlact,stack_sequence,7,100067,blue>green>red,failure,0,1200,1200,action_limit,"Order the tower blue block, green block, red block from bottom to top.",reused,vlact/stack_sequence/stack_sequence_ep100067_result.json,842735e5a74a0e4944fa74dc4ca5d50ae16d8d0673c8fc53cd18c1d5dd7ac630
vlact,stack_sequence,8,100068,red>green>blue,failure,0,1200,1200,action_limit,"From the bottom up: red block, then green block, then blue block.",reused,vlact/stack_sequence/stack_sequence_ep100068_result.json,c4850617d06c03c4b7f687251d8dcb6709aac5f783b4f2fb03084a35df01357e
vlact,stack_sequence,8,100069,red>blue>green,failure,0,1200,1200,action_limit,"Build a column: red block lowest, then blue block, then green block on top.",reused,vlact/stack_sequence/stack_sequence_ep100069_result.json,8c02fba23296b47ac88ee69f4c1d1fbb686da5a6ea973941b4712238f4aca7ef
vlact,stack_sequence,8,100070,green>red>blue,failure,0,1200,1200,action_limit,"Lay green block first, red block second, blue block third, each on the last.",reused,vlact/stack_sequence/stack_sequence_ep100070_result.json,3f55ec27949a81c75f2121d93e9b30f12f7a1e4e52c3332dcdd1979b4a31dbce
vlact,stack_sequence,8,100071,green>blue>red,failure,0,1200,1200,action_limit,"Rest blue block on green block, then rest red block on blue block.",reused,vlact/stack_sequence/stack_sequence_ep100071_result.json,5e9951d6a5f44c5cc388a6c34129a1002479cec7367a743b43a8a99afcec0f88
vlact,stack_sequence,8,100072,blue>red>green,failure,0,1200,1200,action_limit,"Lay blue block first, red block second, green block third, each on the last.",reused,vlact/stack_sequence/stack_sequence_ep100072_result.json,58399660e2e6ac7c57105ba7ea3d2125ff870976ac5620f3a50fc64add6bd4cd
vlact,stack_sequence,8,100073,blue>green>red,failure,0,1200,1200,action_limit,"First set blue block, then green block, then red block at the very top.",reused,vlact/stack_sequence/stack_sequence_ep100073_result.json,b1906e29f31159b3b14cf5478b387e1a04d6ae649255ba3f6806bfabf75e60f2
vlact,stack_sequence,9,100080,red>green>blue,success,1,697,1200,task_success,"Build a column: red block lowest, then green block, then blue block on top.",reused,vlact/stack_sequence/stack_sequence_ep100080_result.json,1c13209a12c5c1246c5ce710bf1e13dec70e92f3f90d0973adb1661fd6eb4d11
vlact,stack_sequence,9,100081,red>blue>green,failure,0,1200,1200,action_limit,Stack green block over blue block and blue block over red block.,reused,vlact/stack_sequence/stack_sequence_ep100081_result.json,710d44ffb2d261135d31733c26b7c711e83670d1ed60c434895a673e3546cae9
vlact,stack_sequence,9,100082,green>red>blue,failure,0,1200,1200,action_limit,Stack blue block over red block and red block over green block.,reused,vlact/stack_sequence/stack_sequence_ep100082_result.json,f76e657d38e2ee935819c09349d71fdae20bcc5eb7869d29e3fb0278a7966678
vlact,stack_sequence,9,100083,green>blue>red,failure,0,1200,1200,action_limit,"Lay green block first, blue block second, red block third, each on the last.",reused,vlact/stack_sequence/stack_sequence_ep100083_result.json,3b9036dc96b2f4e31b7e3b8dc16c5a9d6a5b94d995b1c117e20e60014b7fc93b
vlact,stack_sequence,9,100084,blue>red>green,failure,0,1200,1200,action_limit,"Rest red block on blue block, then rest green block on red block.",reused,vlact/stack_sequence/stack_sequence_ep100084_result.json,e2ef337e5f6eee6d7957d1d5d2e9199d0704b90085eb60e9ca7f6f568006a163
vlact,stack_sequence,9,100085,blue>green>red,failure,0,1200,1200,action_limit,"Place blue block at the base, add green block, and top it with red block.",reused,vlact/stack_sequence/stack_sequence_ep100085_result.json,dabfc2c65f4c4a39a15d3310542abdac8c89f5792daa61683afbc396569213b5
vlact,stack_sequence,10,100092,red>green>blue,failure,0,1200,1200,action_limit,"Rest green block on red block, then rest blue block on green block.",reused,vlact/stack_sequence/stack_sequence_ep100092_result.json,5a34a083bdc8c596d0c35f0b528a5af443fb3c93bcb1a518c0c9903d7375f1aa
vlact,stack_sequence,10,100093,red>blue>green,failure,0,1200,1200,action_limit,"Rest blue block on red block, then rest green block on blue block.",reused,vlact/stack_sequence/stack_sequence_ep100093_result.json,6ae602636606cc1c4e74591bbdd31967a177a6236b085b94e71f9bef5b2e4141
vlact,stack_sequence,10,100094,green>red>blue,failure,0,1200,1200,action_limit,"Rest red block on green block, then rest blue block on red block.",reused,vlact/stack_sequence/stack_sequence_ep100094_result.json,f3322a423808fb2a2ca751f8e26818ff38678443ea2374416ba2732913367925
vlact,stack_sequence,10,100095,green>blue>red,failure,0,1200,1200,action_limit,"Rest blue block on green block, then rest red block on blue block.",reused,vlact/stack_sequence/stack_sequence_ep100095_result.json,c75b45574486e72d42206757233cfd5c6276d3c32b808182f0474cbd9e0ca1f5
vlact,stack_sequence,10,100096,blue>red>green,failure,0,1200,1200,action_limit,"Lay blue block first, red block second, green block third, each on the last.",reused,vlact/stack_sequence/stack_sequence_ep100096_result.json,5e18604393448c5431373f51329b46549d64310ab8d3bcd88dbac9452fa8f0a4
vlact,stack_sequence,10,100097,blue>green>red,failure,0,1200,1200,action_limit,"Rest green block on blue block, then rest red block on green block.",reused,vlact/stack_sequence/stack_sequence_ep100097_result.json,bae4c3fb221843b43f8ef43476a15d485aec81598f06526c2f76a3be516452c4
vlact,stack_sequence,11,100098,red>green>blue,success,1,404,1200,task_success,"Rest green block on red block, then rest blue block on green block.",reused,vlact/stack_sequence/stack_sequence_ep100098_result.json,354bd50797e244ebcd27742df2494ff702a24e512cf351dbeed1deb76bf64fb7
vlact,stack_sequence,11,100099,red>blue>green,failure,0,1200,1200,action_limit,"Order the tower red block, blue block, green block from bottom to top.",reused,vlact/stack_sequence/stack_sequence_ep100099_result.json,03e84aee0930bf0ae79c6ca78a2d56b3f3409638c8dacf70a5d9d76942881830
vlact,stack_sequence,11,100100,green>red>blue,failure,0,1200,1200,action_limit,"Put green block down, red block on green block, blue block on red block.",reused,vlact/stack_sequence/stack_sequence_ep100100_result.json,b6bcc42fa01643669a3d98ac298e5217759e30882e451f87ca8750377dfa19fc
vlact,stack_sequence,11,100101,green>blue>red,failure,0,1200,1200,action_limit,"Lay green block first, blue block second, red block third, each on the last.",reused,vlact/stack_sequence/stack_sequence_ep100101_result.json,256d0d1a6d7a8af57c8ea03cb3bc19fe01d522face8eb8d9e8bf49708e73c291
vlact,stack_sequence,11,100102,blue>red>green,failure,0,1200,1200,action_limit,"Rest red block on blue block, then rest green block on red block.",reused,vlact/stack_sequence/stack_sequence_ep100102_result.json,5560666d61361207bfc539f73f5c564e73fb95c33b4cdd8b5b26888decf00fbb
vlact,stack_sequence,11,100103,blue>green>red,failure,0,1200,1200,action_limit,Stack red block over green block and green block over blue block.,reused,vlact/stack_sequence/stack_sequence_ep100103_result.json,a9383ff75ab07b110df51c0d58b4c3be42dd519d79ca0d7afe4da76f5a59c0b3
vlact,stack_sequence,12,100104,red>green>blue,failure,0,1200,1200,action_limit,"Bottom to top, the order is red block, green block, blue block.",reused,vlact/stack_sequence/stack_sequence_ep100104_result.json,b3cdd86f2261515d0eb271d6c352dddec10c87fc2bb6d45e648b6b03df9a1789
vlact,stack_sequence,12,100105,red>blue>green,failure,0,1200,1200,action_limit,"Rest blue block on red block, then rest green block on blue block.",reused,vlact/stack_sequence/stack_sequence_ep100105_result.json,410fb889122bec4fb0959eabf23e5b4c97392e952eccacd8ace2c5639767c222
vlact,stack_sequence,12,100106,green>red>blue,failure,0,1200,1200,action_limit,"From the bottom up: green block, then red block, then blue block.",reused,vlact/stack_sequence/stack_sequence_ep100106_result.json,b34a5e7b5131cd2eeeaae9ef247b0738e62b8c27fcff130d9fe648b8bd798653
vlact,stack_sequence,12,100107,green>blue>red,failure,0,1200,1200,action_limit,"First set green block, then blue block, then red block at the very top.",reused,vlact/stack_sequence/stack_sequence_ep100107_result.json,87303b832b316c5ac09af5bf6b000a068ba2dcd75d5c075e7f2e01e9e557f6da
vlact,stack_sequence,12,100108,blue>red>green,failure,0,1200,1200,action_limit,"Put blue block down, red block on blue block, green block on red block.",reused,vlact/stack_sequence/stack_sequence_ep100108_result.json,0cbeea67888652ef06bd06c1f0acd5f4b5ae8a5d7c11436f265f615dc91a8902
vlact,stack_sequence,12,100109,blue>green>red,failure,0,1200,1200,action_limit,"Build a column: blue block lowest, then green block, then red block on top.",reused,vlact/stack_sequence/stack_sequence_ep100109_result.json,b52071fff12c84af59a782f901386f48e710d73196df75657462a95546c19519
vlact,stack_sequence,13,100110,red>green>blue,success,1,447,1200,task_success,"Place red block at the base, add green block, and top it with blue block.",reused,vlact/stack_sequence/stack_sequence_ep100110_result.json,e06d5f16afc781551edc679284c74f461bbaf33ff21dad24673817076ac01c84
vlact,stack_sequence,13,100111,red>blue>green,failure,0,1200,1200,action_limit,Stack green block over blue block and blue block over red block.,reused,vlact/stack_sequence/stack_sequence_ep100111_result.json,933e50b0c1b207603714955f3c0cd613681f9b2f3172c8c2879e3ec2140e2754
vlact,stack_sequence,13,100112,green>red>blue,failure,0,1200,1200,action_limit,"Put green block down, red block on green block, blue block on red block.",reused,vlact/stack_sequence/stack_sequence_ep100112_result.json,ae48f3edc7b366247abfaf3845cf5c65f9530ba8488fb16dc60759c6d27e359f
vlact,stack_sequence,13,100113,green>blue>red,failure,0,1200,1200,action_limit,"Lay green block first, blue block second, red block third, each on the last.",reused,vlact/stack_sequence/stack_sequence_ep100113_result.json,85d97c961d98a98a07525c1f6ba2e39ba078ac1013f24dadbd09cc23b525bda7
vlact,stack_sequence,13,100114,blue>red>green,failure,0,1200,1200,action_limit,"Place blue block at the base, add red block, and top it with green block.",reused,vlact/stack_sequence/stack_sequence_ep100114_result.json,93f8e0b8dc9fc72e8f6705edd9039c80f5ca29fc89166ebd54516f328460d804
vlact,stack_sequence,13,100115,blue>green>red,failure,0,1200,1200,action_limit,"First set blue block, then green block, then red block at the very top.",reused,vlact/stack_sequence/stack_sequence_ep100115_result.json,15c47a5e1b6be8e0e002d06a263a0657d6bf18243f291d6a33e4bd9850d9f6fc
vlact,stack_sequence,14,100116,red>green>blue,success,1,429,1200,task_success,"Place red block at the base, add green block, and top it with blue block.",reused,vlact/stack_sequence/stack_sequence_ep100116_result.json,46812a0d4a97bbacad643c015686e9889e25504229d111e822e6872ec5e1168c
vlact,stack_sequence,14,100117,red>blue>green,failure,0,1200,1200,action_limit,"Build a column: red block lowest, then blue block, then green block on top.",reused,vlact/stack_sequence/stack_sequence_ep100117_result.json,8923e0277827af6775b41f39317611119894f5a107ca876991ccc62c1806a66a
vlact,stack_sequence,14,100118,green>red>blue,failure,0,1200,1200,action_limit,"Build a column: green block lowest, then red block, then blue block on top.",reused,vlact/stack_sequence/stack_sequence_ep100118_result.json,2df0c6b931baf049262269fd240a32b3818fab0666ecf3214dc19e6510808cd1
vlact,stack_sequence,14,100119,green>blue>red,failure,0,1200,1200,action_limit,Stack red block over blue block and blue block over green block.,reused,vlact/stack_sequence/stack_sequence_ep100119_result.json,43cea61ce061b371aaa7fd4256f0253acf481fefa58541b78f232196fcee1349
vlact,stack_sequence,14,100120,blue>red>green,failure,0,1200,1200,action_limit,"Order the tower blue block, red block, green block from bottom to top.",reused,vlact/stack_sequence/stack_sequence_ep100120_result.json,5493a7655707de462b63c54d1b7d8d9307383f99c6f6c91f6b6d65b46e92fa9c
vlact,stack_sequence,14,100121,blue>green>red,failure,0,1200,1200,action_limit,"Order the tower blue block, green block, red block from bottom to top.",reused,vlact/stack_sequence/stack_sequence_ep100121_result.json,3b2e857d2befdd5e07399051d2e0330bc3efd03a442306dbae0c80a611fae4b1
vlact,stack_sequence,15,100140,red>green>blue,success,1,447,1200,task_success,"Rest green block on red block, then rest blue block on green block.",reused,vlact/stack_sequence/stack_sequence_ep100140_result.json,08a9beed379e989be1ad5cef6b23beff012a65639464d00c5e1cd735d53bf62e
vlact,stack_sequence,15,100141,red>blue>green,failure,0,1200,1200,action_limit,"Place red block at the base, add blue block, and top it with green block.",reused,vlact/stack_sequence/stack_sequence_ep100141_result.json,f0e7c44285dd0528d2df42cf587e70d689e66eb35f6d1f02f7325936daa54d00
vlact,stack_sequence,15,100142,green>red>blue,failure,0,1200,1200,action_limit,"Put green block down, red block on green block, blue block on red block.",reused,vlact/stack_sequence/stack_sequence_ep100142_result.json,0a4ab238409e947eadccf2509b2484ce5844eb061d31c8e5a2cde7a85fa2b30a
vlact,stack_sequence,15,100143,green>blue>red,failure,0,1200,1200,action_limit,"Bottom to top, the order is green block, blue block, red block.",reused,vlact/stack_sequence/stack_sequence_ep100143_result.json,e7025a340f7d0c0c9a4448478be13ddc0585485dd1d6f312aee6f70e2289c370
vlact,stack_sequence,15,100144,blue>red>green,failure,0,1200,1200,action_limit,"First set blue block, then red block, then green block at the very top.",reused,vlact/stack_sequence/stack_sequence_ep100144_result.json,3d9471f121094bdb662435a38e7218b55a622274ade9d69ed91cffbc1c1211ac
vlact,stack_sequence,15,100145,blue>green>red,failure,0,1200,1200,action_limit,"Lay blue block first, green block second, red block third, each on the last.",reused,vlact/stack_sequence/stack_sequence_ep100145_result.json,384566b80f9c0e0388071eaaab796e48b4d345de48dd2f4542c210e9749b1ba2
vlact,stack_sequence,16,100146,red>green>blue,failure,0,1200,1200,action_limit,"From the bottom up: red block, then green block, then blue block.",reused,vlact/stack_sequence/stack_sequence_ep100146_result.json,da9634649fbf031561244ea77ef3e8bd34384065db3452055308684df868b4f7
vlact,stack_sequence,16,100147,red>blue>green,failure,0,1200,1200,action_limit,Stack green block over blue block and blue block over red block.,reused,vlact/stack_sequence/stack_sequence_ep100147_result.json,be522997ae3294df4f3456b7e7de077a59751aee4b92516e4dd49c49ed7b8e14
vlact,stack_sequence,16,100148,green>red>blue,failure,0,1200,1200,action_limit,"Lay green block first, red block second, blue block third, each on the last.",reused,vlact/stack_sequence/stack_sequence_ep100148_result.json,8be666100e71b6a5e93fab95a5301b3c157ea47d47557861c97bd3edd530fdaf
vlact,stack_sequence,16,100149,green>blue>red,failure,0,1200,1200,action_limit,"Build a column: green block lowest, then blue block, then red block on top.",reused,vlact/stack_sequence/stack_sequence_ep100149_result.json,5463d3038502d0eca33cda449419ae3da151052bfd6c06dfaffdcf9a02131bf4
vlact,stack_sequence,16,100150,blue>red>green,failure,0,1200,1200,action_limit,"Bottom to top, the order is blue block, red block, green block.",reused,vlact/stack_sequence/stack_sequence_ep100150_result.json,51df08781ecaa2245c759b4130d7421d5e1ae5515cc6e540cb04418b082a14fa
vlact,stack_sequence,16,100151,blue>green>red,failure,0,1200,1200,action_limit,"Place blue block at the base, add green block, and top it with red block.",reused,vlact/stack_sequence/stack_sequence_ep100151_result.json,ae0ef5255a891f72508e3dfe16aec802f9ba65cc7b482230bf284e67876db99d
vlact,stack_sequence,17,100152,red>green>blue,success,1,399,1200,task_success,"Place red block at the base, add green block, and top it with blue block.",reused,vlact/stack_sequence/stack_sequence_ep100152_result.json,8d660bd01f6d9f91d63c6a23f5bd2f485ceaf96f7a7b220cab1ab6944b9c98ac
vlact,stack_sequence,17,100153,red>blue>green,failure,0,1200,1200,action_limit,"Lay red block first, blue block second, green block third, each on the last.",reused,vlact/stack_sequence/stack_sequence_ep100153_result.json,5b8834f6fb5b5b6cefa8eb933303b1981befa87003b816b185467b4e9d352fb8
vlact,stack_sequence,17,100154,green>red>blue,failure,0,1200,1200,action_limit,Stack blue block over red block and red block over green block.,reused,vlact/stack_sequence/stack_sequence_ep100154_result.json,fa3bcd0f89b15572ea011c63146b8d5eebcc9a844aa6b955036b7203369e4185
vlact,stack_sequence,17,100155,green>blue>red,failure,0,1200,1200,action_limit,"From the bottom up: green block, then blue block, then red block.",reused,vlact/stack_sequence/stack_sequence_ep100155_result.json,d602763a79fc5b6061b3ed1aa358d529df825b2fc9c05ab613c4ff629bdf14cb
vlact,stack_sequence,17,100156,blue>red>green,failure,0,1200,1200,action_limit,"From the bottom up: blue block, then red block, then green block.",reused,vlact/stack_sequence/stack_sequence_ep100156_result.json,d46a07de99bb50f5e9605bea92954e81d8742d49c40b1fcdf036410f76aff4b1
vlact,stack_sequence,17,100157,blue>green>red,failure,0,1200,1200,action_limit,"Build a column: blue block lowest, then green block, then red block on top.",reused,vlact/stack_sequence/stack_sequence_ep100157_result.json,d0999dffbbcd414f7cd7f145804c12e4d02137edf7feeafbeb004d3eb43b610d
vlact,stack_sequence,18,100158,red>green>blue,failure,0,1200,1200,action_limit,"Bottom to top, the order is red block, green block, blue block.",reused,vlact/stack_sequence/stack_sequence_ep100158_result.json,15c28eaace51f14f96de95fd8860d467cd5966c08644dc0eeea37dbbf5432c2f
vlact,stack_sequence,18,100159,red>blue>green,failure,0,1200,1200,action_limit,"Order the tower red block, blue block, green block from bottom to top.",reused,vlact/stack_sequence/stack_sequence_ep100159_result.json,4182ddcb360008cf4b19293de0971468496104e88dabbbdee20b9f9920c3804c
vlact,stack_sequence,18,100160,green>red>blue,failure,0,1200,1200,action_limit,"Lay green block first, red block second, blue block third, each on the last.",reused,vlact/stack_sequence/stack_sequence_ep100160_result.json,e0afd2c1080e0a0d71d34c56592dcd92fbd09fa6c9ef38d0c98cc6f70ae22c5e
vlact,stack_sequence,18,100161,green>blue>red,failure,0,1200,1200,action_limit,"From the bottom up: green block, then blue block, then red block.",reused,vlact/stack_sequence/stack_sequence_ep100161_result.json,c92c3d3ea61761e6f42e65332d66fa784bdb71fcf9d6e32ae65bd59bd1f55fc3
vlact,stack_sequence,18,100162,blue>red>green,failure,0,1200,1200,action_limit,"Put blue block down, red block on blue block, green block on red block.",reused,vlact/stack_sequence/stack_sequence_ep100162_result.json,660f279d89b6dc34cb258c155dbdab0d6d19894bfd2dee93613b5c3e980a2253
vlact,stack_sequence,18,100163,blue>green>red,failure,0,1200,1200,action_limit,Stack red block over green block and green block over blue block.,reused,vlact/stack_sequence/stack_sequence_ep100163_result.json,38b2821e2ec0585ef744f63d5131adc8dbdea2ca867f619b69d0871acb689c48
vlact,stack_sequence,19,100170,red>green>blue,failure,0,1200,1200,action_limit,"First set red block, then green block, then blue block at the very top.",reused,vlact/stack_sequence/stack_sequence_ep100170_result.json,2a23db552a5018ced60ca78e2930847b39ac0a7b29b67c24f2f38f30ef638df5
vlact,stack_sequence,19,100171,red>blue>green,failure,0,1200,1200,action_limit,"From the bottom up: red block, then blue block, then green block.",reused,vlact/stack_sequence/stack_sequence_ep100171_result.json,4f3888f4501aedc5cd5fb94db3767a7973774ffbf6fac14d9482f6882347bebe
vlact,stack_sequence,19,100172,green>red>blue,failure,0,1200,1200,action_limit,"From the bottom up: green block, then red block, then blue block.",reused,vlact/stack_sequence/stack_sequence_ep100172_result.json,24abda3acea9682f56e409592fec7a8edf6a24f7bf7763b16f2ffa141e7def6a
vlact,stack_sequence,19,100173,green>blue>red,failure,0,1200,1200,action_limit,"Bottom to top, the order is green block, blue block, red block.",reused,vlact/stack_sequence/stack_sequence_ep100173_result.json,6a03b5b86f0f37152cc811cae031a9cab4a02244588d297d69625a7dd87c2371
vlact,stack_sequence,19,100174,blue>red>green,failure,0,1200,1200,action_limit,"Rest red block on blue block, then rest green block on red block.",reused,vlact/stack_sequence/stack_sequence_ep100174_result.json,956a30dbbae1cb368f30add347ee1a489ff4d71ee00b697e520c2344b23e8af7
vlact,stack_sequence,19,100175,blue>green>red,failure,0,1200,1200,action_limit,"Put blue block down, green block on blue block, red block on green block.",reused,vlact/stack_sequence/stack_sequence_ep100175_result.json,e8eece0388adbcdd7ae2db608320d08a2e945a601e232f130774f511d308f807
vlact,place_relative,0,100005,left,failure,0,400,400,action_limit,Grab the black remotecontrol and set it to the left of the red tea-box,reused,vlact/place_relative/place_relative_ep100005_result.json,fdefd74017beea2b029d8ca19f6e833a1e5790d27889ee8a0ff43d16f0b761cc
vlact,place_relative,0,100006,right,success,1,132,400,task_success,Grab the black remotecontrol and set it to the right of the red tea-box,reused,vlact/place_relative/place_relative_ep100006_result.json,93e2b9f09558cd3e3fed27a77348237c7326f832fdfe7fb15104dc7300c1e323
vlact,place_relative,0,100009,on_top,failure,0,400,400,action_limit,Grab the black remotecontrol and set it on top of the red tea-box,reused,vlact/place_relative/place_relative_ep100009_result.json,098826012fb9e0afb0ef2138e614cd821ff20b7d7855c5bb2b0def0720ea9f03
vlact,place_relative,1,100010,left,success,1,122,400,task_success,Pick up the red can and move it to the left of the red tea-box,reused,vlact/place_relative/place_relative_ep100010_result.json,8e23b521d117589db02a6bf30902f4f2778f791e21eceefaaf3412b5a68b0714
vlact,place_relative,1,100011,right,failure,0,400,400,action_limit,Pick up the red can and move it to the right of the red tea-box,reused,vlact/place_relative/place_relative_ep100011_result.json,ab3b28dd55b6d60139714dbcc1d3159991290f3cfc7d628e3b19b5c06a6c0384
vlact,place_relative,1,100014,on_top,failure,0,400,400,action_limit,Use the left arm to grab the red can and place it on top of the red tea-box,reused,vlact/place_relative/place_relative_ep100014_result.json,4c1ab16394ebb067566737555383ef679cb77f02bd6076e86af5e3ab2dabe9f7
vlact,place_relative,2,100015,left,success,1,129,400,task_success,Use the left arm to grab the blue soap and place it to the left of the red tea-box,reused,vlact/place_relative/place_relative_ep100015_result.json,65565496f228db5629df59c20552fc7c63c6b5b82f19459cf89ee8371516af6b
vlact,place_relative,2,100016,right,failure,0,400,400,action_limit,Lift the blue soap and set it to the right of the red tea-box,reused,vlact/place_relative/place_relative_ep100016_result.json,ca40f5fe3a20b16e6d0356b80e3baef82e1e77ea025a44807c924f783dd7776e
vlact,place_relative,2,100019,on_top,failure,0,400,400,action_limit,"Use the left arm to pick up the blue soap, set it on top of the red tea-box",reused,vlact/place_relative/place_relative_ep100019_result.json,d196fecc5d66fdb62fb2891bda52252008fb4518588c1a81b305c1c8884e4fc7
vlact,place_relative,3,100020,left,success,1,119,400,task_success,Lift the gray mouse and set it to the left of the brown coffee-box,reused,vlact/place_relative/place_relative_ep100020_result.json,c69a1e514b2df636bc53b6d3ef5335debef14e3b0bcdd2dbbc1af14330f52bd5
vlact,place_relative,3,100021,right,failure,0,400,400,action_limit,Use the left arm to grab the gray mouse and place it to the right of the brown coffee-box,reused,vlact/place_relative/place_relative_ep100021_result.json,077d34a8a79f8a7d0f559dd5e9dce18a6831272e2d96ddc9179cc4298780b9d4
vlact,place_relative,3,100024,on_top,failure,0,400,400,action_limit,Grab the gray mouse and set it on top of the brown coffee-box,reused,vlact/place_relative/place_relative_ep100024_result.json,3156d33d932020b2c5c61f6f41e9395220a065901e3784f07e7eb1218d3709d1
vlact,place_relative,4,100025,left,success,1,126,400,task_success,Pick up the green toycar and move it to the left of the brown coffee-box,reused,vlact/place_relative/place_relative_ep100025_result.json,db8b20ca05747b19571703edf05a2dc8b471464b54f698676ea8eb01da5dedfe
vlact,place_relative,4,100026,right,failure,0,400,400,action_limit,Pick up the green toycar and move it to the right of the brown coffee-box,reused,vlact/place_relative/place_relative_ep100026_result.json,8eec5498904fcfba8e3492c70a31741f472b7fb1b4c2987b59688b4824a4edee
vlact,place_relative,4,100029,on_top,failure,0,400,400,action_limit,Use the left arm to grab the green toycar and place it on top of the brown coffee-box,reused,vlact/place_relative/place_relative_ep100029_result.json,56190fe0ba9bd7fb1692ad7f1a28db17776157fc52b03f6657cb0854fe0804b0
vlact,place_relative,5,100030,left,failure,0,400,400,action_limit,Use the right arm to grab the red stapler and place it to the left of the brown coffee-box,reused,vlact/place_relative/place_relative_ep100030_result.json,d7c405f52218612b07709a6e5fba9a856064de156135dd0b1d4d6c294ddc22ce
vlact,place_relative,5,100031,right,failure,0,400,400,action_limit,"Use the right arm to pick up the red stapler, set it to the right of the brown coffee-box",reused,vlact/place_relative/place_relative_ep100031_result.json,413f928c0b87022ced43d045a2d9b57358e16f944fe4b99ec37f65ad16c89edf
vlact,place_relative,5,100034,on_top,failure,0,400,400,action_limit,Grab the red stapler and set it on top of the brown coffee-box,reused,vlact/place_relative/place_relative_ep100034_result.json,6d1370e500b7b613a16b64f4124c49cf170f24f8e2e71fc56ca6d0202b120b7f
vlact,place_relative,6,100040,left,success,1,124,400,task_success,Pick up the red can and move it to the left of the brown coffee-box,reused,vlact/place_relative/place_relative_ep100040_result.json,a88f33d98237e50e029cf5a63216457d29c5501aed601cd16e77a8049d227400
vlact,place_relative,6,100041,right,failure,0,400,400,action_limit,Relocate the red can to the right of the brown coffee-box,reused,vlact/place_relative/place_relative_ep100041_result.json,5cd90b624e9c34dd5ba39397e4bba89580533a5ff340b2a991298b99d72707fc
vlact,place_relative,6,100044,on_top,failure,0,400,400,action_limit,Relocate the red can on top of the brown coffee-box,reused,vlact/place_relative/place_relative_ep100044_result.json,8c7c3b919de9b1732b7681994cbeb1b0e3f9f0a27382346260e640a79f19f55e
vlact,place_relative,7,100045,left,success,1,137,400,task_success,Grab the blue soap and set it to the left of the brown coffee-box,reused,vlact/place_relative/place_relative_ep100045_result.json,41751378d538a39bf6b9dc7236428e3a2b589110c6c48d4259d9da65d517f783
vlact,place_relative,7,100046,right,failure,0,400,400,action_limit,"Use the left arm to pick up the blue soap, set it to the right of the brown coffee-box",reused,vlact/place_relative/place_relative_ep100046_result.json,8da257bef586bede29ceecfb86b2cdf121c4668e6a60af207595ca32bf6cd603
vlact,place_relative,7,100049,on_top,failure,0,400,400,action_limit,Lift the blue soap and set it on top of the brown coffee-box,reused,vlact/place_relative/place_relative_ep100049_result.json,b25603991fd303711d96ebac4c223bd0561b2361fb68ce1e7cf1405feedcb430
vlact,place_relative,8,100050,left,failure,0,400,400,action_limit,Use the right arm to grab the gray mouse and place it to the left of the red tea-box,reused,vlact/place_relative/place_relative_ep100050_result.json,af9267edc1c22cc281351d8587b71203583f6c85ca9492975f7a19ba1eb87fe4
vlact,place_relative,8,100051,right,success,1,119,400,task_success,Lift the gray mouse and set it to the right of the red tea-box,reused,vlact/place_relative/place_relative_ep100051_result.json,31eddd1635594759a8e09992214b0599c54d00a75ae4d086be65cc4369a7c681
vlact,place_relative,8,100054,on_top,failure,0,400,400,action_limit,Lift the gray mouse and set it on top of the red tea-box,reused,vlact/place_relative/place_relative_ep100054_result.json,b367d4bd25177594f2ad065832733360f845fee68fc36832bc22352411b6443b
vlact,place_relative,9,100055,left,success,1,119,400,task_success,Grab the green toycar and set it to the left of the red tea-box,reused,vlact/place_relative/place_relative_ep100055_result.json,df681bedb2c35e76abf0fc43d003985d5a079e7286b6a374f3704862fd465ce1
vlact,place_relative,9,100056,right,failure,0,400,400,action_limit,Grab the green toycar and set it to the right of the red tea-box,reused,vlact/place_relative/place_relative_ep100056_result.json,e6217c6ad116beb753a7a73cbf145f55492eaacdb7f2183a4a5756401a13225e
vlact,place_relative,9,100059,on_top,success,1,117,400,task_success,Pick up the green toycar and move it on top of the red tea-box,reused,vlact/place_relative/place_relative_ep100059_result.json,d219c85e5d52e682e3d361f36964ca6eacb6301f33a3f754235fec3f35e7e7c7
vlact,place_relative,10,100060,left,success,1,154,400,task_success,Use the left arm to grab the red stapler and place it to the left of the red tea-box,reused,vlact/place_relative/place_relative_ep100060_result.json,bb5aa84669f33b967b3b7177dd8a3d9e0f1e4f324e7d115dc3818f1b2c39b5ec
vlact,place_relative,10,100061,right,failure,0,400,400,action_limit,Pick up the red stapler and move it to the right of the red tea-box,reused,vlact/place_relative/place_relative_ep100061_result.json,2ca105747832942dc47d5d972c29b43549846f380ce0f18c5d27af822ee38eac
vlact,place_relative,10,100064,on_top,failure,0,400,400,action_limit,"Use the left arm to pick up the red stapler, set it on top of the red tea-box",reused,vlact/place_relative/place_relative_ep100064_result.json,fd8f39042eb81cfb32a366d921a4ebf8f9c20aeacaa5c7184c38495ba4328513
vlact,place_relative,11,100065,left,success,1,129,400,task_success,Grab the black remotecontrol and set it to the left of the red tea-box,reused,vlact/place_relative/place_relative_ep100065_result.json,f5008cb67e4b6dba57235d54b739e22d1bd6700493da040f28ad91dc2685afe2
vlact,place_relative,11,100066,right,failure,0,400,400,action_limit,"Use the left arm to pick up the black remotecontrol, set it to the right of the red tea-box",reused,vlact/place_relative/place_relative_ep100066_result.json,579a302ed65c41e8c97c9807c6fa1b1464a9a98a0ea690584602fe6d4a69646a
vlact,place_relative,11,100069,on_top,failure,0,400,400,action_limit,Pick up the black remotecontrol and move it on top of the red tea-box,reused,vlact/place_relative/place_relative_ep100069_result.json,d1a2699e98e5e60580c2f602512e066a1e60890676a0ac7d752cf7a50e172f0b
vlact,place_relative,12,100070,left,success,1,175,400,task_success,Relocate the red can to the left of the red tea-box,reused,vlact/place_relative/place_relative_ep100070_result.json,6eef58e7a7105de0a196977bbb3ae37adc8694164079eab5e19e4df7cd6161c1
vlact,place_relative,12,100071,right,success,1,121,400,task_success,Relocate the red can to the right of the red tea-box,reused,vlact/place_relative/place_relative_ep100071_result.json,c214386483e067e0cf9b869c3e957d7dd0b82aa7ce9734f870b3722c7da831ee
vlact,place_relative,12,100074,on_top,failure,0,400,400,action_limit,Relocate the red can on top of the red tea-box,reused,vlact/place_relative/place_relative_ep100074_result.json,e5ffa3bdf557f3c3aaa930b1288ca5ec82c309f54e0b80d999b5d2bf36ecccc2
vlact,place_relative,13,100075,left,failure,0,400,400,action_limit,"Use the right arm to pick up the blue soap, set it to the left of the red tea-box",reused,vlact/place_relative/place_relative_ep100075_result.json,e4b6163f9cc16f7462ac678f7480fdb8e0dba67de65de7b7f736ca0e5ca460be
vlact,place_relative,13,100076,right,success,1,133,400,task_success,Pick up the blue soap and move it to the right of the red tea-box,reused,vlact/place_relative/place_relative_ep100076_result.json,124751f0a72dc3964bf5ae41fa332081c4c432d6e1b53aa8739d1269c66be285
vlact,place_relative,13,100079,on_top,failure,0,400,400,action_limit,Grab the blue soap and set it on top of the red tea-box,reused,vlact/place_relative/place_relative_ep100079_result.json,c46a09308bfc33b82e608567d40288b65888afb4397728639ec02fcfa336e5dc
vlact,place_relative,14,100080,left,failure,0,400,400,action_limit,Grab the gray mouse and set it to the left of the brown coffee-box,reused,vlact/place_relative/place_relative_ep100080_result.json,d020ae68c24ed2b3fa7b747e427fc7b67da51fb860edcf11648318256b65f493
vlact,place_relative,14,100081,right,failure,0,400,400,action_limit,"Use the left arm to pick up the gray mouse, set it to the right of the brown coffee-box",reused,vlact/place_relative/place_relative_ep100081_result.json,4d7bd60e36d59112c6b741742e7bf0db77dbb9d835b707d6f23343698bf8ff99
vlact,place_relative,14,100084,on_top,failure,0,400,400,action_limit,Grab the gray mouse and set it on top of the brown coffee-box,reused,vlact/place_relative/place_relative_ep100084_result.json,50e27ebbfb2f8e686865986f51b11ad8ce58405a047666e6ce00c2df7ca89417
vlact,place_relative,15,100085,left,failure,0,400,400,action_limit,Lift the green toycar and set it to the left of the brown coffee-box,reused,vlact/place_relative/place_relative_ep100085_result.json,fe8389ed60180d808821c5c00f12a3d3e2c1cb516895536773594fc8374f8535
vlact,place_relative,15,100086,right,success,1,121,400,task_success,"Use the right arm to pick up the green toycar, set it to the right of the brown coffee-box",reused,vlact/place_relative/place_relative_ep100086_result.json,c974cce7c8493720e1aa4ac1f3319435de938217cdfd36d5a30c55f0eb694caf
vlact,place_relative,15,100089,on_top,failure,0,400,400,action_limit,Lift the green toycar and set it on top of the brown coffee-box,reused,vlact/place_relative/place_relative_ep100089_result.json,b9ef3aa1153dfb2947e1e967a94c03e1f538e7c7b9fc661465b20f22bd266cb7
vlact,place_relative,16,100095,left,failure,0,400,400,action_limit,"Use the right arm to pick up the black remotecontrol, set it to the left of the brown coffee-box",reused,vlact/place_relative/place_relative_ep100095_result.json,06ee719b6dc1bc84f66cb61f25ec81dc950fe6b21c0d7a94b7e28b669dee2dc8
vlact,place_relative,16,100096,right,success,1,127,400,task_success,Relocate the black remotecontrol to the right of the brown coffee-box,reused,vlact/place_relative/place_relative_ep100096_result.json,409e49e5e8dbf0b5f62b43c67b7e7a4492cb7cd999cacfe43229a2426bdf3dae
vlact,place_relative,16,100099,on_top,failure,0,400,400,action_limit,Lift the black remotecontrol and set it on top of the brown coffee-box,reused,vlact/place_relative/place_relative_ep100099_result.json,4573fab02db07d00570bd49028bf9c785c011ae2e8a3647dec4830c6c1004168
vlact,place_relative,17,100100,left,failure,0,400,400,action_limit,"Use the right arm to pick up the red can, set it to the left of the brown coffee-box",reused,vlact/place_relative/place_relative_ep100100_result.json,fd8154f9e6e097770db32d3ea1c51dc72e88dd2d9fc7ddf0c1e2f183edcecdc9
vlact,place_relative,17,100101,right,failure,0,400,400,action_limit,"Use the right arm to pick up the red can, set it to the right of the brown coffee-box",reused,vlact/place_relative/place_relative_ep100101_result.json,ab9da2ae706a435e9e7d3539446f9def595166311d685ca72831f7239233dfa5
vlact,place_relative,17,100104,on_top,failure,0,400,400,action_limit,Pick up the red can and move it on top of the brown coffee-box,reused,vlact/place_relative/place_relative_ep100104_result.json,78beef3269aa753db233f14d3b365c137c45dd9a0d7836c3e9d87bacc8b8465c
vlact,place_relative,18,100105,left,failure,0,400,400,action_limit,Use the right arm to grab the blue soap and place it to the left of the brown coffee-box,reused,vlact/place_relative/place_relative_ep100105_result.json,c907e742adc7ae5ab7ac9f7aef94d6f7ecd64e44ca2a16365d87c1448f4598c0
vlact,place_relative,18,100106,right,success,1,146,400,task_success,Grab the blue soap and set it to the right of the brown coffee-box,reused,vlact/place_relative/place_relative_ep100106_result.json,b344ef658c81e5b54a6e614cd55fb205999f7d29254988560a4eb0af566ddbef
vlact,place_relative,18,100109,on_top,failure,0,400,400,action_limit,Relocate the blue soap on top of the brown coffee-box,reused,vlact/place_relative/place_relative_ep100109_result.json,43fcf36e046c5567b93a55b5aecb926d23f87cf2d3dde86fc50172484bd48fe8
vlact,place_relative,19,100110,left,success,1,120,400,task_success,Use the left arm to grab the gray mouse and place it to the left of the red tea-box,reused,vlact/place_relative/place_relative_ep100110_result.json,27b300d97adaa74106eff9c4b0f7d4e9ce65f5eeed732a53a90c0205a7f45b8e
vlact,place_relative,19,100111,right,failure,0,400,400,action_limit,Grab the gray mouse and set it to the right of the red tea-box,reused,vlact/place_relative/place_relative_ep100111_result.json,1308810eca04cbf387e2265edad747ad1d36fef59a2845929241cf952b0809ee
vlact,place_relative,19,100114,on_top,failure,0,400,400,action_limit,Use the left arm to grab the gray mouse and place it on top of the red tea-box,reused,vlact/place_relative/place_relative_ep100114_result.json,ff52d05130438d8053e81b5dfb06b3fad44e695cc4f69d60eea82e7a24bbbd39
dm05,bottle_verb,0,100002,pick,success,1,700,700,action_limit,pick up the curvy yellow plastic bottle gently.,reused,dm05/bottle_verb/bottle_verb_ep100002_result.json,7a93ed2a679f4151d42db96207186474958d5ac1f92d4d1e13b7f3a412c7bc49
dm05,bottle_verb,0,100003,shake,success,1,178,700,task_success,shake the smooth bottle with blue text gently.,reused,dm05/bottle_verb/bottle_verb_ep100003_result.json,7770d9e976643129249d533bf5b9d47b97737979508cea0918d7c8dd57af1b9a
dm05,bottle_verb,1,100004,pick,success,1,700,700,action_limit,Please grab the curvy yellow plastic bottle with the left arm.,reused,dm05/bottle_verb/bottle_verb_ep100004_result.json,fd563d84c8084db76ca10947cfc9eb84662e24f1e3514340040a725173eaac46
dm05,bottle_verb,1,100005,shake,success,1,150,700,task_success,shake the yellow bottle with white cap using the left arm.,reused,dm05/bottle_verb/bottle_verb_ep100005_result.json,48a2cbe9b08cd3982ee1bdb804d1cf17fd6ada2a8481468153d1ecefa89b5ca6
dm05,bottle_verb,2,100006,pick,success,1,700,700,action_limit,Kindly lift the bottle with printed label.,reused,dm05/bottle_verb/bottle_verb_ep100006_result.json,767d10887a283dc6de762893f34b68ff207c5e741c5bf32621979581e8ec1067
dm05,bottle_verb,2,100007,shake,success,1,164,700,task_success,Kindly shake the bottle with printed label.,reused,dm05/bottle_verb/bottle_verb_ep100007_result.json,a8dd873e63d9bf3162b1ab0db98d0f20502c2fc7e3e7de190c36b50794fb5d87
dm05,bottle_verb,3,100008,pick,success,1,700,700,action_limit,Please pick up the yellow bottle for liquid storage with the right arm.,reused,dm05/bottle_verb/bottle_verb_ep100008_result.json,17c053c0cc29e365b861bb7d82801ffc0a6b621ed9a2f85419105b41e519fe0c
dm05,bottle_verb,3,100009,shake,success,1,164,700,task_success,shake the yellow bottle for liquid storage with care.,reused,dm05/bottle_verb/bottle_verb_ep100009_result.json,db4dd9d246568254ec1d38518b5247a9b7092f4324473693dc6d86db6eca4bc0
dm05,bottle_verb,4,100010,pick,success,1,700,700,action_limit,grab the medium-sized plastic bottle with capped top gently.,reused,dm05/bottle_verb/bottle_verb_ep100010_result.json,d796e5cc0eb0a9d29bdc5dd62209d7fc9739c3734e5e8c5d2d9f7de33219aca5
dm05,bottle_verb,4,100011,shake,success,1,154,700,task_success,Please shake the medium-sized plastic bottle with capped top with the left arm.,reused,dm05/bottle_verb/bottle_verb_ep100011_result.json,98975182e08a48b4d1481f498f3523597868ec2e88922a73e6897748b32fa058
dm05,bottle_verb,5,100016,pick,success,1,700,700,action_limit,Kindly grab the bottle with ridged orange grip.,reused,dm05/bottle_verb/bottle_verb_ep100016_result.json,a5bbeccc9279a6238089fa1d7c53d37d0ba4657a9262af64a4a0123a2bedd2f0
dm05,bottle_verb,5,100017,shake,success,1,158,700,task_success,Please shake the white capped orange plastic bottle with the left arm.,reused,dm05/bottle_verb/bottle_verb_ep100017_result.json,5a744d19bf035a03108f37cd671acfa590974a542d79edec8f7b91a06dfdaa01
dm05,bottle_verb,6,100018,pick,success,1,700,700,action_limit,Kindly lift the smooth bottle with blue text.,reused,dm05/bottle_verb/bottle_verb_ep100018_result.json,1dc7717f4eda897be0f4b8f8ed4ace90eee4017328f1998116cbd1c51651acee
dm05,bottle_verb,6,100019,shake,success,1,146,700,task_success,shake the smooth bottle with blue text gently.,reused,dm05/bottle_verb/bottle_verb_ep100019_result.json,f28a34a297c2f0f997515bb91cf257dc6cae5bcafb09c7a3418404de6691bf9d
dm05,bottle_verb,7,100020,pick,success,1,700,700,action_limit,pick up the handheld orange bottle with care.,reused,dm05/bottle_verb/bottle_verb_ep100020_result.json,13f41325ec5ba17936604b54f3a330b55b2b8298d10ac734640a7fe08eed0ffe
dm05,bottle_verb,7,100021,shake,success,1,246,700,task_success,shake the label-covered orange bottle gently.,reused,dm05/bottle_verb/bottle_verb_ep100021_result.json,b76220b376d90c2be9f314d122748ff9bdf5c48211fe932ee2854c91bbf4b481
dm05,bottle_verb,8,100022,pick,success,1,700,700,action_limit,grab the bottle with curved body carefully now.,reused,dm05/bottle_verb/bottle_verb_ep100022_result.json,69504783b9f6c49f6e7a853a58f4eedeb33d0f05142b2a4dcdd90a2da4b9ca36
dm05,bottle_verb,8,100023,shake,success,1,126,700,task_success,shake the bottle with curved body gently.,reused,dm05/bottle_verb/bottle_verb_ep100023_result.json,adc0b41d960da55fa109aa23a9fe159cee7388bbe950b0254fe91b733b244f37
dm05,bottle_verb,9,100024,pick,success,1,700,700,action_limit,lift the bottle with curved neck design with the left arm.,reused,dm05/bottle_verb/bottle_verb_ep100024_result.json,a1525f2dc478da3250e1716ca0d18117ad8324efe591b9456c05695f1d0da52f
dm05,bottle_verb,9,100025,shake,success,1,146,700,task_success,shake the bottle with curved neck design for a moment.,reused,dm05/bottle_verb/bottle_verb_ep100025_result.json,9e89d47028ecbabbe1deca29413bdcfc47cae1bf572ecaa91188769e9037afb6
dm05,bottle_verb,10,100026,pick,success,1,700,700,action_limit,pick up the bottle with curved neck design using one arm.,reused,dm05/bottle_verb/bottle_verb_ep100026_result.json,4cb65b0c8b4d06dce787da5dc8f26f87b7bab4af9c1331e2d8ff1ae91c3e0663
dm05,bottle_verb,10,100027,shake,success,1,154,700,task_success,shake the blue-capped plastic bottle carefully now.,reused,dm05/bottle_verb/bottle_verb_ep100027_result.json,431f853fc865c02d2cf56b4825f1842cd7c06f81d3aaeddde8a0e63648b7404f
dm05,bottle_verb,11,100030,pick,success,1,700,700,action_limit,lift the blue-capped plastic bottle gently.,reused,dm05/bottle_verb/bottle_verb_ep100030_result.json,c419b24942f5e08006e167535087070576ae2d674225df07f8433ab59e0326ca
dm05,bottle_verb,11,100031,shake,success,1,153,700,task_success,shake the bottle with curved neck design gently.,reused,dm05/bottle_verb/bottle_verb_ep100031_result.json,a9045d73eb69dcb5fddba8167f31a4f6ee1c1b003d54c52edf322e13d0fac1ea
dm05,bottle_verb,12,100032,pick,success,1,700,700,action_limit,Kindly pick up the bottle with curved body.,reused,dm05/bottle_verb/bottle_verb_ep100032_result.json,1b3b186449a079ab2344fbb2308c38b30f07cd94941d5419a4dc45d816510dce
dm05,bottle_verb,12,100033,shake,success,1,130,700,task_success,shake the bottle with curved body right away.,reused,dm05/bottle_verb/bottle_verb_ep100033_result.json,456160bdd4ff59f25ff8e15ac7af6cbd94de639befba849559a6bd0b81ec6176
dm05,bottle_verb,13,100038,pick,success,1,700,700,action_limit,pick up the liquid container dark brown plastic with the left arm.,reused,dm05/bottle_verb/bottle_verb_ep100038_result.json,5005cde66058ae9045fcdd1881bf46a6f2e9fccfa9436af44e2d7cad7f720594
dm05,bottle_verb,13,100039,shake,success,1,164,700,task_success,shake the liquid container dark brown plastic carefully now.,reused,dm05/bottle_verb/bottle_verb_ep100039_result.json,151bfdf8ded74d9680d331f1e7c3f98ca5019413ce661cdfcbecf79380da8fb4
dm05,bottle_verb,14,100042,pick,success,1,700,700,action_limit,lift the light gray bottle right away.,reused,dm05/bottle_verb/bottle_verb_ep100042_result.json,63f2115c4b141f7a88c8b079beb6edbddfe6a452316b296c3919a1e2d9bcdf98
dm05,bottle_verb,14,100043,shake,success,1,202,700,task_success,shake the light gray bottle with care.,reused,dm05/bottle_verb/bottle_verb_ep100043_result.json,b5991d9a30188b50bed003230163a8e5c9df747b3537b986021f6b4fad80eb04
dm05,bottle_verb,15,100048,pick,success,1,700,700,action_limit,lift the plastic bottle with printed label with the right arm.,reused,dm05/bottle_verb/bottle_verb_ep100048_result.json,b2f3e8bd7588b37538c8c8feb8850e0ffb0dab33d53d37d3537f4fe833f2fa39
dm05,bottle_verb,15,100049,shake,success,1,172,700,task_success,shake the bottle with glossy surface right away.,reused,dm05/bottle_verb/bottle_verb_ep100049_result.json,f1bda63be242189b6e7f5e7dfb52ea4c27fa4f04a7c8ea107bc8f17c757f6069
dm05,bottle_verb,16,100050,pick,success,1,700,700,action_limit,pick up the label-covered orange bottle with care.,reused,dm05/bottle_verb/bottle_verb_ep100050_result.json,a871d5bea920707577e0eb4dfdafda217360d4728d2f7b3fdb39aceac8e24ffb
dm05,bottle_verb,16,100051,shake,success,1,150,700,task_success,shake the handheld orange bottle right away.,reused,dm05/bottle_verb/bottle_verb_ep100051_result.json,6f62e2ac6b6e53a5cc201d0c4e868545ce9d3ead930e7ae4546890780883740b
dm05,bottle_verb,17,100052,pick,success,1,700,700,action_limit,grab the bottle with red screw cap with the right arm.,reused,dm05/bottle_verb/bottle_verb_ep100052_result.json,9a09bca50ee4d66ecc5e72c5e7372e284e33c7ce8066307addc6c98af377b73a
dm05,bottle_verb,17,100053,shake,success,1,220,700,task_success,shake the bottle with red screw cap with care.,reused,dm05/bottle_verb/bottle_verb_ep100053_result.json,af299c79fdd033ae6065b6023bd75c4f9463ef644cc2a6699fc728488d2fe5ca
dm05,bottle_verb,18,100054,pick,success,1,700,700,action_limit,lift the medium-sized plastic bottle with capped top gently.,reused,dm05/bottle_verb/bottle_verb_ep100054_result.json,0b9038ea4911b1d770570b69686e785968c664029398eae7dc7543fe366765de
dm05,bottle_verb,18,100055,shake,success,1,153,700,task_success,shake the medium-sized plastic bottle with capped top right away.,reused,dm05/bottle_verb/bottle_verb_ep100055_result.json,25701dd97fee5ed530ffd21c58ec96c3d5954de6c1c3fd9b8406e7ab0f970279
dm05,bottle_verb,19,100056,pick,success,1,700,700,action_limit,pick up the yellow bottle for liquid storage gently.,reused,dm05/bottle_verb/bottle_verb_ep100056_result.json,9447cf8737a8264d2400abcaa41d952b7ef3e7b0b5d6d78034dd58896d919d5e
dm05,bottle_verb,19,100057,shake,success,1,156,700,task_success,Please shake the yellow rectangular bottle with the left arm.,reused,dm05/bottle_verb/bottle_verb_ep100057_result.json,ed7580e89e39b786d3353472ec02b9deae4b9336fda91ada5375c5eca473ddb3
dm05,pick_diverse_object,0,100002,seen,success,1,43,400,task_success,Pick up the bread carefully using the left arm,reused,dm05/pick_diverse_object/pick_diverse_object_ep100002_result.json,ba8e2d4ec2aca70792a5ff2649753f97830ca249c8208e0d3ae522da4efef686
dm05,pick_diverse_object,0,100003,unseen,success,1,76,400,task_success,Lift the apple from the table using the left arm.,reused,dm05/pick_diverse_object/pick_diverse_object_ep100003_result.json,046bd1f47fe35fa7f61ccacc7d28cab361b93ed8e5ad722cd8e9582a80e2a4e4
dm05,pick_diverse_object,1,100004,seen,success,1,77,400,task_success,Pick up the coffee box carefully using the left arm,reused,dm05/pick_diverse_object/pick_diverse_object_ep100004_result.json,d41b04aedfc74074f6a3b4e5c291239917704b1d675a3a74c72e755a4fff9d6d
dm05,pick_diverse_object,1,100005,unseen,failure,0,400,400,action_limit,Pick up the wooden mallet carefully using the left arm,reused,dm05/pick_diverse_object/pick_diverse_object_ep100005_result.json,c67212c4c02d3e4f0c6043e441fa9b1278cde3155ddca67e0f24c719835001a3
dm05,pick_diverse_object,2,100006,seen,success,1,73,400,task_success,Grab the mouse on the table and raise it.,reused,dm05/pick_diverse_object/pick_diverse_object_ep100006_result.json,d4b85f42e04519533c989bec1a94d3be2cbe01be7bd16dd032102ff13bdf2bca
dm05,pick_diverse_object,2,100007,unseen,failure,0,400,400,action_limit,Pick up the paintbrush carefully using the left arm,reused,dm05/pick_diverse_object/pick_diverse_object_ep100007_result.json,4e36bfc2677129e2da9237ae7ba56c62ceaa101351182d747621e0ffa852aaa5
dm05,pick_diverse_object,3,100008,seen,success,1,74,400,task_success,Pick up the bottle using the correct arm,reused,dm05/pick_diverse_object/pick_diverse_object_ep100008_result.json,1a11d2d739a4fbacefce75d0105922701fe28362c5caf6f88a76e07b0ffdfc31
dm05,pick_diverse_object,3,100009,unseen,failure,0,400,400,action_limit,Grab the dumbbell on the table and raise it.,reused,dm05/pick_diverse_object/pick_diverse_object_ep100009_result.json,7350cbe75811c9725703f0b6f6ea94a249d613cd55d401ac4f2afc31c4974a71
dm05,pick_diverse_object,4,100012,seen,success,1,76,400,task_success,Grab the shoe on the table and raise it.,reused,dm05/pick_diverse_object/pick_diverse_object_ep100012_result.json,e2b09833871bf5a9b2ffede838c1e37a37145d89d06944422e644c82e628cefb
dm05,pick_diverse_object,4,100013,unseen,failure,0,400,400,action_limit,Pick up the wooden mallet using the correct arm,reused,dm05/pick_diverse_object/pick_diverse_object_ep100013_result.json,3aea3fba5413a3d7c4ad4f182601deb7f3297d96564ec08efd9b3d5d1b2afaa9
dm05,pick_diverse_object,5,100014,seen,success,1,71,400,task_success,Pick up the mug carefully using the left arm,reused,dm05/pick_diverse_object/pick_diverse_object_ep100014_result.json,2ee3ac0587e00fbe88df61d8a9166b03c934e607af49654bb108bb189ac77690
dm05,pick_diverse_object,5,100015,unseen,failure,0,400,400,action_limit,Lift the paintbrush from the table using the right arm.,reused,dm05/pick_diverse_object/pick_diverse_object_ep100015_result.json,5ed910243ec8de9c04708af4bb400d4af9c77e94fb112755f55e02331eab8fd6
dm05,pick_diverse_object,6,100018,seen,success,1,75,400,task_success,Pick up the toy car carefully using the right arm,reused,dm05/pick_diverse_object/pick_diverse_object_ep100018_result.json,c99b53353e0cdc6c728ebcb1d492d7ef8908e29231b4e6d57f34aa81068e1560
dm05,pick_diverse_object,6,100019,unseen,success,1,77,400,task_success,Pick up the apple carefully using the right arm,reused,dm05/pick_diverse_object/pick_diverse_object_ep100019_result.json,3a41fec04aef8339fe5ca83d141e745cfe8c443f323c6b2f0d7ad408a405a871
dm05,pick_diverse_object,7,100020,seen,success,1,74,400,task_success,Grab the phone on the table and raise it.,reused,dm05/pick_diverse_object/pick_diverse_object_ep100020_result.json,5a33a33f15a2b2aa28a853f27fa517f7cd4f0a5a506d8cf43a104fe758442a31
dm05,pick_diverse_object,7,100021,unseen,failure,0,400,400,action_limit,Grab the wooden mallet on the table and raise it.,reused,dm05/pick_diverse_object/pick_diverse_object_ep100021_result.json,e92248018767e5c5fa6665f05a9a82a47097e0ecb02b579fbc87099516a7dde4
dm05,pick_diverse_object,8,100024,seen,failure,0,400,400,action_limit,Pick up the hamburger carefully using the right arm,reused,dm05/pick_diverse_object/pick_diverse_object_ep100024_result.json,c6fe19d011eb02214c46fe985e63e9a44a9069def3055119da5e7ed44ff778a6
dm05,pick_diverse_object,8,100025,unseen,success,1,46,400,task_success,Pick up the dumbbell carefully using the left arm,reused,dm05/pick_diverse_object/pick_diverse_object_ep100025_result.json,93a43b0d8307486a6d5ad9b7fbf12a50c4fd28b631015d0661111490a80788c2
dm05,pick_diverse_object,9,100034,seen,success,1,77,400,task_success,Lift the cup from the table using the left arm.,reused,dm05/pick_diverse_object/pick_diverse_object_ep100034_result.json,a4ee99b2a98be557c8a0a81136aa7f5c93c8c9b4052c8db12ecb1e534b40119b
dm05,pick_diverse_object,9,100035,unseen,failure,0,400,400,action_limit,Grab the apple on the table and raise it.,reused,dm05/pick_diverse_object/pick_diverse_object_ep100035_result.json,78e43af8dd07e5de6e2ca74b5429471d5dae7dedf8bd00f8077e27818ca24e1b
dm05,pick_diverse_object,10,100036,seen,success,1,78,400,task_success,Grab the shoe on the table and raise it.,reused,dm05/pick_diverse_object/pick_diverse_object_ep100036_result.json,d522fdda06dd35ebebc2ddad20250987b2fd5d1dc2cd9dd66c6cef077d69a7a8
dm05,pick_diverse_object,10,100037,unseen,failure,0,400,400,action_limit,Lift the wooden mallet from the table using the right arm.,reused,dm05/pick_diverse_object/pick_diverse_object_ep100037_result.json,96e4736835da92ec2e4f79a8e11291e318c49f4cd656d805d51c5ce5eddfd3a4
dm05,pick_diverse_object,11,100038,seen,success,1,71,400,task_success,Lift the mug from the table using the left arm.,reused,dm05/pick_diverse_object/pick_diverse_object_ep100038_result.json,3cea6ebbb9c160d8acf616aede9c374382de35edbf86492f413001392d786461
dm05,pick_diverse_object,11,100039,unseen,success,1,78,400,task_success,Grab the paintbrush on the table and raise it.,reused,dm05/pick_diverse_object/pick_diverse_object_ep100039_result.json,1fcf87ab66d80cf46b2d14bf2e2ff2c1501b96ec45c8de2293b808e431022968
dm05,pick_diverse_object,12,100040,seen,success,1,72,400,task_success,Grab the can on the table and raise it.,reused,dm05/pick_diverse_object/pick_diverse_object_ep100040_result.json,2d716aed6b7020c8d9e74f761da4a992a13cc1bbafe6176a0eb7306256fbe179
dm05,pick_diverse_object,12,100041,unseen,failure,0,400,400,action_limit,Grab the dumbbell on the table and raise it.,reused,dm05/pick_diverse_object/pick_diverse_object_ep100041_result.json,742db75489b34f3dd21a5eaee9a1f4898b6b0edf55b6159e0243129b7542c832
dm05,pick_diverse_object,13,100042,seen,success,1,74,400,task_success,Lift the toy car from the table using the right arm.,reused,dm05/pick_diverse_object/pick_diverse_object_ep100042_result.json,c83faac354034fa76da1bdb78acbcc9aaf575c85c3b42ffc7575055677f97394
dm05,pick_diverse_object,13,100043,unseen,success,1,75,400,task_success,Pick up the apple using the correct arm,reused,dm05/pick_diverse_object/pick_diverse_object_ep100043_result.json,4441013ab34803a1e64070bd574ac6ca92dfdca500bea25880ec6707f8c23f0b
dm05,pick_diverse_object,14,100048,seen,failure,0,400,400,action_limit,Grab the hamburger on the table and raise it.,reused,dm05/pick_diverse_object/pick_diverse_object_ep100048_result.json,66a1e65406e5f2af0aa2d8ec65b10e14249bd70a77512c44afb8f382e4b2e7f5
dm05,pick_diverse_object,14,100049,unseen,failure,0,400,400,action_limit,Grab the dumbbell on the table and raise it.,reused,dm05/pick_diverse_object/pick_diverse_object_ep100049_result.json,ede9c28a4d1a351b6f9876da405257d209c772672ef4d882357dc00bbd60e93c
dm05,pick_diverse_object,15,100052,seen,success,1,74,400,task_success,Pick up the coffee box using the correct arm,reused,dm05/pick_diverse_object/pick_diverse_object_ep100052_result.json,385d2ba4ab1ebb7ae80990ef26feb106663c1b91324e43808a33079dd3b8bc0f
dm05,pick_diverse_object,15,100053,unseen,success,1,75,400,task_success,Pick up the wooden mallet using the correct arm,reused,dm05/pick_diverse_object/pick_diverse_object_ep100053_result.json,e8573e06eca92e0fc76e09f1f17fd322a28378b5c5f5e1ae809479003af39247
dm05,pick_diverse_object,16,100054,seen,success,1,75,400,task_success,Grab the mouse on the table and raise it.,reused,dm05/pick_diverse_object/pick_diverse_object_ep100054_result.json,75bc5f3f51b804e7aa8ab8deeab73d1c5039e1cf60699a066b037fd9a324612c
dm05,pick_diverse_object,16,100055,unseen,failure,0,400,400,action_limit,Lift the paintbrush from the table using the right arm.,reused,dm05/pick_diverse_object/pick_diverse_object_ep100055_result.json,26b72c5d2fdee2ad569df178d4e7efc8fcb426116199a5e2485f171897ee4691
dm05,pick_diverse_object,17,100056,seen,success,1,77,400,task_success,Grab the bottle on the table and raise it.,reused,dm05/pick_diverse_object/pick_diverse_object_ep100056_result.json,6e310932a3b8b09ef1a3e581e80b01476a309d1d7153cc167b3f2859b08eabf6
dm05,pick_diverse_object,17,100057,unseen,success,1,58,400,task_success,Pick up the dumbbell carefully using the left arm,reused,dm05/pick_diverse_object/pick_diverse_object_ep100057_result.json,142865a12f0cbdf6e28058c7231f18e341f97c91812ce52c066b7045b17d8c6d
dm05,pick_diverse_object,18,100060,seen,success,1,78,400,task_success,Pick up the shoe carefully using the right arm,reused,dm05/pick_diverse_object/pick_diverse_object_ep100060_result.json,25a87d3e9d8c78f2d53994e3f5c40c63bc94dbd6627d12055a13bd063777fc88
dm05,pick_diverse_object,18,100061,unseen,failure,0,400,400,action_limit,Grab the wooden mallet on the table and raise it.,reused,dm05/pick_diverse_object/pick_diverse_object_ep100061_result.json,818491bc77e97c5e69aea287a6c4a603516c141fe59e46ef0cd055559d793a96
dm05,pick_diverse_object,19,100066,seen,success,1,73,400,task_success,Lift the toy car from the table using the right arm.,reused,dm05/pick_diverse_object/pick_diverse_object_ep100066_result.json,e9edb7d3a0e44cece3079582e1b3eb39d10d2015995823cb421eaaa0aa8d768f
dm05,pick_diverse_object,19,100067,unseen,failure,0,400,400,action_limit,Lift the apple from the table using the right arm.,reused,dm05/pick_diverse_object/pick_diverse_object_ep100067_result.json,1c0442da223a3793156541376d463d5c4022d21796157622bbddb5bbff6a35de
dm05,attribute_select,0,100000,color:red,success,1,79,400,task_success,Reach for the red block and lift it.,reused,dm05/attribute_select/attribute_select_ep100000_result.json,7bee2682c77e1a30b3435e46e8ec57862728a7b7144d6d41131452727e18400d
dm05,attribute_select,0,100001,color:blue,failure,0,400,400,action_limit,Reach for the blue block and lift it.,reused,dm05/attribute_select/attribute_select_ep100001_result.json,1e925b94979b3c6430d1e20ed879347d42823f5e5518bc2281470032297b9c32
dm05,attribute_select,0,100002,decal:cat,failure,0,400,400,action_limit,Fetch the block with a cat on it.,reused,dm05/attribute_select/attribute_select_ep100002_result.json,6af117c18e5d7c395852c57d4dbd7f2a7d2e2697a40d93942ba36fc3b4baaee8
dm05,attribute_select,0,100003,decal:dog,success,1,131,400,task_success,Fetch the block with a dog on it.,reused,dm05/attribute_select/attribute_select_ep100003_result.json,ac7cb5d763b87cf1c8ccb5843d1cd2101e29617632f65bd15dfa9e3beb370c4b
dm05,attribute_select,0,100004,shape:block,failure,0,400,400,action_limit,Reach for the cube and lift it.,reused,dm05/attribute_select/attribute_select_ep100004_result.json,3ab281452c4b83b21ecc8a014124f80bd7d7086ccc3bd8c3ee6ee566c9c9207b
dm05,attribute_select,0,100005,shape:bar,success,1,79,400,task_success,Fetch the long bar.,reused,dm05/attribute_select/attribute_select_ep100005_result.json,c5cd8575cf8a93769222f10fd5255f44a370f55708f7c162eaba380482ee745b
dm05,attribute_select,0,100006,size:big,failure,0,400,400,action_limit,Reach for the big block and lift it.,reused,dm05/attribute_select/attribute_select_ep100006_result.json,36418503e935259138c628dfcf2ecd9fb8126203c66233fbf2b231748a9dddfa
dm05,attribute_select,0,100007,size:small,success,1,78,400,task_success,Fetch the small block.,reused,dm05/attribute_select/attribute_select_ep100007_result.json,699a288e39f6fa7a0f7b60bbcf9062ba707cf016aa37899e5af5c0af23af96ef
dm05,attribute_select,1,100008,color:red,success,1,78,400,task_success,Fetch the red block.,reused,dm05/attribute_select/attribute_select_ep100008_result.json,1d6e858b0cfce218460aa2248f3f94e34e2cfa4a2d2fc6b13232e0f887cb51eb
dm05,attribute_select,1,100009,color:blue,failure,0,400,400,action_limit,Fetch the blue block.,reused,dm05/attribute_select/attribute_select_ep100009_result.json,65d6bd46a121b009bb68e23aec5ad1f8539b10f39cab940baf748ff964f10c27
dm05,attribute_select,1,100010,decal:cat,failure,0,400,400,action_limit,Reach for the block with a cat on it and lift it.,reused,dm05/attribute_select/attribute_select_ep100010_result.json,d8b3a79ae2619f708094193ef052696932037e6d46cecef6855901660c4c9118
dm05,attribute_select,1,100011,decal:dog,failure,0,400,400,action_limit,Reach for the block with a dog on it and lift it.,reused,dm05/attribute_select/attribute_select_ep100011_result.json,a5a720c72cc4cd53ff806ecd15440e8140469e4bacaf532323a753f28940bd41
dm05,attribute_select,1,100012,shape:block,success,1,113,400,task_success,Fetch the cube.,reused,dm05/attribute_select/attribute_select_ep100012_result.json,a4c385797061972c9dd432e02e9c38751a18df9e197301c40a1de7942137e98f
dm05,attribute_select,1,100013,shape:bar,success,1,78,400,task_success,Reach for the long bar and lift it.,reused,dm05/attribute_select/attribute_select_ep100013_result.json,a7196ad4198ca82c0c4f26370d6c9a4d2126ab21223e375a6964d7863cacec5a
dm05,attribute_select,1,100014,size:big,failure,0,400,400,action_limit,Fetch the big block.,reused,dm05/attribute_select/attribute_select_ep100014_result.json,5a9613d66b78c75f131e0dd12cd9b5c04d4a71918137fc88fb4076d9b1935d09
dm05,attribute_select,1,100015,size:small,success,1,78,400,task_success,Fetch the small block.,reused,dm05/attribute_select/attribute_select_ep100015_result.json,bf8bdbf0aa4fdb76c888fa23b2ef816fc1c50801f264275193db47880f34b1c9
dm05,attribute_select,2,100016,color:red,success,1,79,400,task_success,Reach for the red block and lift it.,reused,dm05/attribute_select/attribute_select_ep100016_result.json,7c5a0bda830c2825999c6f28a73d7f75cf5016dba4c18014b0a5ddead06a40da
dm05,attribute_select,2,100017,color:blue,failure,0,400,400,action_limit,Fetch the blue block.,reused,dm05/attribute_select/attribute_select_ep100017_result.json,485900e2d30f902e723da38ca9c14a63304745b6a26d6b983ce4346604d8fc6a
dm05,attribute_select,2,100018,decal:cat,success,1,79,400,task_success,Fetch the block with a cat on it.,reused,dm05/attribute_select/attribute_select_ep100018_result.json,f9d2ac695b02dd813c2bca7a3bbb805152b565a9e3b92fc6424ffb83be83f023
dm05,attribute_select,2,100019,decal:dog,success,1,78,400,task_success,Fetch the block with a dog on it.,reused,dm05/attribute_select/attribute_select_ep100019_result.json,e653d008aa375e065d43468601731eb1f41a0c5500e7c5ace116d77a46da1f54
dm05,attribute_select,2,100020,shape:block,success,1,78,400,task_success,Reach for the cube and lift it.,reused,dm05/attribute_select/attribute_select_ep100020_result.json,2a0969775511804380044a291263f8a131dbc2504a0f90a1d214fdb9d42f96be
dm05,attribute_select,2,100021,shape:bar,success,1,79,400,task_success,Fetch the long bar.,reused,dm05/attribute_select/attribute_select_ep100021_result.json,1a71f2966cae803c19b5b2bdf5a66ed63a422959ea0cdb550cddaabd15464c1a
dm05,attribute_select,2,100022,size:big,failure,0,400,400,action_limit,Reach for the big block and lift it.,reused,dm05/attribute_select/attribute_select_ep100022_result.json,6bd526dd188d1aca1babc88aaf6ae7988cfef0dbb7d4ece609691529d2bfae03
dm05,attribute_select,2,100023,size:small,success,1,79,400,task_success,Fetch the small block.,reused,dm05/attribute_select/attribute_select_ep100023_result.json,ad6530217e794ba0b699a44e1a36b81d9f92317b5060e21f8d47225c19fb4660
dm05,attribute_select,3,100024,color:red,success,1,80,400,task_success,Fetch the red block.,reused,dm05/attribute_select/attribute_select_ep100024_result.json,507208a0e6dac635621223877e5f963f3e42ec3a8d8f7098c8ff78cf96972412
dm05,attribute_select,3,100025,color:blue,failure,0,400,400,action_limit,Reach for the blue block and lift it.,reused,dm05/attribute_select/attribute_select_ep100025_result.json,fb5b0ee96bf3da08be81d21ea4e84ac8dd0743e2882a82a16d6c621306484de6
dm05,attribute_select,3,100026,decal:cat,failure,0,400,400,action_limit,Fetch the block with a cat on it.,reused,dm05/attribute_select/attribute_select_ep100026_result.json,676898ed33b8ea8e23f4300c90c9ed90a8b23c7c87dee761eb0a2e627a3f0b4c
dm05,attribute_select,3,100027,decal:dog,success,1,79,400,task_success,Reach for the block with a dog on it and lift it.,reused,dm05/attribute_select/attribute_select_ep100027_result.json,c33ec4f49eb57a9d27e479e7e43c744f4adc6c790d53c42356109721b175bf1e
dm05,attribute_select,3,100028,shape:block,failure,0,400,400,action_limit,Reach for the cube and lift it.,reused,dm05/attribute_select/attribute_select_ep100028_result.json,c0e88e4926966bb3ed36885983e06e32609bce2437de4db7d0262d6b263f1766
dm05,attribute_select,3,100029,shape:bar,success,1,78,400,task_success,Reach for the long bar and lift it.,reused,dm05/attribute_select/attribute_select_ep100029_result.json,707cdfbf02360928370250e3e17ae23324b4f9ed3c6d8cfeb1f73dab24bc9f56
dm05,attribute_select,3,100030,size:big,failure,0,400,400,action_limit,Fetch the big block.,reused,dm05/attribute_select/attribute_select_ep100030_result.json,c8264e639f7f960dfd6ba523621fbd0de565c6977288c91180e90bf36870ce63
dm05,attribute_select,3,100031,size:small,success,1,79,400,task_success,Fetch the small block.,reused,dm05/attribute_select/attribute_select_ep100031_result.json,0ae01298e7889a01fbb9e8a027d38708eba5f3f4c2909008743fe5b232d87f8a
dm05,attribute_select,4,100032,color:red,success,1,78,400,task_success,Fetch the red block.,reused,dm05/attribute_select/attribute_select_ep100032_result.json,23beb6f446c5e4852cf84ee49f423b30f5af847b724e08eff4c6a2b9ceab325e
dm05,attribute_select,4,100033,color:blue,failure,0,400,400,action_limit,Fetch the blue block.,reused,dm05/attribute_select/attribute_select_ep100033_result.json,0d9a41d623290315705164cc82b1167b22ee2d2c6e090b5b314bd28d21a10c05
dm05,attribute_select,4,100034,decal:cat,failure,0,400,400,action_limit,Fetch the block with a cat on it.,reused,dm05/attribute_select/attribute_select_ep100034_result.json,686a667cadd7d6f24e18074285976790b03ff91f835fb05746d223ca407f41cb
dm05,attribute_select,4,100035,decal:dog,success,1,78,400,task_success,Fetch the block with a dog on it.,reused,dm05/attribute_select/attribute_select_ep100035_result.json,1b0770bdbd612e267cb91051f68512ee114080e72d18ede48e83a627ccb628e7
dm05,attribute_select,4,100036,shape:block,failure,0,400,400,action_limit,Fetch the cube.,reused,dm05/attribute_select/attribute_select_ep100036_result.json,90bec668aeca7da554ce79de6eacdaf343165804f7723bb1bf090e976c982000
dm05,attribute_select,4,100037,shape:bar,success,1,79,400,task_success,Fetch the long bar.,reused,dm05/attribute_select/attribute_select_ep100037_result.json,e6de9befcc360cb3527ba9991733277cd03739f3d7c145da46c7e309dfc0afaf
dm05,attribute_select,4,100038,size:big,failure,0,400,400,action_limit,Fetch the big block.,reused,dm05/attribute_select/attribute_select_ep100038_result.json,ed694ea64d0aaaa572e5ef8ed5851c6c7d394cf50e4adf4f375a00a33bb692cd
dm05,attribute_select,4,100039,size:small,success,1,79,400,task_success,Reach for the small block and lift it.,reused,dm05/attribute_select/attribute_select_ep100039_result.json,fdf121abca7517716b19529f9faf95538668fa2ac991c07d3862526a3bf8a1c1
dm05,attribute_select,5,100040,color:red,success,1,78,400,task_success,Fetch the red block.,reused,dm05/attribute_select/attribute_select_ep100040_result.json,50dc193e1bdc1afc67c365feff822959afa009afdcecd6b571b5a335548b27e2
dm05,attribute_select,5,100041,color:blue,failure,0,400,400,action_limit,Fetch the blue block.,reused,dm05/attribute_select/attribute_select_ep100041_result.json,139bcb22c1cc8a3032e3c8e4756cc746ce0ca54903436ade127947c4e051a6e5
dm05,attribute_select,5,100042,decal:cat,success,1,79,400,task_success,Reach for the block with a cat on it and lift it.,reused,dm05/attribute_select/attribute_select_ep100042_result.json,5797bd37b31c6ed3435112e08c110fce89eedc1759c4a259c59cfaa334552909
dm05,attribute_select,5,100043,decal:dog,failure,0,400,400,action_limit,Reach for the block with a dog on it and lift it.,reused,dm05/attribute_select/attribute_select_ep100043_result.json,71e1cb4fa1d4fa9764ccdf0b3c1d0a025e14c5ceb53a2bd6f0bb22964e35b83d
dm05,attribute_select,5,100044,shape:block,failure,0,400,400,action_limit,Reach for the cube and lift it.,reused,dm05/attribute_select/attribute_select_ep100044_result.json,389bf8ace8fe0f1f2a16bb2f506f79dceacf3bad8f9ea708e9c556d017f7a9fd
dm05,attribute_select,5,100045,shape:bar,success,1,79,400,task_success,Fetch the long bar.,reused,dm05/attribute_select/attribute_select_ep100045_result.json,bc15a583c82cbf970340a67a4db5c0ecf6f64703c44055d209bee84db1abb16b
dm05,attribute_select,5,100046,size:big,failure,0,400,400,action_limit,Fetch the big block.,reused,dm05/attribute_select/attribute_select_ep100046_result.json,03ddea9aff850b425b132ed9d82e1073394087f663a9f7977c965513fda31e8a
dm05,attribute_select,5,100047,size:small,success,1,78,400,task_success,Fetch the small block.,reused,dm05/attribute_select/attribute_select_ep100047_result.json,c39eef07cb25a9e1c77eb629584abf00079ca878a1ea843f856d71f334488a4f
dm05,attribute_select,6,100048,color:red,success,1,79,400,task_success,Fetch the red block.,reused,dm05/attribute_select/attribute_select_ep100048_result.json,5092f6aaf0757f5b4823684a4fdcd3074099d3ac7237f61bf6847b8f47093f7e
dm05,attribute_select,6,100049,color:blue,failure,0,400,400,action_limit,Fetch the blue block.,reused,dm05/attribute_select/attribute_select_ep100049_result.json,1d62a3f3e78fa35adbcc7a3788fe42f670f349198cb4e4ed0c7a27bf2e1d16f0
dm05,attribute_select,6,100050,decal:cat,success,1,78,400,task_success,Reach for the block with a cat on it and lift it.,reused,dm05/attribute_select/attribute_select_ep100050_result.json,b43bd4b7f6802d43e6b7d6df573839910284aa3a95de7786826282b101f2dbb1
dm05,attribute_select,6,100051,decal:dog,success,1,78,400,task_success,Fetch the block with a dog on it.,reused,dm05/attribute_select/attribute_select_ep100051_result.json,30185a64fe212dd7224af56bd0dc5902ff388ff987a7eb8c8fbde9cfd7e24ea8
dm05,attribute_select,6,100052,shape:block,failure,0,400,400,action_limit,Reach for the cube and lift it.,reused,dm05/attribute_select/attribute_select_ep100052_result.json,69a89ad8be95f97fad7d51c6a4a5def26f53dc9de86f83b1d1bf8ff4bcae4f00
dm05,attribute_select,6,100053,shape:bar,success,1,79,400,task_success,Fetch the long bar.,reused,dm05/attribute_select/attribute_select_ep100053_result.json,db0f5aa1065f2605ea8fe2b7ea8ea21c5e4dbac0b5263c7c45ca1c4748b260d3
dm05,attribute_select,6,100054,size:big,failure,0,400,400,action_limit,Fetch the big block.,reused,dm05/attribute_select/attribute_select_ep100054_result.json,ba6c6a8f2ff0ec5a078e6741d37d51fae13eda23e429effeec569291bd26fef9
dm05,attribute_select,6,100055,size:small,success,1,79,400,task_success,Reach for the small block and lift it.,reused,dm05/attribute_select/attribute_select_ep100055_result.json,d781e71d7a7786d8ddfb147638cd2f495a904678d2655568cd11100c0dd0db33
dm05,attribute_select,7,100064,color:red,success,1,78,400,task_success,Fetch the red block.,reused,dm05/attribute_select/attribute_select_ep100064_result.json,1457c11f3e50ce542e86416a91fcdf3adb86ec586e61dcf1b5b46676afd0bba8
dm05,attribute_select,7,100065,color:blue,failure,0,400,400,action_limit,Reach for the blue block and lift it.,reused,dm05/attribute_select/attribute_select_ep100065_result.json,5734e96cc27edf972d0ae2de9c13108b1bc7f4dd227f25c4e84ac4f214b7b484
dm05,attribute_select,7,100066,decal:cat,failure,0,400,400,action_limit,Reach for the block with a cat on it and lift it.,reused,dm05/attribute_select/attribute_select_ep100066_result.json,a9e4dfda6cfec36e61fcfecb38e688996a4e895d9af6a8bcb5c337e67163f0b6
dm05,attribute_select,7,100067,decal:dog,success,1,80,400,task_success,Reach for the block with a dog on it and lift it.,reused,dm05/attribute_select/attribute_select_ep100067_result.json,acb7275c70820f9f003e733d75fccda61b4c656f0ebb269a0ae95d605a56efdb
dm05,attribute_select,7,100068,shape:block,failure,0,400,400,action_limit,Reach for the cube and lift it.,reused,dm05/attribute_select/attribute_select_ep100068_result.json,d59a3734678ecdb41486be60518d55b0c256cccc0b641e024270fdd45b4f9676
dm05,attribute_select,7,100069,shape:bar,success,1,79,400,task_success,Fetch the long bar.,reused,dm05/attribute_select/attribute_select_ep100069_result.json,3769762dc3fde99fa7b53da432c6cf3b98480f47a2a36ee65662fd945dad2e9e
dm05,attribute_select,7,100070,size:big,failure,0,400,400,action_limit,Reach for the big block and lift it.,reused,dm05/attribute_select/attribute_select_ep100070_result.json,178567c8a86077f1c89f3fd752ab752f28fbd5e64d85336a4f227cf268504d8f
dm05,attribute_select,7,100071,size:small,success,1,79,400,task_success,Fetch the small block.,reused,dm05/attribute_select/attribute_select_ep100071_result.json,71f541fcd665246bb96257d0ac74bd3693c285415b1b856a9c83f204abde015f
dm05,attribute_select,8,100072,color:red,success,1,78,400,task_success,Reach for the red block and lift it.,reused,dm05/attribute_select/attribute_select_ep100072_result.json,71c1a0d40b0c4c2a1e9e37ca228677644e0b21e2302edc97153419c2f9e36508
dm05,attribute_select,8,100073,color:blue,failure,0,400,400,action_limit,Reach for the blue block and lift it.,reused,dm05/attribute_select/attribute_select_ep100073_result.json,dd77289e00a9fea3fde35461fac8aaa423e47f748f2c298f5b73f76208490777
dm05,attribute_select,8,100074,decal:cat,failure,0,400,400,action_limit,Fetch the block with a cat on it.,reused,dm05/attribute_select/attribute_select_ep100074_result.json,db35253d953bcbba88ae2f62af75e55890a55e2c7e6dae1622188754e6860c2c
dm05,attribute_select,8,100075,decal:dog,success,1,79,400,task_success,Reach for the block with a dog on it and lift it.,reused,dm05/attribute_select/attribute_select_ep100075_result.json,b3faa03afcd0650a2161ed3a730bad09d441ee2a285b1b9d75fdb4fece6c9929
dm05,attribute_select,8,100076,shape:block,success,1,77,400,task_success,Fetch the cube.,reused,dm05/attribute_select/attribute_select_ep100076_result.json,f6c97f56e8cc1bfb639a00cc61b48f2f7c608d3d086426b8f5cb40d43dd45a27
dm05,attribute_select,8,100077,shape:bar,success,1,78,400,task_success,Reach for the long bar and lift it.,reused,dm05/attribute_select/attribute_select_ep100077_result.json,a1689af96ebb09af23a0952baa8215c467dadb35137cfdfb4b85ed08a2250ed9
dm05,attribute_select,8,100078,size:big,failure,0,400,400,action_limit,Fetch the big block.,reused,dm05/attribute_select/attribute_select_ep100078_result.json,1c1d2049072b275c4f587b9b6d5fc4824e0407aec7e4aff6d1336a3c02413607
dm05,attribute_select,8,100079,size:small,success,1,78,400,task_success,Fetch the small block.,reused,dm05/attribute_select/attribute_select_ep100079_result.json,9f87a66493cf483fa8037a9e50ce2ade630a14d6270890ae19a63e734ee85960
dm05,attribute_select,9,100080,color:red,success,1,78,400,task_success,Fetch the red block.,reused,dm05/attribute_select/attribute_select_ep100080_result.json,0e702e2c72981e30bc5f387c31f7b077c42eafbda12c1c6b34e01c7f8f529673
dm05,attribute_select,9,100081,color:blue,failure,0,400,400,action_limit,Reach for the blue block and lift it.,reused,dm05/attribute_select/attribute_select_ep100081_result.json,6c18632e4c046b050e739d4a18b0df1434b14cc9954d691be47faa5986f5fd16
dm05,attribute_select,9,100082,decal:cat,success,1,79,400,task_success,Reach for the block with a cat on it and lift it.,reused,dm05/attribute_select/attribute_select_ep100082_result.json,5a2d69ee349c4d055f06d56885da27ff0d1d7f0ace0e4bde0438153f5433cbf6
dm05,attribute_select,9,100083,decal:dog,success,1,79,400,task_success,Reach for the block with a dog on it and lift it.,reused,dm05/attribute_select/attribute_select_ep100083_result.json,38663310286cc9ebb99fcaa622c83de20b72238e38e73689f20cddc7795866e9
dm05,attribute_select,9,100084,shape:block,success,1,78,400,task_success,Fetch the cube.,reused,dm05/attribute_select/attribute_select_ep100084_result.json,75b38003bef7f0a9e05dff30f7efb5a475a73459d326a31d95fd680bce277a9f
dm05,attribute_select,9,100085,shape:bar,success,1,79,400,task_success,Fetch the long bar.,reused,dm05/attribute_select/attribute_select_ep100085_result.json,b34323496b8e94cdbc8e3d43f6f6d3a8535e33b1ddaf628a916a4e15da68b63f
dm05,attribute_select,9,100086,size:big,failure,0,400,400,action_limit,Fetch the big block.,reused,dm05/attribute_select/attribute_select_ep100086_result.json,b43cb8a6a098bdeb74142014b7e570117db6cda4b59653645cd4dc2e5d0fd29a
dm05,attribute_select,9,100087,size:small,success,1,78,400,task_success,Reach for the small block and lift it.,reused,dm05/attribute_select/attribute_select_ep100087_result.json,f88ee2b9ac7f315c6f37e897cc3568ca3db56c12a15ab609272af13aae6e9e7f
dm05,attribute_select,10,100088,color:red,success,1,79,400,task_success,Fetch the red block.,reused,dm05/attribute_select/attribute_select_ep100088_result.json,35f8cd57ec79a013bdc831e6b7086b3ac89d442600eb3aec4d6ee23ee31c3f39
dm05,attribute_select,10,100089,color:blue,failure,0,400,400,action_limit,Fetch the blue block.,reused,dm05/attribute_select/attribute_select_ep100089_result.json,54dd40ff53b818ea663b30847618209319f667be3df8136f96542c19bc3e6fd2
dm05,attribute_select,10,100090,decal:cat,success,1,80,400,task_success,Reach for the block with a cat on it and lift it.,reused,dm05/attribute_select/attribute_select_ep100090_result.json,6ec9cfcc2d1bb388ef746ce150224b2f1a0058a45e3620381523d4ed4bd1e98c
dm05,attribute_select,10,100091,decal:dog,failure,0,400,400,action_limit,Fetch the block with a dog on it.,reused,dm05/attribute_select/attribute_select_ep100091_result.json,e23e3e80424123effed046a6a7576d3ce9c41d1c28c635ff7b7ff2883a4673bb
dm05,attribute_select,10,100092,shape:block,failure,0,400,400,action_limit,Reach for the cube and lift it.,reused,dm05/attribute_select/attribute_select_ep100092_result.json,dae91d9f356fbf4203dfb61e257687603684abccf90adc0264d24af9b1d5c05d
dm05,attribute_select,10,100093,shape:bar,success,1,78,400,task_success,Reach for the long bar and lift it.,reused,dm05/attribute_select/attribute_select_ep100093_result.json,8ae8d2b2360ee1d2c71b681573a0e23427c0f7daae14aa99906ae5577cf00086
dm05,attribute_select,10,100094,size:big,failure,0,400,400,action_limit,Reach for the big block and lift it.,reused,dm05/attribute_select/attribute_select_ep100094_result.json,a42c1fc2113c23403c936e5ae6779229e604e88c60a65f8d6b695650090483ab
dm05,attribute_select,10,100095,size:small,success,1,79,400,task_success,Reach for the small block and lift it.,reused,dm05/attribute_select/attribute_select_ep100095_result.json,7ce95566b9f0510cad853fc75147e61936db3978a545e09bb89c928b3e1b61dc
dm05,attribute_select,11,100096,color:red,success,1,78,400,task_success,Reach for the red block and lift it.,reused,dm05/attribute_select/attribute_select_ep100096_result.json,bd2238783350f8009913098c0c31d56f3cf1327b217791e1cbb278d48ee9a1cf
dm05,attribute_select,11,100097,color:blue,failure,0,400,400,action_limit,Fetch the blue block.,reused,dm05/attribute_select/attribute_select_ep100097_result.json,2bdcd036fa55899e9a3b0fda7435dda3f53fc8b91d73275155710900756c3836
dm05,attribute_select,11,100098,decal:cat,failure,0,400,400,action_limit,Fetch the block with a cat on it.,reused,dm05/attribute_select/attribute_select_ep100098_result.json,b87b024d57774d1148d7a2c32e99cc3fbccf166aa87c1d4c3124cf2969da2a9b
dm05,attribute_select,11,100099,decal:dog,success,1,79,400,task_success,Fetch the block with a dog on it.,reused,dm05/attribute_select/attribute_select_ep100099_result.json,e9aafb08f70977d960bc74d5d126a77d922a90bcf47cd52389d7a6623fcad566
dm05,attribute_select,11,100100,shape:block,success,1,81,400,task_success,Reach for the cube and lift it.,reused,dm05/attribute_select/attribute_select_ep100100_result.json,02d6e44ad0016487656704e6f63a061509c7bd7b95caf848dfa80e6d9f5f6bbf
dm05,attribute_select,11,100101,shape:bar,success,1,78,400,task_success,Reach for the long bar and lift it.,reused,dm05/attribute_select/attribute_select_ep100101_result.json,2bf02c2dc795f599a9bb3fc3fb0ce46506736862d27e4577cd4fddee6431693e
dm05,attribute_select,11,100102,size:big,failure,0,400,400,action_limit,Fetch the big block.,reused,dm05/attribute_select/attribute_select_ep100102_result.json,1f817ea71b495a029358731b2eb6cc5628f0419321583c007347ae000e66b905
dm05,attribute_select,11,100103,size:small,success,1,80,400,task_success,Fetch the small block.,reused,dm05/attribute_select/attribute_select_ep100103_result.json,7307815d4dfb90859c0fc15870f9a3af35b1c3ce0396cc61efab4db4bccb6a0c
dm05,attribute_select,12,100104,color:red,success,1,79,400,task_success,Reach for the red block and lift it.,reused,dm05/attribute_select/attribute_select_ep100104_result.json,af6f57a2618c8561c62532cdfdb9d38b184eee37f76a5dce15475e9ce5bd8cee
dm05,attribute_select,12,100105,color:blue,failure,0,400,400,action_limit,Reach for the blue block and lift it.,reused,dm05/attribute_select/attribute_select_ep100105_result.json,07cddc16560a76c7c6541b5635c0db9123b68fb83235e2e267f424c2495e58c6
dm05,attribute_select,12,100106,decal:cat,failure,0,400,400,action_limit,Reach for the block with a cat on it and lift it.,reused,dm05/attribute_select/attribute_select_ep100106_result.json,cea2888cd1648790c835f0f17f3186617c84ee604d011f8650b5ac6f8c358a32
dm05,attribute_select,12,100107,decal:dog,success,1,79,400,task_success,Reach for the block with a dog on it and lift it.,reused,dm05/attribute_select/attribute_select_ep100107_result.json,b0896494546bc49f2fc819fc9251ec3fb6dae5341a1b0bf2908e9456e53b8649
dm05,attribute_select,12,100108,shape:block,success,1,78,400,task_success,Reach for the cube and lift it.,reused,dm05/attribute_select/attribute_select_ep100108_result.json,78a67ff21f0d04f069a1a20dfaee29fef1bf3811042605d6e64c78c090f21c39
dm05,attribute_select,12,100109,shape:bar,success,1,79,400,task_success,Fetch the long bar.,reused,dm05/attribute_select/attribute_select_ep100109_result.json,55f42c3c90cf0441dd8a87833c8d061692d938141dbeb63e838e67f69011e3a3
dm05,attribute_select,12,100110,size:big,failure,0,400,400,action_limit,Reach for the big block and lift it.,reused,dm05/attribute_select/attribute_select_ep100110_result.json,efa398c196827e90f55520bb39f3504ef81409b60a2032272c550e7eb1685840
dm05,attribute_select,12,100111,size:small,success,1,79,400,task_success,Reach for the small block and lift it.,reused,dm05/attribute_select/attribute_select_ep100111_result.json,7a3e277d27bc84a56759b2428a24058a04f5af071e2bc1b2c4edbe44a6db6a73
dm05,attribute_select,13,100112,color:red,success,1,77,400,task_success,Reach for the red block and lift it.,reused,dm05/attribute_select/attribute_select_ep100112_result.json,1c87654891a143ae1b18e722c0024ffcfc2cfa60d7c092aa4c2fac02f472eda3
dm05,attribute_select,13,100113,color:blue,failure,0,400,400,action_limit,Fetch the blue block.,reused,dm05/attribute_select/attribute_select_ep100113_result.json,7fb3bc973c05718ae225e9a71a12fe9f2a011ebcf71c1fe727f2ef1e3af906a5
dm05,attribute_select,13,100114,decal:cat,failure,0,400,400,action_limit,Reach for the block with a cat on it and lift it.,reused,dm05/attribute_select/attribute_select_ep100114_result.json,8786114d038d272849b1af8fa224ca89c65786cb4aca3cfa346785a2ffff7c40
dm05,attribute_select,13,100115,decal:dog,failure,0,400,400,action_limit,Fetch the block with a dog on it.,reused,dm05/attribute_select/attribute_select_ep100115_result.json,db55492334a3e72dc7a5efd56471992e906fbdfbe86b8660529153e7feaa6e52
dm05,attribute_select,13,100116,shape:block,failure,0,400,400,action_limit,Fetch the cube.,reused,dm05/attribute_select/attribute_select_ep100116_result.json,6878cb26b0103e5f807e8576baea6e863e4419416fd02170ec296849921a671b
dm05,attribute_select,13,100117,shape:bar,success,1,79,400,task_success,Fetch the long bar.,reused,dm05/attribute_select/attribute_select_ep100117_result.json,2555993173255ce65575731fa0050944b3239cc26ec95755f84850cda51cc932
dm05,attribute_select,13,100118,size:big,failure,0,400,400,action_limit,Reach for the big block and lift it.,reused,dm05/attribute_select/attribute_select_ep100118_result.json,b0b558cb49c09a55f1fb763f5bc7eb2545606665758ca28f26b14f660277d035
dm05,attribute_select,13,100119,size:small,success,1,78,400,task_success,Reach for the small block and lift it.,reused,dm05/attribute_select/attribute_select_ep100119_result.json,b11dda98e32b2d553bef12648dbf1508aa439ee594fd82aa4588813d027f872f
dm05,attribute_select,14,100120,color:red,success,1,78,400,task_success,Reach for the red block and lift it.,reused,dm05/attribute_select/attribute_select_ep100120_result.json,58043c61ce1ae96fc8cfb72fa10be200b8cbb0d881f2005bae69a583b4c717ec
dm05,attribute_select,14,100121,color:blue,failure,0,400,400,action_limit,Fetch the blue block.,reused,dm05/attribute_select/attribute_select_ep100121_result.json,b5a1ec2110e0a7940ae2cb49eeaeb249986bd48505c114f50bab3baf4d285a7a
dm05,attribute_select,14,100122,decal:cat,success,1,79,400,task_success,Fetch the block with a cat on it.,reused,dm05/attribute_select/attribute_select_ep100122_result.json,4b0ab888adf002c412e58d4ca67805bcc5e37520c3165ed4b815bb54bfff0886
dm05,attribute_select,14,100123,decal:dog,failure,0,400,400,action_limit,Fetch the block with a dog on it.,reused,dm05/attribute_select/attribute_select_ep100123_result.json,c2ed123d361022ba071ef2c8775f32e124b467472ce47dcdd1bf8d06fe2ef7ff
dm05,attribute_select,14,100124,shape:block,success,1,79,400,task_success,Fetch the cube.,reused,dm05/attribute_select/attribute_select_ep100124_result.json,976e626e627a6dfd2b5d6837c43c30619a535661f60f11180befb95c3d97f59d
dm05,attribute_select,14,100125,shape:bar,success,1,79,400,task_success,Reach for the long bar and lift it.,reused,dm05/attribute_select/attribute_select_ep100125_result.json,3e4e804bf32708a21e7385f79d435def03e28fdb51b7bdd2c3e3fe15f8330713
dm05,attribute_select,14,100126,size:big,failure,0,400,400,action_limit,Reach for the big block and lift it.,reused,dm05/attribute_select/attribute_select_ep100126_result.json,b86b3e49f86e2ed9ed156eda1898feac8e1ca30443f5d76d19b0037c8d0e451d
dm05,attribute_select,14,100127,size:small,success,1,78,400,task_success,Fetch the small block.,reused,dm05/attribute_select/attribute_select_ep100127_result.json,d7f979c6ce88a19fcb2009b5935a0018389cb5c6dee6de31aaaa4ba22eacd738
dm05,attribute_select,15,100128,color:red,success,1,78,400,task_success,Fetch the red block.,reused,dm05/attribute_select/attribute_select_ep100128_result.json,d32e34a1eab86efcd89f2c5767056180d18b753f3fee41a39de7cc8a672a6184
dm05,attribute_select,15,100129,color:blue,failure,0,400,400,action_limit,Fetch the blue block.,reused,dm05/attribute_select/attribute_select_ep100129_result.json,9d90faf11bec695d7b7e824280b312e86fd5eaae9a424a10bcefd79420dfcdec
dm05,attribute_select,15,100130,decal:cat,failure,0,400,400,action_limit,Reach for the block with a cat on it and lift it.,reused,dm05/attribute_select/attribute_select_ep100130_result.json,93372e0c941bfa810b3097787ee825ccc06a431420994a5adeb8afcce38c2c93
dm05,attribute_select,15,100131,decal:dog,failure,0,400,400,action_limit,Fetch the block with a dog on it.,reused,dm05/attribute_select/attribute_select_ep100131_result.json,393d3d7a029bf54f990eb49c0fe444812c83cbeae4eae418a134467f3a794843
dm05,attribute_select,15,100132,shape:block,failure,0,400,400,action_limit,Reach for the cube and lift it.,reused,dm05/attribute_select/attribute_select_ep100132_result.json,31a9431e7bd7cb61d00c2d4817ad7f0c1fc9814423dc2ad2e760fe64cd36a254
dm05,attribute_select,15,100133,shape:bar,success,1,79,400,task_success,Fetch the long bar.,reused,dm05/attribute_select/attribute_select_ep100133_result.json,580c735c282ee10fa4bdeec8bfd6082365dafe88f6d9794effa5a619d9e50f29
dm05,attribute_select,15,100134,size:big,failure,0,400,400,action_limit,Fetch the big block.,reused,dm05/attribute_select/attribute_select_ep100134_result.json,8c39394d36c54d0ce7b548e5c1643dd8c605c32b7d7a05d640ebe475eeeb9718
dm05,attribute_select,15,100135,size:small,success,1,78,400,task_success,Reach for the small block and lift it.,reused,dm05/attribute_select/attribute_select_ep100135_result.json,5f48297563ed15b33ebbcc9638006655bf76158792e5d6db892ce3cd034375b2
dm05,attribute_select,16,100144,color:red,success,1,78,400,task_success,Reach for the red block and lift it.,reused,dm05/attribute_select/attribute_select_ep100144_result.json,6b8deddfb51314ee156b864b6cf6dbe78b3434ba36864a9fcf2dffe0da881f20
dm05,attribute_select,16,100145,color:blue,failure,0,400,400,action_limit,Fetch the blue block.,reused,dm05/attribute_select/attribute_select_ep100145_result.json,a903c570bfc123eb1f0781cc4d7e9384d69a434d8e509b7d99b39d1351067be5
dm05,attribute_select,16,100146,decal:cat,success,1,80,400,task_success,Reach for the block with a cat on it and lift it.,reused,dm05/attribute_select/attribute_select_ep100146_result.json,3f314594582cfb309ead1fd1c521a8ab4e8eddbd7572948adfca5423b347c801
dm05,attribute_select,16,100147,decal:dog,failure,0,400,400,action_limit,Fetch the block with a dog on it.,reused,dm05/attribute_select/attribute_select_ep100147_result.json,c4eb672ba38f3d261e610aff2bac492adc038e86571a1041082785bdcd08b06f
dm05,attribute_select,16,100148,shape:block,success,1,78,400,task_success,Fetch the cube.,reused,dm05/attribute_select/attribute_select_ep100148_result.json,7eee7f13ff9474b9b0466e23c0c8fce63300bbdf111b7fcda1863e9b6bb7bf1f
dm05,attribute_select,16,100149,shape:bar,success,1,79,400,task_success,Reach for the long bar and lift it.,reused,dm05/attribute_select/attribute_select_ep100149_result.json,f0239ca656a0b00c463fbd6d3c8295bcb873a907d1a3934a3035ed2fbecbddee
dm05,attribute_select,16,100150,size:big,failure,0,400,400,action_limit,Fetch the big block.,reused,dm05/attribute_select/attribute_select_ep100150_result.json,68c9697e91a0eafb5fb1225b86c87661c740c61d1cdfa7ac241aa3e43bc66450
dm05,attribute_select,16,100151,size:small,success,1,78,400,task_success,Fetch the small block.,reused,dm05/attribute_select/attribute_select_ep100151_result.json,fc338bd14fe1e338506cb3613d2d53391118d373bdbd2b1ae6087aef4460e84c
dm05,attribute_select,17,100152,color:red,success,1,78,400,task_success,Reach for the red block and lift it.,reused,dm05/attribute_select/attribute_select_ep100152_result.json,337cd05ec69ca898af1a7cb20d764dc4c0af86f489bcb4cc17404224ead2bf3e
dm05,attribute_select,17,100153,color:blue,failure,0,400,400,action_limit,Fetch the blue block.,reused,dm05/attribute_select/attribute_select_ep100153_result.json,92e3b814f7fdf5fbf54818f5319a3e680345256dfb6702cf92aac071bb41a7f3
dm05,attribute_select,17,100154,decal:cat,failure,0,400,400,action_limit,Reach for the block with a cat on it and lift it.,reused,dm05/attribute_select/attribute_select_ep100154_result.json,d1d1faab49d36a9b0641058214ff8ae2e4814f65d2c299030627227e0be62ea9
dm05,attribute_select,17,100155,decal:dog,success,1,78,400,task_success,Fetch the block with a dog on it.,reused,dm05/attribute_select/attribute_select_ep100155_result.json,a2bd563a485cd9dfb0dee99d39b3f6b5cc65547abaa489c2acdf3e91a7f0a00b
dm05,attribute_select,17,100156,shape:block,failure,0,400,400,action_limit,Reach for the cube and lift it.,reused,dm05/attribute_select/attribute_select_ep100156_result.json,2705c80c6c128ebdcb1330bc0a7fe8d3daeeefe177dbcc10286b1fb2b6aa9890
dm05,attribute_select,17,100157,shape:bar,success,1,77,400,task_success,Reach for the long bar and lift it.,reused,dm05/attribute_select/attribute_select_ep100157_result.json,4fb0236ca773373864f0b8055e4d452f67781ec93e7af207439c69664118fbb6
dm05,attribute_select,17,100158,size:big,failure,0,400,400,action_limit,Fetch the big block.,reused,dm05/attribute_select/attribute_select_ep100158_result.json,a677c58d506b0ea20bebd8f3c65fab4dbfc37645fca1d3efe66850dc2a02edde
dm05,attribute_select,17,100159,size:small,success,1,79,400,task_success,Fetch the small block.,reused,dm05/attribute_select/attribute_select_ep100159_result.json,922e13009f9c085874c67b94df946f9a6c1de4424c06666d6dbede58d2a82a31
dm05,attribute_select,18,100160,color:red,success,1,78,400,task_success,Fetch the red block.,reused,dm05/attribute_select/attribute_select_ep100160_result.json,0f02f032b02f30ee07b9ca29f6379c40125e85988f73fd7d7ce57ea8d1e529c7
dm05,attribute_select,18,100161,color:blue,failure,0,400,400,action_limit,Reach for the blue block and lift it.,reused,dm05/attribute_select/attribute_select_ep100161_result.json,1981ce4e9220306cb3aca3115c62a9950cea5de75e2fb7168572c2cf0bc67707
dm05,attribute_select,18,100162,decal:cat,success,1,80,400,task_success,Reach for the block with a cat on it and lift it.,reused,dm05/attribute_select/attribute_select_ep100162_result.json,66ea89b56b9ea013d3d6a628ddcb96fb3f1e187ce47d262230a5fcfa5223621f
dm05,attribute_select,18,100163,decal:dog,failure,0,400,400,action_limit,Fetch the block with a dog on it.,reused,dm05/attribute_select/attribute_select_ep100163_result.json,083b391961750e3285dce5e904b1d65d803324bfc6441b20b5026b0d940b9ed9
dm05,attribute_select,18,100164,shape:block,failure,0,400,400,action_limit,Reach for the cube and lift it.,reused,dm05/attribute_select/attribute_select_ep100164_result.json,bf21315e84ce3a7f3e33fa5d9dda3c8ad658f510ecb28e2824ecc02ede7f143a
dm05,attribute_select,18,100165,shape:bar,success,1,79,400,task_success,Fetch the long bar.,reused,dm05/attribute_select/attribute_select_ep100165_result.json,564d9d1b1a701e86e255ab9bf06db3055b550f3344aaec6d55f4cf7b4c2f7493
dm05,attribute_select,18,100166,size:big,failure,0,400,400,action_limit,Fetch the big block.,reused,dm05/attribute_select/attribute_select_ep100166_result.json,38d447ff509069b19c3aa66dd75ba218b3cdab164b716b40824449eaaf2e6b96
dm05,attribute_select,18,100167,size:small,success,1,78,400,task_success,Reach for the small block and lift it.,reused,dm05/attribute_select/attribute_select_ep100167_result.json,c49c2724097c7a2e4089952ab2c0f581c81168b32dc0f32648008b2aac4df849
dm05,attribute_select,19,100168,color:red,success,1,79,400,task_success,Fetch the red block.,reused,dm05/attribute_select/attribute_select_ep100168_result.json,6e11deb08d894bd35655d97b7447c82ae554f23a6e1d05e1e794fd09231a2468
dm05,attribute_select,19,100169,color:blue,failure,0,400,400,action_limit,Reach for the blue block and lift it.,reused,dm05/attribute_select/attribute_select_ep100169_result.json,a2be4384bf68cc55846592bbfc2f03d45b6b62e5e49c36efe2968305569aad4e
dm05,attribute_select,19,100170,decal:cat,failure,0,400,400,action_limit,Fetch the block with a cat on it.,reused,dm05/attribute_select/attribute_select_ep100170_result.json,604d2cca2823fd0cdef1b403e7d47cb9010c0a0199196ffda643c6b8a48c963e
dm05,attribute_select,19,100171,decal:dog,success,1,78,400,task_success,Reach for the block with a dog on it and lift it.,reused,dm05/attribute_select/attribute_select_ep100171_result.json,0fa3c36dab7ca9d255fd8490fbfe44772663f0f610c0a81b288ff6dab985eb90
dm05,attribute_select,19,100172,shape:block,failure,0,400,400,action_limit,Reach for the cube and lift it.,reused,dm05/attribute_select/attribute_select_ep100172_result.json,cad5189be3e0ae2507863893bbe455c2e684390d620be742124dd35f820fb009
dm05,attribute_select,19,100173,shape:bar,success,1,79,400,task_success,Fetch the long bar.,reused,dm05/attribute_select/attribute_select_ep100173_result.json,1e001d7bc7316c07ede24915747d05451109d4863df8acf204c9cfc9b544793c
dm05,attribute_select,19,100174,size:big,failure,0,400,400,action_limit,Reach for the big block and lift it.,reused,dm05/attribute_select/attribute_select_ep100174_result.json,f3a34b3bcf8e7822180647b92a1d69e7a22141783b2f2e3013b0d626e75146c4
dm05,attribute_select,19,100175,size:small,success,1,79,400,task_success,Fetch the small block.,reused,dm05/attribute_select/attribute_select_ep100175_result.json,b592dea907c4b6315166d49a961f427682103337c0b299333ff89cc1d8b3dc68
dm05,arm_select,0,500000,left,success,1,79,400,task_success,Use the left arm to retrieve the block.,new,dm05/arm_select/arm_select_ep500000_result.json,9e03ccbb9294f3cdbd29d1124fc1aba4b23316368623ffee4fbc3fcf15f844b2
dm05,arm_select,0,500001,right,success,1,79,400,task_success,Use the right arm to retrieve the block.,new,dm05/arm_select/arm_select_ep500001_result.json,7c9db9215da1381a0ac48f112e0647ca1e633a6cf57dc0a5a170a74c311bbe2a
dm05,arm_select,1,500002,left,failure,0,400,400,action_limit,"With the left arm, grab the block.",new,dm05/arm_select/arm_select_ep500002_result.json,08aafca581c475424007b3441763ff51e08d3eeb785055d577b66acaf585cd31
dm05,arm_select,1,500003,right,failure,0,400,400,action_limit,"With the right arm, grab the block.",new,dm05/arm_select/arm_select_ep500003_result.json,f42a2f6bcfdde3c9070ad543211c7c85380b46e478a42e6bb05d160cf924fa2c
dm05,arm_select,2,500004,left,success,1,79,400,task_success,Retrieve the block with the left arm.,new,dm05/arm_select/arm_select_ep500004_result.json,71338b9145c1ae5f4e6e0bc7aa8a98fdf93b8f2cb18e2e31dbe5a74966672779
dm05,arm_select,2,500005,right,failure,0,400,400,action_limit,Retrieve the block with the right arm.,new,dm05/arm_select/arm_select_ep500005_result.json,54f7eefc7ce80b32eb2aeb152c5ad4a00fba588f03be77cfa4eef540d0e0cfbf
dm05,arm_select,3,500006,left,failure,0,400,400,action_limit,Have the left arm take the block.,new,dm05/arm_select/arm_select_ep500006_result.json,a7f5668d4b648f48fdd676cbf88a513a8a01001ab98ce946997583b972762a0b
dm05,arm_select,3,500007,right,success,1,80,400,task_success,Have the right arm take the block.,new,dm05/arm_select/arm_select_ep500007_result.json,3587ecbbe1ebdfcd61cda6935a83d5f6b4aaae8a623dd8712c129ca686b22f2b
dm05,arm_select,4,500008,left,failure,0,400,400,action_limit,Pick up the block carefully with the left arm.,new,dm05/arm_select/arm_select_ep500008_result.json,f99dc2001b02772c0d74578a418690d14c5b4f96af6947aaa603e1d0347b1e3d
dm05,arm_select,4,500009,right,success,1,79,400,task_success,Pick up the block carefully with the right arm.,new,dm05/arm_select/arm_select_ep500009_result.json,85be3980b5e0a80b24a506a1337226788df1a5805c19905a95e161128d6934a9
dm05,arm_select,5,500010,left,success,1,180,400,task_success,"With the left arm, grab the block.",new,dm05/arm_select/arm_select_ep500010_result.json,f9df70d9b16b198892793e856394a1405f17f0105d638896182498fa0c2d255c
dm05,arm_select,5,500011,right,failure,0,400,400,action_limit,"With the right arm, grab the block.",new,dm05/arm_select/arm_select_ep500011_result.json,85d81201156d351f7ef2da31aba612d27651c2a293cf80250cfcfad2f847c3ca
dm05,arm_select,6,500012,left,failure,0,400,400,action_limit,Collect the block using the left arm.,new,dm05/arm_select/arm_select_ep500012_result.json,419fe094acfbfdffb06c2b79d5b873bcf64a9d4e28715bf23fe1e799a97ed144
dm05,arm_select,6,500013,right,success,1,79,400,task_success,Collect the block using the right arm.,new,dm05/arm_select/arm_select_ep500013_result.json,5b857b56677a2bc950d43e180e9345bc2d2817e4b8f4fde0604384336c3b57b6
dm05,arm_select,7,500014,left,failure,0,400,400,action_limit,Retrieve the block with the left arm.,new,dm05/arm_select/arm_select_ep500014_result.json,ec38a39173e73270c2f6ce912ef19aea39f4f3cf173ade31fb6c20a02998440e
dm05,arm_select,7,500015,right,success,1,79,400,task_success,Retrieve the block with the right arm.,new,dm05/arm_select/arm_select_ep500015_result.json,38a413444bd5df7f4f9a8fca841a3e799bc3ed8802c0c1da83fbe491cf6326ea
dm05,arm_select,8,500016,left,success,1,80,400,task_success,Employ the left arm to lift the block.,new,dm05/arm_select/arm_select_ep500016_result.json,3d47ea3c58191d57fd6ebd8c850520aa663485730067afd8d3226f4287f46a62
dm05,arm_select,8,500017,right,success,1,79,400,task_success,Employ the right arm to lift the block.,new,dm05/arm_select/arm_select_ep500017_result.json,33889e3b13e382505e9974dc2eb0f5ccc034f2101824c7b54a1fa70800e2a1ce
dm05,arm_select,9,500018,left,success,1,79,400,task_success,Pick up the block carefully with the left arm.,new,dm05/arm_select/arm_select_ep500018_result.json,953d1fe776777d927a32e4db46292ed4cc3eae234050adf1dc83b893b3dfd04a
dm05,arm_select,9,500019,right,success,1,79,400,task_success,Pick up the block carefully with the right arm.,new,dm05/arm_select/arm_select_ep500019_result.json,e92a75f88d28c7aecc4e7dcec7586ac579989b5c78d296eae6ac8788e32becf0
dm05,arm_select,10,500020,left,failure,0,400,400,action_limit,Employ the left arm to lift the block.,new,dm05/arm_select/arm_select_ep500020_result.json,c3ada8fad5a9c53ed54601ca3d4b66f565a94db556c0a33d8ea908149396e0cc
dm05,arm_select,10,500021,right,success,1,78,400,task_success,Employ the right arm to lift the block.,new,dm05/arm_select/arm_select_ep500021_result.json,92067d3739c146a5b6877ba09110cdc5a383839e8472977e5f514310f46fd88e
dm05,arm_select,11,500022,left,success,1,80,400,task_success,Have the left arm take the block.,new,dm05/arm_select/arm_select_ep500022_result.json,810e9569bfd85e43262bb37530f686550be16b36197612eb52924a4ef5bec939
dm05,arm_select,11,500023,right,success,1,80,400,task_success,Have the right arm take the block.,new,dm05/arm_select/arm_select_ep500023_result.json,0736c6fb3d6261bc3d2f35519fcb0596c0229be59dcc7bb27174b6f18220d87e
dm05,arm_select,12,500024,left,success,1,79,400,task_success,Employ the left arm to lift the block.,new,dm05/arm_select/arm_select_ep500024_result.json,aa780aa3f2e84008159fc4a1a1973d64af5ac749aa8a181f18ef139d2319f34d
dm05,arm_select,12,500025,right,success,1,79,400,task_success,Employ the right arm to lift the block.,new,dm05/arm_select/arm_select_ep500025_result.json,376769fea74c7614801301c7d4455e754a8cda65352a2563b3f5668539acd1c2
dm05,arm_select,13,500026,left,failure,0,400,400,action_limit,Use the left arm to retrieve the block.,new,dm05/arm_select/arm_select_ep500026_result.json,db6358bcb50821914f1725b90df5fb0ec39e545e52ea1358b1715615556aa857
dm05,arm_select,13,500027,right,success,1,79,400,task_success,Use the right arm to retrieve the block.,new,dm05/arm_select/arm_select_ep500027_result.json,cb64d4f622ee32d24b982773b55aeb44dc40c8e44df3ed9219c0c5f3b053ef6f
dm05,arm_select,14,500028,left,success,1,79,400,task_success,Pick up the block carefully with the left arm.,new,dm05/arm_select/arm_select_ep500028_result.json,be1d3806febf7be9882a2ee29ed1fed77516591f58847c21044074e0f3841530
dm05,arm_select,14,500029,right,success,1,79,400,task_success,Pick up the block carefully with the right arm.,new,dm05/arm_select/arm_select_ep500029_result.json,f24b97551571139d0f42aa2d2bf76ce33493ba2ad44fb6ae4140d78dd2803c9f
dm05,arm_select,15,500030,left,failure,0,400,400,action_limit,Collect the block using the left arm.,new,dm05/arm_select/arm_select_ep500030_result.json,fccd6625deee71f2b0dccdb4d06cab62547eaaf6eac3223694e36a8e2387e33d
dm05,arm_select,15,500031,right,success,1,78,400,task_success,Collect the block using the right arm.,new,dm05/arm_select/arm_select_ep500031_result.json,3096c3311d7ea278cea2ee7a0cdaf16c6d582b5d26c46ab696687f9245e9dd15
dm05,arm_select,16,500032,left,failure,0,400,400,action_limit,Let the left arm grab the block.,new,dm05/arm_select/arm_select_ep500032_result.json,ccc1d26189be40e0cc453471c67e0c8fa3d5f0633fc24abfaf0682fd22546ba1
dm05,arm_select,16,500033,right,success,1,79,400,task_success,Let the right arm grab the block.,new,dm05/arm_select/arm_select_ep500033_result.json,33b63a4aa603e002b84916ea9972b569132ce5cd557a010d8e3010febf8b3259
dm05,arm_select,17,500034,left,success,1,79,400,task_success,Use the left arm to hold the block.,new,dm05/arm_select/arm_select_ep500034_result.json,c5b38f725e06ab3271566e1beab11485615736e4f52d0f0b0eedadcaa1882242
dm05,arm_select,17,500035,right,failure,0,400,400,action_limit,Use the right arm to hold the block.,new,dm05/arm_select/arm_select_ep500035_result.json,5a1bb8b72e0d57eef0af75fd5d641075a547544756415708393f353077d47cc7
dm05,arm_select,18,500036,left,failure,0,400,400,action_limit,Have the left arm take the block.,new,dm05/arm_select/arm_select_ep500036_result.json,020d62626461d9c31afb7aba6dfd7e25057995530dd4a3f19073b0cef7f4591b
dm05,arm_select,18,500037,right,success,1,79,400,task_success,Have the right arm take the block.,new,dm05/arm_select/arm_select_ep500037_result.json,9ffdfba565b3fed963d7976b67569132b289a94cfdb0e52107c037c5fcede705
dm05,arm_select,19,500038,left,failure,0,400,400,action_limit,"With the left arm, grab the block.",new,dm05/arm_select/arm_select_ep500038_result.json,6024730fe93c4d49792b4399a54f8f199aaceada668b7a163e31b5c5796ea888
dm05,arm_select,19,500039,right,success,1,79,400,task_success,"With the right arm, grab the block.",new,dm05/arm_select/arm_select_ep500039_result.json,0019f9b53d6f31e64ef3bbb144bc2dc2b39ca3c706d61a53bbff97bfb7463c60
dm05,stack_sequence,0,100008,red>green>blue,success,1,423,1200,task_success,"Put red block down, green block on red block, blue block on green block.",reused,dm05/stack_sequence/stack_sequence_ep100008_result.json,9b4be748c99876f4e540e3cd26180d8bed758f4aaf66fe85508e7a0359991718
dm05,stack_sequence,0,100009,red>blue>green,failure,0,1200,1200,action_limit,Stack green block over blue block and blue block over red block.,reused,dm05/stack_sequence/stack_sequence_ep100009_result.json,bfa8fb5ac5d659c0a8a67459d536ab44f47537536cb8403348a854242a7705e0
dm05,stack_sequence,0,100010,green>red>blue,failure,0,1200,1200,action_limit,"From the bottom up: green block, then red block, then blue block.",reused,dm05/stack_sequence/stack_sequence_ep100010_result.json,aafafc0aa3d6cda8ba005f076ddb3ebb5584283c6095fdc10cf406c7e6073b87
dm05,stack_sequence,0,100011,green>blue>red,failure,0,1200,1200,action_limit,"Bottom to top, the order is green block, blue block, red block.",reused,dm05/stack_sequence/stack_sequence_ep100011_result.json,c554f819b526e46277e31a968050b59e3dac57e0c9aaeb7a9de58fc5fb519081
dm05,stack_sequence,0,100012,blue>red>green,failure,0,1200,1200,action_limit,"Place blue block at the base, add red block, and top it with green block.",reused,dm05/stack_sequence/stack_sequence_ep100012_result.json,a0addd50e3884463eb5c1ff404546b954d0967585832bfe04dc87fff55a5434a
dm05,stack_sequence,0,100013,blue>green>red,failure,0,1200,1200,action_limit,"First set blue block, then green block, then red block at the very top.",reused,dm05/stack_sequence/stack_sequence_ep100013_result.json,647770a5aa846e44067ace3e1c8fe1e4a77e37b3efe4e0ac6f461d80cfb40658
dm05,stack_sequence,1,100014,red>green>blue,failure,0,1200,1200,action_limit,"First set red block, then green block, then blue block at the very top.",reused,dm05/stack_sequence/stack_sequence_ep100014_result.json,67db4a5a7a0db8f7d0d4b79a03a1274ad5c856726769d76327ea70aae82f03bf
dm05,stack_sequence,1,100015,red>blue>green,failure,0,1200,1200,action_limit,"From the bottom up: red block, then blue block, then green block.",reused,dm05/stack_sequence/stack_sequence_ep100015_result.json,b4bb70d71305bac3532332df0cf747996281af8dbd9a8f65ab48cff97e5ae875
dm05,stack_sequence,1,100016,green>red>blue,failure,0,1200,1200,action_limit,"Build a column: green block lowest, then red block, then blue block on top.",reused,dm05/stack_sequence/stack_sequence_ep100016_result.json,3991a0a2ee5d3a8c8f2cfbbbe47b884eee7977352e4715d4bc2be9e7ae6384f0
dm05,stack_sequence,1,100017,green>blue>red,failure,0,1200,1200,action_limit,"Put green block down, blue block on green block, red block on blue block.",reused,dm05/stack_sequence/stack_sequence_ep100017_result.json,feb6d0c0a5a38e696b2ee5ee2ac7e06ed51ce4157f8052946b248fff0fa036ee
dm05,stack_sequence,1,100018,blue>red>green,failure,0,1200,1200,action_limit,"From the bottom up: blue block, then red block, then green block.",reused,dm05/stack_sequence/stack_sequence_ep100018_result.json,f7b782151a3087b88fa7831d78cbf2abb415196e3dbf496f783f896c825e2996
dm05,stack_sequence,1,100019,blue>green>red,failure,0,1200,1200,action_limit,"Rest green block on blue block, then rest red block on green block.",reused,dm05/stack_sequence/stack_sequence_ep100019_result.json,84934a90d17fb290c1a5d5b9d36ef699c19c47aa361361ef071b08f27e8acb7c
dm05,stack_sequence,2,100020,red>green>blue,failure,0,1200,1200,action_limit,"Lay red block first, green block second, blue block third, each on the last.",reused,dm05/stack_sequence/stack_sequence_ep100020_result.json,c5e3a857ca2edd9a0fd19082ef8d705301df2a9454c29d307c4fd4e3dc40ec05
dm05,stack_sequence,2,100021,red>blue>green,failure,0,1200,1200,action_limit,"Order the tower red block, blue block, green block from bottom to top.",reused,dm05/stack_sequence/stack_sequence_ep100021_result.json,3aaaf2aeb1fb5f4ea2ac80ba0e21008e55ab619e25e9cb0c36d4a16263db81d9
dm05,stack_sequence,2,100022,green>red>blue,failure,0,1200,1200,action_limit,"Put green block down, red block on green block, blue block on red block.",reused,dm05/stack_sequence/stack_sequence_ep100022_result.json,a76c507f069ff33dd01d33722f89e8df9df50fe9e2dbdb7aba734af6a178bd62
dm05,stack_sequence,2,100023,green>blue>red,failure,0,1200,1200,action_limit,"Place green block at the base, add blue block, and top it with red block.",reused,dm05/stack_sequence/stack_sequence_ep100023_result.json,1c9b70dd28e445f485a9a4173eeb364ebcd46068c56e8f3c477e8415fbc766a3
dm05,stack_sequence,2,100024,blue>red>green,failure,0,1200,1200,action_limit,"Place blue block at the base, add red block, and top it with green block.",reused,dm05/stack_sequence/stack_sequence_ep100024_result.json,ba86eb2c0fa47a66a5dc32c3c096e9a8738653bf170bd64621cab7b4ab92506e
dm05,stack_sequence,2,100025,blue>green>red,failure,0,1200,1200,action_limit,"First set blue block, then green block, then red block at the very top.",reused,dm05/stack_sequence/stack_sequence_ep100025_result.json,781aeac60ed9ad1fd639dc22f780c11e4be20fd95e0fb2cf057a83a7b1d1037e
dm05,stack_sequence,3,100026,red>green>blue,failure,0,1200,1200,action_limit,"From the bottom up: red block, then green block, then blue block.",reused,dm05/stack_sequence/stack_sequence_ep100026_result.json,7f4f1b7393e7911e9ac49c02b39500424fcf9d0fbebd4c587ddf2ef2db8c6059
dm05,stack_sequence,3,100027,red>blue>green,failure,0,1200,1200,action_limit,"Put red block down, blue block on red block, green block on blue block.",reused,dm05/stack_sequence/stack_sequence_ep100027_result.json,0eaf828ee8981e1d0c097ac082e507732e74d2e86ab04b267b8f36a1c4a7b745
dm05,stack_sequence,3,100028,green>red>blue,failure,0,1200,1200,action_limit,"Bottom to top, the order is green block, red block, blue block.",reused,dm05/stack_sequence/stack_sequence_ep100028_result.json,ac56ce0497091199f73e7ac8fb04bb7d4d3d243ba181b642e16139d29b9f7234
dm05,stack_sequence,3,100029,green>blue>red,failure,0,1200,1200,action_limit,"Lay green block first, blue block second, red block third, each on the last.",reused,dm05/stack_sequence/stack_sequence_ep100029_result.json,e3afc3a90a05fa2687dd3ec571163a11e0148050e825e3dd7beec3c30a3981e1
dm05,stack_sequence,3,100030,blue>red>green,failure,0,1200,1200,action_limit,"Put blue block down, red block on blue block, green block on red block.",reused,dm05/stack_sequence/stack_sequence_ep100030_result.json,b773b4ebd285376c532ab749de9f90344070df834c62268e4482581b05ad4e45
dm05,stack_sequence,3,100031,blue>green>red,failure,0,1200,1200,action_limit,Stack red block over green block and green block over blue block.,reused,dm05/stack_sequence/stack_sequence_ep100031_result.json,5609b99bfc143fd54b53e4cfa24fbde1c565511da1e2396569b0252206dc52fb
dm05,stack_sequence,4,100032,red>green>blue,failure,0,1200,1200,action_limit,"From the bottom up: red block, then green block, then blue block.",reused,dm05/stack_sequence/stack_sequence_ep100032_result.json,ebf7f9da98dd1deb52a2a6f8a9c8400ac59e04834335633d3fd412afb71fa5ff
dm05,stack_sequence,4,100033,red>blue>green,failure,0,1200,1200,action_limit,"Order the tower red block, blue block, green block from bottom to top.",reused,dm05/stack_sequence/stack_sequence_ep100033_result.json,d9ff4f9b0096fcfb2be87361d43ed4e7f1cbc3774e3cc13dbc12b8b1dfc896fb
dm05,stack_sequence,4,100034,green>red>blue,failure,0,1200,1200,action_limit,"Rest red block on green block, then rest blue block on red block.",reused,dm05/stack_sequence/stack_sequence_ep100034_result.json,09e05bfe369726b7fd2e4706c05c6313689f93ed3be1224092319662ddb10d7d
dm05,stack_sequence,4,100035,green>blue>red,failure,0,1200,1200,action_limit,"Build a column: green block lowest, then blue block, then red block on top.",reused,dm05/stack_sequence/stack_sequence_ep100035_result.json,077081816932a48b28276a0a9259e1544367fdad7a15299fdfbdf44f6f94cddb
dm05,stack_sequence,4,100036,blue>red>green,failure,0,1200,1200,action_limit,"Lay blue block first, red block second, green block third, each on the last.",reused,dm05/stack_sequence/stack_sequence_ep100036_result.json,2758f47c368a8c6c2570659dc2de9f6c13e3165642b13ef282f556796c4d9118
dm05,stack_sequence,4,100037,blue>green>red,failure,0,1200,1200,action_limit,"Bottom to top, the order is blue block, green block, red block.",reused,dm05/stack_sequence/stack_sequence_ep100037_result.json,69b2637499d97d6363c75d9440a771570ded64fede0923ca916a624ef5a65566
dm05,stack_sequence,5,100038,red>green>blue,success,1,448,1200,task_success,Stack blue block over green block and green block over red block.,reused,dm05/stack_sequence/stack_sequence_ep100038_result.json,d4bb03a81d4378df4b368bf0cc1e8e4750f1fba0e34bfd16ee80c09d771a7f7e
dm05,stack_sequence,5,100039,red>blue>green,failure,0,1200,1200,action_limit,"Build a column: red block lowest, then blue block, then green block on top.",reused,dm05/stack_sequence/stack_sequence_ep100039_result.json,b4afa2841aa674ca8fea81e35f7f7dca9b87aae473bae8f220f70e9f9fa26095
dm05,stack_sequence,5,100040,green>red>blue,failure,0,1200,1200,action_limit,"Bottom to top, the order is green block, red block, blue block.",reused,dm05/stack_sequence/stack_sequence_ep100040_result.json,6c023d13f3e3bf553e4a9e66a00cb9a22308d51fbb03d22d6dd26c5622e51040
dm05,stack_sequence,5,100041,green>blue>red,failure,0,1200,1200,action_limit,"Order the tower green block, blue block, red block from bottom to top.",reused,dm05/stack_sequence/stack_sequence_ep100041_result.json,a16150a19b6a1f74b712998e9bb77a7150e67bbdbc9a336e3d97e738cd2c1f51
dm05,stack_sequence,5,100042,blue>red>green,failure,0,1200,1200,action_limit,Stack green block over red block and red block over blue block.,reused,dm05/stack_sequence/stack_sequence_ep100042_result.json,96a1dbfe4025633b4c53306c5691731bc26d3104b4bd183e42707e11dda316ee
dm05,stack_sequence,5,100043,blue>green>red,failure,0,1200,1200,action_limit,"Place blue block at the base, add green block, and top it with red block.",reused,dm05/stack_sequence/stack_sequence_ep100043_result.json,25537d02f2d24ca1650d2d2d43ea4db84569bdd9faae1d05f4b010dac486bdf1
dm05,stack_sequence,6,100050,red>green>blue,success,1,452,1200,task_success,"Put red block down, green block on red block, blue block on green block.",reused,dm05/stack_sequence/stack_sequence_ep100050_result.json,2a13f9a44b397bc0c8ea5598c39f58498b08f2056b7d3a359adf02c3ebf6d961
dm05,stack_sequence,6,100051,red>blue>green,failure,0,1200,1200,action_limit,"Rest blue block on red block, then rest green block on blue block.",reused,dm05/stack_sequence/stack_sequence_ep100051_result.json,06bad5465c314da1ce1050c302bb43cceeec14353529bf3214b996495417ed08
dm05,stack_sequence,6,100052,green>red>blue,failure,0,1200,1200,action_limit,"Bottom to top, the order is green block, red block, blue block.",reused,dm05/stack_sequence/stack_sequence_ep100052_result.json,47ae20679b7f985706a03f23c97f3b98e67075905b05a1fffc43b120db5e0dcb
dm05,stack_sequence,6,100053,green>blue>red,failure,0,1200,1200,action_limit,"Bottom to top, the order is green block, blue block, red block.",reused,dm05/stack_sequence/stack_sequence_ep100053_result.json,afca0ce2366eed2502df365a44e1419f721c4a7333e47280f94ea682026bd5ff
dm05,stack_sequence,6,100054,blue>red>green,failure,0,1200,1200,action_limit,"First set blue block, then red block, then green block at the very top.",reused,dm05/stack_sequence/stack_sequence_ep100054_result.json,4d964c562b6e8598d78360818428f794f43ec8074d4d2297febab3dbc8f12f86
dm05,stack_sequence,6,100055,blue>green>red,failure,0,1200,1200,action_limit,"Put blue block down, green block on blue block, red block on green block.",reused,dm05/stack_sequence/stack_sequence_ep100055_result.json,a8dd3c5ba6e2664324c698467cc43ca5f0d03c18c864d49ea0d0fcb93610e216
dm05,stack_sequence,7,100062,red>green>blue,success,1,452,1200,task_success,"Put red block down, green block on red block, blue block on green block.",reused,dm05/stack_sequence/stack_sequence_ep100062_result.json,725a25f54f799bc28d2763a9d9dab88f8112f4b30d2241ce88decac84ac583d8
dm05,stack_sequence,7,100063,red>blue>green,failure,0,1200,1200,action_limit,"Order the tower red block, blue block, green block from bottom to top.",reused,dm05/stack_sequence/stack_sequence_ep100063_result.json,acecd6e82f182a4bba5a69865a5dbf8d78fe0de825860b69d115e2506f5aed72
dm05,stack_sequence,7,100064,green>red>blue,failure,0,1200,1200,action_limit,"Rest red block on green block, then rest blue block on red block.",reused,dm05/stack_sequence/stack_sequence_ep100064_result.json,9f44dfccd262425fe0a5f5d9972974c3ddefa102e696dd7a0853f44976fb4f20
dm05,stack_sequence,7,100065,green>blue>red,failure,0,1200,1200,action_limit,"Build a column: green block lowest, then blue block, then red block on top.",reused,dm05/stack_sequence/stack_sequence_ep100065_result.json,08b6ce85c926ce1d8c8a7422462344e8ad9e8ce75c74dd79377ed7619fd1bf6b
dm05,stack_sequence,7,100066,blue>red>green,failure,0,1200,1200,action_limit,"Put blue block down, red block on blue block, green block on red block.",reused,dm05/stack_sequence/stack_sequence_ep100066_result.json,514c069b44f926142703070abd2c0ed5ed8d936038e8a91af98dd0624e178270
dm05,stack_sequence,7,100067,blue>green>red,failure,0,1200,1200,action_limit,"Order the tower blue block, green block, red block from bottom to top.",reused,dm05/stack_sequence/stack_sequence_ep100067_result.json,9bee4267e9e53b9dfddd55db846c9056bd1ad55494efb90311a02c2ee6e7fb39
dm05,stack_sequence,8,100068,red>green>blue,failure,0,1200,1200,action_limit,"From the bottom up: red block, then green block, then blue block.",reused,dm05/stack_sequence/stack_sequence_ep100068_result.json,36c067c5b3da4bac81690681b49c6a60d152a68c02580b74c4f080740ab6f370
dm05,stack_sequence,8,100069,red>blue>green,failure,0,1200,1200,action_limit,"Build a column: red block lowest, then blue block, then green block on top.",reused,dm05/stack_sequence/stack_sequence_ep100069_result.json,1d60db4ee34ebd420c88815413ea0e5091ab49e6ffff97c95f9e40f3cdd4c3be
dm05,stack_sequence,8,100070,green>red>blue,failure,0,1200,1200,action_limit,"Lay green block first, red block second, blue block third, each on the last.",reused,dm05/stack_sequence/stack_sequence_ep100070_result.json,94e04f9be252f128a1fb65bd293cb2e91984e2ad8dfddab26f9388d3896fed19
dm05,stack_sequence,8,100071,green>blue>red,failure,0,1200,1200,action_limit,"Rest blue block on green block, then rest red block on blue block.",reused,dm05/stack_sequence/stack_sequence_ep100071_result.json,f9692015768dd1db0dca12e131bc04c3703b6db68f312c56dba514ae3647d46c
dm05,stack_sequence,8,100072,blue>red>green,failure,0,1200,1200,action_limit,"Lay blue block first, red block second, green block third, each on the last.",reused,dm05/stack_sequence/stack_sequence_ep100072_result.json,9179768979775342db2a32f72b903f100694d4571bf07a57a74cb64a9743d415
dm05,stack_sequence,8,100073,blue>green>red,failure,0,1200,1200,action_limit,"First set blue block, then green block, then red block at the very top.",reused,dm05/stack_sequence/stack_sequence_ep100073_result.json,f599bd7bff737014d538f23fcbf90b24c1f720dc853ab9bbe086877df89732b8
dm05,stack_sequence,9,100080,red>green>blue,success,1,456,1200,task_success,"Build a column: red block lowest, then green block, then blue block on top.",reused,dm05/stack_sequence/stack_sequence_ep100080_result.json,39fd9e9b49e496ac840f324cbe2aeb53a0ac7b32b45d2c44bdfd012abd0f8c34
dm05,stack_sequence,9,100081,red>blue>green,failure,0,1200,1200,action_limit,Stack green block over blue block and blue block over red block.,reused,dm05/stack_sequence/stack_sequence_ep100081_result.json,427e8f4b0df1eb1ece5882a475679c6c55b5db0d9502838b682c7bcca8421a06
dm05,stack_sequence,9,100082,green>red>blue,failure,0,1200,1200,action_limit,Stack blue block over red block and red block over green block.,reused,dm05/stack_sequence/stack_sequence_ep100082_result.json,4ef5c64e03ec867a4a89f14ae4dc3d9d3039ae98cb99c97e25c3e20f19464edb
dm05,stack_sequence,9,100083,green>blue>red,failure,0,1200,1200,action_limit,"Lay green block first, blue block second, red block third, each on the last.",reused,dm05/stack_sequence/stack_sequence_ep100083_result.json,95940a70bddb5ae54e69698a9437e91eeb5d9fbcf045eb88bd6bff33d7ae1022
dm05,stack_sequence,9,100084,blue>red>green,failure,0,1200,1200,action_limit,"Rest red block on blue block, then rest green block on red block.",reused,dm05/stack_sequence/stack_sequence_ep100084_result.json,0cb9548cc77b2f3299a5bbe5b88ae6101734e504120ab4ad2c799470291671d0
dm05,stack_sequence,9,100085,blue>green>red,failure,0,1200,1200,action_limit,"Place blue block at the base, add green block, and top it with red block.",reused,dm05/stack_sequence/stack_sequence_ep100085_result.json,c6286e0b482d1f9cdd229f2eb559bb4566639a760f53560832ab19e2f2a810aa
dm05,stack_sequence,10,100092,red>green>blue,success,1,423,1200,task_success,"Rest green block on red block, then rest blue block on green block.",reused,dm05/stack_sequence/stack_sequence_ep100092_result.json,d542e9377f6bbd8e19b084a1582107479882edf80853e880c791c185ec80e4a0
dm05,stack_sequence,10,100093,red>blue>green,failure,0,1200,1200,action_limit,"Rest blue block on red block, then rest green block on blue block.",reused,dm05/stack_sequence/stack_sequence_ep100093_result.json,db10ea0855f03f325299267abcd3fd16ad1120d8b1b0391f2d94fd78a766c4ef
dm05,stack_sequence,10,100094,green>red>blue,failure,0,1200,1200,action_limit,"Rest red block on green block, then rest blue block on red block.",reused,dm05/stack_sequence/stack_sequence_ep100094_result.json,723099f0f520028ec8d634fd4077a43f18cb3810c60cfca28a2f50182ec9c09f
dm05,stack_sequence,10,100095,green>blue>red,failure,0,1200,1200,action_limit,"Rest blue block on green block, then rest red block on blue block.",reused,dm05/stack_sequence/stack_sequence_ep100095_result.json,8138d233fc671ba37f10afeba7e70e077ccdb833c8844dc4ee02efc69423e0f5
dm05,stack_sequence,10,100096,blue>red>green,failure,0,1200,1200,action_limit,"Lay blue block first, red block second, green block third, each on the last.",reused,dm05/stack_sequence/stack_sequence_ep100096_result.json,3df1c1c801ddd4f5e6fa187d1038d55bdc101452223abc7b37fe54a5ccee4ef0
dm05,stack_sequence,10,100097,blue>green>red,failure,0,1200,1200,action_limit,"Rest green block on blue block, then rest red block on green block.",reused,dm05/stack_sequence/stack_sequence_ep100097_result.json,abd31e83fee1b60a25b60c993982a67d31c27da83460d1207ea70f87cd280234
dm05,stack_sequence,11,100098,red>green>blue,success,1,423,1200,task_success,"Rest green block on red block, then rest blue block on green block.",reused,dm05/stack_sequence/stack_sequence_ep100098_result.json,ba1d925aae4a1e7393cbbe097542b81d06032a4df6664ca090ad85d34c109f3a
dm05,stack_sequence,11,100099,red>blue>green,failure,0,1200,1200,action_limit,"Order the tower red block, blue block, green block from bottom to top.",reused,dm05/stack_sequence/stack_sequence_ep100099_result.json,96311c93cfeb7f08af58ef2d83401eb4826d0afe95a9a28ed4d98f3e7539e5ea
dm05,stack_sequence,11,100100,green>red>blue,failure,0,1200,1200,action_limit,"Put green block down, red block on green block, blue block on red block.",reused,dm05/stack_sequence/stack_sequence_ep100100_result.json,b0d66663de7dfb238639680ac679f95436a32d3835e86d1e2adf13a7141f9ef2
dm05,stack_sequence,11,100101,green>blue>red,failure,0,1200,1200,action_limit,"Lay green block first, blue block second, red block third, each on the last.",reused,dm05/stack_sequence/stack_sequence_ep100101_result.json,06232253c94d76629dea6bfad36eb111af84d211e455e22b273159875336d7c9
dm05,stack_sequence,11,100102,blue>red>green,failure,0,1200,1200,action_limit,"Rest red block on blue block, then rest green block on red block.",reused,dm05/stack_sequence/stack_sequence_ep100102_result.json,a35beebc7aae490e597b6df0da522a23422593ec1d620a1f4b582cee9d239c69
dm05,stack_sequence,11,100103,blue>green>red,failure,0,1200,1200,action_limit,Stack red block over green block and green block over blue block.,reused,dm05/stack_sequence/stack_sequence_ep100103_result.json,07c4b4707d0b6fe7aea954d5321d33b53af7afdae90ea3eb15a50da25ed0258d
dm05,stack_sequence,12,100104,red>green>blue,failure,0,1200,1200,action_limit,"Bottom to top, the order is red block, green block, blue block.",reused,dm05/stack_sequence/stack_sequence_ep100104_result.json,dadff8c0eb542c112818089ea62d52e63e9f7b4f78fe34090dae71e641033f19
dm05,stack_sequence,12,100105,red>blue>green,failure,0,1200,1200,action_limit,"Rest blue block on red block, then rest green block on blue block.",reused,dm05/stack_sequence/stack_sequence_ep100105_result.json,0ed80fe724ac0a0dd4ef43253d033a6251dd13452e0a3a0bbdf6f2407cded2eb
dm05,stack_sequence,12,100106,green>red>blue,failure,0,1200,1200,action_limit,"From the bottom up: green block, then red block, then blue block.",reused,dm05/stack_sequence/stack_sequence_ep100106_result.json,0f10828c039a6f45b15b949e6a7fcac0bc20656120c2bee266d643b1118b62d5
dm05,stack_sequence,12,100107,green>blue>red,failure,0,1200,1200,action_limit,"First set green block, then blue block, then red block at the very top.",reused,dm05/stack_sequence/stack_sequence_ep100107_result.json,b47cd9418c0d4fb5d5a5f0c7a0223f79d26e36ae30825eec1cd5fa69a4a2c368
dm05,stack_sequence,12,100108,blue>red>green,failure,0,1200,1200,action_limit,"Put blue block down, red block on blue block, green block on red block.",reused,dm05/stack_sequence/stack_sequence_ep100108_result.json,00a66645133a5711f917f1de4551cdbdaf45d3fa72fb3a36979b8644ba97c8e1
dm05,stack_sequence,12,100109,blue>green>red,failure,0,1200,1200,action_limit,"Build a column: blue block lowest, then green block, then red block on top.",reused,dm05/stack_sequence/stack_sequence_ep100109_result.json,117bfb87712a9d55aa48d985d440c4b51212e4c335948ab433c2ff477734813e
dm05,stack_sequence,13,100110,red>green>blue,failure,0,1200,1200,action_limit,"Place red block at the base, add green block, and top it with blue block.",reused,dm05/stack_sequence/stack_sequence_ep100110_result.json,1c8c82f7b8eabd774511c5b326b13758ec44e38125c253e370e0834a00609476
dm05,stack_sequence,13,100111,red>blue>green,failure,0,1200,1200,action_limit,Stack green block over blue block and blue block over red block.,reused,dm05/stack_sequence/stack_sequence_ep100111_result.json,43294ae697832941ab940fc608da181f73f7931817df4cfae4af7c570f5b7593
dm05,stack_sequence,13,100112,green>red>blue,failure,0,1200,1200,action_limit,"Put green block down, red block on green block, blue block on red block.",reused,dm05/stack_sequence/stack_sequence_ep100112_result.json,dc50c3992bbc398e176442169f31dd0dd15de61e24a3136d730e945e074521a9
dm05,stack_sequence,13,100113,green>blue>red,failure,0,1200,1200,action_limit,"Lay green block first, blue block second, red block third, each on the last.",reused,dm05/stack_sequence/stack_sequence_ep100113_result.json,7ce2369b7b881a0a2bc0c0d2f8acd5c6bc2ed6e7c01be7250f3990793b7fbabb
dm05,stack_sequence,13,100114,blue>red>green,failure,0,1200,1200,action_limit,"Place blue block at the base, add red block, and top it with green block.",reused,dm05/stack_sequence/stack_sequence_ep100114_result.json,f14445f60100aaea11c63fb2ba4e5a4432ccbdc879e00732927a97dc29a8d38e
dm05,stack_sequence,13,100115,blue>green>red,failure,0,1200,1200,action_limit,"First set blue block, then green block, then red block at the very top.",reused,dm05/stack_sequence/stack_sequence_ep100115_result.json,43f2e01ccee8bc13d825fbc644ee270b5df87640772fd694f9d9a268c6025a34
dm05,stack_sequence,14,100116,red>green>blue,failure,0,1200,1200,action_limit,"Place red block at the base, add green block, and top it with blue block.",reused,dm05/stack_sequence/stack_sequence_ep100116_result.json,fd51953db8a27e0f7e95e1adb4598c33b2e5644c79f9205e151193f727ca190d
dm05,stack_sequence,14,100117,red>blue>green,failure,0,1200,1200,action_limit,"Build a column: red block lowest, then blue block, then green block on top.",reused,dm05/stack_sequence/stack_sequence_ep100117_result.json,7c9c2376cde4491af24b658ba8d543263218df978e6c23c8eb4eb156001e630c
dm05,stack_sequence,14,100118,green>red>blue,failure,0,1200,1200,action_limit,"Build a column: green block lowest, then red block, then blue block on top.",reused,dm05/stack_sequence/stack_sequence_ep100118_result.json,03db0f3fa8c1f171d7b9d2b88c2de235e61f5fab87cafbb30559fcd70ffc28bd
dm05,stack_sequence,14,100119,green>blue>red,failure,0,1200,1200,action_limit,Stack red block over blue block and blue block over green block.,reused,dm05/stack_sequence/stack_sequence_ep100119_result.json,be0b75734455afc62c1d428fcb3a7d2ad27b3acca4727fd037e14d0e2a47b57e
dm05,stack_sequence,14,100120,blue>red>green,failure,0,1200,1200,action_limit,"Order the tower blue block, red block, green block from bottom to top.",reused,dm05/stack_sequence/stack_sequence_ep100120_result.json,29e314f7a80149ef00d0d66d946ab66f71855f4e09dfeb07b4a69baf6f0eeb0c
dm05,stack_sequence,14,100121,blue>green>red,failure,0,1200,1200,action_limit,"Order the tower blue block, green block, red block from bottom to top.",reused,dm05/stack_sequence/stack_sequence_ep100121_result.json,169acc99d8501c2b92dca7de65170c7119a7d509a57fb3e14ad976613bace8ab
dm05,stack_sequence,15,100140,red>green>blue,success,1,470,1200,task_success,"Rest green block on red block, then rest blue block on green block.",reused,dm05/stack_sequence/stack_sequence_ep100140_result.json,9afda6639d9b2d219a24eae550a18b914a4633b3e67e48855d0dac7031f19e61
dm05,stack_sequence,15,100141,red>blue>green,failure,0,1200,1200,action_limit,"Place red block at the base, add blue block, and top it with green block.",reused,dm05/stack_sequence/stack_sequence_ep100141_result.json,7326cd665bd26f8ca38890c4db3aa733ad334183d70d7c1cf2a975e7ea7e1536
dm05,stack_sequence,15,100142,green>red>blue,failure,0,1200,1200,action_limit,"Put green block down, red block on green block, blue block on red block.",reused,dm05/stack_sequence/stack_sequence_ep100142_result.json,57902e5012b7d038116699fab75173018ad9e89cec2388dddec883edd0f3f8f1
dm05,stack_sequence,15,100143,green>blue>red,failure,0,1200,1200,action_limit,"Bottom to top, the order is green block, blue block, red block.",reused,dm05/stack_sequence/stack_sequence_ep100143_result.json,07ed3c09db4a9f297ca8bff5ddbd52648c329cfd1463fa3ba517f9fc50f27ddc
dm05,stack_sequence,15,100144,blue>red>green,failure,0,1200,1200,action_limit,"First set blue block, then red block, then green block at the very top.",reused,dm05/stack_sequence/stack_sequence_ep100144_result.json,912b3cbdd3baf7df6a882570b6b32c7b74f2096810cd9b3ca2cab1f15a38179e
dm05,stack_sequence,15,100145,blue>green>red,failure,0,1200,1200,action_limit,"Lay blue block first, green block second, red block third, each on the last.",reused,dm05/stack_sequence/stack_sequence_ep100145_result.json,d8246c75eb0a6fdd90cf6ac6850f1ff719194f79a5b4749f6c8cbcc377c74224
dm05,stack_sequence,16,100146,red>green>blue,failure,0,1200,1200,action_limit,"From the bottom up: red block, then green block, then blue block.",reused,dm05/stack_sequence/stack_sequence_ep100146_result.json,35e484935c62f7e74a28d3c956c97f10aa9f3bc6187d755f9f319acdcab7c03d
dm05,stack_sequence,16,100147,red>blue>green,failure,0,1200,1200,action_limit,Stack green block over blue block and blue block over red block.,reused,dm05/stack_sequence/stack_sequence_ep100147_result.json,5c334a2408cc7aac902bb2a05d03c387d0154de82d6878746e45f53c13a569e3
dm05,stack_sequence,16,100148,green>red>blue,failure,0,1200,1200,action_limit,"Lay green block first, red block second, blue block third, each on the last.",reused,dm05/stack_sequence/stack_sequence_ep100148_result.json,ae903b3a23a995ce22d795d7911d192f02bf8b65e86508acb96b6c3546a7b0cb
dm05,stack_sequence,16,100149,green>blue>red,failure,0,1200,1200,action_limit,"Build a column: green block lowest, then blue block, then red block on top.",reused,dm05/stack_sequence/stack_sequence_ep100149_result.json,190a731714c5455e0bf872b15267584c6c69f34f27adb12b688fb4a5b8b1e488
dm05,stack_sequence,16,100150,blue>red>green,failure,0,1200,1200,action_limit,"Bottom to top, the order is blue block, red block, green block.",reused,dm05/stack_sequence/stack_sequence_ep100150_result.json,823982573a268126980b96222d8509cf6733d8f247dee69351ecd37a4dd67575
dm05,stack_sequence,16,100151,blue>green>red,failure,0,1200,1200,action_limit,"Place blue block at the base, add green block, and top it with red block.",reused,dm05/stack_sequence/stack_sequence_ep100151_result.json,6704e9d7b17e34173561a921c655a1a4902c5b276e8cf8c8990fde5160139d11
dm05,stack_sequence,17,100152,red>green>blue,success,1,407,1200,task_success,"Place red block at the base, add green block, and top it with blue block.",reused,dm05/stack_sequence/stack_sequence_ep100152_result.json,612f161d818424c568f158c6ce85229deb45de322d52cc4f2c7045bbb5ce428a
dm05,stack_sequence,17,100153,red>blue>green,failure,0,1200,1200,action_limit,"Lay red block first, blue block second, green block third, each on the last.",reused,dm05/stack_sequence/stack_sequence_ep100153_result.json,42e010021831327499fbb1292377395fbfa7adcaa574952c245135fd89d89adf
dm05,stack_sequence,17,100154,green>red>blue,failure,0,1200,1200,action_limit,Stack blue block over red block and red block over green block.,reused,dm05/stack_sequence/stack_sequence_ep100154_result.json,e94afbc4c7e1304432fc77d83f8bdad9d2aa3b7f29767a1f4776a6ca956e3ea9
dm05,stack_sequence,17,100155,green>blue>red,failure,0,1200,1200,action_limit,"From the bottom up: green block, then blue block, then red block.",reused,dm05/stack_sequence/stack_sequence_ep100155_result.json,394960e84d0a34aab78f4c0412387a43bfe493c28e794325a4dc8b2a6c772176
dm05,stack_sequence,17,100156,blue>red>green,failure,0,1200,1200,action_limit,"From the bottom up: blue block, then red block, then green block.",reused,dm05/stack_sequence/stack_sequence_ep100156_result.json,dc5549fa2ff2f48d5ea7f42b272c3c276e12f93c960f4567da4a6b67eae7aead
dm05,stack_sequence,17,100157,blue>green>red,failure,0,1200,1200,action_limit,"Build a column: blue block lowest, then green block, then red block on top.",reused,dm05/stack_sequence/stack_sequence_ep100157_result.json,8af74ce9e183ed307a2d05aedc070b51977dfec3e649972c897bb3322a763746
dm05,stack_sequence,18,100158,red>green>blue,failure,0,1200,1200,action_limit,"Bottom to top, the order is red block, green block, blue block.",reused,dm05/stack_sequence/stack_sequence_ep100158_result.json,a7b89ad2f8c95debff23c1d478f417f171128a20f3622242614c6d5802210419
dm05,stack_sequence,18,100159,red>blue>green,failure,0,1200,1200,action_limit,"Order the tower red block, blue block, green block from bottom to top.",reused,dm05/stack_sequence/stack_sequence_ep100159_result.json,09123ab8d61d1f89756c9f8052e8cd7064343aebc59cd113d749eb4872e875fc
dm05,stack_sequence,18,100160,green>red>blue,failure,0,1200,1200,action_limit,"Lay green block first, red block second, blue block third, each on the last.",reused,dm05/stack_sequence/stack_sequence_ep100160_result.json,c8487069c84ad15dca8b84c42691c9dfd70c09abd726c16ee91a9eb8e55614c5
dm05,stack_sequence,18,100161,green>blue>red,failure,0,1200,1200,action_limit,"From the bottom up: green block, then blue block, then red block.",reused,dm05/stack_sequence/stack_sequence_ep100161_result.json,31e0043181e724ae09f41e9e894a53cecde3dd14893f69a87bd51dac9f24ee2f
dm05,stack_sequence,18,100162,blue>red>green,failure,0,1200,1200,action_limit,"Put blue block down, red block on blue block, green block on red block.",reused,dm05/stack_sequence/stack_sequence_ep100162_result.json,078ca0dc52671126b1236b09ef88eaa0c7d0da351ba9f44e5d17018b5104b058
dm05,stack_sequence,18,100163,blue>green>red,failure,0,1200,1200,action_limit,Stack red block over green block and green block over blue block.,reused,dm05/stack_sequence/stack_sequence_ep100163_result.json,c878cab651df36e9a350ef131256e649215e7b4bab1ee51e751050b7781027bd
dm05,stack_sequence,19,100170,red>green>blue,failure,0,1200,1200,action_limit,"First set red block, then green block, then blue block at the very top.",reused,dm05/stack_sequence/stack_sequence_ep100170_result.json,abefb9e52cf6d6a899b3f34e2290ee9901015613c184f052636f3674a0dbd85d
dm05,stack_sequence,19,100171,red>blue>green,failure,0,1200,1200,action_limit,"From the bottom up: red block, then blue block, then green block.",reused,dm05/stack_sequence/stack_sequence_ep100171_result.json,9f163f1552456bd0f9715ff184d681e5b789eb4db4abed7457b26d1a88c5db33
dm05,stack_sequence,19,100172,green>red>blue,failure,0,1200,1200,action_limit,"From the bottom up: green block, then red block, then blue block.",reused,dm05/stack_sequence/stack_sequence_ep100172_result.json,88f24d779dfa13b01b5e3630d32d1506cfe6f459b39ca10e29122fd85e604e06
dm05,stack_sequence,19,100173,green>blue>red,failure,0,1200,1200,action_limit,"Bottom to top, the order is green block, blue block, red block.",reused,dm05/stack_sequence/stack_sequence_ep100173_result.json,16f71ac5a5e1dc18f9f64a0e9d03a24dec0a4945b0470c3b1b9e5179e88508f9
dm05,stack_sequence,19,100174,blue>red>green,failure,0,1200,1200,action_limit,"Rest red block on blue block, then rest green block on red block.",reused,dm05/stack_sequence/stack_sequence_ep100174_result.json,59b48ab2a2a32fb3a35ec67ddaab71484b29e15f45dc189ada75079f1721839b
dm05,stack_sequence,19,100175,blue>green>red,failure,0,1200,1200,action_limit,"Put blue block down, green block on blue block, red block on green block.",reused,dm05/stack_sequence/stack_sequence_ep100175_result.json,a9cb9473146050678b246afe60c2b5aeb65193f997b9b205feea7ef7f0c65eb3
dm05,place_relative,0,100005,left,failure,0,400,400,action_limit,Grab the black remotecontrol and set it to the left of the red tea-box,reused,dm05/place_relative/place_relative_ep100005_result.json,ed805315c7a717f360223b379448dbdcb21a90075bbcd8c1bfcbdeedec95fcdf
dm05,place_relative,0,100006,right,success,1,148,400,task_success,Grab the black remotecontrol and set it to the right of the red tea-box,reused,dm05/place_relative/place_relative_ep100006_result.json,b24e68998aec6ee841cfd5fe1d590563c01fdc38e90f70ac6c2fa0b32b7d2ed1
dm05,place_relative,0,100009,on_top,failure,0,400,400,action_limit,Grab the black remotecontrol and set it on top of the red tea-box,reused,dm05/place_relative/place_relative_ep100009_result.json,be2aec0bf5f6db53a1f45192a2e14b9d453ca5aa2092bbf596d7c71ef46b1783
dm05,place_relative,1,100010,left,success,1,135,400,task_success,Pick up the red can and move it to the left of the red tea-box,reused,dm05/place_relative/place_relative_ep100010_result.json,62ef9d6c3f7d99860a346d438da7798425a2cf616e5e3a11ac4308a20fcdb597
dm05,place_relative,1,100011,right,failure,0,400,400,action_limit,Pick up the red can and move it to the right of the red tea-box,reused,dm05/place_relative/place_relative_ep100011_result.json,631007f981eda7fe11afaf4e3d17fb3abc1cf04f8db3228264b6528c3e144922
dm05,place_relative,1,100014,on_top,failure,0,400,400,action_limit,Use the left arm to grab the red can and place it on top of the red tea-box,reused,dm05/place_relative/place_relative_ep100014_result.json,5e2ce8baae1f7423df554d61100e57e2155a3425cf11cb174dac5a375d732e69
dm05,place_relative,2,100015,left,success,1,150,400,task_success,Use the left arm to grab the blue soap and place it to the left of the red tea-box,reused,dm05/place_relative/place_relative_ep100015_result.json,9fea5a8e2eb4cb2604ba9b0727ece14f9568a630b2cbaf9c6b58b62a3da31198
dm05,place_relative,2,100016,right,failure,0,400,400,action_limit,Lift the blue soap and set it to the right of the red tea-box,reused,dm05/place_relative/place_relative_ep100016_result.json,3f7e9049d4623234bc0ba2853bbdca2d643ddd88b80a254bb05f373ee5fd27c2
dm05,place_relative,2,100019,on_top,failure,0,400,400,action_limit,"Use the left arm to pick up the blue soap, set it on top of the red tea-box",reused,dm05/place_relative/place_relative_ep100019_result.json,4c2fe6362cacdba8e4e676f36da527b26c404fa3873b6868b39185218fe33d25
dm05,place_relative,3,100020,left,success,1,125,400,task_success,Lift the gray mouse and set it to the left of the brown coffee-box,reused,dm05/place_relative/place_relative_ep100020_result.json,3b594e854586c1f084236e13f000efaaef661cc539ff3ced8ef85b0e3fdae5fc
dm05,place_relative,3,100021,right,success,1,143,400,task_success,Use the left arm to grab the gray mouse and place it to the right of the brown coffee-box,reused,dm05/place_relative/place_relative_ep100021_result.json,34c89dfaa3866ab4b35bc826c15635fa3bf8bafccffa2e1cce56ede8d4e13b19
dm05,place_relative,3,100024,on_top,failure,0,400,400,action_limit,Grab the gray mouse and set it on top of the brown coffee-box,reused,dm05/place_relative/place_relative_ep100024_result.json,2e804d0d3c715cd523943a38dd18962e10a8dddd57ddb2e5003b995c6bd86bb7
dm05,place_relative,4,100025,left,success,1,140,400,task_success,Pick up the green toycar and move it to the left of the brown coffee-box,reused,dm05/place_relative/place_relative_ep100025_result.json,ae2ad4e04c2b843b1a06c16754ac7c36bf06ab36b6745fb564b588a65af37760
dm05,place_relative,4,100026,right,failure,0,400,400,action_limit,Pick up the green toycar and move it to the right of the brown coffee-box,reused,dm05/place_relative/place_relative_ep100026_result.json,2435ff3ed2825a26f3e3278265a1cf0ff99f04df0fe18067e83322e5081603dd
dm05,place_relative,4,100029,on_top,failure,0,400,400,action_limit,Use the left arm to grab the green toycar and place it on top of the brown coffee-box,reused,dm05/place_relative/place_relative_ep100029_result.json,8000856234421163a5f25652b236adc295a3a74c3147155daba1a3ff98f4a087
dm05,place_relative,5,100030,left,failure,0,400,400,action_limit,Use the right arm to grab the red stapler and place it to the left of the brown coffee-box,reused,dm05/place_relative/place_relative_ep100030_result.json,43446a35793aae4ab7f97442c19cd3bbfeb3a212ee732b30197e9f69f8b74bd8
dm05,place_relative,5,100031,right,failure,0,400,400,action_limit,"Use the right arm to pick up the red stapler, set it to the right of the brown coffee-box",reused,dm05/place_relative/place_relative_ep100031_result.json,82c74e68259f9b0546dedf9c4eeb422c20b4195c20c20a8ef0cd77556a80967a
dm05,place_relative,5,100034,on_top,failure,0,400,400,action_limit,Grab the red stapler and set it on top of the brown coffee-box,reused,dm05/place_relative/place_relative_ep100034_result.json,47e49f4d27cbedb426904d5dbd609026bb62ca9ccfe0943fcc97036a1339b61c
dm05,place_relative,6,100040,left,success,1,139,400,task_success,Pick up the red can and move it to the left of the brown coffee-box,reused,dm05/place_relative/place_relative_ep100040_result.json,090b60c72d611609ccb148e120c4b8bbad6bdd4a5d4338f9e3d17856e5c1d696
dm05,place_relative,6,100041,right,failure,0,400,400,action_limit,Relocate the red can to the right of the brown coffee-box,reused,dm05/place_relative/place_relative_ep100041_result.json,7f3c2c64650da3fa7ccd151ce729c839c23f2386230340e75bab9805ca0e4fc3
dm05,place_relative,6,100044,on_top,failure,0,400,400,action_limit,Relocate the red can on top of the brown coffee-box,reused,dm05/place_relative/place_relative_ep100044_result.json,5ee4a6fbf4c419d26db4ad5a9225dc02bab9e24b17e289edc723bf2f2f978f68
dm05,place_relative,7,100045,left,success,1,146,400,task_success,Grab the blue soap and set it to the left of the brown coffee-box,reused,dm05/place_relative/place_relative_ep100045_result.json,3d718c057ea96f3f666d8ba0eac82d032f99d0c25a0532d961648970081f7316
dm05,place_relative,7,100046,right,failure,0,400,400,action_limit,"Use the left arm to pick up the blue soap, set it to the right of the brown coffee-box",reused,dm05/place_relative/place_relative_ep100046_result.json,6902e1fb61b199c396d38700a3ab955e8572e30f9b43aa140be6ea26cce97b4b
dm05,place_relative,7,100049,on_top,failure,0,400,400,action_limit,Lift the blue soap and set it on top of the brown coffee-box,reused,dm05/place_relative/place_relative_ep100049_result.json,e68f27e41ac696cd56b105934f7d046950f0bac3dba2d071096bb85bc3554905
dm05,place_relative,8,100050,left,failure,0,400,400,action_limit,Use the right arm to grab the gray mouse and place it to the left of the red tea-box,reused,dm05/place_relative/place_relative_ep100050_result.json,16c5465383ce2f16d8a735784737b1ab377d9a68a93fa329032907105964e182
dm05,place_relative,8,100051,right,success,1,125,400,task_success,Lift the gray mouse and set it to the right of the red tea-box,reused,dm05/place_relative/place_relative_ep100051_result.json,617d4ad8ee143fb5094453835b8a1f80cffa4cd8ab60ceff5c9aacbbfe81abc0
dm05,place_relative,8,100054,on_top,failure,0,400,400,action_limit,Lift the gray mouse and set it on top of the red tea-box,reused,dm05/place_relative/place_relative_ep100054_result.json,8dbb71289a90821426876f8219f6644f76eaf5be48e430917b3a36a720dd8236
dm05,place_relative,9,100055,left,success,1,124,400,task_success,Grab the green toycar and set it to the left of the red tea-box,reused,dm05/place_relative/place_relative_ep100055_result.json,aefe6b429bab445981690ecfd2d84349cfbe965bc5daff50cdaf7461b69b6eb0
dm05,place_relative,9,100056,right,failure,0,400,400,action_limit,Grab the green toycar and set it to the right of the red tea-box,reused,dm05/place_relative/place_relative_ep100056_result.json,bd40e6f54ed1949ebe8e07ab785a4ba1ca5b834b0ff9337cc53b18c1ef2696ca
dm05,place_relative,9,100059,on_top,failure,0,400,400,action_limit,Pick up the green toycar and move it on top of the red tea-box,reused,dm05/place_relative/place_relative_ep100059_result.json,a8710caa098a6a7d41e8c43771ad364cfafab81cac6f4f7e2cb6b720bd47d3e4
dm05,place_relative,10,100060,left,success,1,125,400,task_success,Use the left arm to grab the red stapler and place it to the left of the red tea-box,reused,dm05/place_relative/place_relative_ep100060_result.json,782138e37f7578207a69809fb785d920cc6dfb9a3f7b3254030f1c363299ec17
dm05,place_relative,10,100061,right,failure,0,400,400,action_limit,Pick up the red stapler and move it to the right of the red tea-box,reused,dm05/place_relative/place_relative_ep100061_result.json,3900ef8f255ea7fa2ff4ad68752c27c5c65be213fb1327942235a9e0e7bbd336
dm05,place_relative,10,100064,on_top,failure,0,400,400,action_limit,"Use the left arm to pick up the red stapler, set it on top of the red tea-box",reused,dm05/place_relative/place_relative_ep100064_result.json,ad40d2a704bbce05da0b2568e3556854cb43d1374ea50c17d35580ab58cdb2cd
dm05,place_relative,11,100065,left,success,1,143,400,task_success,Grab the black remotecontrol and set it to the left of the red tea-box,reused,dm05/place_relative/place_relative_ep100065_result.json,0b7846f2acf679547225b2310dd4898ca31e09ae13013ad1c3b03d3d4bc2411b
dm05,place_relative,11,100066,right,failure,0,400,400,action_limit,"Use the left arm to pick up the black remotecontrol, set it to the right of the red tea-box",reused,dm05/place_relative/place_relative_ep100066_result.json,d17c710f297384b6717eac49abbeca0016d3519108a6a03c97701a12e357c384
dm05,place_relative,11,100069,on_top,failure,0,400,400,action_limit,Pick up the black remotecontrol and move it on top of the red tea-box,reused,dm05/place_relative/place_relative_ep100069_result.json,487c058f81c45623196c44d32881de93b8aacf9396973a5dbe75a698f7239a14
dm05,place_relative,12,100070,left,success,1,143,400,task_success,Relocate the red can to the left of the red tea-box,reused,dm05/place_relative/place_relative_ep100070_result.json,25de1ba27d12f8317215087a1eb07e5487006a7968a4754fbd67245853b23ddf
dm05,place_relative,12,100071,right,success,1,140,400,task_success,Relocate the red can to the right of the red tea-box,reused,dm05/place_relative/place_relative_ep100071_result.json,219217bb8f3da8d243076352eda0f7caf1b33a7624561534ed947aada37e95b2
dm05,place_relative,12,100074,on_top,failure,0,400,400,action_limit,Relocate the red can on top of the red tea-box,reused,dm05/place_relative/place_relative_ep100074_result.json,50f6a6381a9ddd5735f047a517ae551991b16b660ca4851062c82be8396153ef
dm05,place_relative,13,100075,left,failure,0,400,400,action_limit,"Use the right arm to pick up the blue soap, set it to the left of the red tea-box",reused,dm05/place_relative/place_relative_ep100075_result.json,e01393f87744119d21115b9535702ddd09b8890c1735870a300e188d39598e06
dm05,place_relative,13,100076,right,success,1,146,400,task_success,Pick up the blue soap and move it to the right of the red tea-box,reused,dm05/place_relative/place_relative_ep100076_result.json,23ccb2b5e58f9dc3e8d80630958bda235f2d20cbb2d6452d17688526462aefc0
dm05,place_relative,13,100079,on_top,failure,0,400,400,action_limit,Grab the blue soap and set it on top of the red tea-box,reused,dm05/place_relative/place_relative_ep100079_result.json,cad09c7c9714b211f38989f5fcbb4bfbeb9b39c826b49bc0d8e582535aad6f9f
dm05,place_relative,14,100080,left,success,1,125,400,task_success,Grab the gray mouse and set it to the left of the brown coffee-box,reused,dm05/place_relative/place_relative_ep100080_result.json,0d95710ddd7d6ecd4eb6a92ab9bf8d4f50a6fbd364981c370f5389cce643f51d
dm05,place_relative,14,100081,right,failure,0,400,400,action_limit,"Use the left arm to pick up the gray mouse, set it to the right of the brown coffee-box",reused,dm05/place_relative/place_relative_ep100081_result.json,5ea2c1b1565a968a8024e4c40d2a740d066b3af9b1a0c840b7573d3436274801
dm05,place_relative,14,100084,on_top,failure,0,400,400,action_limit,Grab the gray mouse and set it on top of the brown coffee-box,reused,dm05/place_relative/place_relative_ep100084_result.json,b8498d25312a50ac0be57fe6295a2569f38195e2baeb79c67e152a87ea0fba7d
dm05,place_relative,15,100085,left,failure,0,400,400,action_limit,Lift the green toycar and set it to the left of the brown coffee-box,reused,dm05/place_relative/place_relative_ep100085_result.json,1ef04aab9ef68f7e16fbdb6a256f01bbd034b7178425195a6bf88107c61c2144
dm05,place_relative,15,100086,right,success,1,125,400,task_success,"Use the right arm to pick up the green toycar, set it to the right of the brown coffee-box",reused,dm05/place_relative/place_relative_ep100086_result.json,a5e4d6e1206b45965c58b0516d2779397456934a3cc053608af0a0ce1d0c1385
dm05,place_relative,15,100089,on_top,failure,0,400,400,action_limit,Lift the green toycar and set it on top of the brown coffee-box,reused,dm05/place_relative/place_relative_ep100089_result.json,3ac63edef7d1728c3723c865856294c953ca33c3c2cccb53dfd4be18eccda18f
dm05,place_relative,16,100095,left,failure,0,400,400,action_limit,"Use the right arm to pick up the black remotecontrol, set it to the left of the brown coffee-box",reused,dm05/place_relative/place_relative_ep100095_result.json,43ea30ddc757593a49ae78ba74639194e8aa5cebaa554f920a2eca496da140a5
dm05,place_relative,16,100096,right,success,1,144,400,task_success,Relocate the black remotecontrol to the right of the brown coffee-box,reused,dm05/place_relative/place_relative_ep100096_result.json,9064e32a7274097612695c8af7e7485c5c5e462182188a97eff90a3b5fc05a8e
dm05,place_relative,16,100099,on_top,failure,0,400,400,action_limit,Lift the black remotecontrol and set it on top of the brown coffee-box,reused,dm05/place_relative/place_relative_ep100099_result.json,106f8df4611d8260e06d4b6be8bef9995b0be92da9932dca87b433b494b015ec
dm05,place_relative,17,100100,left,failure,0,400,400,action_limit,"Use the right arm to pick up the red can, set it to the left of the brown coffee-box",reused,dm05/place_relative/place_relative_ep100100_result.json,95ef6c2b8a942ef6586ed021e3a556534195a67ef15f17afe67b2cfaf2b00599
dm05,place_relative,17,100101,right,failure,0,400,400,action_limit,"Use the right arm to pick up the red can, set it to the right of the brown coffee-box",reused,dm05/place_relative/place_relative_ep100101_result.json,897e1728f7551f8f42addfd1854c6e349df63c965c064eaa79e2d1a84d1432c1
dm05,place_relative,17,100104,on_top,failure,0,400,400,action_limit,Pick up the red can and move it on top of the brown coffee-box,reused,dm05/place_relative/place_relative_ep100104_result.json,8f3bc8bb5c090c64c59d4b1a48e723bde6ac72eb8fbef9a7f24ac98af3fbaad2
dm05,place_relative,18,100105,left,failure,0,400,400,action_limit,Use the right arm to grab the blue soap and place it to the left of the brown coffee-box,reused,dm05/place_relative/place_relative_ep100105_result.json,78099a384c9f7ed2a90f8fd7b5039f97a6a7e0f9d9c3002aa919a8fe6a0767b2
dm05,place_relative,18,100106,right,success,1,124,400,task_success,Grab the blue soap and set it to the right of the brown coffee-box,reused,dm05/place_relative/place_relative_ep100106_result.json,152dd1f183dd228f6871ac2095f599d5824848e5a7365b67227e1982f80cd134
dm05,place_relative,18,100109,on_top,failure,0,400,400,action_limit,Relocate the blue soap on top of the brown coffee-box,reused,dm05/place_relative/place_relative_ep100109_result.json,81853213520c651d80a49c04d33979af4da71279ed4d721cffd02a9c2fd7c284
dm05,place_relative,19,100110,left,success,1,124,400,task_success,Use the left arm to grab the gray mouse and place it to the left of the red tea-box,reused,dm05/place_relative/place_relative_ep100110_result.json,443a43db83741b8f4806435c5bcf0a424a2a8ada0cba67ec3feadf2b22f5b9ce
dm05,place_relative,19,100111,right,failure,0,400,400,action_limit,Grab the gray mouse and set it to the right of the red tea-box,reused,dm05/place_relative/place_relative_ep100111_result.json,dea6d6f995a63cee37d2dfc42454e3e43756ccacb5de3175427bd0db67ee703a
dm05,place_relative,19,100114,on_top,failure,0,400,400,action_limit,Use the left arm to grab the gray mouse and place it on top of the red tea-box,reused,dm05/place_relative/place_relative_ep100114_result.json,bb9db3fd7e65c31727db80502c300c9919855b1463801347550a3890c7ddc211
hy_vla,bottle_verb,0,100002,pick,failure,0,700,700,action_limit,pick up the curvy yellow plastic bottle gently.,reused,hy_vla/bottle_verb/bottle_verb_ep100002_result.json,d511274bdfe7e151305cc8d659eb672b158d16209de1a22a83014a34a66ace53
hy_vla,bottle_verb,0,100003,shake,success,1,58,700,task_success,shake the smooth bottle with blue text gently.,reused,hy_vla/bottle_verb/bottle_verb_ep100003_result.json,6463f210b83a99470696508a8503bd703a0d6862aaf4f13b1de57ef4f56ea25c
hy_vla,bottle_verb,1,100004,pick,failure,0,700,700,action_limit,Please grab the curvy yellow plastic bottle with the left arm.,reused,hy_vla/bottle_verb/bottle_verb_ep100004_result.json,5a17759f93925fb81971c093cac5bcad4c50fea8178f5469261b20e08011ecb0
hy_vla,bottle_verb,1,100005,shake,success,1,62,700,task_success,shake the yellow bottle with white cap using the left arm.,reused,hy_vla/bottle_verb/bottle_verb_ep100005_result.json,64e21a4381abb783209a69bea0098edc12a98f2b47ef2add9c7ec32f11af0ba1
hy_vla,bottle_verb,2,100006,pick,failure,0,700,700,action_limit,Kindly lift the bottle with printed label.,reused,hy_vla/bottle_verb/bottle_verb_ep100006_result.json,598423bb08d9816d17b334b9ec17bf07f45060da95409d66bb9e6a648418dd65
hy_vla,bottle_verb,2,100007,shake,success,1,61,700,task_success,Kindly shake the bottle with printed label.,reused,hy_vla/bottle_verb/bottle_verb_ep100007_result.json,524c36fa7bbc49205e80751dddb8c7e40f33e9fa365fd6a7d7491357daaabe68
hy_vla,bottle_verb,3,100008,pick,failure,0,700,700,action_limit,Please pick up the yellow bottle for liquid storage with the right arm.,reused,hy_vla/bottle_verb/bottle_verb_ep100008_result.json,8b231b497c8b5fa132d7f1964fd6fcf86836d008a5e61c1ad7f6d52918fff82e
hy_vla,bottle_verb,3,100009,shake,success,1,63,700,task_success,shake the yellow bottle for liquid storage with care.,reused,hy_vla/bottle_verb/bottle_verb_ep100009_result.json,b112d4ef3d4356860e7d865d8194262a48dc41f560dc5354bfa3d3718e0925db
hy_vla,bottle_verb,4,100010,pick,failure,0,700,700,action_limit,grab the medium-sized plastic bottle with capped top gently.,reused,hy_vla/bottle_verb/bottle_verb_ep100010_result.json,d20b4804dac278e34a1f3fa29b7cd35c499cc2df609f338f3808a35bbd3a00bc
hy_vla,bottle_verb,4,100011,shake,success,1,66,700,task_success,Please shake the medium-sized plastic bottle with capped top with the left arm.,reused,hy_vla/bottle_verb/bottle_verb_ep100011_result.json,2f353b33ded887ef119c251a12277ebdcd037f15b3c68cecb336d7efde99694c
hy_vla,bottle_verb,5,100016,pick,failure,0,700,700,action_limit,Kindly grab the bottle with ridged orange grip.,reused,hy_vla/bottle_verb/bottle_verb_ep100016_result.json,2463e3ee9516996779b18db80b2048be4085789d39ad7107d6a4ac44dca14c56
hy_vla,bottle_verb,5,100017,shake,success,1,51,700,task_success,Please shake the white capped orange plastic bottle with the left arm.,reused,hy_vla/bottle_verb/bottle_verb_ep100017_result.json,ec6876e6c97208312b536c989128270335bc4c8f50b1a90b37ea85061cc4095f
hy_vla,bottle_verb,6,100018,pick,failure,0,700,700,action_limit,Kindly lift the smooth bottle with blue text.,reused,hy_vla/bottle_verb/bottle_verb_ep100018_result.json,5a6e2fac7fb3ee4354f17f740a09f833bef88bd8d51a9906ff6909cf7ca07c26
hy_vla,bottle_verb,6,100019,shake,success,1,63,700,task_success,shake the smooth bottle with blue text gently.,reused,hy_vla/bottle_verb/bottle_verb_ep100019_result.json,5bea5e898f3030d88e53eb2e7e24f8bbdbbab6f7b0d3136b001164e13f96c6af
hy_vla,bottle_verb,7,100020,pick,failure,0,700,700,action_limit,pick up the handheld orange bottle with care.,reused,hy_vla/bottle_verb/bottle_verb_ep100020_result.json,52b5c5012f3a831b22136f3e53297b5ccc24ff924277628dbe5ef06dd6296fb2
hy_vla,bottle_verb,7,100021,shake,success,1,68,700,task_success,shake the label-covered orange bottle gently.,reused,hy_vla/bottle_verb/bottle_verb_ep100021_result.json,f2ccdfc64a50859bfaa333baa5a24d74d16e461811d62962830906bf8cb4a83a
hy_vla,bottle_verb,8,100022,pick,failure,0,700,700,action_limit,grab the bottle with curved body carefully now.,reused,hy_vla/bottle_verb/bottle_verb_ep100022_result.json,4847197f6fbbac464e9a097e0d06636ca01b404e606131a7b38db5de992e6c2b
hy_vla,bottle_verb,8,100023,shake,success,1,62,700,task_success,shake the bottle with curved body gently.,reused,hy_vla/bottle_verb/bottle_verb_ep100023_result.json,14514489f21b0c9cf9df49b07a034dec0169cc340064139b1e9cf28b9b5af53a
hy_vla,bottle_verb,9,100024,pick,failure,0,700,700,action_limit,lift the bottle with curved neck design with the left arm.,reused,hy_vla/bottle_verb/bottle_verb_ep100024_result.json,0a4ed00d38edfad02fab83d2d238296ed07921ecf1edf6335e233d1d2dba1800
hy_vla,bottle_verb,9,100025,shake,success,1,63,700,task_success,shake the bottle with curved neck design for a moment.,reused,hy_vla/bottle_verb/bottle_verb_ep100025_result.json,f065b35bff9587278dc3dc9eed57fe1b2c96aaa1421222c0827cf68ef8bb06dc
hy_vla,bottle_verb,10,100026,pick,failure,0,700,700,action_limit,pick up the bottle with curved neck design using one arm.,reused,hy_vla/bottle_verb/bottle_verb_ep100026_result.json,d35e0269aad0d87a54e85ecef7230ee60115036fa5e2e0a0f39bd25279cc8e0e
hy_vla,bottle_verb,10,100027,shake,success,1,59,700,task_success,shake the blue-capped plastic bottle carefully now.,reused,hy_vla/bottle_verb/bottle_verb_ep100027_result.json,1e1a25c86990c98796c812af3afeba09133f4bde30ca40e7814eb2d44a73e9f0
hy_vla,bottle_verb,11,100030,pick,failure,0,700,700,action_limit,lift the blue-capped plastic bottle gently.,reused,hy_vla/bottle_verb/bottle_verb_ep100030_result.json,4234f595b4431f17aad3d1b9520c51dd76a979fbea945023d12b51eebde858f1
hy_vla,bottle_verb,11,100031,shake,success,1,62,700,task_success,shake the bottle with curved neck design gently.,reused,hy_vla/bottle_verb/bottle_verb_ep100031_result.json,36287f163c51092ad41517afb38835fa7379a95fbf11859dfd1791d740190c66
hy_vla,bottle_verb,12,100032,pick,failure,0,700,700,action_limit,Kindly pick up the bottle with curved body.,reused,hy_vla/bottle_verb/bottle_verb_ep100032_result.json,04caf7fdd1c0220f2541a662da59a818c98d323826565c5b1fb76190760d2c63
hy_vla,bottle_verb,12,100033,shake,success,1,62,700,task_success,shake the bottle with curved body right away.,reused,hy_vla/bottle_verb/bottle_verb_ep100033_result.json,6ac7f36b8051e6fb06155e5f404cc1661f1fd3bbde7d20208b61097f9f36e270
hy_vla,bottle_verb,13,100038,pick,failure,0,700,700,action_limit,pick up the liquid container dark brown plastic with the left arm.,reused,hy_vla/bottle_verb/bottle_verb_ep100038_result.json,b64fd3d44ae9f11a945470eb23395cf1003ad8a18183180ff9ebfa32d0336e75
hy_vla,bottle_verb,13,100039,shake,success,1,65,700,task_success,shake the liquid container dark brown plastic carefully now.,reused,hy_vla/bottle_verb/bottle_verb_ep100039_result.json,7ffd61f58f7cca270fb4359086f6448011ab85b20ac34eb596f9b43bc5b572f7
hy_vla,bottle_verb,14,100042,pick,failure,0,700,700,action_limit,lift the light gray bottle right away.,reused,hy_vla/bottle_verb/bottle_verb_ep100042_result.json,f6b38b63c5442a44289ad5aa1e2cef1e7b15cf1d39e848ea2d7d2d1623391a09
hy_vla,bottle_verb,14,100043,shake,success,1,62,700,task_success,shake the light gray bottle with care.,reused,hy_vla/bottle_verb/bottle_verb_ep100043_result.json,9068836175e9c3cf35328b0cf2f7c5e0f1fb685d7f01a8776e43323f496b82cd
hy_vla,bottle_verb,15,100048,pick,failure,0,700,700,action_limit,lift the plastic bottle with printed label with the right arm.,reused,hy_vla/bottle_verb/bottle_verb_ep100048_result.json,fcfeed41ea8a0e5efae60a57cd187c7701398863f066c1d51ab8f87820260085
hy_vla,bottle_verb,15,100049,shake,success,1,64,700,task_success,shake the bottle with glossy surface right away.,reused,hy_vla/bottle_verb/bottle_verb_ep100049_result.json,e2c32b5eeb096d804b5a0ef3dcdb2ee92b1fe5311522e06ee35ffbb392a0360a
hy_vla,bottle_verb,16,100050,pick,failure,0,700,700,action_limit,pick up the label-covered orange bottle with care.,reused,hy_vla/bottle_verb/bottle_verb_ep100050_result.json,288fa2121fffbb5f250c8df2e4e1eb5964b27d0ea08d8dc051cfc9d64364e793
hy_vla,bottle_verb,16,100051,shake,success,1,66,700,task_success,shake the handheld orange bottle right away.,reused,hy_vla/bottle_verb/bottle_verb_ep100051_result.json,76c63dd769c07c7c7c3b14c5fdfe93313758d836003672b759900a9df33c498e
hy_vla,bottle_verb,17,100052,pick,failure,0,700,700,action_limit,grab the bottle with red screw cap with the right arm.,reused,hy_vla/bottle_verb/bottle_verb_ep100052_result.json,6f014a16dc9a6d7d0b080715537c2640ec2d5c9e345a94db59ed3ee892c881d6
hy_vla,bottle_verb,17,100053,shake,success,1,68,700,task_success,shake the bottle with red screw cap with care.,reused,hy_vla/bottle_verb/bottle_verb_ep100053_result.json,66e3374b28b52464aaf4ce6c4fe50e86295bf479b2b832594f3ade62a2333a8b
hy_vla,bottle_verb,18,100054,pick,failure,0,700,700,action_limit,lift the medium-sized plastic bottle with capped top gently.,reused,hy_vla/bottle_verb/bottle_verb_ep100054_result.json,657e6af86df7df358969cdbb59f153dc6bbffdfbec172592c3caed0c222d0f74
hy_vla,bottle_verb,18,100055,shake,success,1,66,700,task_success,shake the medium-sized plastic bottle with capped top right away.,reused,hy_vla/bottle_verb/bottle_verb_ep100055_result.json,62bae6a61a01e5524254a0c554b50f0ee6272488530fa0206fff6980119fc0b8
hy_vla,bottle_verb,19,100056,pick,failure,0,700,700,action_limit,pick up the yellow bottle for liquid storage gently.,reused,hy_vla/bottle_verb/bottle_verb_ep100056_result.json,345ab11f677cec1d002a06374710974309b2fe438fe33c8073df8f9e459a4bd6
hy_vla,bottle_verb,19,100057,shake,success,1,67,700,task_success,Please shake the yellow rectangular bottle with the left arm.,reused,hy_vla/bottle_verb/bottle_verb_ep100057_result.json,372b7a1d9769ce630bcfbb21c223b000d3e407c7fd19e7d1c5a12ec60c8f48e5
hy_vla,pick_diverse_object,0,100002,seen,failure,0,400,400,action_limit,Pick up the bread carefully using the left arm,reused,hy_vla/pick_diverse_object/pick_diverse_object_ep100002_result.json,f4939fd9bb4b76e836b9a21a4c3bd876db3bc7bff8a20f753d15b232677a0278
hy_vla,pick_diverse_object,0,100003,unseen,failure,0,400,400,action_limit,Lift the apple from the table using the left arm.,reused,hy_vla/pick_diverse_object/pick_diverse_object_ep100003_result.json,89a2e62b5cb0a70848521f6e66ee85f9977d8d999909b1405e85a1430e3237da
hy_vla,pick_diverse_object,1,100004,seen,success,1,19,400,task_success,Pick up the coffee box carefully using the left arm,reused,hy_vla/pick_diverse_object/pick_diverse_object_ep100004_result.json,ae143f6bd253fd4922d2f9a4a7d28a8c12dc8b824cd36e19ca34f4197d638a99
hy_vla,pick_diverse_object,1,100005,unseen,failure,0,400,400,action_limit,Pick up the wooden mallet carefully using the left arm,reused,hy_vla/pick_diverse_object/pick_diverse_object_ep100005_result.json,5d65087771dc969578c39f1d1148948755fbadf92450a315fcfc96f4bcb8139f
hy_vla,pick_diverse_object,2,100006,seen,failure,0,400,400,action_limit,Grab the mouse on the table and raise it.,reused,hy_vla/pick_diverse_object/pick_diverse_object_ep100006_result.json,33e834ffc0341ded8e16b11542e439789c962420be54db730a791222bc92f16a
hy_vla,pick_diverse_object,2,100007,unseen,failure,0,400,400,action_limit,Pick up the paintbrush carefully using the left arm,reused,hy_vla/pick_diverse_object/pick_diverse_object_ep100007_result.json,534d5064c74486fd3d44af1dd99d4987296979415df5ec8a19d6945adf9a73c7
hy_vla,pick_diverse_object,3,100008,seen,failure,0,400,400,action_limit,Pick up the bottle using the correct arm,reused,hy_vla/pick_diverse_object/pick_diverse_object_ep100008_result.json,894e7de7e92f12cf7307f57c92b2df6f43ec376e5fee383a0d07ce937dedef89
hy_vla,pick_diverse_object,3,100009,unseen,failure,0,400,400,action_limit,Grab the dumbbell on the table and raise it.,reused,hy_vla/pick_diverse_object/pick_diverse_object_ep100009_result.json,dcfd89378a41840f2f5d226bedd46dcd4227510981dc6cf35d52d71c9452ad2b
hy_vla,pick_diverse_object,4,100012,seen,failure,0,400,400,action_limit,Grab the shoe on the table and raise it.,reused,hy_vla/pick_diverse_object/pick_diverse_object_ep100012_result.json,4726d4ccfd196777b43b3347902b8fec7ae97d9b556fd9fe585a31b829773d8c
hy_vla,pick_diverse_object,4,100013,unseen,failure,0,400,400,action_limit,Pick up the wooden mallet using the correct arm,reused,hy_vla/pick_diverse_object/pick_diverse_object_ep100013_result.json,2b5dbef2776a87fd816a7c1872024d3b9568b4d04bd5ce4e1fa1b43733f3005f
hy_vla,pick_diverse_object,5,100014,seen,success,1,27,400,task_success,Pick up the mug carefully using the left arm,reused,hy_vla/pick_diverse_object/pick_diverse_object_ep100014_result.json,62a8371cde61857cf67c7cb9b9cb0c23c877728ff1dcf3a1278c5961df1aae02
hy_vla,pick_diverse_object,5,100015,unseen,failure,0,400,400,action_limit,Lift the paintbrush from the table using the right arm.,reused,hy_vla/pick_diverse_object/pick_diverse_object_ep100015_result.json,fbd85d3557eb48e6dc8b5d760f34489d1c07539fdca568b1171c3bbde4f45c18
hy_vla,pick_diverse_object,6,100018,seen,success,1,30,400,task_success,Pick up the toy car carefully using the right arm,reused,hy_vla/pick_diverse_object/pick_diverse_object_ep100018_result.json,ba3fb12f5bb31cdd4f7e2551592b0254cd4bea9d1a39c6714ae092c4a5f651bc
hy_vla,pick_diverse_object,6,100019,unseen,failure,0,400,400,action_limit,Pick up the apple carefully using the right arm,reused,hy_vla/pick_diverse_object/pick_diverse_object_ep100019_result.json,56ec5261cea5648ddf0c5850b5a515d3de99842cd38025ba113f1ce0fd264c9d
hy_vla,pick_diverse_object,7,100020,seen,failure,0,400,400,action_limit,Grab the phone on the table and raise it.,reused,hy_vla/pick_diverse_object/pick_diverse_object_ep100020_result.json,dbd8789429700d2050d9857d08e1ecfb572de462cbd35ee089c7a3b5d3608443
hy_vla,pick_diverse_object,7,100021,unseen,success,1,32,400,task_success,Grab the wooden mallet on the table and raise it.,reused,hy_vla/pick_diverse_object/pick_diverse_object_ep100021_result.json,0a2cdba83cb43014664a92b03bf8bdabd5671396083c6ae4398941ad510b7653
hy_vla,pick_diverse_object,8,100024,seen,failure,0,400,400,action_limit,Pick up the hamburger carefully using the right arm,reused,hy_vla/pick_diverse_object/pick_diverse_object_ep100024_result.json,36ef6f8032ccd64f6e5f3d7971680c76db2f0e9f963da3bbebf20696976f2723
hy_vla,pick_diverse_object,8,100025,unseen,failure,0,400,400,action_limit,Pick up the dumbbell carefully using the left arm,reused,hy_vla/pick_diverse_object/pick_diverse_object_ep100025_result.json,c45625d2ccf055789ce0176873f74ac46e39a9f01ca3e78b93975fae9da066cf
hy_vla,pick_diverse_object,9,100034,seen,success,1,212,400,task_success,Lift the cup from the table using the left arm.,reused,hy_vla/pick_diverse_object/pick_diverse_object_ep100034_result.json,a8c00cc2fe3cd79d6738de90b466fca9d9c88731cd987769280689dcb529beba
hy_vla,pick_diverse_object,9,100035,unseen,failure,0,400,400,action_limit,Grab the apple on the table and raise it.,reused,hy_vla/pick_diverse_object/pick_diverse_object_ep100035_result.json,57d0abdf71f5b520e85fb28a4bedd1c029fa0bc5702ef10c0cea791211d5420e
hy_vla,pick_diverse_object,10,100036,seen,failure,0,400,400,action_limit,Grab the shoe on the table and raise it.,reused,hy_vla/pick_diverse_object/pick_diverse_object_ep100036_result.json,47c0f38b4a3d5da48f94ce4728280023683c8fd79ab6548980fc28c19b6f7b2c
hy_vla,pick_diverse_object,10,100037,unseen,failure,0,400,400,action_limit,Lift the wooden mallet from the table using the right arm.,reused,hy_vla/pick_diverse_object/pick_diverse_object_ep100037_result.json,8179719a4eab02244f4266f0e87bda606bd3744cdac718173c2ecabcbf226871
hy_vla,pick_diverse_object,11,100038,seen,failure,0,400,400,action_limit,Lift the mug from the table using the left arm.,reused,hy_vla/pick_diverse_object/pick_diverse_object_ep100038_result.json,c5c19b3ae6ea263a0e58e7bcd242298bc4ff31a2293f2af3e0e451a7c02098b0
hy_vla,pick_diverse_object,11,100039,unseen,failure,0,400,400,action_limit,Grab the paintbrush on the table and raise it.,reused,hy_vla/pick_diverse_object/pick_diverse_object_ep100039_result.json,f80920136f81266ab8c7112293611799504e0a7a40588c2f5f3d3100b6478ea8
hy_vla,pick_diverse_object,12,100040,seen,failure,0,400,400,action_limit,Grab the can on the table and raise it.,reused,hy_vla/pick_diverse_object/pick_diverse_object_ep100040_result.json,8c26ecc5c3e36e807542505b2a549a7357200b3974908852a7a571d2a363232d
hy_vla,pick_diverse_object,12,100041,unseen,failure,0,400,400,action_limit,Grab the dumbbell on the table and raise it.,reused,hy_vla/pick_diverse_object/pick_diverse_object_ep100041_result.json,fc3dba0eb189232a24755847e441e46a0ca47b011a27f37bd3865caec6cc3b81
hy_vla,pick_diverse_object,13,100042,seen,success,1,30,400,task_success,Lift the toy car from the table using the right arm.,reused,hy_vla/pick_diverse_object/pick_diverse_object_ep100042_result.json,56f3abdd4c64d1cf744793aa16f74da965182f3f09184fd5701ae8b5b078f0e6
hy_vla,pick_diverse_object,13,100043,unseen,success,1,79,400,task_success,Pick up the apple using the correct arm,reused,hy_vla/pick_diverse_object/pick_diverse_object_ep100043_result.json,fba45e11f7ace35a8c7514a4fedf611a6a0300955d9c82c90eb88577f76d9126
hy_vla,pick_diverse_object,14,100048,seen,success,1,30,400,task_success,Grab the hamburger on the table and raise it.,reused,hy_vla/pick_diverse_object/pick_diverse_object_ep100048_result.json,11bb7b384b2aede26fe686fe9d055c45d66ded81d27e2b55446b2c1f14f0ed16
hy_vla,pick_diverse_object,14,100049,unseen,failure,0,400,400,action_limit,Grab the dumbbell on the table and raise it.,reused,hy_vla/pick_diverse_object/pick_diverse_object_ep100049_result.json,aeed29429cf4c0d613df25a6b4fd5a79da07ef6cbb376eab3b24226088d9ad10
hy_vla,pick_diverse_object,15,100052,seen,success,1,58,400,task_success,Pick up the coffee box using the correct arm,reused,hy_vla/pick_diverse_object/pick_diverse_object_ep100052_result.json,b65ce6eb059138379f4a2d9bce6435fac753ca50b26d125476b58c33ed96eee0
hy_vla,pick_diverse_object,15,100053,unseen,success,1,31,400,task_success,Pick up the wooden mallet using the correct arm,reused,hy_vla/pick_diverse_object/pick_diverse_object_ep100053_result.json,1cbe7ab0e9f1f2559fb6d49138404cfd0b50c9d3de15f27373c4621bc38230d4
hy_vla,pick_diverse_object,16,100054,seen,failure,0,400,400,action_limit,Grab the mouse on the table and raise it.,reused,hy_vla/pick_diverse_object/pick_diverse_object_ep100054_result.json,016c7654730c6a444e1164bb21d875882e558567c199a82c9f1661d2ce47dea7
hy_vla,pick_diverse_object,16,100055,unseen,failure,0,400,400,action_limit,Lift the paintbrush from the table using the right arm.,reused,hy_vla/pick_diverse_object/pick_diverse_object_ep100055_result.json,a2323c72d08a0cd5dd1f2620d8e00e533ec1757233e989341bb2001ba3f23976
hy_vla,pick_diverse_object,17,100056,seen,failure,0,400,400,action_limit,Grab the bottle on the table and raise it.,reused,hy_vla/pick_diverse_object/pick_diverse_object_ep100056_result.json,a3fdc6020c34c2510b33296bf4de2e8d22c6df77924f8e0f215fb3495746918c
hy_vla,pick_diverse_object,17,100057,unseen,success,1,18,400,task_success,Pick up the dumbbell carefully using the left arm,reused,hy_vla/pick_diverse_object/pick_diverse_object_ep100057_result.json,4178ee8382ff5980a0f50897c32cff3f490be52a2b29f6346406f9f812eb12f6
hy_vla,pick_diverse_object,18,100060,seen,failure,0,400,400,action_limit,Pick up the shoe carefully using the right arm,reused,hy_vla/pick_diverse_object/pick_diverse_object_ep100060_result.json,102781b86615196e65e60addcb4d61954a0ec549c773dd6b1c1cdd69a43705ea
hy_vla,pick_diverse_object,18,100061,unseen,failure,0,400,400,action_limit,Grab the wooden mallet on the table and raise it.,reused,hy_vla/pick_diverse_object/pick_diverse_object_ep100061_result.json,abfb689c7efcab0accb9006dc1a4c776fbf93ebb3081f517baee174b259461ab
hy_vla,pick_diverse_object,19,100066,seen,failure,0,400,400,action_limit,Lift the toy car from the table using the right arm.,reused,hy_vla/pick_diverse_object/pick_diverse_object_ep100066_result.json,72ba98b50e6cc2f86a790485b5e110291fe8ad03bbcc0ed9cdb369681d66150f
hy_vla,pick_diverse_object,19,100067,unseen,failure,0,400,400,action_limit,Lift the apple from the table using the right arm.,reused,hy_vla/pick_diverse_object/pick_diverse_object_ep100067_result.json,a83741b69f22cd69dab0b4ff7b31e4dae4f9feac892632dd3e64ef9ef576be2a
hy_vla,attribute_select,0,100000,color:red,success,1,31,400,task_success,Reach for the red block and lift it.,reused,hy_vla/attribute_select/attribute_select_ep100000_result.json,4810a91c3898ea86efed4f04ded13a5cbd6e8cde10cd117623c2331a49be0b40
hy_vla,attribute_select,0,100001,color:blue,failure,0,400,400,action_limit,Reach for the blue block and lift it.,reused,hy_vla/attribute_select/attribute_select_ep100001_result.json,5451c577f3358c12f56e21c0828896b2f5b61e40707b7cee00b8a77b09458e45
hy_vla,attribute_select,0,100002,decal:cat,failure,0,400,400,action_limit,Fetch the block with a cat on it.,reused,hy_vla/attribute_select/attribute_select_ep100002_result.json,a9796adb4d70ede1550197e2f975a29c6c12ea9f8bd1003a25ddc7a73284eee5
hy_vla,attribute_select,0,100003,decal:dog,success,1,31,400,task_success,Fetch the block with a dog on it.,reused,hy_vla/attribute_select/attribute_select_ep100003_result.json,76bcb0863d277f2de431119466d7cd0fe2d4063cd57a5ce41055d2b3dd777365
hy_vla,attribute_select,0,100004,shape:block,failure,0,400,400,action_limit,Reach for the cube and lift it.,reused,hy_vla/attribute_select/attribute_select_ep100004_result.json,84b5e313458270ba99bd56d4638aac5f5d8aad0745e88dd233913ed93288152b
hy_vla,attribute_select,0,100005,shape:bar,success,1,32,400,task_success,Fetch the long bar.,reused,hy_vla/attribute_select/attribute_select_ep100005_result.json,d6a3f90ea681e1bf7fc21408ba5236715be7d15768c9b80073402313b3ef789d
hy_vla,attribute_select,0,100006,size:big,failure,0,400,400,action_limit,Reach for the big block and lift it.,reused,hy_vla/attribute_select/attribute_select_ep100006_result.json,18bd0075911e3993550f633774fa404b10ccc59313ddf015a17306b55e8ed479
hy_vla,attribute_select,0,100007,size:small,success,1,31,400,task_success,Fetch the small block.,reused,hy_vla/attribute_select/attribute_select_ep100007_result.json,13fbc15b16f2ff3349b54b7e957215a569193968bc6ac87f1559ef93df289f64
hy_vla,attribute_select,1,100008,color:red,success,1,31,400,task_success,Fetch the red block.,reused,hy_vla/attribute_select/attribute_select_ep100008_result.json,7c3f0a27e6a1cf131606517cedd64a6e3dbe390b0c635c7990b747a80382b78f
hy_vla,attribute_select,1,100009,color:blue,failure,0,400,400,action_limit,Fetch the blue block.,reused,hy_vla/attribute_select/attribute_select_ep100009_result.json,ac3e9407560fdc987698ddf5d35dc2ca90ca984450f1508202541f1880d466ed
hy_vla,attribute_select,1,100010,decal:cat,success,1,31,400,task_success,Reach for the block with a cat on it and lift it.,reused,hy_vla/attribute_select/attribute_select_ep100010_result.json,9636e129ad123ba074b6ea3076cf9b8c239f0c1ff501979c860938d2555e373f
hy_vla,attribute_select,1,100011,decal:dog,failure,0,400,400,action_limit,Reach for the block with a dog on it and lift it.,reused,hy_vla/attribute_select/attribute_select_ep100011_result.json,0c983e19d6db28a06bdc17e51813c500e79a86bf531929f0d9d73900097739a1
hy_vla,attribute_select,1,100012,shape:block,failure,0,400,400,action_limit,Fetch the cube.,reused,hy_vla/attribute_select/attribute_select_ep100012_result.json,6e2d43cc330b52fa2d117cbdb6000b9e805a6ddc537573258a1194e2e28b73c2
hy_vla,attribute_select,1,100013,shape:bar,success,1,32,400,task_success,Reach for the long bar and lift it.,reused,hy_vla/attribute_select/attribute_select_ep100013_result.json,a170b24d9669cef4c6d7313e16f9b5c4e83805374fa13c8c7b00434c9ce699ad
hy_vla,attribute_select,1,100014,size:big,failure,0,400,400,action_limit,Fetch the big block.,reused,hy_vla/attribute_select/attribute_select_ep100014_result.json,beb3a4493a84326eb2bc81906202bc46e81a9448b99b93e4cfe815103b158384
hy_vla,attribute_select,1,100015,size:small,success,1,31,400,task_success,Fetch the small block.,reused,hy_vla/attribute_select/attribute_select_ep100015_result.json,9a25f25a0cf898bda5d60077d0ece83b87cc9631e6123030121d276d23b934bb
hy_vla,attribute_select,2,100016,color:red,success,1,31,400,task_success,Reach for the red block and lift it.,reused,hy_vla/attribute_select/attribute_select_ep100016_result.json,c429e5743fd3d681377b5e4933ea3bd0efd98011317d2b2c5a7fa47f6b4191fa
hy_vla,attribute_select,2,100017,color:blue,failure,0,400,400,action_limit,Fetch the blue block.,reused,hy_vla/attribute_select/attribute_select_ep100017_result.json,0f461cad06fe512edb321c97d60c072c5a73ac79fcb691065e78634e508eeae3
hy_vla,attribute_select,2,100018,decal:cat,failure,0,400,400,action_limit,Fetch the block with a cat on it.,reused,hy_vla/attribute_select/attribute_select_ep100018_result.json,b947f0643db07de5222370a30a49ec265c3359892fd67aaf8417d53fb4f6a1e7
hy_vla,attribute_select,2,100019,decal:dog,success,1,31,400,task_success,Fetch the block with a dog on it.,reused,hy_vla/attribute_select/attribute_select_ep100019_result.json,d582c39adec1eba2dd0b99e292bf65b98459274f9c2d5baf149a47557583c67a
hy_vla,attribute_select,2,100020,shape:block,failure,0,400,400,action_limit,Reach for the cube and lift it.,reused,hy_vla/attribute_select/attribute_select_ep100020_result.json,8981e63da754ae1cf46c7357b8d796aa4f2030c2055ea5081485a75206baf446
hy_vla,attribute_select,2,100021,shape:bar,success,1,32,400,task_success,Fetch the long bar.,reused,hy_vla/attribute_select/attribute_select_ep100021_result.json,a169c14157f30bc127384c187578320c269861d9dc643bff9fcfc79639673417
hy_vla,attribute_select,2,100022,size:big,failure,0,400,400,action_limit,Reach for the big block and lift it.,reused,hy_vla/attribute_select/attribute_select_ep100022_result.json,b79601259ebd5c96bee0c998abf9dfe2bf6cfcc9ca98ba25b37eacdc857187d7
hy_vla,attribute_select,2,100023,size:small,success,1,31,400,task_success,Fetch the small block.,reused,hy_vla/attribute_select/attribute_select_ep100023_result.json,b20c85e3eb04fe03f0fd2fa062edeadf84ebb184e9464c08015c72509e607b01
hy_vla,attribute_select,3,100024,color:red,success,1,31,400,task_success,Fetch the red block.,reused,hy_vla/attribute_select/attribute_select_ep100024_result.json,5dd19895487d71d327e9d89902c04d1ff72d1b84a8e60842e8e2665d4c09e674
hy_vla,attribute_select,3,100025,color:blue,failure,0,400,400,action_limit,Reach for the blue block and lift it.,reused,hy_vla/attribute_select/attribute_select_ep100025_result.json,1ece26565978ce64852e0e502d71669d54a23850e225ff1dee5bd23076e0b00c
hy_vla,attribute_select,3,100026,decal:cat,success,1,31,400,task_success,Fetch the block with a cat on it.,reused,hy_vla/attribute_select/attribute_select_ep100026_result.json,5fca59bf72495ac9da892cdc060b7e034d2e7968ef81e34a5b24305ecb09b5a3
hy_vla,attribute_select,3,100027,decal:dog,failure,0,400,400,action_limit,Reach for the block with a dog on it and lift it.,reused,hy_vla/attribute_select/attribute_select_ep100027_result.json,3fba5ea965c750faa6192a242c6dd52deb861144e52031c9c02bf04b3f44ebe4
hy_vla,attribute_select,3,100028,shape:block,failure,0,400,400,action_limit,Reach for the cube and lift it.,reused,hy_vla/attribute_select/attribute_select_ep100028_result.json,91af27716f75e07ab76134f51e0b3d714cf2cb1fd6d1c7285533386307152ca1
hy_vla,attribute_select,3,100029,shape:bar,success,1,32,400,task_success,Reach for the long bar and lift it.,reused,hy_vla/attribute_select/attribute_select_ep100029_result.json,a13bf58de5b3d37fec5df222674172ad98f1533b4d59d0fea8b4625edf75a64f
hy_vla,attribute_select,3,100030,size:big,failure,0,400,400,action_limit,Fetch the big block.,reused,hy_vla/attribute_select/attribute_select_ep100030_result.json,82563f14a8c4543e9e5da55d8452cfb643f09e8fa2896411f90cb47183058722
hy_vla,attribute_select,3,100031,size:small,success,1,31,400,task_success,Fetch the small block.,reused,hy_vla/attribute_select/attribute_select_ep100031_result.json,14998b8cc3fac55fe09ffa381a749fc86b545ee6340199cf635804a3b399a549
hy_vla,attribute_select,4,100032,color:red,success,1,31,400,task_success,Fetch the red block.,reused,hy_vla/attribute_select/attribute_select_ep100032_result.json,04acdd44859d80fdd256b6ef41d2ec0a6137d3458b3e50ede6d0201c741a5aa4
hy_vla,attribute_select,4,100033,color:blue,failure,0,400,400,action_limit,Fetch the blue block.,reused,hy_vla/attribute_select/attribute_select_ep100033_result.json,c0f0068f2a0d32bde74e7d88a048cd2419e5b47619c18c2bef60b67c63694422
hy_vla,attribute_select,4,100034,decal:cat,failure,0,400,400,action_limit,Fetch the block with a cat on it.,reused,hy_vla/attribute_select/attribute_select_ep100034_result.json,d0c8a948aea63f436c52f715d63b64e97ffa39493da95ba34044f9ff0ef8df7e
hy_vla,attribute_select,4,100035,decal:dog,success,1,31,400,task_success,Fetch the block with a dog on it.,reused,hy_vla/attribute_select/attribute_select_ep100035_result.json,ac2cc1bfaa3811bb3ac1eb63a82b106adda4c5dfcd1ac993b407be89d5ec4733
hy_vla,attribute_select,4,100036,shape:block,success,1,31,400,task_success,Fetch the cube.,reused,hy_vla/attribute_select/attribute_select_ep100036_result.json,35b8fece63ad93cfd308f46fedd4293f54f1ec36b6a122d29edbd1cae22542f3
hy_vla,attribute_select,4,100037,shape:bar,success,1,32,400,task_success,Fetch the long bar.,reused,hy_vla/attribute_select/attribute_select_ep100037_result.json,98804761663897e845067e40c0b67c8d25285779d9fe0fadbd35603c853b3f2e
hy_vla,attribute_select,4,100038,size:big,failure,0,400,400,action_limit,Fetch the big block.,reused,hy_vla/attribute_select/attribute_select_ep100038_result.json,2ddb9a1045bb712711827e9ff519b08b94e81efc8a6a263b4af08591f2be6157
hy_vla,attribute_select,4,100039,size:small,success,1,31,400,task_success,Reach for the small block and lift it.,reused,hy_vla/attribute_select/attribute_select_ep100039_result.json,9c29710aed494b104d4705e294fe996cfd618223bc3de97e2ff161daa85ee58e
hy_vla,attribute_select,5,100040,color:red,success,1,31,400,task_success,Fetch the red block.,reused,hy_vla/attribute_select/attribute_select_ep100040_result.json,83a9ec03e235fbc998a13c953728e9ade981053af53465a719ca8db3dfff901d
hy_vla,attribute_select,5,100041,color:blue,failure,0,400,400,action_limit,Fetch the blue block.,reused,hy_vla/attribute_select/attribute_select_ep100041_result.json,db569c86c597d8a7d9a246f8ab919c6d56572e324d8187767893d383647cc188
hy_vla,attribute_select,5,100042,decal:cat,success,1,31,400,task_success,Reach for the block with a cat on it and lift it.,reused,hy_vla/attribute_select/attribute_select_ep100042_result.json,f999c2398768974c32369eaa2e19f01fa54397d2c1fd6d1dc17345ba3fa56471
hy_vla,attribute_select,5,100043,decal:dog,failure,0,400,400,action_limit,Reach for the block with a dog on it and lift it.,reused,hy_vla/attribute_select/attribute_select_ep100043_result.json,a20baf174cec48c4aebe67e57f2660dcd336661e27a2f059dfc99bf477e449d3
hy_vla,attribute_select,5,100044,shape:block,failure,0,400,400,action_limit,Reach for the cube and lift it.,reused,hy_vla/attribute_select/attribute_select_ep100044_result.json,6a9896a61e77003efd25edfbcb5d52276f4b3970979dc54cbe927c512fc4c4d5
hy_vla,attribute_select,5,100045,shape:bar,success,1,31,400,task_success,Fetch the long bar.,reused,hy_vla/attribute_select/attribute_select_ep100045_result.json,c88cc25b6b1ff6b549c45d0ed54de283a656f699db2de2df448e42b379c82c69
hy_vla,attribute_select,5,100046,size:big,failure,0,400,400,action_limit,Fetch the big block.,reused,hy_vla/attribute_select/attribute_select_ep100046_result.json,07acd74d5ddb48a05c7da1f22b6f3c318fb6df44bb1a78e5fcf9623760c8108f
hy_vla,attribute_select,5,100047,size:small,success,1,31,400,task_success,Fetch the small block.,reused,hy_vla/attribute_select/attribute_select_ep100047_result.json,c4bb4a672deb0976467de98e553f144eb68392a78cdcc4d484b06d8175888412
hy_vla,attribute_select,6,100048,color:red,success,1,31,400,task_success,Fetch the red block.,reused,hy_vla/attribute_select/attribute_select_ep100048_result.json,3ffc845aa9f9b717ff31f25c26cfc10f7532a1453d92a0ed11f3786863091943
hy_vla,attribute_select,6,100049,color:blue,failure,0,400,400,action_limit,Fetch the blue block.,reused,hy_vla/attribute_select/attribute_select_ep100049_result.json,852b806a3c0f431f2a9456d78b75e1387ceab3d40afa80ad903326d6159574f6
hy_vla,attribute_select,6,100050,decal:cat,success,1,31,400,task_success,Reach for the block with a cat on it and lift it.,reused,hy_vla/attribute_select/attribute_select_ep100050_result.json,7074004684a08c0adb02ddbd6bea5674c8e35e791965e784c062fb068dd92100
hy_vla,attribute_select,6,100051,decal:dog,failure,0,400,400,action_limit,Fetch the block with a dog on it.,reused,hy_vla/attribute_select/attribute_select_ep100051_result.json,5c8c693471447300e2bc55e959c9987fe63dedc12c135eb87aeb4414605bf300
hy_vla,attribute_select,6,100052,shape:block,failure,0,400,400,action_limit,Reach for the cube and lift it.,reused,hy_vla/attribute_select/attribute_select_ep100052_result.json,199be5f7b661531919ad2541dec8282f9b9c4fdb5c53d25edad8273f7d99f585
hy_vla,attribute_select,6,100053,shape:bar,success,1,32,400,task_success,Fetch the long bar.,reused,hy_vla/attribute_select/attribute_select_ep100053_result.json,d4ef849d9ae2ce4347265b07835e3cd44c762cadf9886808aa9e2f135ee8618e
hy_vla,attribute_select,6,100054,size:big,failure,0,400,400,action_limit,Fetch the big block.,reused,hy_vla/attribute_select/attribute_select_ep100054_result.json,bb26978784ce8f20959ce88bfc7a68de45798051e015c17c4993c42fa7e625bc
hy_vla,attribute_select,6,100055,size:small,success,1,31,400,task_success,Reach for the small block and lift it.,reused,hy_vla/attribute_select/attribute_select_ep100055_result.json,1c5ee544aa02d60081d9d68c030f3fdd79e40ddeec5466ce94f7bb8df0c79f7c
hy_vla,attribute_select,7,100064,color:red,success,1,31,400,task_success,Fetch the red block.,reused,hy_vla/attribute_select/attribute_select_ep100064_result.json,afe3b128640b66ccf584d6046bcfce6919c21b7a5be23fdf3f0b402efdebb305
hy_vla,attribute_select,7,100065,color:blue,failure,0,400,400,action_limit,Reach for the blue block and lift it.,reused,hy_vla/attribute_select/attribute_select_ep100065_result.json,0fab47548386c15fbb8a219b505a3a8a2f2bde6f8814965eeb7c760febfc3323
hy_vla,attribute_select,7,100066,decal:cat,failure,0,400,400,action_limit,Reach for the block with a cat on it and lift it.,reused,hy_vla/attribute_select/attribute_select_ep100066_result.json,cfe53be3b4e59b673b6344dbf260a2d3975e3f29f8bd1b6b286e3a945e69f506
hy_vla,attribute_select,7,100067,decal:dog,success,1,31,400,task_success,Reach for the block with a dog on it and lift it.,reused,hy_vla/attribute_select/attribute_select_ep100067_result.json,32e882cb86953e54ac41549e054dce41bff4f009b6d86665d11cb6fdee56dc9f
hy_vla,attribute_select,7,100068,shape:block,failure,0,400,400,action_limit,Reach for the cube and lift it.,reused,hy_vla/attribute_select/attribute_select_ep100068_result.json,7774f762f76a6282a5a064c5fabbc361b001d757c0f56c41881a5c69aa69927b
hy_vla,attribute_select,7,100069,shape:bar,success,1,32,400,task_success,Fetch the long bar.,reused,hy_vla/attribute_select/attribute_select_ep100069_result.json,c52832ef3e98f82cec078ef2a8cdd9b3f74688e2e9f35f1b0bd5843a0b1d1b10
hy_vla,attribute_select,7,100070,size:big,failure,0,400,400,action_limit,Reach for the big block and lift it.,reused,hy_vla/attribute_select/attribute_select_ep100070_result.json,93761938b9bd35d7410c3b3d749a5faded6e090e8883aa639c1ff8e64d8a8a67
hy_vla,attribute_select,7,100071,size:small,success,1,31,400,task_success,Fetch the small block.,reused,hy_vla/attribute_select/attribute_select_ep100071_result.json,730091c689505505d3cfa6284e472f51f1dec9269279a3284eb53bac41759c1a
hy_vla,attribute_select,8,100072,color:red,success,1,31,400,task_success,Reach for the red block and lift it.,reused,hy_vla/attribute_select/attribute_select_ep100072_result.json,fc4e611a4f9cdb22347fe37da46332204593c3bacd9f7a324f2909d3857a7ea6
hy_vla,attribute_select,8,100073,color:blue,failure,0,400,400,action_limit,Reach for the blue block and lift it.,reused,hy_vla/attribute_select/attribute_select_ep100073_result.json,a520862b0e3a5334697ca531b9603bf06a8267ec8939bf037de9f258adefdc9e
hy_vla,attribute_select,8,100074,decal:cat,failure,0,400,400,action_limit,Fetch the block with a cat on it.,reused,hy_vla/attribute_select/attribute_select_ep100074_result.json,568245e7c00a6d044d8fb8c4117de9967a0fa9bdfebd168749bc938478520dad
hy_vla,attribute_select,8,100075,decal:dog,success,1,31,400,task_success,Reach for the block with a dog on it and lift it.,reused,hy_vla/attribute_select/attribute_select_ep100075_result.json,98d1eee8cd9655b9abd0336b7020412099f2129e3af8ec5a7e98c049103ff539
hy_vla,attribute_select,8,100076,shape:block,failure,0,400,400,action_limit,Fetch the cube.,reused,hy_vla/attribute_select/attribute_select_ep100076_result.json,55c2590b0ccd7b4c57f7849aa7273fbfde280a17150ec673091bff16055e4954
hy_vla,attribute_select,8,100077,shape:bar,success,1,32,400,task_success,Reach for the long bar and lift it.,reused,hy_vla/attribute_select/attribute_select_ep100077_result.json,6e8b81d55753ab654fc372b68b779f95051285d41dcdd6d89c3eae44298caa0a
hy_vla,attribute_select,8,100078,size:big,failure,0,400,400,action_limit,Fetch the big block.,reused,hy_vla/attribute_select/attribute_select_ep100078_result.json,161061a8e4fa6f3810e30f403c5792f74c0b917ef19589645f0a1c8e48b83bb7
hy_vla,attribute_select,8,100079,size:small,success,1,31,400,task_success,Fetch the small block.,reused,hy_vla/attribute_select/attribute_select_ep100079_result.json,55c66627a6414908294d61d4acdb1d2743fa7c7b701f24905d4553eddd735474
hy_vla,attribute_select,9,100080,color:red,success,1,31,400,task_success,Fetch the red block.,reused,hy_vla/attribute_select/attribute_select_ep100080_result.json,ae4041602c121fe2c1863a290457d9b7f37959d3e376b3be568914acd7c2c781
hy_vla,attribute_select,9,100081,color:blue,failure,0,400,400,action_limit,Reach for the blue block and lift it.,reused,hy_vla/attribute_select/attribute_select_ep100081_result.json,72851d5d19f6f10d3dc25f90e613277d57243e53d45f759cd6898290b7f493d6
hy_vla,attribute_select,9,100082,decal:cat,success,1,31,400,task_success,Reach for the block with a cat on it and lift it.,reused,hy_vla/attribute_select/attribute_select_ep100082_result.json,465183a19621408fc0b98e9402933070d8b1ec600262a993c459484ea1afba1f
hy_vla,attribute_select,9,100083,decal:dog,failure,0,400,400,action_limit,Reach for the block with a dog on it and lift it.,reused,hy_vla/attribute_select/attribute_select_ep100083_result.json,29770ac3ad320614451bbf0cc9581aa8e99e3dbf009ddc42830718d3ce666581
hy_vla,attribute_select,9,100084,shape:block,success,1,31,400,task_success,Fetch the cube.,reused,hy_vla/attribute_select/attribute_select_ep100084_result.json,76a717a173f83767676d38f95fe0088f6c684b82d44cef97420a39d3d1f7510e
hy_vla,attribute_select,9,100085,shape:bar,success,1,32,400,task_success,Fetch the long bar.,reused,hy_vla/attribute_select/attribute_select_ep100085_result.json,50ac03bd9895f93e4b13d0febcfb4607afc578532c0052dda7be8e1751bdaff6
hy_vla,attribute_select,9,100086,size:big,failure,0,400,400,action_limit,Fetch the big block.,reused,hy_vla/attribute_select/attribute_select_ep100086_result.json,8ad64ff1bb056843eac323e0c1ff79b36dbe882b1859270230cc34ffebd7f38b
hy_vla,attribute_select,9,100087,size:small,success,1,31,400,task_success,Reach for the small block and lift it.,reused,hy_vla/attribute_select/attribute_select_ep100087_result.json,d2fa9946f42fe219edc0b6c6be55dfc6fe8aab7cb122f3ae8eefbd3a0cc6f9a9
hy_vla,attribute_select,10,100088,color:red,success,1,32,400,task_success,Fetch the red block.,reused,hy_vla/attribute_select/attribute_select_ep100088_result.json,1fabd0a31a96f6b72d6a51afdcff22b62885eb397a9ae2032bdc76f556cb7e42
hy_vla,attribute_select,10,100089,color:blue,failure,0,400,400,action_limit,Fetch the blue block.,reused,hy_vla/attribute_select/attribute_select_ep100089_result.json,53b1532b2dadbaaa075d5362c473fa0187636874347f1dd2f51fc4419ad5db48
hy_vla,attribute_select,10,100090,decal:cat,success,1,31,400,task_success,Reach for the block with a cat on it and lift it.,reused,hy_vla/attribute_select/attribute_select_ep100090_result.json,418d0f55a8b06508b6a81ab42a1367d8be0475834024ee3e50268ec6419fa919
hy_vla,attribute_select,10,100091,decal:dog,failure,0,400,400,action_limit,Fetch the block with a dog on it.,reused,hy_vla/attribute_select/attribute_select_ep100091_result.json,fa55e2203d593ce4106779d2ae0a752ed33a703c5d4d99729cc570e106f3b1ac
hy_vla,attribute_select,10,100092,shape:block,failure,0,400,400,action_limit,Reach for the cube and lift it.,reused,hy_vla/attribute_select/attribute_select_ep100092_result.json,c2d77150fbfb24705e32c301df5e5f678ef0f5f42d85fd11616c8fe7c6ae20fc
hy_vla,attribute_select,10,100093,shape:bar,success,1,32,400,task_success,Reach for the long bar and lift it.,reused,hy_vla/attribute_select/attribute_select_ep100093_result.json,eed3d3235e576892af46dc0004098935f87c7fb3797caf90a99ea116836aaf39
hy_vla,attribute_select,10,100094,size:big,failure,0,400,400,action_limit,Reach for the big block and lift it.,reused,hy_vla/attribute_select/attribute_select_ep100094_result.json,2f22fac6e732a76feb96199066b16a6d6037d721d8b217e8b4d6dff64ce93076
hy_vla,attribute_select,10,100095,size:small,success,1,31,400,task_success,Reach for the small block and lift it.,reused,hy_vla/attribute_select/attribute_select_ep100095_result.json,7cabf0cf2c32310e3e5ba430f23134516909efa33518819699d17648f9da60b5
hy_vla,attribute_select,11,100096,color:red,success,1,31,400,task_success,Reach for the red block and lift it.,reused,hy_vla/attribute_select/attribute_select_ep100096_result.json,ca9b151f0fae7d90d706c20a4117bee897dc58784340ea8be224fd6c6c29aa8b
hy_vla,attribute_select,11,100097,color:blue,failure,0,400,400,action_limit,Fetch the blue block.,reused,hy_vla/attribute_select/attribute_select_ep100097_result.json,92039496ce02c2c12cdaf602627bb2b8075ff9d9426436070ac70d0b15437acf
hy_vla,attribute_select,11,100098,decal:cat,success,1,31,400,task_success,Fetch the block with a cat on it.,reused,hy_vla/attribute_select/attribute_select_ep100098_result.json,2a0773df9ab732c0ac136a087089b38bb2d714eb56e87cb0a047be4c5b093155
hy_vla,attribute_select,11,100099,decal:dog,failure,0,400,400,action_limit,Fetch the block with a dog on it.,reused,hy_vla/attribute_select/attribute_select_ep100099_result.json,59004f05deecedabff0892fd6208b51755a346195c972cdcddfa61d95325c293
hy_vla,attribute_select,11,100100,shape:block,failure,0,400,400,action_limit,Reach for the cube and lift it.,reused,hy_vla/attribute_select/attribute_select_ep100100_result.json,33712b588736a287d5ef68329253f2835c584a10899f346281d0c63abeca3693
hy_vla,attribute_select,11,100101,shape:bar,success,1,32,400,task_success,Reach for the long bar and lift it.,reused,hy_vla/attribute_select/attribute_select_ep100101_result.json,9fa5efe751cb61c0117b48d886f86f186fd3dc36e981bd16f7802304a4968854
hy_vla,attribute_select,11,100102,size:big,failure,0,400,400,action_limit,Fetch the big block.,reused,hy_vla/attribute_select/attribute_select_ep100102_result.json,7df16938b83ddeab0e5d17288c17f433f348884b29cd8548badfd56d42a30e57
hy_vla,attribute_select,11,100103,size:small,success,1,31,400,task_success,Fetch the small block.,reused,hy_vla/attribute_select/attribute_select_ep100103_result.json,6373f150d740bb03fca17d328d2db70a86585e3ac07b7eadb718857913795145
hy_vla,attribute_select,12,100104,color:red,success,1,31,400,task_success,Reach for the red block and lift it.,reused,hy_vla/attribute_select/attribute_select_ep100104_result.json,95e1260b3ec372eaa872ddafa156334ae8c14a510af6027477b11aafec923278
hy_vla,attribute_select,12,100105,color:blue,failure,0,400,400,action_limit,Reach for the blue block and lift it.,reused,hy_vla/attribute_select/attribute_select_ep100105_result.json,11b515a679c4c474d313a2ae1d85c27302610ec872500a87c489fbc49599fd1e
hy_vla,attribute_select,12,100106,decal:cat,failure,0,400,400,action_limit,Reach for the block with a cat on it and lift it.,reused,hy_vla/attribute_select/attribute_select_ep100106_result.json,b1994f253b6f0e35eb79053a924a9a47e4501e27c27eea093f0fe997e781c694
hy_vla,attribute_select,12,100107,decal:dog,success,1,31,400,task_success,Reach for the block with a dog on it and lift it.,reused,hy_vla/attribute_select/attribute_select_ep100107_result.json,0b832c42af71ad500328394e646c6189b0aac38b399d247ee0bbf9f443546f54
hy_vla,attribute_select,12,100108,shape:block,failure,0,400,400,action_limit,Reach for the cube and lift it.,reused,hy_vla/attribute_select/attribute_select_ep100108_result.json,58505e597e8da5abf10b546cdff39ea87b7bd0033d7ea2183dc68aea4ae26f78
hy_vla,attribute_select,12,100109,shape:bar,success,1,32,400,task_success,Fetch the long bar.,reused,hy_vla/attribute_select/attribute_select_ep100109_result.json,1ec8a8b40912d2e312c7a107e84356c0a67d1dc7fbc1aa98b71ff836507f207e
hy_vla,attribute_select,12,100110,size:big,failure,0,400,400,action_limit,Reach for the big block and lift it.,reused,hy_vla/attribute_select/attribute_select_ep100110_result.json,ebd5618695950c3d1ad06e974d3aee6ec1995b5bf2c5a7030a280a0864921abc
hy_vla,attribute_select,12,100111,size:small,success,1,31,400,task_success,Reach for the small block and lift it.,reused,hy_vla/attribute_select/attribute_select_ep100111_result.json,40789618f5cfb130786bc7ca03a3222fe89e8dd610a3c4691ceb270bf1d5c1c5
hy_vla,attribute_select,13,100112,color:red,success,1,31,400,task_success,Reach for the red block and lift it.,reused,hy_vla/attribute_select/attribute_select_ep100112_result.json,c32e7878e9517612e9077f7dcb49bca056cbe8223c857a6e5b7bb3005a7ef24c
hy_vla,attribute_select,13,100113,color:blue,failure,0,400,400,action_limit,Fetch the blue block.,reused,hy_vla/attribute_select/attribute_select_ep100113_result.json,eb47d47e3471238a75136368b96075c2cf9669db019ede925699c19eb9d34ce5
hy_vla,attribute_select,13,100114,decal:cat,success,1,31,400,task_success,Reach for the block with a cat on it and lift it.,reused,hy_vla/attribute_select/attribute_select_ep100114_result.json,dc419e3faca4f083ed7dad2e0befdcda7635f2e59325e6291ecc9499f99b8c44
hy_vla,attribute_select,13,100115,decal:dog,failure,0,400,400,action_limit,Fetch the block with a dog on it.,reused,hy_vla/attribute_select/attribute_select_ep100115_result.json,d63b6a25b0993874a5e46bfc10e5e62f4c832c8c3501df198eb8ef78742d2a54
hy_vla,attribute_select,13,100116,shape:block,failure,0,400,400,action_limit,Fetch the cube.,reused,hy_vla/attribute_select/attribute_select_ep100116_result.json,932e94a3c08148d6629fcb2aaa67c6d8e759a5716bc2a881905a2bcbdb8e9e03
hy_vla,attribute_select,13,100117,shape:bar,success,1,32,400,task_success,Fetch the long bar.,reused,hy_vla/attribute_select/attribute_select_ep100117_result.json,c82f2c0cd5eef73d9f331c620a1af6f599f750a07dac3c984c4d1a45b8821718
hy_vla,attribute_select,13,100118,size:big,failure,0,400,400,action_limit,Reach for the big block and lift it.,reused,hy_vla/attribute_select/attribute_select_ep100118_result.json,d69069c2d171fd5f5d6b4a6a272161cc1f1f05960e737daa7468f567f53878b8
hy_vla,attribute_select,13,100119,size:small,success,1,31,400,task_success,Reach for the small block and lift it.,reused,hy_vla/attribute_select/attribute_select_ep100119_result.json,d35077be16391e5186bda049231877fcfc6a6c7abf1020b2eedca85110e3ec13
hy_vla,attribute_select,14,100120,color:red,success,1,31,400,task_success,Reach for the red block and lift it.,reused,hy_vla/attribute_select/attribute_select_ep100120_result.json,58c484d3f60c5a13afe8a096b4cee4b254587c0198e56f515f9c9f5df8284af2
hy_vla,attribute_select,14,100121,color:blue,failure,0,400,400,action_limit,Fetch the blue block.,reused,hy_vla/attribute_select/attribute_select_ep100121_result.json,8f72ed49f4138921e931c1198c049fbc451e9b85293fe678773a868a1e1c824a
hy_vla,attribute_select,14,100122,decal:cat,failure,0,400,400,action_limit,Fetch the block with a cat on it.,reused,hy_vla/attribute_select/attribute_select_ep100122_result.json,96e2667987d32bb949c76b7ab7cc9cf5ca522cbdecd0d02d4937b206c512b6f2
hy_vla,attribute_select,14,100123,decal:dog,success,1,31,400,task_success,Fetch the block with a dog on it.,reused,hy_vla/attribute_select/attribute_select_ep100123_result.json,4bbdc9a67f3abdb1f48627b06084d6c5f128a760d5fddcdada0b08d0aef195ba
hy_vla,attribute_select,14,100124,shape:block,failure,0,400,400,action_limit,Fetch the cube.,reused,hy_vla/attribute_select/attribute_select_ep100124_result.json,22680bb0d033941cf84c867383f3e9dbdcd8e1cf76245ae44f9faf38ecf36a9d
hy_vla,attribute_select,14,100125,shape:bar,success,1,32,400,task_success,Reach for the long bar and lift it.,reused,hy_vla/attribute_select/attribute_select_ep100125_result.json,e8d34709d349316632730d4f6a2f7fade7e1ef7fa0824a452c60b60b061e8d50
hy_vla,attribute_select,14,100126,size:big,failure,0,400,400,action_limit,Reach for the big block and lift it.,reused,hy_vla/attribute_select/attribute_select_ep100126_result.json,21627cc8cd9650feb9421e99026092dfb5fedb2ae7b36ee1910d08f9125ad106
hy_vla,attribute_select,14,100127,size:small,success,1,31,400,task_success,Fetch the small block.,reused,hy_vla/attribute_select/attribute_select_ep100127_result.json,9f2aab3af95b19b7042f2c7a5f3213e7f94f7270668ec049bfc6c647a4ea5531
hy_vla,attribute_select,15,100128,color:red,success,1,31,400,task_success,Fetch the red block.,reused,hy_vla/attribute_select/attribute_select_ep100128_result.json,96815c9353049bbbb6d2c5327ddabf5d01018f0831e3233e593bbcf30a7000e9
hy_vla,attribute_select,15,100129,color:blue,failure,0,400,400,action_limit,Fetch the blue block.,reused,hy_vla/attribute_select/attribute_select_ep100129_result.json,63e7c0543380590505231e7b08142f8992b03ba84ed0e22869d4f7b4b443f5bb
hy_vla,attribute_select,15,100130,decal:cat,success,1,31,400,task_success,Reach for the block with a cat on it and lift it.,reused,hy_vla/attribute_select/attribute_select_ep100130_result.json,0ff32d35cd7502dce2f83b7190e15942bc7251c07cf9ad638d4de6d861802d1f
hy_vla,attribute_select,15,100131,decal:dog,failure,0,400,400,action_limit,Fetch the block with a dog on it.,reused,hy_vla/attribute_select/attribute_select_ep100131_result.json,fe3ee7ca6f21810fba2dd40cbb2568fdc7df010191f943418d9c23c3b5582237
hy_vla,attribute_select,15,100132,shape:block,failure,0,400,400,action_limit,Reach for the cube and lift it.,reused,hy_vla/attribute_select/attribute_select_ep100132_result.json,d7bfe38ea90381ba14675a18fc7e4c3f5f9b5b7e3ff64c716538590f43f5ffc4
hy_vla,attribute_select,15,100133,shape:bar,success,1,33,400,task_success,Fetch the long bar.,reused,hy_vla/attribute_select/attribute_select_ep100133_result.json,7a0a3b088c3c99bff6fb633724597ab5f4dbd2383f4e415ba83b5214eefb8e0b
hy_vla,attribute_select,15,100134,size:big,failure,0,400,400,action_limit,Fetch the big block.,reused,hy_vla/attribute_select/attribute_select_ep100134_result.json,300bdaa7ba5f95ff1a300ccd51b7c3e4cb1df2827b3a8723ffea9bde7db2463b
hy_vla,attribute_select,15,100135,size:small,success,1,31,400,task_success,Reach for the small block and lift it.,reused,hy_vla/attribute_select/attribute_select_ep100135_result.json,1a4f5d2ff5b0bea529a612a859eb5ad8eb08345e467ee0d9b48afbc0267ad7c7
hy_vla,attribute_select,16,100144,color:red,success,1,31,400,task_success,Reach for the red block and lift it.,reused,hy_vla/attribute_select/attribute_select_ep100144_result.json,40b656b663262a6514a8a70f3ba446d3dca1160652a661a2ebfa2f8b69246f0f
hy_vla,attribute_select,16,100145,color:blue,failure,0,400,400,action_limit,Fetch the blue block.,reused,hy_vla/attribute_select/attribute_select_ep100145_result.json,96b82e9a3521b61b6892fb5c6ccc20b55c9b35ae2ba062654714073615ad14e3
hy_vla,attribute_select,16,100146,decal:cat,failure,0,400,400,action_limit,Reach for the block with a cat on it and lift it.,reused,hy_vla/attribute_select/attribute_select_ep100146_result.json,3a8fd36dc980cb8501e7262ffaab38e4b4e7cc6ad6b427ddaf58d7f98a9716f7
hy_vla,attribute_select,16,100147,decal:dog,success,1,31,400,task_success,Fetch the block with a dog on it.,reused,hy_vla/attribute_select/attribute_select_ep100147_result.json,f1009842f75477f5d9b384629d8adf8eeb9e5ebc0822163abe32d51f90bc740a
hy_vla,attribute_select,16,100148,shape:block,failure,0,400,400,action_limit,Fetch the cube.,reused,hy_vla/attribute_select/attribute_select_ep100148_result.json,b2858573f6aa12e8feacb9cbb0a5703348e36954ca73487cac899f8c110a3c19
hy_vla,attribute_select,16,100149,shape:bar,success,1,33,400,task_success,Reach for the long bar and lift it.,reused,hy_vla/attribute_select/attribute_select_ep100149_result.json,900e0e4b118a4d78dac98a53b083a4ec9598211c2bd0fb0a393d607080577fc4
hy_vla,attribute_select,16,100150,size:big,failure,0,400,400,action_limit,Fetch the big block.,reused,hy_vla/attribute_select/attribute_select_ep100150_result.json,ee55806120f4b20bb9d0ea866b0b8bfd14600528e0d1b4a4f27b359f304b2100
hy_vla,attribute_select,16,100151,size:small,success,1,31,400,task_success,Fetch the small block.,reused,hy_vla/attribute_select/attribute_select_ep100151_result.json,ee0a14cb3720ba96aa40cac77ab44dae90b3f9b104cc1d1a1489fc446ef647d8
hy_vla,attribute_select,17,100152,color:red,success,1,31,400,task_success,Reach for the red block and lift it.,reused,hy_vla/attribute_select/attribute_select_ep100152_result.json,272fb1dc9684c62464979f91f48b55c97992bfb49075e31b6ca5e4a530a6ff78
hy_vla,attribute_select,17,100153,color:blue,failure,0,400,400,action_limit,Fetch the blue block.,reused,hy_vla/attribute_select/attribute_select_ep100153_result.json,eacd7f6b5fe02f13260d2532e125b24e01b69b709a961dc52d80829642193747
hy_vla,attribute_select,17,100154,decal:cat,success,1,31,400,task_success,Reach for the block with a cat on it and lift it.,reused,hy_vla/attribute_select/attribute_select_ep100154_result.json,3d267173f5df0323f29fbdb16d56b5e9c39243bf900673815ee4fea614eb81bb
hy_vla,attribute_select,17,100155,decal:dog,success,1,31,400,task_success,Fetch the block with a dog on it.,reused,hy_vla/attribute_select/attribute_select_ep100155_result.json,f80e0419ff00931139e399eba7c54453e996760fe694315ba9442a466dc8a0a0
hy_vla,attribute_select,17,100156,shape:block,success,1,31,400,task_success,Reach for the cube and lift it.,reused,hy_vla/attribute_select/attribute_select_ep100156_result.json,2fc615fc92de07abbfa1e1f673ac2723444a97ee57ae8fb8e045808c49e1318a
hy_vla,attribute_select,17,100157,shape:bar,failure,0,400,400,action_limit,Reach for the long bar and lift it.,reused,hy_vla/attribute_select/attribute_select_ep100157_result.json,cc8f78f13dfc152225e06e4be8559a149d87a215aa28806b848fd86568635c2c
hy_vla,attribute_select,17,100158,size:big,failure,0,400,400,action_limit,Fetch the big block.,reused,hy_vla/attribute_select/attribute_select_ep100158_result.json,ab96786fe73ea15fdffbac02bf6dd0917bf977d12ae1c8a5036270dc7f5f7713
hy_vla,attribute_select,17,100159,size:small,success,1,31,400,task_success,Fetch the small block.,reused,hy_vla/attribute_select/attribute_select_ep100159_result.json,8e9731157336cc5a8f07d7fe0f40fce4149147c4a7ca3646c22186b0263d19b1
hy_vla,attribute_select,18,100160,color:red,success,1,31,400,task_success,Fetch the red block.,reused,hy_vla/attribute_select/attribute_select_ep100160_result.json,1094097587bd0b60d71a1ea0bde610b11e8a8f14161d0bf1a3f4d99acebf1e1c
hy_vla,attribute_select,18,100161,color:blue,failure,0,400,400,action_limit,Reach for the blue block and lift it.,reused,hy_vla/attribute_select/attribute_select_ep100161_result.json,87abb5dde0a32c9d6861819619ef42208913a28d0eca686b3e272d07c2cbd06b
hy_vla,attribute_select,18,100162,decal:cat,success,1,31,400,task_success,Reach for the block with a cat on it and lift it.,reused,hy_vla/attribute_select/attribute_select_ep100162_result.json,be532143b939da368acd7cc86f3b2ae58519c8feadb43efd121a844bcf8f5e6d
hy_vla,attribute_select,18,100163,decal:dog,failure,0,400,400,action_limit,Fetch the block with a dog on it.,reused,hy_vla/attribute_select/attribute_select_ep100163_result.json,37d13915a340a345c726f2a0c1d8947a7d19e1fdad0412990c716d6b84b2eef4
hy_vla,attribute_select,18,100164,shape:block,failure,0,400,400,action_limit,Reach for the cube and lift it.,reused,hy_vla/attribute_select/attribute_select_ep100164_result.json,f1416c9d7714c393b2f0840ce5acb4ffc59fc039d0da28fab926ba2964f357d8
hy_vla,attribute_select,18,100165,shape:bar,success,1,32,400,task_success,Fetch the long bar.,reused,hy_vla/attribute_select/attribute_select_ep100165_result.json,3eef0bc65247c088afa5458e5860e4a12c30959a1b8249d47fec4fe75d50a722
hy_vla,attribute_select,18,100166,size:big,failure,0,400,400,action_limit,Fetch the big block.,reused,hy_vla/attribute_select/attribute_select_ep100166_result.json,f238d5e63ff7e9858b921d82876978612f1f7ddb93f7c2cc9bf2bd107ed1469a
hy_vla,attribute_select,18,100167,size:small,success,1,31,400,task_success,Reach for the small block and lift it.,reused,hy_vla/attribute_select/attribute_select_ep100167_result.json,0f8b23278eb0b7d7be5dd2d3e16c693868af14dc8f7667923627fb45826469a5
hy_vla,attribute_select,19,100168,color:red,success,1,31,400,task_success,Fetch the red block.,reused,hy_vla/attribute_select/attribute_select_ep100168_result.json,037e35c91fbaf5c5f2a97cbc07242632eade8938aa4af4991bd237f205820d21
hy_vla,attribute_select,19,100169,color:blue,failure,0,400,400,action_limit,Reach for the blue block and lift it.,reused,hy_vla/attribute_select/attribute_select_ep100169_result.json,91f14fa7a1d7a703abc2bb7d890ffb979acea0ba7201252297954b44e73cc2e0
hy_vla,attribute_select,19,100170,decal:cat,failure,0,400,400,action_limit,Fetch the block with a cat on it.,reused,hy_vla/attribute_select/attribute_select_ep100170_result.json,8b707a6e6af5f8e1db128fdf53daaa8d9fb93daf5429f611a8c3fd079c3d7b1d
hy_vla,attribute_select,19,100171,decal:dog,success,1,31,400,task_success,Reach for the block with a dog on it and lift it.,reused,hy_vla/attribute_select/attribute_select_ep100171_result.json,48fb7d7c7d88fe0afe66c678853703cb48e086c492a2be6a9dd6d82d6cf2c5d4
hy_vla,attribute_select,19,100172,shape:block,failure,0,400,400,action_limit,Reach for the cube and lift it.,reused,hy_vla/attribute_select/attribute_select_ep100172_result.json,0f80efedc466970f60036165d6a512528fffb805cbe21efb3daed52efd63231a
hy_vla,attribute_select,19,100173,shape:bar,success,1,32,400,task_success,Fetch the long bar.,reused,hy_vla/attribute_select/attribute_select_ep100173_result.json,6f51d7351a631d105382c588f8dadbcbb22f2115fdd0075e9be9ec72d2883018
hy_vla,attribute_select,19,100174,size:big,failure,0,400,400,action_limit,Reach for the big block and lift it.,reused,hy_vla/attribute_select/attribute_select_ep100174_result.json,bee6c72a9322c96952f25cf7658d327d4147b74ec5c79579c9608ba354e0e85a
hy_vla,attribute_select,19,100175,size:small,success,1,32,400,task_success,Fetch the small block.,reused,hy_vla/attribute_select/attribute_select_ep100175_result.json,85d0ae527e391ce7470caaccac85ca27293603146628250f07b33ba8d0eaa578
hy_vla,arm_select,0,500000,left,failure,0,400,400,action_limit,Use the left arm to retrieve the block.,new,hy_vla/arm_select/arm_select_ep500000_result.json,db08bb106953ec10c19a7398386f1901939220878a478d5bbce2790fbe80a681
hy_vla,arm_select,0,500001,right,failure,0,400,400,action_limit,Use the right arm to retrieve the block.,new,hy_vla/arm_select/arm_select_ep500001_result.json,d3fb330c0e2958e957061b88eb4a24886fdc2a1cbf9e58c7a775229f1f606f88
hy_vla,arm_select,1,500002,left,failure,0,400,400,action_limit,"With the left arm, grab the block.",new,hy_vla/arm_select/arm_select_ep500002_result.json,0049880bfa808b9ae3231a4ad8d9bd47cc0a4c178736ec62a16ab5347034a9f6
hy_vla,arm_select,1,500003,right,success,1,32,400,task_success,"With the right arm, grab the block.",new,hy_vla/arm_select/arm_select_ep500003_result.json,030ded5af10231ca74c30ee398552c65c36bca957646ba98e7c548c7ecb34f24
hy_vla,arm_select,2,500004,left,success,1,31,400,task_success,Retrieve the block with the left arm.,new,hy_vla/arm_select/arm_select_ep500004_result.json,464a71d3b9635d29a784756698b6db923f06a0957e3f9479c5b5791469f5c502
hy_vla,arm_select,2,500005,right,failure,0,400,400,action_limit,Retrieve the block with the right arm.,new,hy_vla/arm_select/arm_select_ep500005_result.json,353d1f3e939800207c5633e6edc35cd600aa6e3ebfe153da5a8f33c67a73daac
hy_vla,arm_select,3,500006,left,failure,0,400,400,action_limit,Have the left arm take the block.,new,hy_vla/arm_select/arm_select_ep500006_result.json,fa1b0a952ac7fe5a931f207a199eec12478b66dc7b3455a7d56a01b3c5cb8093
hy_vla,arm_select,3,500007,right,failure,0,400,400,action_limit,Have the right arm take the block.,new,hy_vla/arm_select/arm_select_ep500007_result.json,8a49f08f4d2bb9dbb52a3c4f00c30a70dc2424f2d2de3de6146aa1fb4201c92a
hy_vla,arm_select,4,500008,left,failure,0,400,400,action_limit,Pick up the block carefully with the left arm.,new,hy_vla/arm_select/arm_select_ep500008_result.json,ea224192ba1d2b389002a59a37ec803b01c401c31e7c5db079eb915b74670aae
hy_vla,arm_select,4,500009,right,success,1,32,400,task_success,Pick up the block carefully with the right arm.,new,hy_vla/arm_select/arm_select_ep500009_result.json,14d85e3b829938f88346af458c3bbbaf6cd11c7fefcc5d0ab2dda5edd6ca9e61
hy_vla,arm_select,5,500010,left,success,1,31,400,task_success,"With the left arm, grab the block.",new,hy_vla/arm_select/arm_select_ep500010_result.json,949f26c0728c6fef8e58f53d9701032cf6b4806b63c5ecd7895b6f56b746fd8b
hy_vla,arm_select,5,500011,right,failure,0,400,400,action_limit,"With the right arm, grab the block.",new,hy_vla/arm_select/arm_select_ep500011_result.json,93ae836424747a72c4eaea8707f23c4c43061c2b475c689c138ce70a2b43e9eb
hy_vla,arm_select,6,500012,left,failure,0,400,400,action_limit,Collect the block using the left arm.,new,hy_vla/arm_select/arm_select_ep500012_result.json,418f458e8c72a5976e22dc0e008bd9c71a5dd0ae607534d3fb67d4670bdaa7ff
hy_vla,arm_select,6,500013,right,success,1,33,400,task_success,Collect the block using the right arm.,new,hy_vla/arm_select/arm_select_ep500013_result.json,8c01c79e6960f83dc4fc8a51a91973d74ecad7a615f8bd080b9a2855dbdf5c6f
hy_vla,arm_select,7,500014,left,failure,0,400,400,action_limit,Retrieve the block with the left arm.,new,hy_vla/arm_select/arm_select_ep500014_result.json,e7491c54317d3aa7e1ca4cf246ac7370ba0ff2101ba619a7d1af1b1744cb57e7
hy_vla,arm_select,7,500015,right,success,1,32,400,task_success,Retrieve the block with the right arm.,new,hy_vla/arm_select/arm_select_ep500015_result.json,0de7dbd2298904586c40dddb67322d322cedf2f35ca51f0e8a66d3bf4bdc0281
hy_vla,arm_select,8,500016,left,success,1,31,400,task_success,Employ the left arm to lift the block.,new,hy_vla/arm_select/arm_select_ep500016_result.json,91819d5aa324b98ae56c6d959bc59308a2ab8b4e2465f9ace0152aac9b5d7054
hy_vla,arm_select,8,500017,right,failure,0,400,400,action_limit,Employ the right arm to lift the block.,new,hy_vla/arm_select/arm_select_ep500017_result.json,ca81cf95bbc4c44fd321fad0e8fe75b95fbb80becda07af6f06e2bf1734245ca
hy_vla,arm_select,9,500018,left,failure,0,400,400,action_limit,Pick up the block carefully with the left arm.,new,hy_vla/arm_select/arm_select_ep500018_result.json,549c6c0c6fbafade61bdaacfe0a0370e228144830cd8faeda75b3ae488ff3f4c
hy_vla,arm_select,9,500019,right,success,1,33,400,task_success,Pick up the block carefully with the right arm.,new,hy_vla/arm_select/arm_select_ep500019_result.json,d712e88f2d363aa7795837d5e3e042d699708550d1e5a36fe62b48353b33ae0b
hy_vla,arm_select,10,500020,left,failure,0,400,400,action_limit,Employ the left arm to lift the block.,new,hy_vla/arm_select/arm_select_ep500020_result.json,fa8283447f20cfc2c6cf52c4ae9e73e13f4d9e578cb985805f85d8bf52376a57
hy_vla,arm_select,10,500021,right,success,1,32,400,task_success,Employ the right arm to lift the block.,new,hy_vla/arm_select/arm_select_ep500021_result.json,dceffb6e4a2362aa9353f9d49cfb94e9ebb053ed15b05972b6a77ff624586105
hy_vla,arm_select,11,500022,left,success,1,31,400,task_success,Have the left arm take the block.,new,hy_vla/arm_select/arm_select_ep500022_result.json,5f8e8d055bc1b8d81293bbc32c006bb3187b7bef46f9fb7deecb55b6eff396f6
hy_vla,arm_select,11,500023,right,failure,0,400,400,action_limit,Have the right arm take the block.,new,hy_vla/arm_select/arm_select_ep500023_result.json,8d7b04999c4aadeba61f5f42a240abf4c531777fd94a67f65dc4df47b6fd0367
hy_vla,arm_select,12,500024,left,failure,0,400,400,action_limit,Employ the left arm to lift the block.,new,hy_vla/arm_select/arm_select_ep500024_result.json,3026d3b77dc7ce97db54e00d84748e26b17b4cdf46255f24854328e2097b1727
hy_vla,arm_select,12,500025,right,failure,0,400,400,action_limit,Employ the right arm to lift the block.,new,hy_vla/arm_select/arm_select_ep500025_result.json,46507832b80b34cd9d923b6eea720ebccdba8253b2fe1c0af5a2c99b71017b34
hy_vla,arm_select,13,500026,left,failure,0,400,400,action_limit,Use the left arm to retrieve the block.,new,hy_vla/arm_select/arm_select_ep500026_result.json,e8efd24ffd21137adbce96e9f4c2ba2562ca44b89e90a18a66bd1fad84c5573a
hy_vla,arm_select,13,500027,right,success,1,32,400,task_success,Use the right arm to retrieve the block.,new,hy_vla/arm_select/arm_select_ep500027_result.json,c42437b5b6acd5e3dd560a5de99f1320f1cbe1dd7cdf7b3676a20f3aff149508
hy_vla,arm_select,14,500028,left,success,1,31,400,task_success,Pick up the block carefully with the left arm.,new,hy_vla/arm_select/arm_select_ep500028_result.json,27702c65826e46940ec6ad328d124a62a46e77b2f8320c0713c33dc028b88eb1
hy_vla,arm_select,14,500029,right,failure,0,400,400,action_limit,Pick up the block carefully with the right arm.,new,hy_vla/arm_select/arm_select_ep500029_result.json,b95d0e9a6e68cb696c400403f146d03bcf5ea6109dfbdce1b602d9ae76d239ec
hy_vla,arm_select,15,500030,left,failure,0,400,400,action_limit,Collect the block using the left arm.,new,hy_vla/arm_select/arm_select_ep500030_result.json,5247d33e8e8d6de3762ec87950b39d8f42b59db1e340ca9b7cdd8c635bbb3836
hy_vla,arm_select,15,500031,right,success,1,32,400,task_success,Collect the block using the right arm.,new,hy_vla/arm_select/arm_select_ep500031_result.json,338d4205f47a5e36ad18826f712e38667327a14f5dd8ddd2be31bb0517215bf6
hy_vla,arm_select,16,500032,left,failure,0,400,400,action_limit,Let the left arm grab the block.,new,hy_vla/arm_select/arm_select_ep500032_result.json,a3afc61e5b798dafbd8c448406af3eb392222a61ecaae4b07356114bd10891b3
hy_vla,arm_select,16,500033,right,success,1,32,400,task_success,Let the right arm grab the block.,new,hy_vla/arm_select/arm_select_ep500033_result.json,7abb250e31aea411a4702c12392e20c9d2b2d1fac9236df2a40af12085671bc2
hy_vla,arm_select,17,500034,left,success,1,31,400,task_success,Use the left arm to hold the block.,new,hy_vla/arm_select/arm_select_ep500034_result.json,9a79c5ec15f08367a6e6ba69ce9efdb7b2c4487b3ce6b66fb1ed0e3cd93cbd35
hy_vla,arm_select,17,500035,right,failure,0,400,400,action_limit,Use the right arm to hold the block.,new,hy_vla/arm_select/arm_select_ep500035_result.json,e90220da90b8b57583a44081a7c17d4b0fb4a75d38d45a8f9f9b1db0c9168a17
hy_vla,arm_select,18,500036,left,failure,0,400,400,action_limit,Have the left arm take the block.,new,hy_vla/arm_select/arm_select_ep500036_result.json,6b93a444c2a9fc026c13bb4f01bb2476d30ba1d69485a082b4b85a59545c2623
hy_vla,arm_select,18,500037,right,success,1,32,400,task_success,Have the right arm take the block.,new,hy_vla/arm_select/arm_select_ep500037_result.json,4c81f8d6c303e06bf12099844c58c4b301303aac4de93b81f6f73561487beb7a
hy_vla,arm_select,19,500038,left,failure,0,400,400,action_limit,"With the left arm, grab the block.",new,hy_vla/arm_select/arm_select_ep500038_result.json,dc0b0cb02e11cab8501a48bd6172b1e8e3ca366e6a1de1748589c76bc8d90664
hy_vla,arm_select,19,500039,right,success,1,32,400,task_success,"With the right arm, grab the block.",new,hy_vla/arm_select/arm_select_ep500039_result.json,80de6c1c4471ac2ecc585e5ccb0f536c22b27b3f9b92d3cec072e49c97605d84
hy_vla,stack_sequence,0,100008,red>green>blue,success,1,161,1200,task_success,"Put red block down, green block on red block, blue block on green block.",reused,hy_vla/stack_sequence/stack_sequence_ep100008_result.json,39181649c4a0feca58c021bb8e83fd3950a80c2ad4343959ffbb44e0de80e92e
hy_vla,stack_sequence,0,100009,red>blue>green,failure,0,1200,1200,action_limit,Stack green block over blue block and blue block over red block.,reused,hy_vla/stack_sequence/stack_sequence_ep100009_result.json,6c567ec01ae1da3423e3a956584c0715c8c56aa033d4c6757b96219dc7dc99c4
hy_vla,stack_sequence,0,100010,green>red>blue,failure,0,1200,1200,action_limit,"From the bottom up: green block, then red block, then blue block.",reused,hy_vla/stack_sequence/stack_sequence_ep100010_result.json,910784fd1483c65211b2b0a8901cdf78f2c9651ce3ff1eb024fd7754aecda9d6
hy_vla,stack_sequence,0,100011,green>blue>red,failure,0,1200,1200,action_limit,"Bottom to top, the order is green block, blue block, red block.",reused,hy_vla/stack_sequence/stack_sequence_ep100011_result.json,76407ab175237df04b5bf0e0bae06093000dd346ef42f280f339eb858eae2bef
hy_vla,stack_sequence,0,100012,blue>red>green,failure,0,1200,1200,action_limit,"Place blue block at the base, add red block, and top it with green block.",reused,hy_vla/stack_sequence/stack_sequence_ep100012_result.json,fca774520635ce995accbd2650a6ce01c61b72de5c5606b0194c96ce8e779e13
hy_vla,stack_sequence,0,100013,blue>green>red,failure,0,1200,1200,action_limit,"First set blue block, then green block, then red block at the very top.",reused,hy_vla/stack_sequence/stack_sequence_ep100013_result.json,e6bf67c1f8662af4775fab8116c6020570f0de64d0d3a343902b03813584906b
hy_vla,stack_sequence,1,100014,red>green>blue,failure,0,1200,1200,action_limit,"First set red block, then green block, then blue block at the very top.",reused,hy_vla/stack_sequence/stack_sequence_ep100014_result.json,f044e5f77673cebd1d6f819ce3d9ec48167789e01b09b97660de10bdb7bb2079
hy_vla,stack_sequence,1,100015,red>blue>green,failure,0,1200,1200,action_limit,"From the bottom up: red block, then blue block, then green block.",reused,hy_vla/stack_sequence/stack_sequence_ep100015_result.json,3576e2f861ee1a8bcc095ba7e984077f36f3328ea74793307a1a34fbe2d9efa8
hy_vla,stack_sequence,1,100016,green>red>blue,failure,0,1200,1200,action_limit,"Build a column: green block lowest, then red block, then blue block on top.",reused,hy_vla/stack_sequence/stack_sequence_ep100016_result.json,634c6191da7e8d9cb2341e99e2cd1ab279c8d9503cad7d64ae3c37dfb532e228
hy_vla,stack_sequence,1,100017,green>blue>red,failure,0,1200,1200,action_limit,"Put green block down, blue block on green block, red block on blue block.",reused,hy_vla/stack_sequence/stack_sequence_ep100017_result.json,0484e5c49d6a1eb0f6e07658c2d4475d447af4f4c43a4404842da3a9eb91313f
hy_vla,stack_sequence,1,100018,blue>red>green,failure,0,1200,1200,action_limit,"From the bottom up: blue block, then red block, then green block.",reused,hy_vla/stack_sequence/stack_sequence_ep100018_result.json,04324ab6f008c5f17651cc771add06e4e733678f314d45bcc1abb720236f95a5
hy_vla,stack_sequence,1,100019,blue>green>red,failure,0,1200,1200,action_limit,"Rest green block on blue block, then rest red block on green block.",reused,hy_vla/stack_sequence/stack_sequence_ep100019_result.json,bce986c268ec108fd0ed4f250141080d164a92451bf74fae65f359b3143ac0a2
hy_vla,stack_sequence,2,100020,red>green>blue,failure,0,1200,1200,action_limit,"Lay red block first, green block second, blue block third, each on the last.",reused,hy_vla/stack_sequence/stack_sequence_ep100020_result.json,7f8ec62ab2cbdcc5b07703a906afdb00464795815ce0723570d7784f046cc32f
hy_vla,stack_sequence,2,100021,red>blue>green,failure,0,1200,1200,action_limit,"Order the tower red block, blue block, green block from bottom to top.",reused,hy_vla/stack_sequence/stack_sequence_ep100021_result.json,07c45e8fe949873319713523cf73f13dc7cadd90f52cd963e2f43c6fbbabd7f0
hy_vla,stack_sequence,2,100022,green>red>blue,failure,0,1200,1200,action_limit,"Put green block down, red block on green block, blue block on red block.",reused,hy_vla/stack_sequence/stack_sequence_ep100022_result.json,60e5e16f0cb47261189e17628562790eae8ace38c2025d7ec72af0f3524593d2
hy_vla,stack_sequence,2,100023,green>blue>red,failure,0,1200,1200,action_limit,"Place green block at the base, add blue block, and top it with red block.",reused,hy_vla/stack_sequence/stack_sequence_ep100023_result.json,6bec764fc3023fcf0dec90b994d666b02251e5f88a4259ab2f6049611a2e7691
hy_vla,stack_sequence,2,100024,blue>red>green,failure,0,1200,1200,action_limit,"Place blue block at the base, add red block, and top it with green block.",reused,hy_vla/stack_sequence/stack_sequence_ep100024_result.json,7d4eb20656d35111c509656e92ba1c9bfd5b8046e7b3ac4dbbe2def20a039838
hy_vla,stack_sequence,2,100025,blue>green>red,failure,0,1200,1200,action_limit,"First set blue block, then green block, then red block at the very top.",reused,hy_vla/stack_sequence/stack_sequence_ep100025_result.json,b0878b73c683120d27693c1bd5f4ee05000554abca4ea6f6d3b74497e5d37265
hy_vla,stack_sequence,3,100026,red>green>blue,success,1,167,1200,task_success,"From the bottom up: red block, then green block, then blue block.",reused,hy_vla/stack_sequence/stack_sequence_ep100026_result.json,d56496f13351663db0a3eeb8e32a7713ece59b7063373ac8ca85da3bbbdb90ff
hy_vla,stack_sequence,3,100027,red>blue>green,failure,0,1200,1200,action_limit,"Put red block down, blue block on red block, green block on blue block.",reused,hy_vla/stack_sequence/stack_sequence_ep100027_result.json,2fde00dfe597edde61c1052edcab108cd7da3fdee6f8fa4d88b573546c016635
hy_vla,stack_sequence,3,100028,green>red>blue,failure,0,1200,1200,action_limit,"Bottom to top, the order is green block, red block, blue block.",reused,hy_vla/stack_sequence/stack_sequence_ep100028_result.json,3a90b4b0fcc56eca5b1d0b89dfe34586f2650f7c1144c52c06d997f5d4a4351f
hy_vla,stack_sequence,3,100029,green>blue>red,failure,0,1200,1200,action_limit,"Lay green block first, blue block second, red block third, each on the last.",reused,hy_vla/stack_sequence/stack_sequence_ep100029_result.json,2ab6d42142b5af8a87615588e5d086e3c474bb5f6134a7ed18b76ecfcdc91cd3
hy_vla,stack_sequence,3,100030,blue>red>green,failure,0,1200,1200,action_limit,"Put blue block down, red block on blue block, green block on red block.",reused,hy_vla/stack_sequence/stack_sequence_ep100030_result.json,b6b26fbdcaa528a911e1f13f1debfa49a50e604826bbe66d5068dee8d1fd0c62
hy_vla,stack_sequence,3,100031,blue>green>red,failure,0,1200,1200,action_limit,Stack red block over green block and green block over blue block.,reused,hy_vla/stack_sequence/stack_sequence_ep100031_result.json,6a424fd26d01ea65b020c4fce456b4a7bd18ce83066269bec55666579ee4696d
hy_vla,stack_sequence,4,100032,red>green>blue,success,1,173,1200,task_success,"From the bottom up: red block, then green block, then blue block.",reused,hy_vla/stack_sequence/stack_sequence_ep100032_result.json,17e470b7d21f6e7eabb4a58960264f413da17e77dc38e7b6b7f815b6632736c6
hy_vla,stack_sequence,4,100033,red>blue>green,failure,0,1200,1200,action_limit,"Order the tower red block, blue block, green block from bottom to top.",reused,hy_vla/stack_sequence/stack_sequence_ep100033_result.json,50d98e151e84c6fbf87c921c66cd953b54531ba5c4dd088ec66ef38ec6ae4fad
hy_vla,stack_sequence,4,100034,green>red>blue,failure,0,1200,1200,action_limit,"Rest red block on green block, then rest blue block on red block.",reused,hy_vla/stack_sequence/stack_sequence_ep100034_result.json,493de71c4208ba309013352e1ac319ffb933bf7d0b04853cbc2676615afa76cd
hy_vla,stack_sequence,4,100035,green>blue>red,failure,0,1200,1200,action_limit,"Build a column: green block lowest, then blue block, then red block on top.",reused,hy_vla/stack_sequence/stack_sequence_ep100035_result.json,3811a3ecdef4b73c32f5997a2cbda4e8847b398f5bc5646de68f17b57b49bb4d
hy_vla,stack_sequence,4,100036,blue>red>green,failure,0,1200,1200,action_limit,"Lay blue block first, red block second, green block third, each on the last.",reused,hy_vla/stack_sequence/stack_sequence_ep100036_result.json,f651dc0ea608501da85df9feefc8705efd4ed5dd4482ff27d1eca9d06d390e8d
hy_vla,stack_sequence,4,100037,blue>green>red,failure,0,1200,1200,action_limit,"Bottom to top, the order is blue block, green block, red block.",reused,hy_vla/stack_sequence/stack_sequence_ep100037_result.json,fd6cc7660664099326d3f2c4dcdb0daefae6ff13f869fdc6af81f3667692ae98
hy_vla,stack_sequence,5,100038,red>green>blue,success,1,172,1200,task_success,Stack blue block over green block and green block over red block.,reused,hy_vla/stack_sequence/stack_sequence_ep100038_result.json,c1148cebc5d6133c61cacb187d630bfc65143bb60411b5cfcb3862ddba5351ee
hy_vla,stack_sequence,5,100039,red>blue>green,failure,0,1200,1200,action_limit,"Build a column: red block lowest, then blue block, then green block on top.",reused,hy_vla/stack_sequence/stack_sequence_ep100039_result.json,e69820816eef5ad37dfc13ee49ab77ed3ba46f1e80472959e8475ad050a7d0bb
hy_vla,stack_sequence,5,100040,green>red>blue,failure,0,1200,1200,action_limit,"Bottom to top, the order is green block, red block, blue block.",reused,hy_vla/stack_sequence/stack_sequence_ep100040_result.json,c6d11a097985ea3871b1e5c0949c460886bba44489c11fc026f74cfc028d83d7
hy_vla,stack_sequence,5,100041,green>blue>red,failure,0,1200,1200,action_limit,"Order the tower green block, blue block, red block from bottom to top.",reused,hy_vla/stack_sequence/stack_sequence_ep100041_result.json,55ce917b74d2d081a429356d98b3b6475967b74f4f7b8477bb119d2788978997
hy_vla,stack_sequence,5,100042,blue>red>green,failure,0,1200,1200,action_limit,Stack green block over red block and red block over blue block.,reused,hy_vla/stack_sequence/stack_sequence_ep100042_result.json,fba7aa2e7ae45aa3d4754d70fd8a7d383db09ecd49b1dcb1405d53a2078b2bae
hy_vla,stack_sequence,5,100043,blue>green>red,failure,0,1200,1200,action_limit,"Place blue block at the base, add green block, and top it with red block.",reused,hy_vla/stack_sequence/stack_sequence_ep100043_result.json,0ce8b3efd68e20d316716a406a6d94dc5fc92d6e55fdea7554d069a688b8e8b9
hy_vla,stack_sequence,6,100050,red>green>blue,success,1,170,1200,task_success,"Put red block down, green block on red block, blue block on green block.",reused,hy_vla/stack_sequence/stack_sequence_ep100050_result.json,986f84c4f830d2702221946f56462b166365ff3c75819d07101b69ce8d61b3b2
hy_vla,stack_sequence,6,100051,red>blue>green,failure,0,1200,1200,action_limit,"Rest blue block on red block, then rest green block on blue block.",reused,hy_vla/stack_sequence/stack_sequence_ep100051_result.json,65c7245829f110d3eb6e37b2d0b607e0ed1c237f76295c6c1e7ece195afea9f1
hy_vla,stack_sequence,6,100052,green>red>blue,failure,0,1200,1200,action_limit,"Bottom to top, the order is green block, red block, blue block.",reused,hy_vla/stack_sequence/stack_sequence_ep100052_result.json,65b8c7fce3d4162af9e3bce4163665a214a1de4e7f4032fbf722dd85d191b9d5
hy_vla,stack_sequence,6,100053,green>blue>red,failure,0,1200,1200,action_limit,"Bottom to top, the order is green block, blue block, red block.",reused,hy_vla/stack_sequence/stack_sequence_ep100053_result.json,fee519adc828233fd1fd21977c1e3b356f6ce3667b94fa0e5aa6bf2f6a88ec0f
hy_vla,stack_sequence,6,100054,blue>red>green,failure,0,1200,1200,action_limit,"First set blue block, then red block, then green block at the very top.",reused,hy_vla/stack_sequence/stack_sequence_ep100054_result.json,5a621b589f4d97a9f39256faca297fbbd9c5caedd05741df0ce118a72404eabb
hy_vla,stack_sequence,6,100055,blue>green>red,failure,0,1200,1200,action_limit,"Put blue block down, green block on blue block, red block on green block.",reused,hy_vla/stack_sequence/stack_sequence_ep100055_result.json,2cde4c1ac9958885621ee8bfcc408843b2291c00582ede56d8337aa33abdf374
hy_vla,stack_sequence,7,100062,red>green>blue,success,1,172,1200,task_success,"Put red block down, green block on red block, blue block on green block.",reused,hy_vla/stack_sequence/stack_sequence_ep100062_result.json,2684186901f2b64516c5b1cbf3a3f8b3c5d7e1f0842ec4bef84ecf68c36b0649
hy_vla,stack_sequence,7,100063,red>blue>green,failure,0,1200,1200,action_limit,"Order the tower red block, blue block, green block from bottom to top.",reused,hy_vla/stack_sequence/stack_sequence_ep100063_result.json,502733c07709017089104e896aaa3e1d383b6cb7f511c8899d33bfd7691dfc1a
hy_vla,stack_sequence,7,100064,green>red>blue,failure,0,1200,1200,action_limit,"Rest red block on green block, then rest blue block on red block.",reused,hy_vla/stack_sequence/stack_sequence_ep100064_result.json,0e0b21ee4545f637476105ccd77697abefb2f7df78b2fcdd90b1e2e189c2ea32
hy_vla,stack_sequence,7,100065,green>blue>red,failure,0,1200,1200,action_limit,"Build a column: green block lowest, then blue block, then red block on top.",reused,hy_vla/stack_sequence/stack_sequence_ep100065_result.json,68fd3d39629e96800020bab416eaa22b4fa88923fd06003941e72ed13bbf69cc
hy_vla,stack_sequence,7,100066,blue>red>green,failure,0,1200,1200,action_limit,"Put blue block down, red block on blue block, green block on red block.",reused,hy_vla/stack_sequence/stack_sequence_ep100066_result.json,228856f5cfad8f0afa83a6480e79cf1f3da1f1df7450d6f41bcb9b2eed365366
hy_vla,stack_sequence,7,100067,blue>green>red,failure,0,1200,1200,action_limit,"Order the tower blue block, green block, red block from bottom to top.",reused,hy_vla/stack_sequence/stack_sequence_ep100067_result.json,42f842ae93a6010d1a0664a8116a155ddf2ea34ea8c3595eeb465abb9eec046c
hy_vla,stack_sequence,8,100068,red>green>blue,success,1,166,1200,task_success,"From the bottom up: red block, then green block, then blue block.",reused,hy_vla/stack_sequence/stack_sequence_ep100068_result.json,78d1213596458fe609ff4be0e57d27cee5dc41480e25eae9f64fc0083c270cc7
hy_vla,stack_sequence,8,100069,red>blue>green,failure,0,1200,1200,action_limit,"Build a column: red block lowest, then blue block, then green block on top.",reused,hy_vla/stack_sequence/stack_sequence_ep100069_result.json,8a3465d93d961d16940fc84b447126ffe71dc0fcbc6b8e3fede822b94ba3a45e
hy_vla,stack_sequence,8,100070,green>red>blue,failure,0,1200,1200,action_limit,"Lay green block first, red block second, blue block third, each on the last.",reused,hy_vla/stack_sequence/stack_sequence_ep100070_result.json,04d62ac757b0614131e047099fab3b9d87484989b13d7206d6a53353242fcd5f
hy_vla,stack_sequence,8,100071,green>blue>red,failure,0,1200,1200,action_limit,"Rest blue block on green block, then rest red block on blue block.",reused,hy_vla/stack_sequence/stack_sequence_ep100071_result.json,f7eed128eef931509944a3236245c7055f35da643f2d62aa5b189c336f26a9bf
hy_vla,stack_sequence,8,100072,blue>red>green,failure,0,1200,1200,action_limit,"Lay blue block first, red block second, green block third, each on the last.",reused,hy_vla/stack_sequence/stack_sequence_ep100072_result.json,c7a8a7ae66881c2ab3941c686b68b4a4b75ccafd3fe5943c51ce09eb16d57f3c
hy_vla,stack_sequence,8,100073,blue>green>red,failure,0,1200,1200,action_limit,"First set blue block, then green block, then red block at the very top.",reused,hy_vla/stack_sequence/stack_sequence_ep100073_result.json,55f00df37314bc0664edf113b466c43ca08b448d9bbbe9eb6f3a528e9254abe4
hy_vla,stack_sequence,9,100080,red>green>blue,failure,0,1200,1200,action_limit,"Build a column: red block lowest, then green block, then blue block on top.",reused,hy_vla/stack_sequence/stack_sequence_ep100080_result.json,174af3cadd6026164a0b72422176a8e5046b3afedc88ba2d33c2ef0e6be1f1c3
hy_vla,stack_sequence,9,100081,red>blue>green,failure,0,1200,1200,action_limit,Stack green block over blue block and blue block over red block.,reused,hy_vla/stack_sequence/stack_sequence_ep100081_result.json,66e0c4e814e223e46fc6f917ad0b1ca57fbc5a9de6e8f2c3ca84d4b0f9aef375
hy_vla,stack_sequence,9,100082,green>red>blue,failure,0,1200,1200,action_limit,Stack blue block over red block and red block over green block.,reused,hy_vla/stack_sequence/stack_sequence_ep100082_result.json,427de0c7192a5705d8d3210d807bfa09010c10757dc2ebee3ab962b1c0fbc9ef
hy_vla,stack_sequence,9,100083,green>blue>red,failure,0,1200,1200,action_limit,"Lay green block first, blue block second, red block third, each on the last.",reused,hy_vla/stack_sequence/stack_sequence_ep100083_result.json,29f03e931136edde8b1e3b1929050e7895fbc7af9f0620a92635fb23b6e73dde
hy_vla,stack_sequence,9,100084,blue>red>green,failure,0,1200,1200,action_limit,"Rest red block on blue block, then rest green block on red block.",reused,hy_vla/stack_sequence/stack_sequence_ep100084_result.json,2535c0759267b9d3c037350a200db42de0722597164ab9137455e51e6dc69f3e
hy_vla,stack_sequence,9,100085,blue>green>red,failure,0,1200,1200,action_limit,"Place blue block at the base, add green block, and top it with red block.",reused,hy_vla/stack_sequence/stack_sequence_ep100085_result.json,3eec67b6aed004272f86a96233819a0ecccfae31b6b2365ab8805d3d11459a18
hy_vla,stack_sequence,10,100092,red>green>blue,failure,0,1200,1200,action_limit,"Rest green block on red block, then rest blue block on green block.",reused,hy_vla/stack_sequence/stack_sequence_ep100092_result.json,66fe8ca89bdb62426d098050f8dcc77bf23e21c813e6b74e119c83bcbaa93a42
hy_vla,stack_sequence,10,100093,red>blue>green,failure,0,1200,1200,action_limit,"Rest blue block on red block, then rest green block on blue block.",reused,hy_vla/stack_sequence/stack_sequence_ep100093_result.json,40c0e391961e4d051ef1ea2f0a24a4ab848a844174b3eb3268aa1fc3a00d70be
hy_vla,stack_sequence,10,100094,green>red>blue,failure,0,1200,1200,action_limit,"Rest red block on green block, then rest blue block on red block.",reused,hy_vla/stack_sequence/stack_sequence_ep100094_result.json,ea617514b2bb2c4190f1bdacc465abbff44b84a2557b906983c9005b72afe4e6
hy_vla,stack_sequence,10,100095,green>blue>red,failure,0,1200,1200,action_limit,"Rest blue block on green block, then rest red block on blue block.",reused,hy_vla/stack_sequence/stack_sequence_ep100095_result.json,289be5e34bb4daa7d1b1018d4b17a5a7e176a28e1d68559c3098bab6c843be5b
hy_vla,stack_sequence,10,100096,blue>red>green,failure,0,1200,1200,action_limit,"Lay blue block first, red block second, green block third, each on the last.",reused,hy_vla/stack_sequence/stack_sequence_ep100096_result.json,4461c459cc3f196f11c9be6ce3f019f7eddfe8dae301c96a22fdcecb78443fe7
hy_vla,stack_sequence,10,100097,blue>green>red,failure,0,1200,1200,action_limit,"Rest green block on blue block, then rest red block on green block.",reused,hy_vla/stack_sequence/stack_sequence_ep100097_result.json,b66919d5a662703abe887fa4b2c4301d84cf89b85900a25c58f9ef1d8cee951e
hy_vla,stack_sequence,11,100098,red>green>blue,success,1,165,1200,task_success,"Rest green block on red block, then rest blue block on green block.",reused,hy_vla/stack_sequence/stack_sequence_ep100098_result.json,107d45515e726575a693ce421a28318392536d687c0f59e34e7798864f0ddbde
hy_vla,stack_sequence,11,100099,red>blue>green,failure,0,1200,1200,action_limit,"Order the tower red block, blue block, green block from bottom to top.",reused,hy_vla/stack_sequence/stack_sequence_ep100099_result.json,a73dbfceaabcb7b953404f55c94642b4dfb893e5d0aa4033e0a42af315d309b4
hy_vla,stack_sequence,11,100100,green>red>blue,failure,0,1200,1200,action_limit,"Put green block down, red block on green block, blue block on red block.",reused,hy_vla/stack_sequence/stack_sequence_ep100100_result.json,f9eb8b7d104b4db33ff1a3738facf6c129ea170153c169d732d78346daaf39c7
hy_vla,stack_sequence,11,100101,green>blue>red,failure,0,1200,1200,action_limit,"Lay green block first, blue block second, red block third, each on the last.",reused,hy_vla/stack_sequence/stack_sequence_ep100101_result.json,e678336ccee9c127ee97afc7f8e13eec67e6b50715d591b96d5846a1e4166e9a
hy_vla,stack_sequence,11,100102,blue>red>green,failure,0,1200,1200,action_limit,"Rest red block on blue block, then rest green block on red block.",reused,hy_vla/stack_sequence/stack_sequence_ep100102_result.json,85939c88409dc3012da95c77ec827d86397c155eb790b6716f4474880db55aec
hy_vla,stack_sequence,11,100103,blue>green>red,failure,0,1200,1200,action_limit,Stack red block over green block and green block over blue block.,reused,hy_vla/stack_sequence/stack_sequence_ep100103_result.json,ec38f7ef320f0e7fa1caef62cc2f3476e0fe49dd9f5ab05fe188c2ef22651eca
hy_vla,stack_sequence,12,100104,red>green>blue,success,1,168,1200,task_success,"Bottom to top, the order is red block, green block, blue block.",reused,hy_vla/stack_sequence/stack_sequence_ep100104_result.json,7e437a82815f11c8e360a525bdd283ff3e7c3de409d30d477504252e0dd465d8
hy_vla,stack_sequence,12,100105,red>blue>green,failure,0,1200,1200,action_limit,"Rest blue block on red block, then rest green block on blue block.",reused,hy_vla/stack_sequence/stack_sequence_ep100105_result.json,07cfe5d97f873fb71f62e0620ca0f47d2bf0f45d2b1d62fdc3694c205c6a1568
hy_vla,stack_sequence,12,100106,green>red>blue,failure,0,1200,1200,action_limit,"From the bottom up: green block, then red block, then blue block.",reused,hy_vla/stack_sequence/stack_sequence_ep100106_result.json,d252fda7e29ee911c98b3834d94b50cbba5d07d8a50dc15d089812f11927f2b4
hy_vla,stack_sequence,12,100107,green>blue>red,failure,0,1200,1200,action_limit,"First set green block, then blue block, then red block at the very top.",reused,hy_vla/stack_sequence/stack_sequence_ep100107_result.json,8b80c211e8815b235099c6aaf2ccbcb9eb83998f6169b05d64f2f51cfa563ec1
hy_vla,stack_sequence,12,100108,blue>red>green,failure,0,1200,1200,action_limit,"Put blue block down, red block on blue block, green block on red block.",reused,hy_vla/stack_sequence/stack_sequence_ep100108_result.json,2a2b5a757b0ff23c80bfcc254846f7c0ec459758b924a91760a2dc48657e1ae1
hy_vla,stack_sequence,12,100109,blue>green>red,failure,0,1200,1200,action_limit,"Build a column: blue block lowest, then green block, then red block on top.",reused,hy_vla/stack_sequence/stack_sequence_ep100109_result.json,ee87376b28e9c3163af03176a764d1886a6e485c6056495ab70833097b1bffe1
hy_vla,stack_sequence,13,100110,red>green>blue,failure,0,1200,1200,action_limit,"Place red block at the base, add green block, and top it with blue block.",reused,hy_vla/stack_sequence/stack_sequence_ep100110_result.json,1fac51c9676d7e941932436a1fbaa5fe8b68bfba521dbe01612587c9a629d686
hy_vla,stack_sequence,13,100111,red>blue>green,failure,0,1200,1200,action_limit,Stack green block over blue block and blue block over red block.,reused,hy_vla/stack_sequence/stack_sequence_ep100111_result.json,3a45a6541adbef8d12baedfe5e4516f4037f7f588c761c006c414df84750d183
hy_vla,stack_sequence,13,100112,green>red>blue,failure,0,1200,1200,action_limit,"Put green block down, red block on green block, blue block on red block.",reused,hy_vla/stack_sequence/stack_sequence_ep100112_result.json,6eae465a826be40acb533be13864b5e1cdd50a4bf53101f096ac4a68941d169e
hy_vla,stack_sequence,13,100113,green>blue>red,failure,0,1200,1200,action_limit,"Lay green block first, blue block second, red block third, each on the last.",reused,hy_vla/stack_sequence/stack_sequence_ep100113_result.json,53399c744c5555dd6efcbe1f536d00ecb19039392b76c7a323902c7043076e74
hy_vla,stack_sequence,13,100114,blue>red>green,failure,0,1200,1200,action_limit,"Place blue block at the base, add red block, and top it with green block.",reused,hy_vla/stack_sequence/stack_sequence_ep100114_result.json,b01e52bc59c1f285ed561773ce119372a068c9a8d478a1c8ced409b1d884f78b
hy_vla,stack_sequence,13,100115,blue>green>red,failure,0,1200,1200,action_limit,"First set blue block, then green block, then red block at the very top.",reused,hy_vla/stack_sequence/stack_sequence_ep100115_result.json,999ef3912b17035f315b4522986b3d788991a5157260bed06644ca0f7b18d062
hy_vla,stack_sequence,14,100116,red>green>blue,success,1,172,1200,task_success,"Place red block at the base, add green block, and top it with blue block.",reused,hy_vla/stack_sequence/stack_sequence_ep100116_result.json,757433b20d4b4214e0586e1f96efc2c2882e688f631b942180987d0fd3f871de
hy_vla,stack_sequence,14,100117,red>blue>green,failure,0,1200,1200,action_limit,"Build a column: red block lowest, then blue block, then green block on top.",reused,hy_vla/stack_sequence/stack_sequence_ep100117_result.json,17709ffaecc7c3633586dee36b0fb9f8c09fddb67760d2f52ec18db8ecee7b35
hy_vla,stack_sequence,14,100118,green>red>blue,failure,0,1200,1200,action_limit,"Build a column: green block lowest, then red block, then blue block on top.",reused,hy_vla/stack_sequence/stack_sequence_ep100118_result.json,a008bcb4b2f76c13f74ac2d10bbab8c15c0f98302f9d2d603659168ddf81072d
hy_vla,stack_sequence,14,100119,green>blue>red,failure,0,1200,1200,action_limit,Stack red block over blue block and blue block over green block.,reused,hy_vla/stack_sequence/stack_sequence_ep100119_result.json,5e35271e702e8d8b69049f6e97a69f3a3bcf6350c4e87531ce1de9c41ccb3bda
hy_vla,stack_sequence,14,100120,blue>red>green,failure,0,1200,1200,action_limit,"Order the tower blue block, red block, green block from bottom to top.",reused,hy_vla/stack_sequence/stack_sequence_ep100120_result.json,f97cfe952fec66496df218849e8bd9842ef9b1b0882775c21254a550748e8cd1
hy_vla,stack_sequence,14,100121,blue>green>red,failure,0,1200,1200,action_limit,"Order the tower blue block, green block, red block from bottom to top.",reused,hy_vla/stack_sequence/stack_sequence_ep100121_result.json,0b2bb66852712867cdf61c9351159c0fad0074a01c3e6369c8f06515c8b29b59
hy_vla,stack_sequence,15,100140,red>green>blue,success,1,178,1200,task_success,"Rest green block on red block, then rest blue block on green block.",reused,hy_vla/stack_sequence/stack_sequence_ep100140_result.json,ff57d94191c46dbc18c2226eb3b007bdb57af1cfaddad371199b6959904cb8a6
hy_vla,stack_sequence,15,100141,red>blue>green,failure,0,1200,1200,action_limit,"Place red block at the base, add blue block, and top it with green block.",reused,hy_vla/stack_sequence/stack_sequence_ep100141_result.json,3e1ee51bab08fa6a86692625ab94feef8210141147d2016350a14458c216e810
hy_vla,stack_sequence,15,100142,green>red>blue,failure,0,1200,1200,action_limit,"Put green block down, red block on green block, blue block on red block.",reused,hy_vla/stack_sequence/stack_sequence_ep100142_result.json,2ecbd20301f086bbf19f43bf19a135b73f569ffe7230717053a28dea8d966968
hy_vla,stack_sequence,15,100143,green>blue>red,failure,0,1200,1200,action_limit,"Bottom to top, the order is green block, blue block, red block.",reused,hy_vla/stack_sequence/stack_sequence_ep100143_result.json,8f9aa95cfdcc37c11a6ef617d9b9812a4910043795b7e1abe0734e2e5b38de7b
hy_vla,stack_sequence,15,100144,blue>red>green,failure,0,1200,1200,action_limit,"First set blue block, then red block, then green block at the very top.",reused,hy_vla/stack_sequence/stack_sequence_ep100144_result.json,5f8f34dc78f2a6f255ffccfe26ce1eed0d4346cd3b475cc46bb10dbd27d2cd3b
hy_vla,stack_sequence,15,100145,blue>green>red,failure,0,1200,1200,action_limit,"Lay blue block first, green block second, red block third, each on the last.",reused,hy_vla/stack_sequence/stack_sequence_ep100145_result.json,f658752f3bdef734e317bd245fc0fee26c4ed8110f149718808df9adecc89a72
hy_vla,stack_sequence,16,100146,red>green>blue,success,1,174,1200,task_success,"From the bottom up: red block, then green block, then blue block.",reused,hy_vla/stack_sequence/stack_sequence_ep100146_result.json,706424fbaa729a2e5c3eedc5e9bd2faa5e136c72fcc29c972d9b62ff77b36979
hy_vla,stack_sequence,16,100147,red>blue>green,failure,0,1200,1200,action_limit,Stack green block over blue block and blue block over red block.,reused,hy_vla/stack_sequence/stack_sequence_ep100147_result.json,f5789f50ccbdc87854d727faef6178d26063185320c4568222ddf48d2a56a1fc
hy_vla,stack_sequence,16,100148,green>red>blue,failure,0,1200,1200,action_limit,"Lay green block first, red block second, blue block third, each on the last.",reused,hy_vla/stack_sequence/stack_sequence_ep100148_result.json,7beead560e7a44e1c9f3d7cc3ea66deb568b1697eca96feee1967fea39e2e804
hy_vla,stack_sequence,16,100149,green>blue>red,failure,0,1200,1200,action_limit,"Build a column: green block lowest, then blue block, then red block on top.",reused,hy_vla/stack_sequence/stack_sequence_ep100149_result.json,7cf98f5460c977daacd6685f0badc60dd7c9d7453f3fba796bf88af367125058
hy_vla,stack_sequence,16,100150,blue>red>green,failure,0,1200,1200,action_limit,"Bottom to top, the order is blue block, red block, green block.",reused,hy_vla/stack_sequence/stack_sequence_ep100150_result.json,1911cc5d772b68b18133c600979133ef1936f142540229fabc6c77d1f32d2d40
hy_vla,stack_sequence,16,100151,blue>green>red,failure,0,1200,1200,action_limit,"Place blue block at the base, add green block, and top it with red block.",reused,hy_vla/stack_sequence/stack_sequence_ep100151_result.json,d16dda636cc7786f9a8b9fa17124eeb8cbffc20cccdfd814f82b601c8c312f5e
hy_vla,stack_sequence,17,100152,red>green>blue,success,1,161,1200,task_success,"Place red block at the base, add green block, and top it with blue block.",reused,hy_vla/stack_sequence/stack_sequence_ep100152_result.json,eb9b2c041ee80006aa1e035cc6f8820a9293fc2921b4860ae6548695e4e3fb95
hy_vla,stack_sequence,17,100153,red>blue>green,failure,0,1200,1200,action_limit,"Lay red block first, blue block second, green block third, each on the last.",reused,hy_vla/stack_sequence/stack_sequence_ep100153_result.json,2c447a23148326f89327e5009b55effa48878859814f8023087c765b7b434d3d
hy_vla,stack_sequence,17,100154,green>red>blue,failure,0,1200,1200,action_limit,Stack blue block over red block and red block over green block.,reused,hy_vla/stack_sequence/stack_sequence_ep100154_result.json,0e11945d8a6e44413cb934be429655037962831409798508b8ecec65b5849d27
hy_vla,stack_sequence,17,100155,green>blue>red,failure,0,1200,1200,action_limit,"From the bottom up: green block, then blue block, then red block.",reused,hy_vla/stack_sequence/stack_sequence_ep100155_result.json,39afe98cebdaf6447e835805f7fb1d3cb477f8fde8856a8adac6179d8a891ea3
hy_vla,stack_sequence,17,100156,blue>red>green,failure,0,1200,1200,action_limit,"From the bottom up: blue block, then red block, then green block.",reused,hy_vla/stack_sequence/stack_sequence_ep100156_result.json,0c22b783c64a12b532b1f330b5d13e33268775fb2fec164291ecff53f01790ad
hy_vla,stack_sequence,17,100157,blue>green>red,failure,0,1200,1200,action_limit,"Build a column: blue block lowest, then green block, then red block on top.",reused,hy_vla/stack_sequence/stack_sequence_ep100157_result.json,d0a052044288bef4a45db9945805ef66554f916285c71aa3f1bab8eddb582816
hy_vla,stack_sequence,18,100158,red>green>blue,success,1,170,1200,task_success,"Bottom to top, the order is red block, green block, blue block.",reused,hy_vla/stack_sequence/stack_sequence_ep100158_result.json,6fd6b44bb8544f2f847b5f487b9bd49752b0ef8b86723d93b2f33e2d87462c4f
hy_vla,stack_sequence,18,100159,red>blue>green,failure,0,1200,1200,action_limit,"Order the tower red block, blue block, green block from bottom to top.",reused,hy_vla/stack_sequence/stack_sequence_ep100159_result.json,9e2492a77da23e56b427ef97cfeb1ae735a6bd3ae7f95251ec3c2f30852e1435
hy_vla,stack_sequence,18,100160,green>red>blue,failure,0,1200,1200,action_limit,"Lay green block first, red block second, blue block third, each on the last.",reused,hy_vla/stack_sequence/stack_sequence_ep100160_result.json,5d4f35fca42526087aad85967d983e6658cfb9e9b20e3dd642a0e9d348715335
hy_vla,stack_sequence,18,100161,green>blue>red,failure,0,1200,1200,action_limit,"From the bottom up: green block, then blue block, then red block.",reused,hy_vla/stack_sequence/stack_sequence_ep100161_result.json,726e1bc68330588c44b73fc58c06baf43c5a4cd78d47948c43a4b9bf72927e11
hy_vla,stack_sequence,18,100162,blue>red>green,failure,0,1200,1200,action_limit,"Put blue block down, red block on blue block, green block on red block.",reused,hy_vla/stack_sequence/stack_sequence_ep100162_result.json,b7479fd4509a36d8e035ed9af9ff177b0937c5f73fbb265c16b1ba499e07685e
hy_vla,stack_sequence,18,100163,blue>green>red,failure,0,1200,1200,action_limit,Stack red block over green block and green block over blue block.,reused,hy_vla/stack_sequence/stack_sequence_ep100163_result.json,3f071ab875e8c6d37e42a4d1a9ca713816a4fa5a237ba55bb6b2a4f685119c12
hy_vla,stack_sequence,19,100170,red>green>blue,success,1,173,1200,task_success,"First set red block, then green block, then blue block at the very top.",reused,hy_vla/stack_sequence/stack_sequence_ep100170_result.json,63ab1c514079b8f9f9a5d6a16d223d592fc2179b545cd1b07d8a90bfbcc6571a
hy_vla,stack_sequence,19,100171,red>blue>green,failure,0,1200,1200,action_limit,"From the bottom up: red block, then blue block, then green block.",reused,hy_vla/stack_sequence/stack_sequence_ep100171_result.json,ebaf42a5bcf6b9d8005b411f51da767f8cf01fd31bd6a95999474952a60fcaa0
hy_vla,stack_sequence,19,100172,green>red>blue,failure,0,1200,1200,action_limit,"From the bottom up: green block, then red block, then blue block.",reused,hy_vla/stack_sequence/stack_sequence_ep100172_result.json,ea0c25475e33c8a4ab1a12d5412943b221ec6556372f104c1a407885bc0cf3bb
hy_vla,stack_sequence,19,100173,green>blue>red,failure,0,1200,1200,action_limit,"Bottom to top, the order is green block, blue block, red block.",reused,hy_vla/stack_sequence/stack_sequence_ep100173_result.json,40523260fc49fe7f0081d0bf09745200868a521c9c167ea73fa5fde34c23df5c
hy_vla,stack_sequence,19,100174,blue>red>green,failure,0,1200,1200,action_limit,"Rest red block on blue block, then rest green block on red block.",reused,hy_vla/stack_sequence/stack_sequence_ep100174_result.json,e208a6fc610298f0ca2d491e2ad758b0fdbbcce636231dce206939c8a06d5653
hy_vla,stack_sequence,19,100175,blue>green>red,failure,0,1200,1200,action_limit,"Put blue block down, green block on blue block, red block on green block.",reused,hy_vla/stack_sequence/stack_sequence_ep100175_result.json,82752b33e1cf240796f51246ff51e7eb13d75f809a9c0fa744e19ee77ffcfc63
hy_vla,place_relative,0,100005,left,failure,0,400,400,action_limit,Grab the black remotecontrol and set it to the left of the red tea-box,reused,hy_vla/place_relative/place_relative_ep100005_result.json,b21de63f868ef10ec3e09193e473d536780eab7a4eb36b5bde6b0b918ad25a66
hy_vla,place_relative,0,100006,right,success,1,157,400,task_success,Grab the black remotecontrol and set it to the right of the red tea-box,reused,hy_vla/place_relative/place_relative_ep100006_result.json,cdf1ee4ba29437b8be4b5f09598445aa2d534098059a79c461ec2bd2af70fb82
hy_vla,place_relative,0,100009,on_top,failure,0,400,400,action_limit,Grab the black remotecontrol and set it on top of the red tea-box,reused,hy_vla/place_relative/place_relative_ep100009_result.json,e886c60ce3cf0249d87597d5cc0ff0315ccd2401028e5c546f0e11a1f1a1a491
hy_vla,place_relative,1,100010,left,failure,0,400,400,action_limit,Pick up the red can and move it to the left of the red tea-box,reused,hy_vla/place_relative/place_relative_ep100010_result.json,a5468dea76f94e6c60dad4b8ecd95ffd2618c8eb1db1e366030bc3e1bea2e48b
hy_vla,place_relative,1,100011,right,failure,0,400,400,action_limit,Pick up the red can and move it to the right of the red tea-box,reused,hy_vla/place_relative/place_relative_ep100011_result.json,f8ce17f013cbb89d453f130bf88608a49570a04f51ed56d1b0a05c2f722144f8
hy_vla,place_relative,1,100014,on_top,failure,0,400,400,action_limit,Use the left arm to grab the red can and place it on top of the red tea-box,reused,hy_vla/place_relative/place_relative_ep100014_result.json,375d115cc13ad9e6a427c626aa488a91b31059367be5056644bce83e2c48bd6b
hy_vla,place_relative,2,100015,left,failure,0,400,400,action_limit,Use the left arm to grab the blue soap and place it to the left of the red tea-box,reused,hy_vla/place_relative/place_relative_ep100015_result.json,5dd308cf80ff920aebbb02026e4aa1b447c115e34f5b526932f3f94a86cf672b
hy_vla,place_relative,2,100016,right,failure,0,400,400,action_limit,Lift the blue soap and set it to the right of the red tea-box,reused,hy_vla/place_relative/place_relative_ep100016_result.json,76778eb0bbec35a057d4c34cef8a388d3f5aec2e1dc093112f05104c2d4dc0b5
hy_vla,place_relative,2,100019,on_top,failure,0,400,400,action_limit,"Use the left arm to pick up the blue soap, set it on top of the red tea-box",reused,hy_vla/place_relative/place_relative_ep100019_result.json,39ee23385781c86d1e14bffc2e68ef5f8a040fd26ad6daaff29bbef7d125cb46
hy_vla,place_relative,3,100020,left,failure,0,400,400,action_limit,Lift the gray mouse and set it to the left of the brown coffee-box,reused,hy_vla/place_relative/place_relative_ep100020_result.json,c7daf2f9892bf9dbffd2bc1fbca5c476a76c702387bea176a54d155a478a6b74
hy_vla,place_relative,3,100021,right,failure,0,400,400,action_limit,Use the left arm to grab the gray mouse and place it to the right of the brown coffee-box,reused,hy_vla/place_relative/place_relative_ep100021_result.json,903e8c6a5b4dedab09b5b05e2ec28112560f49cf8840cc2161306f7836f91651
hy_vla,place_relative,3,100024,on_top,failure,0,400,400,action_limit,Grab the gray mouse and set it on top of the brown coffee-box,reused,hy_vla/place_relative/place_relative_ep100024_result.json,b6b39d16f1aa15e4ad609a68373f469190d481e01cc36c92e383234520931229
hy_vla,place_relative,4,100025,left,failure,0,400,400,action_limit,Pick up the green toycar and move it to the left of the brown coffee-box,reused,hy_vla/place_relative/place_relative_ep100025_result.json,72bee085f5c8ea327fa07b15e28177a431a9bbf16ea081ec945bce612e3f5791
hy_vla,place_relative,4,100026,right,failure,0,400,400,action_limit,Pick up the green toycar and move it to the right of the brown coffee-box,reused,hy_vla/place_relative/place_relative_ep100026_result.json,0c4619d7379cdc1ac0e8a7f82a237b6d8f8d18dfe995ed141f58bfca39674b7a
hy_vla,place_relative,4,100029,on_top,failure,0,400,400,action_limit,Use the left arm to grab the green toycar and place it on top of the brown coffee-box,reused,hy_vla/place_relative/place_relative_ep100029_result.json,e363d440a4cf5f7621c5170fd6e85fc641e0a30241a79ff35657cecde6ca4ede
hy_vla,place_relative,5,100030,left,failure,0,400,400,action_limit,Use the right arm to grab the red stapler and place it to the left of the brown coffee-box,reused,hy_vla/place_relative/place_relative_ep100030_result.json,23bdf401a7647fe7a8fa35c1939f31efc48d678ee22d2e599f022970f62549b2
hy_vla,place_relative,5,100031,right,failure,0,400,400,action_limit,"Use the right arm to pick up the red stapler, set it to the right of the brown coffee-box",reused,hy_vla/place_relative/place_relative_ep100031_result.json,291edffd3420ef3fb5a89f254f88c4656140b3d8f7f9bbb78aa6766c682d80bb
hy_vla,place_relative,5,100034,on_top,failure,0,400,400,action_limit,Grab the red stapler and set it on top of the brown coffee-box,reused,hy_vla/place_relative/place_relative_ep100034_result.json,00d885538d9dae5f0d292949aa6c64127cd94e9864cd509d85d7eebbb4968c03
hy_vla,place_relative,6,100040,left,failure,0,400,400,action_limit,Pick up the red can and move it to the left of the brown coffee-box,reused,hy_vla/place_relative/place_relative_ep100040_result.json,cdcfaaadb1e0dc91ea87eea6d25033912f8a2464c515a5005e8bf34e1af848f3
hy_vla,place_relative,6,100041,right,failure,0,400,400,action_limit,Relocate the red can to the right of the brown coffee-box,reused,hy_vla/place_relative/place_relative_ep100041_result.json,b1a1192869d17c36c4caa8d8b834393298dd83a11037632481aeecdc0f24b911
hy_vla,place_relative,6,100044,on_top,failure,0,400,400,action_limit,Relocate the red can on top of the brown coffee-box,reused,hy_vla/place_relative/place_relative_ep100044_result.json,179a4ad096ef093600b2eee288bc9fab83a71fc9d2dc2ae10f20efc3c3483893
hy_vla,place_relative,7,100045,left,failure,0,400,400,action_limit,Grab the blue soap and set it to the left of the brown coffee-box,reused,hy_vla/place_relative/place_relative_ep100045_result.json,9f78cd71dbfd23049ffdaec8507a861c0fdf4a60e9ee5a06a976e69fbf001761
hy_vla,place_relative,7,100046,right,failure,0,400,400,action_limit,"Use the left arm to pick up the blue soap, set it to the right of the brown coffee-box",reused,hy_vla/place_relative/place_relative_ep100046_result.json,c559ebdc20ed42357a241c14db67066b774f50a0434ba911e413b80aaa0a52cd
hy_vla,place_relative,7,100049,on_top,failure,0,400,400,action_limit,Lift the blue soap and set it on top of the brown coffee-box,reused,hy_vla/place_relative/place_relative_ep100049_result.json,48cc4029cdcf5963f3a8e5932e955aa6616f0281962b9e437ba3803aa751261a
hy_vla,place_relative,8,100050,left,failure,0,400,400,action_limit,Use the right arm to grab the gray mouse and place it to the left of the red tea-box,reused,hy_vla/place_relative/place_relative_ep100050_result.json,e8c21d4d2ee3bf8ee49beb3aede3fc4e47c106f98f48889da5e71cf150b02211
hy_vla,place_relative,8,100051,right,success,1,50,400,task_success,Lift the gray mouse and set it to the right of the red tea-box,reused,hy_vla/place_relative/place_relative_ep100051_result.json,20d489b8e47aeb6253da3992b3aa74b314f89ba607576f8c4f79ec9c6fadb856
hy_vla,place_relative,8,100054,on_top,failure,0,400,400,action_limit,Lift the gray mouse and set it on top of the red tea-box,reused,hy_vla/place_relative/place_relative_ep100054_result.json,9a79932acc884c062ddf7d13d939b85b81a905d2c44d9fdf64de56481f0e414e
hy_vla,place_relative,9,100055,left,success,1,52,400,task_success,Grab the green toycar and set it to the left of the red tea-box,reused,hy_vla/place_relative/place_relative_ep100055_result.json,163d08c220a4ec62b76b34bc1c4d38d8289d00e1cafa72c5c3ce744f90b9bb68
hy_vla,place_relative,9,100056,right,failure,0,400,400,action_limit,Grab the green toycar and set it to the right of the red tea-box,reused,hy_vla/place_relative/place_relative_ep100056_result.json,39bab4e55f1bf9de2ef2454127a00f5f65579b4ec0bf3916c608dca1d6b303e6
hy_vla,place_relative,9,100059,on_top,failure,0,400,400,action_limit,Pick up the green toycar and move it on top of the red tea-box,reused,hy_vla/place_relative/place_relative_ep100059_result.json,74e0dbf50624cf46fd3bbc59220d02a58cb17bcbaa949ad15842f680e9264195
hy_vla,place_relative,10,100060,left,failure,0,400,400,action_limit,Use the left arm to grab the red stapler and place it to the left of the red tea-box,reused,hy_vla/place_relative/place_relative_ep100060_result.json,81108cb66816ac16c59bd56369a52caf412d5b1a9e8655fdcdde36d54be2cd48
hy_vla,place_relative,10,100061,right,failure,0,400,400,action_limit,Pick up the red stapler and move it to the right of the red tea-box,reused,hy_vla/place_relative/place_relative_ep100061_result.json,db19fa0491aac033272ae4da95d0c4ec6bb0b14e3c0311b6302bcf04396246bb
hy_vla,place_relative,10,100064,on_top,failure,0,400,400,action_limit,"Use the left arm to pick up the red stapler, set it on top of the red tea-box",reused,hy_vla/place_relative/place_relative_ep100064_result.json,47baa3f9fc9218a03174624890b437d1616d56a6d77d1e3aff095cb31a69d929
hy_vla,place_relative,11,100065,left,failure,0,400,400,action_limit,Grab the black remotecontrol and set it to the left of the red tea-box,reused,hy_vla/place_relative/place_relative_ep100065_result.json,5785788d97431259f42619d4fc7083378c9d4d030d1dae6a7b7d960b731ec1e0
hy_vla,place_relative,11,100066,right,failure,0,400,400,action_limit,"Use the left arm to pick up the black remotecontrol, set it to the right of the red tea-box",reused,hy_vla/place_relative/place_relative_ep100066_result.json,1fc89ee12a2b5b72435a03efa8f69ad67df4fc8226e80cf43666dd888a8c10a5
hy_vla,place_relative,11,100069,on_top,failure,0,400,400,action_limit,Pick up the black remotecontrol and move it on top of the red tea-box,reused,hy_vla/place_relative/place_relative_ep100069_result.json,52405b9e00a9c515a030a857924bfa2bc0251994491f07206e501bc6638dfcbb
hy_vla,place_relative,12,100070,left,failure,0,400,400,action_limit,Relocate the red can to the left of the red tea-box,reused,hy_vla/place_relative/place_relative_ep100070_result.json,92c5f1de3e8c87562856644d042d56b06ce433b96dc29b55de783c74cdf60766
hy_vla,place_relative,12,100071,right,success,1,107,400,task_success,Relocate the red can to the right of the red tea-box,reused,hy_vla/place_relative/place_relative_ep100071_result.json,28c5132cd4d7db10ed90190d793a7ba64c2e0ed9fcb7f21ad5995e338adb34a2
hy_vla,place_relative,12,100074,on_top,failure,0,400,400,action_limit,Relocate the red can on top of the red tea-box,reused,hy_vla/place_relative/place_relative_ep100074_result.json,ed5b37d499d99a78354a5ad214e0e1a5bf18147b3f2cfb14846c60301730a1a6
hy_vla,place_relative,13,100075,left,failure,0,400,400,action_limit,"Use the right arm to pick up the blue soap, set it to the left of the red tea-box",reused,hy_vla/place_relative/place_relative_ep100075_result.json,32b3431834496ae9b31b861302ae39c259fe73768518313b8644402265d43328
hy_vla,place_relative,13,100076,right,success,1,52,400,task_success,Pick up the blue soap and move it to the right of the red tea-box,reused,hy_vla/place_relative/place_relative_ep100076_result.json,1d399df4a5e274cab0e06185a9bd016fc7be846f91a0e483f4e728b3628e2653
hy_vla,place_relative,13,100079,on_top,failure,0,400,400,action_limit,Grab the blue soap and set it on top of the red tea-box,reused,hy_vla/place_relative/place_relative_ep100079_result.json,745a67b74454f7a833153fb95def73578340d66a34fb100022f0daed3fb157b7
hy_vla,place_relative,14,100080,left,success,1,51,400,task_success,Grab the gray mouse and set it to the left of the brown coffee-box,reused,hy_vla/place_relative/place_relative_ep100080_result.json,c423ddea745316faec64f6a3864783d0fc85fc12e2101d15a65e695faca14fec
hy_vla,place_relative,14,100081,right,failure,0,400,400,action_limit,"Use the left arm to pick up the gray mouse, set it to the right of the brown coffee-box",reused,hy_vla/place_relative/place_relative_ep100081_result.json,a4a8bf0b9ea830f90cb8e8dba96042898c04687cf366dd1dcf3682af5d3d0d56
hy_vla,place_relative,14,100084,on_top,failure,0,400,400,action_limit,Grab the gray mouse and set it on top of the brown coffee-box,reused,hy_vla/place_relative/place_relative_ep100084_result.json,eb685f78f5fa93b5d45c1faf09d952e76db6937edc4ef19ec86f9abd7eb00ea4
hy_vla,place_relative,15,100085,left,failure,0,400,400,action_limit,Lift the green toycar and set it to the left of the brown coffee-box,reused,hy_vla/place_relative/place_relative_ep100085_result.json,16c3e2fd1c491f98cfe646d7583ad5901435438b46a3d7ecdc039783f1f61438
hy_vla,place_relative,15,100086,right,success,1,53,400,task_success,"Use the right arm to pick up the green toycar, set it to the right of the brown coffee-box",reused,hy_vla/place_relative/place_relative_ep100086_result.json,54d008a42534ae69eec737eba89b9e814bf8feba6ac5e34594f43a588246cc4a
hy_vla,place_relative,15,100089,on_top,failure,0,400,400,action_limit,Lift the green toycar and set it on top of the brown coffee-box,reused,hy_vla/place_relative/place_relative_ep100089_result.json,4ce493a12079187ae8ddf79876a2458ad50316bface7a82ee091c027369f94c7
hy_vla,place_relative,16,100095,left,failure,0,400,400,action_limit,"Use the right arm to pick up the black remotecontrol, set it to the left of the brown coffee-box",reused,hy_vla/place_relative/place_relative_ep100095_result.json,ca92c78bad8eadb5e721dbbe08dd9f494d67090b49a45eb2a0952783f1609429
hy_vla,place_relative,16,100096,right,failure,0,400,400,action_limit,Relocate the black remotecontrol to the right of the brown coffee-box,reused,hy_vla/place_relative/place_relative_ep100096_result.json,bb6223102d382130d3da7527e4576a0ac7c122f15c2935964445b076a1464fda
hy_vla,place_relative,16,100099,on_top,failure,0,400,400,action_limit,Lift the black remotecontrol and set it on top of the brown coffee-box,reused,hy_vla/place_relative/place_relative_ep100099_result.json,101c7aa6e1f61b597e7127f9d44cf80f64e75787c50374874b7a38813680a09f
hy_vla,place_relative,17,100100,left,failure,0,400,400,action_limit,"Use the right arm to pick up the red can, set it to the left of the brown coffee-box",reused,hy_vla/place_relative/place_relative_ep100100_result.json,ec2cf5473cba6550e97d904da2d08238bdac13e4cb9180fe4f811c1eb5df3ec5
hy_vla,place_relative,17,100101,right,failure,0,400,400,action_limit,"Use the right arm to pick up the red can, set it to the right of the brown coffee-box",reused,hy_vla/place_relative/place_relative_ep100101_result.json,5d1b7cbabaac0966318bb7bc9e5c0f1853fad9b0d78339292fe2734256d0799e
hy_vla,place_relative,17,100104,on_top,failure,0,400,400,action_limit,Pick up the red can and move it on top of the brown coffee-box,reused,hy_vla/place_relative/place_relative_ep100104_result.json,2dfc95c35bc2ec06237abe4827792b8e90b442486d0ee81309a30c8d8ab8c0e8
hy_vla,place_relative,18,100105,left,failure,0,400,400,action_limit,Use the right arm to grab the blue soap and place it to the left of the brown coffee-box,reused,hy_vla/place_relative/place_relative_ep100105_result.json,1fa0e746761375a607482e790e4a9e294387efab5303fe1a5227aa95feb6b35a
hy_vla,place_relative,18,100106,right,failure,0,400,400,action_limit,Grab the blue soap and set it to the right of the brown coffee-box,reused,hy_vla/place_relative/place_relative_ep100106_result.json,aa6f10c86d3dd28426296166c468141fdf95e046040f706d74740d207224d1d6
hy_vla,place_relative,18,100109,on_top,failure,0,400,400,action_limit,Relocate the blue soap on top of the brown coffee-box,reused,hy_vla/place_relative/place_relative_ep100109_result.json,f2fb8d9407cdfcbf823e87fa1313ca6b76eb0eb0d83e7f987801229b88f278b9
hy_vla,place_relative,19,100110,left,failure,0,400,400,action_limit,Use the left arm to grab the gray mouse and place it to the left of the red tea-box,reused,hy_vla/place_relative/place_relative_ep100110_result.json,ffc133ef5339933a7d745c206f44337df7bcce1e10e09c8b9f00c4159e3576e9
hy_vla,place_relative,19,100111,right,failure,0,400,400,action_limit,Grab the gray mouse and set it to the right of the red tea-box,reused,hy_vla/place_relative/place_relative_ep100111_result.json,a5c157fb555b65842b58cb23bd74d2ec7236111ee6ff9da99473ae1452fc9b2c
hy_vla,place_relative,19,100114,on_top,failure,0,400,400,action_limit,Use the left arm to grab the gray mouse and place it on top of the red tea-box,reused,hy_vla/place_relative/place_relative_ep100114_result.json,04688c5959ec3d59b42257e4a09a6aa8f4f7f20c8543ecdfdac27a55aeb8d71b
